filename,img_width,img_height,class,xmin,ymin,xmax,ymax,bbox_width,bbox_height,bbox_area,rel_bbox_width,rel_bbox_height,rel_bbox_area,target,bbox_aspect_ratio,log_bbox_area,predicted_severity,probability_major,probability_medium,probability_minor,prediction_confidence
img-1.jpg,720,720,medium_pothole,213,240,525,378,312,138,43056,0.4333333333333333,0.1916666666666666,0.0830555555555555,1,2.260869565217391,10.670280098263682,medium_pothole,0.20617795716683046,0.7079185175785226,0.08590352525464678,0.7079185175785226
img-10.jpg,720,720,medium_pothole,285,214,444,355,159,141,22419,0.2208333333333333,0.1958333333333333,0.0432465277777777,1,1.127659574468085,10.017708696626151,medium_pothole,0.10363963539636846,0.6831539134545033,0.2132064511491283,0.6831539134545033
img-100.jpg,720,720,minor_pothole,235,272,434,388,199,116,23084,0.2763888888888889,0.1611111111111111,0.0445293209876543,2,1.7155172413793103,10.046938334941089,medium_pothole,0.11739088913151485,0.6801143875147556,0.20249472335372976,0.6801143875147556
img-101.jpg,720,720,medium_pothole,228,303,394,432,166,129,21414,0.2305555555555555,0.1791666666666666,0.0413078703703703,1,1.2868217054263567,9.971846890049472,medium_pothole,0.10512607391492584,0.6750012209827297,0.21987270510234452,0.6750012209827297
img-101.jpg,720,720,minor_pothole,397,317,554,411,157,94,14758,0.2180555555555555,0.1305555555555555,0.0284683641975308,2,1.6702127659574468,9.599608345181776,medium_pothole,0.0982695552031489,0.5618161567856975,0.33991428801115353,0.5618161567856975
img-102.jpg,720,720,minor_pothole,230,246,492,550,262,304,79648,0.3638888888888889,0.4222222222222222,0.153641975308642,2,0.8618421052631579,11.285384760331572,medium_pothole,0.1127950757044275,0.653551600525976,0.23365332376959655,0.653551600525976
img-103.jpg,720,720,medium_pothole,264,251,479,366,215,115,24725,0.2986111111111111,0.1597222222222222,0.0476948302469135,1,1.8695652173913044,10.115610600566873,medium_pothole,0.12581669625355363,0.6852981198885236,0.18888518385792283,0.6852981198885236
img-104.jpg,720,720,major_pothole,235,164,480,335,245,171,41895,0.3402777777777778,0.2375,0.0808159722222222,0,1.432748538011696,10.642945635959324,medium_pothole,0.20697147047868647,0.6674693247322077,0.12555920478910562,0.6674693247322077
img-104.jpg,720,720,minor_pothole,441,433,506,492,65,59,3835,0.0902777777777777,0.0819444444444444,0.007397762345679,2,1.1016949152542372,8.252185436003328,minor_pothole,0.03849385430192167,0.1797663849297445,0.7817397607683342,0.7817397607683342
img-105.jpg,720,720,minor_pothole,293,296,444,409,151,113,17063,0.2097222222222222,0.1569444444444444,0.0329147376543209,2,1.336283185840708,9.744726260151186,medium_pothole,0.09550654684540738,0.6232028718122994,0.28129058134229296,0.6232028718122994
img-105.jpg,720,720,minor_pothole,297,453,340,490,43,37,1591,0.0597222222222222,0.0513888888888888,0.0030690586419753,2,1.162162162162162,7.3727463664043285,minor_pothole,0.03014783715414847,0.21221736085691933,0.7576348019889323,0.7576348019889323
img-106.jpg,720,720,medium_pothole,144,168,511,475,367,307,112669,0.5097222222222222,0.4263888888888889,0.2173398919753086,1,1.1954397394136809,11.632218471158211,medium_pothole,0.24379075747231876,0.6669675638557145,0.08924167867196686,0.6669675638557145
img-106.jpg,720,720,minor_pothole,492,141,605,305,113,164,18532,0.1569444444444444,0.2277777777777777,0.0357484567901234,2,0.6890243902439024,9.82730820579731,medium_pothole,0.08521350824204225,0.6601859376319341,0.25460055412602356,0.6601859376319341
img-107.jpg,720,720,medium_pothole,230,286,456,459,226,173,39098,0.3138888888888889,0.2402777777777777,0.075420524691358,1,1.30635838150289,10.57385217019883,medium_pothole,0.19435363278466286,0.6545978845273897,0.15104848268794763,0.6545978845273897
img-108.jpg,720,720,major_pothole,270,198,442,326,172,128,22016,0.2388888888888889,0.1777777777777777,0.0424691358024691,0,1.34375,9.999570161213173,medium_pothole,0.10800663453740748,0.6771945671959523,0.21479879826664025,0.6771945671959523
img-108.jpg,720,720,minor_pothole,232,261,305,328,73,67,4891,0.1013888888888888,0.0930555555555555,0.009434799382716,2,1.0895522388059702,8.495356496807062,minor_pothole,0.04655537674654344,0.20068805591774416,0.7527565673357122,0.7527565673357122
img-108.jpg,720,720,minor_pothole,513,187,572,219,59,32,1888,0.0819444444444444,0.0444444444444444,0.0036419753086419,2,1.84375,7.543802867501509,minor_pothole,0.04857219353967171,0.2136256334035351,0.7378021730567932,0.7378021730567932
img-108.jpg,720,720,minor_pothole,266,573,384,695,118,122,14396,0.1638888888888889,0.1694444444444444,0.027770061728395,2,0.9672131147540983,9.574775130526355,medium_pothole,0.08085040671242386,0.583086100260747,0.33606349302682925,0.583086100260747
img-108.jpg,720,720,minor_pothole,672,481,720,544,48,63,3024,0.0666666666666666,0.0875,0.0058333333333333,2,0.7619047619047619,8.014666370464942,minor_pothole,0.026438121336393516,0.18291043188190242,0.7906514467817042,0.7906514467817042
img-109.jpg,720,720,medium_pothole,337,244,451,337,114,93,10602,0.1583333333333333,0.1291666666666666,0.0204513888888888,1,1.2258064516129032,9.268892258925797,minor_pothole,0.0785142703022991,0.4227492786042677,0.49873645109343306,0.49873645109343306
img-109.jpg,720,720,medium_pothole,282,362,454,528,172,166,28552,0.2388888888888889,0.2305555555555555,0.0550771604938271,1,1.036144578313253,10.259517288372871,medium_pothole,0.11796869374079876,0.6824910528426564,0.19954025341654474,0.6824910528426564
img-109.jpg,720,720,minor_pothole,60,428,228,522,168,94,15792,0.2333333333333333,0.1305555555555555,0.0304629629629629,2,1.7872340425531914,9.667322082870054,medium_pothole,0.1015668252261338,0.5896951563857611,0.308738018388105,0.5896951563857611
img-11.jpg,720,720,medium_pothole,223,245,466,489,243,244,59292,0.3375,0.3388888888888889,0.114375,1,0.9959016393442623,10.990246534173238,medium_pothole,0.20133966343367504,0.6569911413172553,0.1416691952490695,0.6569911413172553
img-110.jpg,720,720,medium_pothole,224,290,638,411,414,121,50094,0.575,0.1680555555555555,0.0966319444444444,1,3.4214876033057853,10.821676481693363,medium_pothole,0.2762500127222289,0.651201188618296,0.07254879865947506,0.651201188618296
img-110.jpg,720,720,minor_pothole,82,184,180,211,98,27,2646,0.1361111111111111,0.0375,0.0051041666666666,2,3.6296296296296298,7.881182202227102,minor_pothole,0.1380489184551065,0.3243606799679538,0.5375904015769394,0.5375904015769394
img-111.jpg,720,720,minor_pothole,337,265,425,319,88,54,4752,0.1222222222222222,0.075,0.0091666666666666,2,1.6296296296296295,8.46653127661401,minor_pothole,0.06319952287990707,0.19873855373962038,0.7380619233804727,0.7380619233804727
img-111.jpg,720,720,minor_pothole,237,318,402,470,165,152,25080,0.2291666666666666,0.2111111111111111,0.0483796296296296,2,1.0855263157894737,10.129865866360268,medium_pothole,0.10953590723140667,0.6877959301153507,0.20266816265324258,0.6877959301153507
img-111.jpg,720,720,minor_pothole,11,489,92,596,81,107,8667,0.1125,0.1486111111111111,0.01671875,2,0.7570093457943925,9.067393362656249,minor_pothole,0.05910152509928335,0.386330091082928,0.5545683838177885,0.5545683838177885
img-112.jpg,720,720,medium_pothole,176,171,513,301,337,130,43810,0.4680555555555555,0.1805555555555555,0.0845100308641975,1,2.5923076923076924,10.687640206386288,medium_pothole,0.21210959524763698,0.7098918061185897,0.0779985986337733,0.7098918061185897
img-113.jpg,720,720,major_pothole,90,142,595,459,505,317,160085,0.7013888888888888,0.4402777777777777,0.3088059413580247,0,1.5930599369085174,11.98346644981458,major_pothole,0.7656163414655565,0.19501340442754786,0.03937025410689567,0.7656163414655565
img-114.jpg,720,720,minor_pothole,271,260,403,373,132,113,14916,0.1833333333333333,0.1569444444444444,0.0287731481481481,2,1.168141592920354,9.61025678115393,medium_pothole,0.08729811800221708,0.5823159558228724,0.33038592617491025,0.5823159558228724
img-115.jpg,720,720,medium_pothole,230,275,454,394,224,119,26656,0.3111111111111111,0.1652777777777777,0.0514197530864197,1,1.8823529411764706,10.190807059268902,medium_pothole,0.13495941754839902,0.6854147418810789,0.17962584057052206,0.6854147418810789
img-116.jpg,720,720,medium_pothole,295,265,530,411,235,146,34310,0.3263888888888889,0.2027777777777777,0.0661844135802469,1,1.6095890410958904,10.443221281449327,medium_pothole,0.17767280980623265,0.6639965184479834,0.15833067174578397,0.6639965184479834
img-116.jpg,720,720,minor_pothole,90,478,181,573,91,95,8645,0.1263888888888888,0.1319444444444444,0.016676311728395,2,0.9578947368421052,9.064852065227576,minor_pothole,0.06466399176746607,0.3557446534839974,0.5795913547485365,0.5795913547485365
img-117.jpg,720,720,minor_pothole,280,270,404,517,124,247,30628,0.1722222222222222,0.3430555555555555,0.0590817901234567,2,0.5020242914979757,10.329702551562889,medium_pothole,0.12020284161976678,0.6004166735137858,0.2793804848664474,0.6004166735137858
img-117.jpg,720,720,minor_pothole,271,49,379,87,108,38,4104,0.15,0.0527777777777777,0.0079166666666666,2,2.8421052631578947,8.31996102188653,minor_pothole,0.10173716684617341,0.25566714274030317,0.6425956904135233,0.6425956904135233
img-118.jpg,720,720,major_pothole,155,151,504,595,349,444,154956,0.4847222222222222,0.6166666666666667,0.298912037037037,0,0.786036036036036,11.950902938058677,major_pothole,0.7682961552617802,0.19801078156049326,0.0336930631777264,0.7682961552617802
img-119.jpg,720,720,medium_pothole,188,212,395,389,207,177,36639,0.2875,0.2458333333333333,0.0706770833333333,1,1.1694915254237288,10.508895818788067,medium_pothole,0.17271654001464512,0.6510736874054939,0.17620977257986128,0.6510736874054939
img-119.jpg,720,720,minor_pothole,144,597,302,720,158,123,19434,0.2194444444444444,0.1708333333333333,0.0374884259259259,2,1.2845528455284554,9.874830843286324,medium_pothole,0.10022928290830632,0.658702835559458,0.2410678815322358,0.658702835559458
img-12.jpg,720,720,medium_pothole,278,373,535,639,257,266,68362,0.3569444444444444,0.3694444444444444,0.1318711419753086,1,0.9661654135338346,11.132587021579644,medium_pothole,0.1668719957965594,0.6436062534058385,0.18952175079760208,0.6436062534058385
img-120.jpg,720,720,medium_pothole,242,346,492,440,250,94,23500,0.3472222222222222,0.1305555555555555,0.0453317901234567,1,2.6595744680851063,10.064798252418377,medium_pothole,0.13522694817239686,0.7016727778319116,0.16310027399569155,0.7016727778319116
img-121.jpg,720,720,medium_pothole,159,230,331,352,172,122,20984,0.2388888888888889,0.1694444444444444,0.0404783950617283,1,1.4098360655737705,9.951563175767692,medium_pothole,0.10694446873771211,0.6695799764896079,0.22347555477268016,0.6695799764896079
img-121.jpg,720,720,medium_pothole,270,368,498,547,228,179,40812,0.3166666666666666,0.2486111111111111,0.0787268518518518,1,1.2737430167597765,10.616755937092288,medium_pothole,0.20014650631783204,0.6564120405342961,0.14344145314787174,0.6564120405342961
img-121.jpg,720,720,minor_pothole,523,498,580,558,57,60,3420,0.0791666666666666,0.0833333333333333,0.0065972222222222,2,0.95,8.137688184977605,minor_pothole,0.03196341549783375,0.17826830929009918,0.7897682752120672,0.7897682752120672
img-122.jpg,720,720,medium_pothole,260,288,476,430,216,142,30672,0.3,0.1972222222222222,0.0591666666666666,1,1.5211267605633803,10.33113806777952,medium_pothole,0.14770191998987556,0.6724678688862544,0.17983021112387002,0.6724678688862544
img-123.jpg,720,720,medium_pothole,459,267,641,436,182,169,30758,0.2527777777777777,0.2347222222222222,0.059332561728395,1,1.0769230769230769,10.3339379133382,medium_pothole,0.12935894279680074,0.6740265531797262,0.19661450402347302,0.6740265531797262
img-124.jpg,720,720,minor_pothole,169,32,269,80,100,48,4800,0.1388888888888889,0.0666666666666666,0.0092592592592592,2,2.0833333333333335,8.476579508530941,minor_pothole,0.07958237693939776,0.2170528954311688,0.7033647276294333,0.7033647276294333
img-124.jpg,720,720,major_pothole,213,236,504,492,291,256,74496,0.4041666666666667,0.3555555555555555,0.1437037037037037,0,1.13671875,11.21851413510048,medium_pothole,0.1757372912319873,0.6373341290496504,0.1869285797183625,0.6373341290496504
img-124.jpg,720,720,minor_pothole,456,329,575,450,119,121,14399,0.1652777777777777,0.1680555555555555,0.0277758487654321,2,0.9834710743801653,9.574983485564092,medium_pothole,0.08127084721137588,0.5817953193640535,0.33693383342457073,0.5817953193640535
img-124.jpg,720,720,minor_pothole,513,218,554,247,41,29,1189,0.0569444444444444,0.0402777777777777,0.0022935956790123,2,1.4137931034482758,7.081708586105575,minor_pothole,0.03755298074893252,0.25517965828488104,0.7072673609661865,0.7072673609661865
img-124.jpg,720,720,minor_pothole,519,33,607,146,88,113,9944,0.1222222222222222,0.1569444444444444,0.019182098765432,2,0.7787610619469026,9.204825191288073,minor_pothole,0.06393338564350212,0.44306014968653595,0.49300646466996156,0.49300646466996156
img-124.jpg,720,720,minor_pothole,60,184,150,243,90,59,5310,0.125,0.0819444444444444,0.0102430555555555,2,1.5254237288135593,8.577535420422398,minor_pothole,0.0639234029083887,0.20949083291120232,0.7265857641804091,0.7265857641804091
img-124.jpg,720,720,minor_pothole,237,0,273,25,36,25,900,0.05,0.0347222222222222,0.0017361111111111,2,1.44,6.803505257608338,minor_pothole,0.0426385901636917,0.30083001619071853,0.6565313936455895,0.6565313936455895
img-125.jpg,720,720,minor_pothole,293,302,461,410,168,108,18144,0.2333333333333333,0.15,0.035,2,1.5555555555555556,9.806150319647172,medium_pothole,0.10309815438160395,0.6358568490814076,0.26104499653698876,0.6358568490814076
img-125.jpg,720,720,minor_pothole,180,73,272,107,92,34,3128,0.1277777777777777,0.0472222222222222,0.0060339506172839,2,2.7058823529411766,8.048468743668883,minor_pothole,0.09648056164303805,0.23762793284108003,0.6658915055158816,0.6658915055158816
img-125.jpg,720,720,minor_pothole,184,111,279,150,95,39,3705,0.1319444444444444,0.0541666666666666,0.0071469907407407,2,2.4358974358974357,8.217708406845306,minor_pothole,0.08680865141162013,0.22100949089201724,0.6921818576963625,0.6921818576963625
img-126.jpg,720,720,medium_pothole,226,284,461,416,235,132,31020,0.3263888888888889,0.1833333333333333,0.0598379629629629,1,1.7803030303030303,10.3424196734772,medium_pothole,0.16004078130617297,0.6741394321976867,0.1658197864961406,0.6741394321976867
img-126.jpg,720,720,minor_pothole,479,147,560,211,81,64,5184,0.1125,0.0888888888888888,0.01,2,1.265625,8.553525120663627,minor_pothole,0.05426492934523458,0.20512163456977692,0.7406134360849884,0.7406134360849884
img-126.jpg,720,720,minor_pothole,0,209,48,235,48,26,1248,0.0666666666666666,0.0361111111111111,0.0024074074074074,2,1.8461538461538463,7.130098510125578,minor_pothole,0.04832867823729334,0.2629202818245315,0.6887510399381752,0.6887510399381752
img-127.jpg,720,720,medium_pothole,357,306,537,398,180,92,16560,0.25,0.1277777777777777,0.0319444444444444,1,1.9565217391304348,9.714805812589491,medium_pothole,0.10623540628775469,0.6087571169730397,0.28500747673920573,0.6087571169730397
img-127.jpg,720,720,medium_pothole,221,329,326,411,105,82,8610,0.1458333333333333,0.1138888888888888,0.0166087962962962,1,1.2804878048780488,9.060795734696166,minor_pothole,0.07421282022435015,0.33118616887078806,0.5946010109048614,0.5946010109048614
img-127.jpg,720,720,minor_pothole,321,417,504,552,183,135,24705,0.2541666666666666,0.1875,0.04765625,2,1.3555555555555556,10.11480140809676,medium_pothole,0.11428254542503767,0.6860690464852475,0.1996484080897148,0.6860690464852475
img-128.jpg,720,720,medium_pothole,269,203,437,399,168,196,32928,0.2333333333333333,0.2722222222222222,0.0635185185185185,1,0.8571428571428571,10.402109007463212,medium_pothole,0.13114800246362932,0.6605024434463169,0.20834955409005398,0.6605024434463169
img-129.jpg,720,720,minor_pothole,248,285,351,374,103,89,9167,0.1430555555555555,0.1236111111111111,0.0176832561728395,2,1.1573033707865168,9.12347443895452,minor_pothole,0.07247763133707341,0.36243787372637487,0.5650844949365516,0.5650844949365516
img-129.jpg,720,720,minor_pothole,329,378,427,431,98,53,5194,0.1361111111111111,0.0736111111111111,0.0100192901234567,2,1.849056603773585,8.555451903533328,minor_pothole,0.07412736403713789,0.2154423106116888,0.7104303253511733,0.7104303253511733
img-13.jpg,720,720,medium_pothole,160,288,396,433,236,145,34220,0.3277777777777778,0.2013888888888889,0.0660108024691358,1,1.6275862068965516,10.440594769696007,medium_pothole,0.17769672210466197,0.6646692783241477,0.15763399957118987,0.6646692783241477
img-13.jpg,720,720,medium_pothole,269,150,499,219,230,69,15870,0.3194444444444444,0.0958333333333333,0.0306134259259259,1,3.3333333333333335,9.672248823507559,medium_pothole,0.11996394153148562,0.6630250385090948,0.21701101995941935,0.6630250385090948
img-13.jpg,720,720,minor_pothole,490,27,594,65,104,38,3952,0.1444444444444444,0.0527777777777777,0.0076234567901234,2,2.736842105263158,8.282230063296685,minor_pothole,0.09848752089044792,0.24517817166915462,0.6563343074403972,0.6563343074403972
img-13.jpg,720,720,medium_pothole,619,11,693,39,74,28,2072,0.1027777777777777,0.0388888888888888,0.0039969135802469,1,2.642857142857143,7.636752112435779,minor_pothole,0.09053099611036416,0.2495537961374197,0.659915207752216,0.659915207752216
img-130.jpg,720,720,medium_pothole,295,270,426,340,131,70,9170,0.1819444444444444,0.0972222222222222,0.0176890432098765,1,1.8714285714285714,9.123801610558944,minor_pothole,0.08999995478723968,0.35606295175576264,0.5539370934569974,0.5539370934569974
img-130.jpg,720,720,minor_pothole,401,236,449,271,48,35,1680,0.0666666666666666,0.0486111111111111,0.0032407407407407,2,1.3714285714285714,7.427144133408616,minor_pothole,0.03403001974943881,0.21030188888212673,0.7556680913684346,0.7556680913684346
img-131.jpg,720,720,medium_pothole,271,383,374,471,103,88,9064,0.1430555555555555,0.1222222222222222,0.0174845679012345,1,1.1704545454545454,9.112176123188952,minor_pothole,0.07253081906036786,0.3569090398502229,0.5705601410894092,0.5705601410894092
img-132.jpg,720,720,medium_pothole,97,222,584,434,487,212,103244,0.6763888888888889,0.2944444444444444,0.1991589506172839,1,2.297169811320755,11.544860083500573,medium_pothole,0.21417536081117922,0.6763111090346388,0.1095135301541821,0.6763111090346388
img-132.jpg,720,720,minor_pothole,0,195,45,236,45,41,1845,0.0625,0.0569444444444444,0.0035590277777777,2,1.0975609756097562,7.520776415062797,minor_pothole,0.028501395356449882,0.19714404223493345,0.7743545624086164,0.7743545624086164
img-133.jpg,720,720,medium_pothole,305,287,436,348,131,61,7991,0.1819444444444444,0.0847222222222222,0.0154147376543209,1,2.1475409836065573,8.98619632032839,minor_pothole,0.09214788063947857,0.32082408011095614,0.5870280392495649,0.5870280392495649
img-134.jpg,720,720,medium_pothole,290,274,422,399,132,125,16500,0.1833333333333333,0.1736111111111111,0.0318287037037037,1,1.056,9.711176264112805,medium_pothole,0.08825656120036482,0.6249773161070634,0.28676612269257157,0.6249773161070634
img-134.jpg,720,720,minor_pothole,125,41,215,121,90,80,7200,0.125,0.1111111111111111,0.0138888888888888,2,1.125,8.881975184248867,minor_pothole,0.06327418729991938,0.27790551535656,0.6588202973435208,0.6588202973435208
img-135.jpg,720,720,medium_pothole,149,293,520,489,371,196,72716,0.5152777777777777,0.2722222222222222,0.140270061728395,1,1.8928571428571428,11.194330473874974,medium_pothole,0.22400015227946457,0.6813440827811617,0.09465576493937364,0.6813440827811617
img-135.jpg,720,720,minor_pothole,514,431,619,509,105,78,8190,0.1458333333333333,0.1083333333333333,0.0157986111111111,2,1.3461538461538463,9.010791269515602,minor_pothole,0.07456061610329137,0.31107950872892254,0.6143598751677861,0.6143598751677861
img-135.jpg,720,720,medium_pothole,513,53,720,142,207,89,18423,0.2875,0.1236111111111111,0.0355381944444444,1,2.3258426966292136,9.82140944150052,medium_pothole,0.11562644658142192,0.6509979148910903,0.23337563852748774,0.6509979148910903
img-135.jpg,720,720,minor_pothole,270,200,354,249,84,49,4116,0.1166666666666666,0.0680555555555555,0.0079398148148148,2,1.7142857142857142,8.322880021769905,minor_pothole,0.061022759246696,0.19021490000205735,0.7487623407512465,0.7487623407512465
img-136.jpg,720,720,medium_pothole,290,261,400,390,110,129,14190,0.1527777777777778,0.1791666666666666,0.0273726851851851,1,0.8527131782945736,9.560363239834537,medium_pothole,0.0775428438736648,0.5878058361375887,0.3346513199887464,0.5878058361375887
img-137.jpg,720,720,medium_pothole,299,279,461,421,162,142,23004,0.225,0.1972222222222222,0.044375,1,1.1408450704225352,10.043466862589568,medium_pothole,0.10544168667003465,0.6848003946977866,0.2097579186321787,0.6848003946977866
img-138.jpg,720,720,medium_pothole,324,312,438,368,114,56,6384,0.1583333333333333,0.0777777777777777,0.0123148148148148,1,2.0357142857142856,8.76170676846664,minor_pothole,0.08565258870394325,0.25712792323382905,0.6572194880622275,0.6572194880622275
img-139.jpg,720,720,medium_pothole,278,260,429,397,151,137,20687,0.2097222222222222,0.1902777777777777,0.0399054783950617,1,1.102189781021898,9.937309101011639,medium_pothole,0.09880676587943978,0.6747899474804817,0.2264032866400786,0.6747899474804817
img-14.jpg,720,720,medium_pothole,144,246,636,524,492,278,136776,0.6833333333333333,0.3861111111111111,0.2638425925925926,1,1.7697841726618706,11.82610714138041,medium_pothole,0.39789782335721413,0.5295662506594164,0.0725359259833694,0.5295662506594164
img-14.jpg,720,720,minor_pothole,35,196,142,258,107,62,6634,0.1486111111111111,0.0861111111111111,0.0127970679012345,2,1.7258064516129032,8.800113946766308,minor_pothole,0.07853523082051711,0.2534205125345151,0.6680442566449676,0.6680442566449676
img-140.jpg,720,720,minor_pothole,304,342,505,489,201,147,29547,0.2791666666666667,0.2041666666666666,0.0569965277777777,2,1.3673469387755102,10.293771338648629,medium_pothole,0.13459831970821007,0.6774603463147771,0.18794133397701268,0.6774603463147771
img-140.jpg,720,720,medium_pothole,165,74,420,188,255,114,29070,0.3541666666666667,0.1583333333333333,0.0560763888888888,1,2.236842105263158,10.277496392686066,medium_pothole,0.1594233481484856,0.6906193454382782,0.1499573064132362,0.6906193454382782
img-141.jpg,720,720,minor_pothole,400,444,504,523,104,79,8216,0.1444444444444444,0.1097222222222222,0.0158487654320987,2,1.3164556962025316,9.013960457931187,minor_pothole,0.07379427985865511,0.31293988332016254,0.6132658368211821,0.6132658368211821
img-141.jpg,720,720,minor_pothole,283,359,427,464,144,105,15120,0.2,0.1458333333333333,0.0291666666666666,2,1.3714285714285714,9.623839785112668,medium_pothole,0.09277548728310646,0.5777166113758468,0.3295079013410465,0.5777166113758468
img-141.jpg,720,720,minor_pothole,207,293,325,380,118,87,10266,0.1638888888888889,0.1208333333333333,0.0198032407407407,2,1.3563218390804597,9.236690147298965,minor_pothole,0.0812012919236391,0.4018160368710889,0.5169826712052716,0.5169826712052716
img-141.jpg,720,720,minor_pothole,0,168,141,279,141,111,15651,0.1958333333333333,0.1541666666666666,0.0301909722222222,2,1.2702702702702702,9.658353983330302,medium_pothole,0.09157663581582656,0.5953300487663455,0.31309331541782764,0.5953300487663455
img-142.jpg,720,720,medium_pothole,181,299,538,397,357,98,34986,0.4958333333333333,0.1361111111111111,0.0674884259259259,1,3.642857142857143,10.462731842903445,medium_pothole,0.20873999793601442,0.7266106980812311,0.06464930398275466,0.7266106980812311
img-143.jpg,720,720,minor_pothole,275,318,441,426,166,108,17928,0.2305555555555555,0.15,0.0345833333333333,2,1.537037037037037,9.794174792595427,medium_pothole,0.10218034964205291,0.6328008092355073,0.2650188411224398,0.6328008092355073
img-144.jpg,720,720,medium_pothole,259,354,429,464,170,110,18700,0.2361111111111111,0.1527777777777778,0.0360725308641975,1,1.5454545454545454,9.83633227734872,medium_pothole,0.10425992128851094,0.6439226508001752,0.251817427911314,0.6439226508001752
img-144.jpg,720,720,minor_pothole,31,201,103,246,72,45,3240,0.1,0.0625,0.00625,2,1.6,8.083637203141548,minor_pothole,0.04913022634532248,0.1802629314782201,0.7706068421764576,0.7706068421764576
img-145.jpg,720,720,minor_pothole,288,320,435,411,147,91,13377,0.2041666666666666,0.1263888888888888,0.0258043981481481,2,1.6153846153846154,9.501366845678353,medium_pothole,0.09416572929555474,0.519351432522123,0.38648283818232204,0.519351432522123
img-146.jpg,720,720,medium_pothole,153,253,439,421,286,168,48048,0.3972222222222222,0.2333333333333333,0.0926851851851851,1,1.7023809523809523,10.779976602527347,medium_pothole,0.21385875514130492,0.6889806350744085,0.09716060978428678,0.6889806350744085
img-147.jpg,720,720,medium_pothole,312,299,410,418,98,119,11662,0.1361111111111111,0.1652777777777777,0.0224961419753086,1,0.8235294117647058,9.36417671669105,medium_pothole,0.07001791481946672,0.5090222240869887,0.4209598610935442,0.5090222240869887
img-147.jpg,720,720,minor_pothole,413,220,479,278,66,58,3828,0.0916666666666666,0.0805555555555555,0.0073842592592592,2,1.1379310344827587,8.250358951477294,minor_pothole,0.03940122684856214,0.1792564690598838,0.781342304091554,0.781342304091554
img-148.jpg,720,720,medium_pothole,254,246,385,383,131,137,17947,0.1819444444444444,0.1902777777777777,0.0346199845679012,1,0.9562043795620438,9.795233967095873,medium_pothole,0.08846117345329685,0.6533584404941621,0.2581803860525407,0.6533584404941621
img-148.jpg,720,720,minor_pothole,663,121,720,161,57,40,2280,0.0791666666666666,0.0555555555555555,0.0043981481481481,2,1.425,7.732369222284388,minor_pothole,0.036676114172175055,0.18650854479975393,0.7768153410280709,0.7768153410280709
img-149.jpg,720,720,medium_pothole,195,233,506,351,311,118,36698,0.4319444444444444,0.1638888888888889,0.0707908950617283,1,2.635593220338983,10.510504785715026,medium_pothole,0.19186330304771929,0.7240878591395069,0.08404883781277332,0.7240878591395069
img-15.jpg,720,720,medium_pothole,249,322,462,433,213,111,23643,0.2958333333333333,0.1541666666666666,0.0456076388888888,1,1.9189189189189189,10.07086466194426,medium_pothole,0.1227880721681464,0.6836304818404927,0.19358144599136082,0.6836304818404927
img-150.jpg,720,720,medium_pothole,216,279,559,400,343,121,41503,0.4763888888888888,0.1680555555555555,0.080059799382716,1,2.834710743801653,10.63354508711617,medium_pothole,0.20909774297568975,0.7167950847801403,0.07410717224417002,0.7167950847801403
img-151.jpg,720,720,minor_pothole,269,269,483,409,214,140,29960,0.2972222222222222,0.1944444444444444,0.0577932098765432,2,1.5285714285714285,10.307651814911244,medium_pothole,0.14327070043094334,0.6751772483274916,0.18155205124156532,0.6751772483274916
img-152.jpg,720,720,minor_pothole,261,262,343,306,82,44,3608,0.1138888888888888,0.0611111111111111,0.0069598765432098,2,1.8636363636363635,8.19118600464279,minor_pothole,0.06251012300249979,0.19026528992405578,0.7472245870734445,0.7472245870734445
img-152.jpg,720,720,minor_pothole,309,313,496,369,187,56,10472,0.2597222222222222,0.0777777777777777,0.0202006172839506,2,3.3392857142857144,9.256555795773146,medium_pothole,0.10832490401513788,0.5200888834627458,0.3715862125221161,0.5200888834627458
img-152.jpg,720,720,minor_pothole,385,496,508,555,123,59,7257,0.1708333333333333,0.0819444444444444,0.0139988425925925,2,2.0847457627118646,8.889859587773016,minor_pothole,0.08942924059299817,0.28962460824299024,0.6209461511640116,0.6209461511640116
img-152.jpg,720,720,minor_pothole,470,607,584,692,114,85,9690,0.1583333333333333,0.1180555555555555,0.0186921296296296,2,1.3411764705882352,9.17895289873455,minor_pothole,0.07928965853290501,0.37688807724297413,0.5438222642241207,0.5438222642241207
img-152.jpg,720,720,minor_pothole,201,629,290,683,89,54,4806,0.1236111111111111,0.075,0.0092708333333333,2,1.6481481481481481,8.47782846789396,minor_pothole,0.06429142446326215,0.20032356613345,0.7353850094032877,0.7353850094032877
img-153.jpg,720,720,minor_pothole,297,297,425,387,128,90,11520,0.1777777777777777,0.125,0.0222222222222222,2,1.4222222222222223,9.351926736038054,medium_pothole,0.0858089501757612,0.4531087887156538,0.46108226110858486,0.46108226110858486
img-154.jpg,720,720,medium_pothole,94,242,539,642,445,400,178000,0.6180555555555556,0.5555555555555556,0.3433641975308642,1,1.1125,12.08954444723597,major_pothole,0.8383975550911799,0.11869110024574243,0.04291134466307766,0.8383975550911799
img-155.jpg,720,720,medium_pothole,420,248,583,378,163,130,21190,0.2263888888888889,0.1805555555555555,0.0408757716049382,1,1.2538461538461538,9.961331842220567,medium_pothole,0.10377413694280722,0.6743536113690067,0.22187225168818597,0.6743536113690067
img-155.jpg,720,720,minor_pothole,407,474,533,608,126,134,16884,0.175,0.1861111111111111,0.0325694444444444,2,0.9402985074626866,9.734180932819669,medium_pothole,0.08641914882142122,0.6380583596160473,0.2755224915625314,0.6380583596160473
img-155.jpg,720,720,minor_pothole,247,330,309,393,62,63,3906,0.0861111111111111,0.0875,0.0075347222222222,2,0.9841269841269841,8.27052509505507,minor_pothole,0.03613220604806271,0.1832815238727497,0.7805862700791871,0.7805862700791871
img-156.jpg,720,720,medium_pothole,204,255,452,425,248,170,42160,0.3444444444444444,0.2361111111111111,0.0813271604938271,1,1.4588235294117646,10.649250902099034,medium_pothole,0.2078113438590907,0.669596931831954,0.12259172430895499,0.669596931831954
img-156.jpg,720,720,minor_pothole,448,145,573,193,125,48,6000,0.1736111111111111,0.0666666666666666,0.011574074074074,2,2.6041666666666665,8.699681400989514,minor_pothole,0.09639726751998715,0.2816192005192162,0.6219835319607967,0.6219835319607967
img-157.jpg,720,720,medium_pothole,243,260,437,379,194,119,23086,0.2694444444444444,0.1652777777777777,0.0445331790123456,1,1.6302521008403361,10.047024967532325,medium_pothole,0.11577530345666041,0.6800988357878082,0.20412586075553152,0.6800988357878082
img-157.jpg,720,720,minor_pothole,202,207,266,241,64,34,2176,0.0888888888888888,0.0472222222222222,0.0041975308641975,2,1.8823529411764706,7.685703061234547,minor_pothole,0.05170077236793666,0.20379165643185979,0.7445075712002037,0.7445075712002037
img-158.jpg,720,720,medium_pothole,297,292,462,409,165,117,19305,0.2291666666666666,0.1625,0.0372395833333333,1,1.4102564102564104,9.86817120740856,medium_pothole,0.10283336156203833,0.6539608757811919,0.24320576265676977,0.6539608757811919
img-158.jpg,720,720,minor_pothole,158,337,293,422,135,85,11475,0.1875,0.1180555555555555,0.0221354166666666,2,1.588235294117647,9.348013177101256,minor_pothole,0.08946449327985292,0.44837496310084307,0.4621605436193041,0.4621605436193041
img-159.jpg,720,720,medium_pothole,304,304,437,407,133,103,13699,0.1847222222222222,0.1430555555555555,0.0264255401234567,1,1.2912621359223302,9.525151111816216,medium_pothole,0.08755701236824714,0.5393354647506254,0.3731075228811275,0.5393354647506254
img-159.jpg,720,720,minor_pothole,423,577,481,620,58,43,2494,0.0805555555555555,0.0597222222222222,0.0048109567901234,2,1.3488372093023255,7.822044008185619,minor_pothole,0.035705574302483375,0.18051913750138457,0.7837752881961325,0.7837752881961325
img-159.jpg,720,720,minor_pothole,225,202,346,288,121,86,10406,0.1680555555555555,0.1194444444444444,0.0200733024691358,2,1.4069767441860466,9.25023393563786,minor_pothole,0.08285015924555018,0.4063494656223205,0.5108003751321293,0.5108003751321293
img-16.jpg,720,720,medium_pothole,258,279,452,460,194,181,35114,0.2694444444444444,0.2513888888888889,0.0677353395061728,1,1.0718232044198894,10.46638366859312,medium_pothole,0.15610531604342837,0.6547408551633616,0.18915382879320994,0.6547408551633616
img-160.jpg,720,720,minor_pothole,491,1,683,165,192,164,31488,0.2666666666666666,0.2277777777777777,0.0607407407407407,2,1.170731707317073,10.357393557477783,medium_pothole,0.137592582944328,0.6704394988065286,0.1919679182491437,0.6704394988065286
img-160.jpg,720,720,minor_pothole,371,289,523,428,152,139,21128,0.2111111111111111,0.1930555555555555,0.0407561728395061,2,1.0935251798561152,9.95840178341352,medium_pothole,0.09965178517471403,0.6777587790501874,0.22258943577509865,0.6777587790501874
img-160.jpg,720,720,minor_pothole,233,395,443,541,210,146,30660,0.2916666666666667,0.2027777777777777,0.0591435185185185,2,1.4383561643835616,10.330746767679962,medium_pothole,0.14421936702992827,0.6725918439485901,0.18318878902148159,0.6725918439485901
img-160.jpg,720,720,minor_pothole,581,131,693,232,112,101,11312,0.1555555555555555,0.1402777777777777,0.0218209876543209,2,1.108910891089109,9.333707785926467,medium_pothole,0.07700301626809818,0.46191070177566546,0.46108628195623663,0.46191070177566546
img-161.jpg,720,720,medium_pothole,281,289,420,383,139,94,13066,0.1930555555555555,0.1305555555555555,0.0252044753086419,1,1.4787234042553192,9.477845246989146,medium_pothole,0.09057898117119693,0.5107646094366864,0.39865640939211683,0.5107646094366864
img-162.jpg,720,720,medium_pothole,221,246,480,386,259,140,36260,0.3597222222222222,0.1944444444444444,0.0699459876543209,1,1.85,10.498498062527567,medium_pothole,0.1937923743689846,0.6782381287152397,0.12796949691577564,0.6782381287152397
img-163.jpg,720,720,medium_pothole,257,282,517,487,260,205,53300,0.3611111111111111,0.2847222222222222,0.1028163580246913,1,1.2682926829268293,10.883710371704016,medium_pothole,0.21428915986975122,0.6774004490998091,0.10831039103043992,0.6774004490998091
img-163.jpg,720,720,minor_pothole,662,216,720,267,58,51,2958,0.0805555555555555,0.0708333333333333,0.0057060185185185,2,1.1372549019607843,7.99260665240021,minor_pothole,0.033125019346277165,0.1743724745557184,0.7925025060980045,0.7925025060980045
img-164.jpg,720,720,major_pothole,220,286,489,424,269,138,37122,0.3736111111111111,0.1916666666666666,0.0716087962962963,0,1.9492753623188406,10.521992002599978,medium_pothole,0.19702524352908846,0.6869152170536454,0.11605953941726631,0.6869152170536454
img-165.jpg,720,720,medium_pothole,225,311,486,446,261,135,35235,0.3625,0.1875,0.06796875,1,1.9333333333333333,10.469823566229687,medium_pothole,0.19018436472808137,0.6810528745392852,0.12876276073263346,0.6810528745392852
img-166.jpg,720,720,medium_pothole,250,274,468,426,218,152,33136,0.3027777777777777,0.2111111111111111,0.0639197530864197,1,1.4342105263157894,10.408405761837653,medium_pothole,0.16163423354607745,0.6629484243230571,0.17541734213086554,0.6629484243230571
img-166.jpg,720,720,minor_pothole,64,305,119,358,55,53,2915,0.0763888888888889,0.0736111111111111,0.0056230709876543,2,1.0377358490566038,7.977968093128549,minor_pothole,0.030667051355260315,0.17502806422334757,0.7943048844213924,0.7943048844213924
img-167.jpg,720,720,medium_pothole,279,263,470,407,191,144,27504,0.2652777777777778,0.2,0.0530555555555555,1,1.3263888888888888,10.222123085309558,medium_pothole,0.12324612862393547,0.6842593529328851,0.19249451844317939,0.6842593529328851
img-167.jpg,720,720,minor_pothole,166,403,321,500,155,97,15035,0.2152777777777778,0.1347222222222222,0.0290027006172839,2,1.597938144329897,9.618202604684068,medium_pothole,0.09748652207210734,0.5699746091404981,0.3325388687873947,0.5699746091404981
img-167.jpg,720,720,minor_pothole,202,56,276,84,74,28,2072,0.1027777777777777,0.0388888888888888,0.0039969135802469,2,2.642857142857143,7.636752112435779,minor_pothole,0.09053099611036416,0.2495537961374197,0.659915207752216,0.659915207752216
img-168.jpg,720,720,medium_pothole,242,262,475,358,233,96,22368,0.3236111111111111,0.1333333333333333,0.0431481481481481,1,2.4270833333333335,10.015431350758112,medium_pothole,0.12633166470333684,0.6905462972523658,0.1831220380442973,0.6905462972523658
img-168.jpg,720,720,minor_pothole,79,95,146,139,67,44,2948,0.0930555555555555,0.0611111111111111,0.0056867283950617,2,1.5227272727272727,7.989221408815276,minor_pothole,0.04403448811810376,0.17899090741147392,0.776974604470422,0.776974604470422
img-169.jpg,720,720,medium_pothole,154,259,465,418,311,159,49449,0.4319444444444444,0.2208333333333333,0.0953877314814814,1,1.9559748427672956,10.808717337050858,medium_pothole,0.21527245196828926,0.69512955789027,0.08959799014144076,0.69512955789027
img-17.jpg,720,720,medium_pothole,124,313,416,507,292,194,56648,0.4055555555555555,0.2694444444444444,0.1092746913580246,1,1.5051546391752577,10.944629614049688,medium_pothole,0.21660438041432326,0.685799317186928,0.09759630239874863,0.685799317186928
img-17.jpg,720,720,minor_pothole,522,239,675,358,153,119,18207,0.2125,0.1652777777777777,0.0351215277777777,2,1.2857142857142858,9.809616336926057,medium_pothole,0.09721076784297449,0.6434941690317706,0.2592950631252546,0.6434941690317706
img-170.jpg,720,720,minor_pothole,330,243,429,291,99,48,4752,0.1375,0.0666666666666666,0.0091666666666666,2,2.0625,8.46653127661401,minor_pothole,0.07858853657861958,0.21503176019944273,0.7063797032219377,0.7063797032219377
img-170.jpg,720,720,minor_pothole,230,495,377,589,147,94,13818,0.2041666666666666,0.1305555555555555,0.0266550925925925,2,1.5638297872340425,9.533799735803484,medium_pothole,0.09409389629658914,0.5344707699945161,0.3714353337088944,0.5344707699945161
img-171.jpg,720,720,medium_pothole,244,191,485,347,241,156,37596,0.3347222222222222,0.2166666666666666,0.0725231481481481,1,1.544871794871795,10.534679538960773,medium_pothole,0.1948845540070603,0.6633217175331196,0.14179372845982005,0.6633217175331196
img-172.jpg,720,720,minor_pothole,208,69,384,143,176,74,13024,0.2444444444444444,0.1027777777777777,0.0251234567901234,2,2.3783783783783785,9.474625866621567,medium_pothole,0.10436871544916515,0.5305557677312922,0.3650755168195428,0.5305557677312922
img-172.jpg,720,720,minor_pothole,13,184,105,273,92,89,8188,0.1277777777777777,0.1236111111111111,0.0157947530864197,2,1.0337078651685394,9.010547069270189,minor_pothole,0.0651428153181296,0.32706700524342447,0.6077901794384459,0.6077901794384459
img-172.jpg,720,720,minor_pothole,0,1,77,61,77,60,4620,0.1069444444444444,0.0833333333333333,0.008912037037037,2,1.2833333333333334,8.438366410870266,minor_pothole,0.050238245561857485,0.19178706867989062,0.7579746857582522,0.7579746857582522
img-172.jpg,720,720,minor_pothole,38,1,171,39,133,38,5054,0.1847222222222222,0.0527777777777777,0.0097492283950617,2,3.5,8.528133131454572,minor_pothole,0.11132007267424926,0.33737152620270616,0.5513084011230447,0.5513084011230447
img-172.jpg,720,720,medium_pothole,223,342,576,558,353,216,76248,0.4902777777777777,0.3,0.1470833333333333,1,1.6342592592592593,11.24175957962956,medium_pothole,0.21093856299922445,0.6729325136294432,0.11612892337133213,0.6729325136294432
img-173.jpg,720,720,medium_pothole,226,251,488,359,262,108,28296,0.3638888888888889,0.15,0.0545833333333333,1,2.425925925925926,10.250511070945045,medium_pothole,0.15858622860599525,0.6980216463541249,0.14339212503988,0.6980216463541249
img-173.jpg,720,720,medium_pothole,211,363,509,456,298,93,27714,0.4138888888888888,0.1291666666666666,0.0534606481481481,1,3.204301075268817,10.229729061853906,medium_pothole,0.16805618742163023,0.7312521274513069,0.10069168512706296,0.7312521274513069
img-174.jpg,720,720,medium_pothole,259,371,533,504,274,133,36442,0.3805555555555555,0.1847222222222222,0.0702970679012345,1,2.0601503759398496,10.503504675098267,medium_pothole,0.19477350130440982,0.6924157358110479,0.11281076288454243,0.6924157358110479
img-175.jpg,720,720,medium_pothole,178,230,405,438,227,208,47216,0.3152777777777777,0.2888888888888888,0.0910802469135802,1,1.0913461538461537,10.76250927621971,medium_pothole,0.20710358096804368,0.6618293606581169,0.13106705837383953,0.6618293606581169
img-175.jpg,720,720,medium_pothole,392,277,535,469,143,192,27456,0.1986111111111111,0.2666666666666666,0.0529629629629629,1,0.7447916666666666,10.22037642353585,medium_pothole,0.10751983750373897,0.6708297089437633,0.2216504535524976,0.6708297089437633
img-175.jpg,720,720,minor_pothole,416,18,498,95,82,77,6314,0.1138888888888888,0.1069444444444444,0.0121797839506172,2,1.0649350649350648,8.750683034784592,minor_pothole,0.05619663568721844,0.24643527939185733,0.697368084920924,0.697368084920924
img-176.jpg,720,720,medium_pothole,257,283,454,401,197,118,23246,0.2736111111111111,0.1638888888888889,0.0448418209876543,1,1.6694915254237288,10.05393137043206,medium_pothole,0.11697923412514273,0.6806610585484416,0.20235970732641592,0.6806610585484416
img-176.jpg,720,720,minor_pothole,63,267,173,337,110,70,7700,0.1527777777777778,0.0972222222222222,0.0148533950617283,2,1.5714285714285714,8.94910546953925,minor_pothole,0.07896247647251099,0.2896907172406829,0.6313468062868061,0.6313468062868061
img-177.jpg,720,720,medium_pothole,255,248,444,366,189,118,22302,0.2625,0.1638888888888889,0.0430208333333333,1,1.6016949152542372,10.012476477547958,medium_pothole,0.11319768769349206,0.6766079967188161,0.2101943155876917,0.6766079967188161
img-178.jpg,720,720,medium_pothole,261,315,453,417,192,102,19584,0.2666666666666666,0.1416666666666666,0.0377777777777777,1,1.8823529411764706,9.882519246099932,medium_pothole,0.11251266572099718,0.6544390052178624,0.23304832906114045,0.6544390052178624
img-178.jpg,720,720,minor_pothole,12,412,163,491,151,79,11929,0.2097222222222222,0.1097222222222222,0.0230111882716049,2,1.9113924050632911,9.386811515091962,medium_pothole,0.09625881561594987,0.4701572393535594,0.4335839450304907,0.4701572393535594
img-178.jpg,720,720,minor_pothole,0,343,77,408,77,65,5005,0.1069444444444444,0.0902777777777777,0.0096547067901234,2,1.1846153846153846,8.518392471991719,minor_pothole,0.050288650950590034,0.2015005604067969,0.748210788642613,0.748210788642613
img-179.jpg,720,720,medium_pothole,295,249,457,468,162,219,35478,0.225,0.3041666666666666,0.0684375,1,0.7397260273972602,10.476696251133417,medium_pothole,0.13922984236336694,0.6447690394425682,0.2160011181940647,0.6447690394425682
img-179.jpg,720,720,minor_pothole,205,221,300,383,95,162,15390,0.1319444444444444,0.225,0.0296875,2,0.5864197530864198,9.641538201979953,medium_pothole,0.07742560561757725,0.6242718683320543,0.2983025260503684,0.6242718683320543
img-179.jpg,720,720,minor_pothole,94,239,215,375,121,136,16456,0.1680555555555555,0.1888888888888888,0.0317438271604938,2,0.8897058823529411,9.708506197595383,medium_pothole,0.08423558736875182,0.6336194158115016,0.2821449968197467,0.6336194158115016
img-179.jpg,720,720,minor_pothole,274,27,381,140,107,113,12091,0.1486111111111111,0.1569444444444444,0.0233236882716049,2,0.9469026548672567,9.40029935589935,medium_pothole,0.07442342188421514,0.5097525547036117,0.4158240234121738,0.5097525547036117
img-179.jpg,720,720,minor_pothole,573,59,673,126,100,67,6700,0.1388888888888889,0.0930555555555555,0.0129243827160493,2,1.492537313432836,8.81001204797317,minor_pothole,0.07196037963710063,0.25173334638344796,0.6763062739794513,0.6763062739794513
img-18.jpg,720,720,medium_pothole,269,215,405,301,136,86,11696,0.1888888888888888,0.1194444444444444,0.0225617283950617,1,1.5813953488372092,9.367087677650707,medium_pothole,0.08979863096960461,0.4573211309930706,0.4528802380373247,0.4573211309930706
img-18.jpg,720,720,medium_pothole,309,332,487,421,178,89,15842,0.2472222222222222,0.1236111111111111,0.0305594135802469,1,2.0,9.670483041375043,medium_pothole,0.10507679896505513,0.5942084151900926,0.30071478584485223,0.5942084151900926
img-18.jpg,720,720,minor_pothole,134,487,218,546,84,59,4956,0.1166666666666666,0.0819444444444444,0.0095601851851851,2,1.423728813559322,8.508555998020574,minor_pothole,0.057668804538560166,0.19963730644690564,0.7426938890145343,0.7426938890145343
img-18.jpg,720,720,minor_pothole,55,108,147,152,92,44,4048,0.1277777777777777,0.0611111111111111,0.0078086419753086,2,2.090909090909091,8.30622521603216,minor_pothole,0.07508254681522111,0.2047305095535889,0.7201869436311904,0.7201869436311904
img-18.jpg,720,720,minor_pothole,0,80,52,111,52,31,1612,0.0722222222222222,0.0430555555555555,0.0031095679012345,2,1.6774193548387097,7.385851078125209,minor_pothole,0.04212408131168724,0.22357795140344727,0.7342979672848655,0.7342979672848655
img-180.jpg,720,720,medium_pothole,218,279,507,421,289,142,41038,0.4013888888888889,0.1972222222222222,0.0791628086419753,1,2.035211267605634,10.62227811307605,medium_pothole,0.20424879075186933,0.6993097102107619,0.09644149903736876,0.6993097102107619
img-181.jpg,720,720,medium_pothole,291,333,466,455,175,122,21350,0.2430555555555555,0.1694444444444444,0.0411844135802469,1,1.4344262295081966,9.968853855967382,medium_pothole,0.1084161233128921,0.6716991048117289,0.21988477187537894,0.6716991048117289
img-182.jpg,720,720,medium_pothole,285,287,443,442,158,155,24490,0.2194444444444444,0.2152777777777778,0.047241512345679,1,1.0193548387096774,10.106060982105628,medium_pothole,0.10607424337661421,0.6879432426305826,0.20598251399280296,0.6879432426305826
img-182.jpg,720,720,minor_pothole,0,216,99,311,99,95,9405,0.1375,0.1319444444444444,0.0181423611111111,2,1.0421052631578946,9.149103062504993,minor_pothole,0.06979953286647304,0.3826116984173762,0.5475887687161508,0.5475887687161508
img-182.jpg,720,720,minor_pothole,417,647,551,720,134,73,9782,0.1861111111111111,0.1013888888888888,0.018869598765432,2,1.8356164383561644,9.18840146445743,minor_pothole,0.09065757483061124,0.3806649003965713,0.5286775247728175,0.5286775247728175
img-183.jpg,720,720,medium_pothole,175,224,489,466,314,242,75988,0.4361111111111111,0.3361111111111111,0.1465817901234568,1,1.2975206611570247,11.238343871950976,medium_pothole,0.1929593958902812,0.6456403429566606,0.16140026115305814,0.6456403429566606
img-184.jpg,720,720,minor_pothole,23,24,52,34,29,10,290,0.0402777777777777,0.0138888888888888,0.0005594135802469,2,2.9,5.673323267171493,medium_pothole,0.11356167618736658,0.5200765445240442,0.36636177928858943,0.5200765445240442
img-184.jpg,720,720,minor_pothole,0,46,36,68,36,22,792,0.05,0.0305555555555555,0.0015277777777777,2,1.6363636363636365,6.675823221634848,minor_pothole,0.049071954690215275,0.329810940993164,0.6211171043166207,0.6211171043166207
img-184.jpg,720,720,minor_pothole,55,30,109,54,54,24,1296,0.075,0.0333333333333333,0.0025,2,2.25,7.167809184316444,minor_pothole,0.06520076332992622,0.27601802152822136,0.6587812151418522,0.6587812151418522
img-184.jpg,720,720,minor_pothole,84,0,117,10,33,10,330,0.0458333333333333,0.0138888888888888,0.000636574074074,2,3.3,5.802118375377063,medium_pothole,0.14043301619129453,0.5162027828677974,0.34336420094090786,0.5162027828677974
img-184.jpg,720,720,minor_pothole,58,13,85,24,27,11,297,0.0375,0.0152777777777777,0.0005729166666666,2,2.4545454545454546,5.697093486505405,medium_pothole,0.09132858376827746,0.5119311272018203,0.3967402890299024,0.5119311272018203
img-184.jpg,720,720,minor_pothole,35,0,70,10,35,10,350,0.0486111111111111,0.0138888888888888,0.0006751543209876,2,3.5,5.860786223465865,medium_pothole,0.15666164789030135,0.5173908187507938,0.3259475333589047,0.5173908187507938
img-184.jpg,720,720,minor_pothole,11,0,34,4,23,4,92,0.0319444444444444,0.0055555555555555,0.0001774691358024,2,5.75,4.532599493153256,medium_pothole,0.24958155897559398,0.5630740915760315,0.18734434944837458,0.5630740915760315
img-184.jpg,720,720,minor_pothole,0,3,16,13,16,10,160,0.0222222222222222,0.0138888888888888,0.0003086419753086,2,1.6,5.081404364984463,medium_pothole,0.0765626484914324,0.5615049012004575,0.3619324503081097,0.5615049012004575
img-184.jpg,720,720,medium_pothole,300,255,394,322,94,67,6298,0.1305555555555555,0.0930555555555555,0.0121489197530864,1,1.4029850746268657,8.74814616962193,minor_pothole,0.066751338697086,0.23776726055420963,0.6954814007487043,0.6954814007487043
img-184.jpg,720,720,minor_pothole,530,145,558,164,28,19,532,0.0388888888888888,0.0263888888888888,0.0010262345679012,2,1.4736842105263157,6.278521424165844,minor_pothole,0.05540612602770705,0.3974346932644232,0.54715918070787,0.54715918070787
img-184.jpg,720,720,minor_pothole,362,572,403,606,41,34,1394,0.0569444444444444,0.0472222222222222,0.0026890432098765,2,1.2058823529411764,7.240649694255466,minor_pothole,0.03193380218783591,0.22844602967076086,0.7396201681414033,0.7396201681414033
img-185.jpg,720,720,major_pothole,261,269,483,476,222,207,45954,0.3083333333333333,0.2875,0.0886458333333333,0,1.0724637681159421,10.73541793579221,medium_pothole,0.20463156800094978,0.6583830381748168,0.13698539382423316,0.6583830381748168
img-186.jpg,720,720,major_pothole,122,316,412,453,290,137,39730,0.4027777777777778,0.1902777777777777,0.0766396604938271,0,2.116788321167883,10.589887018388692,medium_pothole,0.20139432541234809,0.7022202316421193,0.09638544294553275,0.7022202316421193
img-186.jpg,720,720,medium_pothole,441,263,684,385,243,122,29646,0.3375,0.1694444444444444,0.0571875,1,1.9918032786885247,10.297116218868338,medium_pothole,0.15692009850118313,0.6820518349513138,0.16102806654750296,0.6820518349513138
img-187.jpg,720,720,medium_pothole,233,282,472,420,239,138,32982,0.3319444444444444,0.1916666666666666,0.0636226851851851,1,1.7318840579710144,10.403747556197336,medium_pothole,0.17262414158247083,0.6692974893223733,0.1580783690951562,0.6692974893223733
img-188.jpg,720,720,medium_pothole,266,227,410,329,144,102,14688,0.2,0.1416666666666666,0.0283333333333333,1,1.411764705882353,9.594854193331415,medium_pothole,0.09272553413082484,0.5644589760083164,0.3428154898608587,0.5644589760083164
img-188.jpg,720,720,medium_pothole,299,349,430,438,131,89,11659,0.1819444444444444,0.1236111111111111,0.0224903549382716,1,1.4719101123595506,9.363919459904483,medium_pothole,0.08729454577344095,0.45747491547391866,0.4552305387526402,0.45747491547391866
img-188.jpg,720,720,minor_pothole,432,258,588,350,156,92,14352,0.2166666666666666,0.1277777777777777,0.0276851851851851,2,1.6956521739130435,9.57171425857138,medium_pothole,0.09785095662890604,0.5500396733713876,0.3521093699997062,0.5500396733713876
img-189.jpg,720,720,medium_pothole,261,278,468,412,207,134,27738,0.2875,0.1861111111111111,0.0535069444444444,1,1.544776119402985,10.230594644192365,medium_pothole,0.13109470392353523,0.6822206646916378,0.18668463138482685,0.6822206646916378
img-19.jpg,720,720,medium_pothole,270,227,417,339,147,112,16464,0.2041666666666666,0.1555555555555555,0.0317592592592592,1,1.3125,9.708992194810465,medium_pothole,0.09338423816137056,0.6125081411095568,0.2941076207290727,0.6125081411095568
img-19.jpg,720,720,medium_pothole,162,395,297,486,135,91,12285,0.1875,0.1263888888888888,0.0236979166666666,1,1.4835164835164836,9.416215681723873,medium_pothole,0.08894822188039758,0.4818732104391066,0.4291785676804958,0.4818732104391066
img-190.jpg,720,720,medium_pothole,161,253,472,443,311,190,59090,0.4319444444444444,0.2638888888888889,0.1139853395061728,1,1.6368421052631579,10.986833907533804,medium_pothole,0.21821484644618733,0.6880417857191593,0.09374336783465329,0.6880417857191593
img-190.jpg,720,720,medium_pothole,472,419,630,506,158,87,13746,0.2194444444444444,0.1208333333333333,0.0265162037037037,1,1.8160919540229885,9.52857589747142,medium_pothole,0.09862972981855327,0.5321660927966282,0.3692041773848188,0.5321660927966282
img-191.jpg,720,720,medium_pothole,271,335,467,494,196,159,31164,0.2722222222222222,0.2208333333333333,0.0601157407407407,1,1.2327044025157232,10.34705094924295,medium_pothole,0.13846650680770503,0.6715564922725403,0.1899770009197544,0.6715564922725403
img-191.jpg,720,720,medium_pothole,272,237,393,297,121,60,7260,0.1680555555555555,0.0833333333333333,0.0140046296296296,1,2.0166666666666666,8.890272839380247,minor_pothole,0.08807964334155949,0.28633941066331975,0.6255809459951207,0.6255809459951207
img-191.jpg,720,720,minor_pothole,163,402,235,446,72,44,3168,0.1,0.0611111111111111,0.0061111111111111,2,1.6363636363636365,8.06117135969092,minor_pothole,0.049840769042230795,0.18126025784339442,0.7688989731143747,0.7688989731143747
img-192.jpg,720,720,medium_pothole,276,294,415,397,139,103,14317,0.1930555555555555,0.1430555555555555,0.0276176697530864,1,1.3495145631067962,9.56927276595613,medium_pothole,0.09041537558709858,0.5559643518288793,0.3536202725840222,0.5559643518288793
img-193.jpg,720,720,medium_pothole,272,347,361,400,89,53,4717,0.1236111111111111,0.0736111111111111,0.0090991512345679,1,1.679245283018868,8.45914025996762,minor_pothole,0.06469709320060353,0.19934207567710294,0.7359608311222938,0.7359608311222938
img-193.jpg,720,720,minor_pothole,566,380,638,418,72,38,2736,0.1,0.0527777777777777,0.0052777777777777,2,1.894736842105263,7.914617709040679,minor_pothole,0.05640359872041672,0.1927349793413281,0.7508614219382554,0.7508614219382554
img-194.jpg,720,720,medium_pothole,261,290,469,419,208,129,26832,0.2888888888888888,0.1791666666666666,0.0517592592592592,1,1.6124031007751938,10.197387752301138,medium_pothole,0.12871089186296797,0.6838338913688932,0.187455216768139,0.6838338913688932
img-195.jpg,720,720,medium_pothole,117,147,276,219,159,72,11448,0.2208333333333333,0.1,0.0220833333333333,1,2.2083333333333335,9.345657668923812,medium_pothole,0.0992086824869182,0.4642275048938702,0.43656381261921146,0.4642275048938702
img-195.jpg,720,720,medium_pothole,182,266,437,481,255,215,54825,0.3541666666666667,0.2986111111111111,0.1057581018518518,1,1.186046511627907,10.911919812973826,medium_pothole,0.21310316247821945,0.6739703645393753,0.1129264729824052,0.6739703645393753
img-196.jpg,720,720,medium_pothole,274,301,490,416,216,115,24840,0.3,0.1597222222222222,0.0479166666666666,1,1.8782608695652174,10.12025079288605,medium_pothole,0.12645153722980115,0.6855220517443597,0.1880264110258392,0.6855220517443597
img-196.jpg,720,720,minor_pothole,470,200,535,238,65,38,2470,0.0902777777777777,0.0527777777777777,0.0047646604938271,2,1.7105263157894737,7.81237820598861,minor_pothole,0.04702453860089264,0.18999554641531757,0.7629799149837897,0.7629799149837897
img-196.jpg,720,720,minor_pothole,301,229,462,305,161,76,12236,0.2236111111111111,0.1055555555555555,0.0236033950617283,2,2.1184210526315788,9.412219427985669,medium_pothole,0.09975821512508534,0.4893484844796142,0.41089330039530036,0.4893484844796142
img-197.jpg,720,720,medium_pothole,338,346,485,443,147,97,14259,0.2041666666666666,0.1347222222222222,0.027505787037037,1,1.5154639175257731,9.565213693968287,medium_pothole,0.09405937621344485,0.5490804446494565,0.3568601791370985,0.5490804446494565
img-197.jpg,720,720,medium_pothole,459,320,539,375,80,55,4400,0.1111111111111111,0.0763888888888889,0.0084876543209876,1,1.4545454545454546,8.38958706681109,minor_pothole,0.05407216746218809,0.18868048315249755,0.7572473493853142,0.7572473493853142
img-197.jpg,720,720,medium_pothole,205,400,364,524,159,124,19716,0.2208333333333333,0.1722222222222222,0.0380324074074074,1,1.282258064516129,9.889236486766269,medium_pothole,0.10086489716672353,0.6616662258228292,0.2374688770104468,0.6616662258228292
img-198.jpg,720,720,minor_pothole,194,224,349,277,155,53,8215,0.2152777777777778,0.0736111111111111,0.015846836419753,2,2.9245283018867925,9.013838751608395,minor_pothole,0.10063800347907487,0.39080007049859194,0.5085619260223327,0.5085619260223327
img-198.jpg,720,720,medium_pothole,140,273,367,356,227,83,18841,0.3152777777777777,0.1152777777777777,0.0363445216049382,1,2.7349397590361444,9.843843699608612,medium_pothole,0.11959309014861583,0.6748795802561115,0.20552732959527284,0.6748795802561115
img-198.jpg,720,720,minor_pothole,301,356,351,396,50,40,2000,0.0694444444444444,0.0555555555555555,0.003858024691358,2,1.25,7.601402334583733,minor_pothole,0.03149265763800698,0.19226471620850374,0.7762426261534894,0.7762426261534894
img-198.jpg,720,720,medium_pothole,370,378,600,483,230,105,24150,0.3194444444444444,0.1458333333333333,0.0465856481481481,1,2.1904761904761907,10.092081066090932,medium_pothole,0.12957583036025647,0.6898178658967733,0.1806063037429701,0.6898178658967733
img-199.jpg,720,720,medium_pothole,245,312,427,552,182,240,43680,0.2527777777777777,0.3333333333333333,0.0842592592592592,1,0.7583333333333333,10.684668503929622,medium_pothole,0.17384384617780171,0.6417754123795244,0.18438074144267397,0.6417754123795244
img-199.jpg,720,720,minor_pothole,420,308,529,402,109,94,10246,0.1513888888888888,0.1305555555555555,0.0197646604938271,2,1.1595744680851063,9.234740258799718,minor_pothole,0.07571000008249326,0.41129979323080884,0.5129902066866978,0.5129902066866978
img-2.jpg,720,720,medium_pothole,307,234,458,325,151,91,13741,0.2097222222222222,0.1263888888888888,0.0265065586419753,1,1.6593406593406594,9.528212115591021,medium_pothole,0.0958267788181261,0.531154159256543,0.3730190619253309,0.531154159256543
img-2.jpg,720,720,minor_pothole,264,299,363,382,99,83,8217,0.1375,0.1152777777777777,0.0158506944444444,2,1.1927710843373494,9.014082149443356,minor_pothole,0.0701030110160556,0.3177343850870787,0.6121626038968659,0.6121626038968659
img-2.jpg,720,720,minor_pothole,190,423,257,503,67,80,5360,0.0930555555555555,0.1111111111111111,0.0103395061728395,2,0.8375,8.586905803827538,minor_pothole,0.04351946750331746,0.2285519776632574,0.7279285548334252,0.7279285548334252
img-20.jpg,720,720,minor_pothole,231,248,345,313,114,65,7410,0.1583333333333333,0.0902777777777777,0.0142939814814814,2,1.7538461538461538,8.910720661951359,minor_pothole,0.08259005073152942,0.28193025477429323,0.6354796944941775,0.6354796944941775
img-20.jpg,720,720,minor_pothole,157,183,219,227,62,44,2728,0.0861111111111111,0.0611111111111111,0.0052623456790123,2,1.4090909090909092,7.911690520708339,minor_pothole,0.038838078800510295,0.17835151310529374,0.7828104080941959,0.7828104080941959
img-20.jpg,720,720,medium_pothole,275,304,440,425,165,121,19965,0.2291666666666666,0.1680555555555555,0.0385127314814814,1,1.3636363636363635,9.90178610589637,medium_pothole,0.1033864816604456,0.6619645724788216,0.23464894586073312,0.6619645724788216
img-200.jpg,720,720,minor_pothole,202,358,288,403,86,45,3870,0.1194444444444444,0.0625,0.0074652777777777,2,1.9111111111111112,8.261268150577648,minor_pothole,0.06660275356143257,0.19442267797107052,0.7389745684674968,0.7389745684674968
img-200.jpg,720,720,minor_pothole,273,319,406,392,133,73,9709,0.1847222222222222,0.1013888888888888,0.0187287808641975,2,1.821917808219178,9.18091156128537,minor_pothole,0.09025934727400002,0.3772128130671047,0.5325278396588954,0.5325278396588954
img-200.jpg,720,720,minor_pothole,398,293,501,360,103,67,6901,0.1430555555555555,0.0930555555555555,0.0133121141975308,2,1.537313432835821,8.839566503657949,minor_pothole,0.07438601411546508,0.2592181798462276,0.6663958060383075,0.6663958060383075
img-200.jpg,720,720,minor_pothole,665,165,720,229,55,64,3520,0.0763888888888889,0.0888888888888888,0.0067901234567901,2,0.859375,8.166500319155052,minor_pothole,0.030858796000130535,0.182481625293529,0.7866595787063403,0.7866595787063403
img-201.jpg,720,720,medium_pothole,218,224,588,516,370,292,108040,0.5138888888888888,0.4055555555555555,0.2084104938271604,1,1.2671232876712328,11.59026606369489,medium_pothole,0.21478019448060137,0.6778994719027496,0.10732033361664911,0.6778994719027496
img-202.jpg,720,720,minor_pothole,292,374,372,451,80,77,6160,0.1111111111111111,0.1069444444444444,0.0118827160493827,2,1.0389610389610389,8.725994381014571,minor_pothole,0.054410192545610324,0.24219029430437075,0.7033995131500187,0.7033995131500187
img-202.jpg,720,720,minor_pothole,285,296,408,376,123,80,9840,0.1708333333333333,0.1111111111111111,0.0189814814814814,2,1.5375,9.194312610898985,minor_pothole,0.08465281434167393,0.37960809714690674,0.5357390885114196,0.5357390885114196
img-202.jpg,720,720,minor_pothole,302,236,413,292,111,56,6216,0.1541666666666666,0.0777777777777777,0.0119907407407407,2,1.9821428571428572,8.735042754269337,minor_pothole,0.08362682034975699,0.24929194830429155,0.6670812313459512,0.6670812313459512
img-202.jpg,720,720,minor_pothole,294,47,380,158,86,111,9546,0.1194444444444444,0.1541666666666666,0.0184143518518518,2,0.7747747747747747,9.163982247998034,minor_pothole,0.06258010841466294,0.42527182582765105,0.5121480657576859,0.5121480657576859
img-202.jpg,720,720,minor_pothole,152,509,204,564,52,55,2860,0.0722222222222222,0.0763888888888889,0.0055169753086419,2,0.9454545454545454,7.95892649305011,minor_pothole,0.02857486876256834,0.17649734400115807,0.7949277872362737,0.7949277872362737
img-202.jpg,720,720,minor_pothole,39,481,95,589,56,108,6048,0.0777777777777777,0.15,0.0116666666666666,2,0.5185185185185185,8.707648248106914,minor_pothole,0.04261529939303871,0.31366778313685467,0.6437169174701068,0.6437169174701068
img-202.jpg,720,720,minor_pothole,297,670,370,718,73,48,3504,0.1013888888888888,0.0666666666666666,0.0067592592592592,2,1.5208333333333333,8.16194579946869,minor_pothole,0.04859122895874466,0.17920923102883712,0.7721995400124181,0.7721995400124181
img-203.jpg,720,720,minor_pothole,185,296,425,403,240,107,25680,0.3333333333333333,0.1486111111111111,0.049537037037037,2,2.2429906542056073,10.153506697855693,medium_pothole,0.13815969085226373,0.6925164160967443,0.16932389305099202,0.6925164160967443
img-203.jpg,720,720,minor_pothole,619,302,684,366,65,64,4160,0.0902777777777777,0.0888888888888888,0.0080246913580246,2,1.015625,8.333510708982942,minor_pothole,0.038813473979024585,0.18669018871490328,0.774496337306072,0.774496337306072
img-203.jpg,720,720,minor_pothole,397,231,598,325,201,94,18894,0.2791666666666667,0.1305555555555555,0.0364467592592592,2,2.1382978723404253,9.84665261578359,medium_pothole,0.11446906996850635,0.6511712184062353,0.23435971162525815,0.6511712184062353
img-204.jpg,720,720,minor_pothole,190,175,358,315,168,140,23520,0.2333333333333333,0.1944444444444444,0.0453703703703703,2,1.2,10.065648918115544,medium_pothole,0.10833189431937261,0.6851288854777012,0.20653922020292612,0.6851288854777012
img-204.jpg,720,720,minor_pothole,281,381,447,519,166,138,22908,0.2305555555555555,0.1916666666666666,0.0441898148148148,2,1.2028985507246377,10.039285125433349,medium_pothole,0.10679901397820335,0.6834818292438247,0.20971915677797198,0.6834818292438247
img-205.jpg,720,720,medium_pothole,274,166,715,384,441,218,96138,0.6125,0.3027777777777777,0.1854513888888889,1,2.022935779816514,11.47355033989604,medium_pothole,0.1986158342972122,0.6853587565785106,0.11602540912427708,0.6853587565785106
img-205.jpg,720,720,minor_pothole,0,412,326,607,326,195,63570,0.4527777777777778,0.2708333333333333,0.1226273148148148,2,1.6717948717948719,11.059912670497306,medium_pothole,0.2191927180816259,0.6870821512928871,0.09372513062548712,0.6870821512928871
img-206.jpg,720,720,medium_pothole,216,291,487,464,271,173,46883,0.3763888888888889,0.2402777777777777,0.0904378858024691,1,1.5664739884393064,10.75543174484307,medium_pothole,0.2133274322624062,0.6833015616094829,0.10337100612811075,0.6833015616094829
img-206.jpg,720,720,minor_pothole,76,658,237,720,161,62,9982,0.2236111111111111,0.0861111111111111,0.0192554012345679,2,2.596774193548387,9.208638925336425,minor_pothole,0.10026948604480296,0.43304948522969783,0.4666810287254992,0.4666810287254992
img-207.jpg,720,720,medium_pothole,183,269,554,503,371,234,86814,0.5152777777777777,0.325,0.1674652777777777,1,1.5854700854700854,11.371534696778237,medium_pothole,0.19097991663125255,0.6618760895030672,0.14714399386568064,0.6618760895030672
img-207.jpg,720,720,minor_pothole,324,569,489,719,165,150,24750,0.2291666666666666,0.2083333333333333,0.0477430555555555,2,1.1,10.11662117122102,medium_pothole,0.10900098975583047,0.687720433272456,0.2032785769717135,0.687720433272456
img-208.jpg,720,720,minor_pothole,287,158,446,294,159,136,21624,0.2208333333333333,0.1888888888888888,0.0417129629629629,2,1.1691176470588236,9.98160533180008,medium_pothole,0.10273866610445584,0.6788312191183644,0.21843011477717972,0.6788312191183644
img-208.jpg,720,720,minor_pothole,415,368,533,511,118,143,16874,0.1638888888888889,0.1986111111111111,0.0325501543209876,2,0.8251748251748252,9.733588515740731,medium_pothole,0.0839684265229779,0.6430659178329363,0.2729656556440857,0.6430659178329363
img-208.jpg,720,720,minor_pothole,271,437,419,584,148,147,21756,0.2055555555555555,0.2041666666666666,0.0419675925925925,2,1.0068027210884354,9.987690823818202,medium_pothole,0.09900801213508759,0.6823227843990411,0.21866920346587146,0.6823227843990411
img-209.jpg,720,720,medium_pothole,297,206,507,399,210,193,40530,0.2916666666666667,0.2680555555555555,0.0781828703703703,1,1.0880829015544042,10.609822392399646,medium_pothole,0.18999003015651483,0.6485475337542205,0.16146243608926453,0.6485475337542205
img-21.jpg,720,720,medium_pothole,244,262,504,534,260,272,70720,0.3611111111111111,0.3777777777777777,0.1364197530864197,1,0.9558823529411765,11.166497837483046,medium_pothole,0.1534236666651744,0.644399858379621,0.20217647495520447,0.644399858379621
img-21.jpg,720,720,minor_pothole,0,595,157,719,157,124,19468,0.2180555555555555,0.1722222222222222,0.037554012345679,2,1.2661290322580645,9.87657873597891,medium_pothole,0.09987033071826107,0.6596118235231975,0.2405178457585417,0.6596118235231975
img-210.jpg,720,720,major_pothole,194,123,518,455,324,332,107568,0.45,0.4611111111111111,0.2075,0,0.9759036144578314,11.585887781110646,medium_pothole,0.2550108605730816,0.640526562619645,0.10446257680727365,0.640526562619645
img-210.jpg,720,720,minor_pothole,22,633,143,720,121,87,10527,0.1680555555555555,0.1208333333333333,0.0203067129629629,2,1.3908045977011494,9.261793653565098,minor_pothole,0.08273241001292711,0.4120741556546265,0.5051934343324465,0.5051934343324465
img-211.jpg,720,720,medium_pothole,234,262,532,438,298,176,52448,0.4138888888888888,0.2444444444444444,0.1011728395061728,1,1.6931818181818181,10.867596547865759,medium_pothole,0.21645139380867004,0.6893329720708317,0.09421563412049819,0.6893329720708317
img-212.jpg,720,720,medium_pothole,283,256,484,442,201,186,37386,0.2791666666666667,0.2583333333333333,0.0721180555555555,1,1.0806451612903225,10.529078329395084,medium_pothole,0.17201200936739702,0.6487668175089265,0.1792211731236762,0.6487668175089265
img-213.jpg,720,720,medium_pothole,244,238,472,440,228,202,46056,0.3166666666666666,0.2805555555555555,0.0888425925925926,1,1.1287128712871286,10.737635038817514,medium_pothole,0.20712470599926228,0.6614813694436329,0.13139392455710486,0.6614813694436329
img-214.jpg,720,720,medium_pothole,256,298,402,415,146,117,17082,0.2027777777777777,0.1625,0.0329513888888888,1,1.2478632478632479,9.745839095947058,medium_pothole,0.0934132051083477,0.6269915079674848,0.27959528692416724,0.6269915079674848
img-215.jpg,720,720,medium_pothole,213,202,371,373,158,171,27018,0.2194444444444444,0.2375,0.0521180555555555,1,0.9239766081871345,10.204295601206814,medium_pothole,0.10953065868091137,0.6846390322539821,0.20583030906510613,0.6846390322539821
img-216.jpg,720,720,minor_pothole,300,284,483,375,183,91,16653,0.2541666666666666,0.1263888888888888,0.0321238425925925,2,2.010989010989011,9.720405706795765,medium_pothole,0.10726142622386665,0.6118040505650008,0.2809345232111326,0.6118040505650008
img-216.jpg,720,720,minor_pothole,257,136,402,223,145,87,12615,0.2013888888888889,0.1208333333333333,0.0243344907407407,2,1.6666666666666667,9.442721128642875,medium_pothole,0.09350390780950649,0.49226614884113395,0.4142299433493595,0.49226614884113395
img-216.jpg,720,720,minor_pothole,456,440,553,494,97,54,5238,0.1347222222222222,0.075,0.0101041666666666,2,1.7962962962962963,8.56388591940822,minor_pothole,0.0726431222093836,0.21459491477160983,0.7127619630190062,0.7127619630190062
img-217.jpg,720,720,medium_pothole,354,380,449,483,95,103,9785,0.1319444444444444,0.1430555555555555,0.0188753858024691,1,0.9223300970873787,9.188708071849069,minor_pothole,0.06742893917238012,0.41379023601764536,0.5187808248099745,0.5187808248099745
img-217.jpg,720,720,minor_pothole,283,531,368,606,85,75,6375,0.1180555555555555,0.1041666666666666,0.0122974537037037,2,1.1333333333333333,8.760296220470051,minor_pothole,0.05867957113871291,0.24554153705140966,0.6957788918098773,0.6957788918098773
img-218.jpg,720,720,medium_pothole,264,264,422,435,158,171,27018,0.2194444444444444,0.2375,0.0521180555555555,1,0.9239766081871345,10.204295601206814,medium_pothole,0.10953065868091137,0.6846390322539821,0.20583030906510613,0.6846390322539821
img-218.jpg,720,720,minor_pothole,624,68,720,116,96,48,4608,0.1333333333333333,0.0666666666666666,0.0088888888888888,2,2.0,8.435766192720509,minor_pothole,0.07547999994978682,0.20923819495286727,0.7152818050973458,0.7152818050973458
img-219.jpg,720,720,medium_pothole,192,253,494,391,302,138,41676,0.4194444444444444,0.1916666666666666,0.0803935185185185,1,2.1884057971014492,10.637704696869411,medium_pothole,0.2040448814522037,0.7063168962209668,0.08963822232682958,0.7063168962209668
img-22.jpg,720,720,medium_pothole,257,348,422,602,165,254,41910,0.2291666666666666,0.3527777777777778,0.0808449074074074,1,0.6496062992125984,10.643303601288238,medium_pothole,0.15875481998874202,0.633944155336258,0.20730102467499972,0.633944155336258
img-220.jpg,720,720,medium_pothole,193,249,463,423,270,174,46980,0.375,0.2416666666666666,0.090625,1,1.5517241379310345,10.757498543639837,medium_pothole,0.2134025891954883,0.6828092736436006,0.1037881371609111,0.6828092736436006
img-220.jpg,720,720,medium_pothole,435,628,602,704,167,76,12692,0.2319444444444444,0.1055555555555555,0.024483024691358,1,2.1973684210526314,9.448805939388178,medium_pothole,0.10167822898300183,0.509365824597893,0.388955946419105,0.509365824597893
img-221.jpg,720,720,medium_pothole,257,315,387,401,130,86,11180,0.1805555555555555,0.1194444444444444,0.0215663580246913,1,1.5116279069767442,9.321971188147367,minor_pothole,0.08714193440204954,0.4370728272786863,0.47578523831926384,0.47578523831926384
img-221.jpg,720,720,medium_pothole,260,132,303,169,43,37,1591,0.0597222222222222,0.0513888888888888,0.0030690586419753,1,1.162162162162162,7.3727463664043285,minor_pothole,0.03014783715414847,0.21221736085691933,0.7576348019889323,0.7576348019889323
img-222.jpg,720,720,medium_pothole,254,223,445,498,191,275,52525,0.2652777777777778,0.3819444444444444,0.1013213734567901,1,0.6945454545454546,10.86906356408504,medium_pothole,0.1632214743659947,0.650694516378191,0.1860840092558143,0.650694516378191
img-223.jpg,720,720,medium_pothole,327,315,436,428,109,113,12317,0.1513888888888888,0.1569444444444444,0.0237596450617283,1,0.9646017699115044,9.418816886246988,medium_pothole,0.07548680303064399,0.516320334031239,0.4081928629381173,0.516320334031239
img-224.jpg,720,720,medium_pothole,257,300,463,471,206,171,35226,0.2861111111111111,0.2375,0.0679513888888889,1,1.2046783625730995,10.469568113011716,medium_pothole,0.16491365740762587,0.6547733281744406,0.18031301441793335,0.6547733281744406
img-225.jpg,720,720,minor_pothole,86,125,124,145,38,20,760,0.0527777777777777,0.0277777777777777,0.001466049382716,2,1.9,6.634633357861686,minor_pothole,0.05642389652832058,0.3468500952689664,0.5967260082027129,0.5967260082027129
img-225.jpg,720,720,medium_pothole,278,246,380,322,102,76,7752,0.1416666666666666,0.1055555555555555,0.0149537037037037,1,1.3421052631578947,8.955835144218959,minor_pothole,0.07262842842212171,0.29287995840382824,0.6344916131740501,0.6344916131740501
img-225.jpg,720,720,minor_pothole,390,18,453,48,63,30,1890,0.0875,0.0416666666666666,0.0036458333333333,2,2.1,7.544861068658458,minor_pothole,0.05960240437321261,0.22481490876177526,0.7155826868650121,0.7155826868650121
img-225.jpg,720,720,minor_pothole,347,0,377,19,30,19,570,0.0416666666666666,0.0263888888888888,0.001099537037037,2,1.5789473684210527,6.3473892096560105,minor_pothole,0.055464200001228335,0.3880299969462784,0.5565058030524934,0.5565058030524934
img-226.jpg,720,720,medium_pothole,190,325,437,491,247,166,41002,0.3430555555555555,0.2305555555555555,0.0790933641975308,1,1.4879518072289157,10.621400513741305,medium_pothole,0.2056423161253392,0.6682845766838126,0.1260731071908481,0.6682845766838126
img-227.jpg,720,720,medium_pothole,205,205,472,333,267,128,34176,0.3708333333333333,0.1777777777777777,0.0659259259259259,1,2.0859375,10.439308182191418,medium_pothole,0.1866698615662831,0.6882049356730178,0.1251252027606991,0.6882049356730178
img-227.jpg,720,720,major_pothole,26,539,720,720,694,181,125614,0.9638888888888888,0.2513888888888889,0.2423109567901234,0,3.834254143646409,11.740976952637022,major_pothole,0.707530283244557,0.18673226762072273,0.10573744913472011,0.707530283244557
img-228.jpg,720,720,medium_pothole,265,266,495,464,230,198,45540,0.3194444444444444,0.275,0.0878472222222222,1,1.1616161616161615,10.726368298094252,medium_pothole,0.2075422185742485,0.6620539978435612,0.13040378358219018,0.6620539978435612
img-229.jpg,720,720,minor_pothole,279,268,399,338,120,70,8400,0.1666666666666666,0.0972222222222222,0.0162037037037037,2,1.7142857142857142,9.036106025364846,minor_pothole,0.0849001323016252,0.31994052859151617,0.5951593391068586,0.5951593391068586
img-229.jpg,720,720,medium_pothole,320,316,490,426,170,110,18700,0.2361111111111111,0.1527777777777778,0.0360725308641975,1,1.5454545454545454,9.83633227734872,medium_pothole,0.10425992128851094,0.6439226508001752,0.251817427911314,0.6439226508001752
img-229.jpg,720,720,minor_pothole,0,550,123,673,123,123,15129,0.1708333333333333,0.1708333333333333,0.0291840277777777,2,1.0,9.624434806782402,medium_pothole,0.08351981038736195,0.5992346328842921,0.31724555672834565,0.5992346328842921
img-23.jpg,720,720,major_pothole,175,183,607,332,432,149,64368,0.6,0.2069444444444444,0.1241666666666666,0,2.8993288590604025,11.07238742973879,medium_pothole,0.28488108645880533,0.6367403972105008,0.07837851633069368,0.6367403972105008
img-23.jpg,720,720,minor_pothole,118,169,172,195,54,26,1404,0.075,0.0361111111111111,0.0027083333333333,2,2.076923076923077,7.247792581767846,minor_pothole,0.05694203367482793,0.2567534560864154,0.6863045102387565,0.6863045102387565
img-23.jpg,720,720,minor_pothole,0,12,67,52,67,40,2680,0.0930555555555555,0.0555555555555555,0.0051697530864197,2,1.675,7.893945138235959,minor_pothole,0.04727713864583724,0.18550639273795316,0.7672164686162098,0.7672164686162098
img-23.jpg,720,720,minor_pothole,173,551,343,711,170,160,27200,0.2361111111111111,0.2222222222222222,0.0524691358024691,2,1.0625,10.211009016314167,medium_pothole,0.11399554347911645,0.6863775526637595,0.19962690385712414,0.6863775526637595
img-23.jpg,720,720,minor_pothole,284,138,443,189,159,51,8109,0.2208333333333333,0.0708333333333333,0.0156423611111111,2,3.1176470588235294,9.000853147109458,minor_pothole,0.10217453038767299,0.4057235833919853,0.49210188622034184,0.49210188622034184
img-230.jpg,720,720,medium_pothole,251,320,475,441,224,121,27104,0.3111111111111111,0.1680555555555555,0.0522839506172839,1,1.8512396694214877,10.207473491694438,medium_pothole,0.13655973458469337,0.6844882737550405,0.17895199166026604,0.6844882737550405
img-230.jpg,720,720,medium_pothole,422,131,508,164,86,33,2838,0.1194444444444444,0.0458333333333333,0.005474537037037,1,2.606060606060606,7.951207156472972,minor_pothole,0.09103911329259838,0.23155539345100917,0.6774054932563924,0.6774054932563924
img-230.jpg,720,720,minor_pothole,201,120,272,144,71,24,1704,0.0986111111111111,0.0333333333333333,0.003287037037037,2,2.9583333333333335,7.4413203897176174,minor_pothole,0.11057060928419213,0.2906485191091628,0.5987808716066452,0.5987808716066452
img-231.jpg,720,720,medium_pothole,245,219,483,390,238,171,40698,0.3305555555555555,0.2375,0.0785069444444444,1,1.391812865497076,10.613958801104268,medium_pothole,0.20318569588962399,0.6621321861045051,0.1346821180058709,0.6621321861045051
img-231.jpg,720,720,minor_pothole,336,67,422,97,86,30,2580,0.1194444444444444,0.0416666666666666,0.0049768518518518,2,2.8666666666666667,7.855932199718614,minor_pothole,0.10396267297696798,0.25428892668753433,0.6417484003354975,0.6417484003354975
img-232.jpg,720,720,minor_pothole,317,160,410,236,93,76,7068,0.1291666666666666,0.1055555555555555,0.0136342592592592,2,1.2236842105263157,8.863474306170954,minor_pothole,0.06562840130637936,0.2685032719482898,0.6658683267453308,0.6658683267453308
img-232.jpg,720,720,minor_pothole,221,495,391,664,170,169,28730,0.2361111111111111,0.2347222222222222,0.055420524691358,2,1.0059171597633136,10.265731958189729,medium_pothole,0.11765257404156386,0.6815885417869805,0.20075888417145546,0.6815885417869805
img-232.jpg,720,720,minor_pothole,92,15,135,42,43,27,1161,0.0597222222222222,0.0375,0.0022395833333333,2,1.5925925925925926,7.057897937411856,minor_pothole,0.0417546548939512,0.2642642500356453,0.6939810950704031,0.6939810950704031
img-232.jpg,720,720,minor_pothole,412,0,478,41,66,41,2706,0.0916666666666666,0.0569444444444444,0.0052199074074074,2,1.6097560975609757,7.903596289614301,minor_pothole,0.04514397098168251,0.18325557634576337,0.7716004526725543,0.7716004526725543
img-233.jpg,720,720,medium_pothole,270,250,470,402,200,152,30400,0.2777777777777778,0.2111111111111111,0.0586419753086419,1,1.3157894736842106,10.322230781590136,medium_pothole,0.13746975605983236,0.6743542710464474,0.18817597289372034,0.6743542710464474
img-233.jpg,720,720,minor_pothole,380,206,444,248,64,42,2688,0.0888888888888888,0.0583333333333333,0.0051851851851851,2,1.5238095238095237,7.896924656268864,minor_pothole,0.042116859929685654,0.1812242148336572,0.776658925236657,0.776658925236657
img-234.jpg,720,720,medium_pothole,298,323,410,403,112,80,8960,0.1555555555555555,0.1111111111111111,0.0172839506172839,1,1.4,9.10063710688422,minor_pothole,0.07875434539273352,0.3430943746766758,0.5781512799305907,0.5781512799305907
img-235.jpg,720,720,minor_pothole,228,197,503,464,275,267,73425,0.3819444444444444,0.3708333333333333,0.1416377314814814,2,1.0299625468164795,11.204033375313541,medium_pothole,0.15857698832093342,0.639294055001676,0.20212895667739078,0.639294055001676
img-236.jpg,720,720,minor_pothole,247,231,410,350,163,119,19397,0.2263888888888889,0.1652777777777777,0.0374170524691358,2,1.3697478991596639,9.872925246953487,medium_pothole,0.10213832890828263,0.6559655810448191,0.24189609004689847,0.6559655810448191
img-236.jpg,720,720,minor_pothole,24,136,139,211,115,75,8625,0.1597222222222222,0.1041666666666666,0.0166377314814814,2,1.5333333333333334,9.062536177207788,minor_pothole,0.08121851126404427,0.3273805096490665,0.5914009790868893,0.5914009790868893
img-236.jpg,720,720,minor_pothole,278,423,499,619,221,196,43316,0.3069444444444444,0.2722222222222222,0.0835570987654321,2,1.1275510204081634,10.67630044663933,medium_pothole,0.20186521796800086,0.6552704206592513,0.14286436137274788,0.6552704206592513
img-237.jpg,720,720,major_pothole,251,191,509,397,258,206,53148,0.3583333333333333,0.2861111111111111,0.1025231481481481,0,1.2524271844660195,10.880854568917648,medium_pothole,0.2140566911316491,0.676651897557532,0.10929141131081896,0.676651897557532
img-237.jpg,720,720,minor_pothole,213,219,333,301,120,82,9840,0.1666666666666666,0.1138888888888888,0.0189814814814814,2,1.4634146341463414,9.194312610898985,minor_pothole,0.08286333891883062,0.3804265352056598,0.5367101258755096,0.5367101258755096
img-237.jpg,720,720,minor_pothole,156,376,221,419,65,43,2795,0.0902777777777777,0.0597222222222222,0.0053915895061728,2,1.5116279069767442,7.935945103353701,minor_pothole,0.04249909055921807,0.17981734859925247,0.7776835608415291,0.7776835608415291
img-237.jpg,720,720,minor_pothole,0,562,102,662,102,100,10200,0.1416666666666666,0.1388888888888889,0.0196759259259259,2,1.02,9.23024103368252,minor_pothole,0.07150531126311194,0.42146325142801006,0.5070314373088778,0.5070314373088778
img-237.jpg,720,720,minor_pothole,688,411,720,500,32,89,2848,0.0444444444444444,0.1236111111111111,0.0054938271604938,2,0.3595505617977528,7.954723334497908,minor_pothole,0.022452202847873477,0.2342416727018074,0.743306124450319,0.743306124450319
img-238.jpg,720,720,medium_pothole,203,311,480,435,277,124,34348,0.3847222222222222,0.1722222222222222,0.0662577160493827,1,2.2338709677419355,10.444328185145217,medium_pothole,0.18773093176229608,0.6982097140678062,0.11405935416989753,0.6982097140678062
img-239.jpg,720,720,medium_pothole,232,272,455,404,223,132,29436,0.3097222222222222,0.1833333333333333,0.0567824074074074,1,1.6893939393939394,10.29000766547652,medium_pothole,0.14572140870481434,0.6774803944941463,0.1767981968010396,0.6774803944941463
img-24.jpg,720,720,medium_pothole,284,313,418,421,134,108,14472,0.1861111111111111,0.15,0.0279166666666666,1,1.2407407407407407,9.580040123637605,medium_pothole,0.08809341131809494,0.5657731365620657,0.34613345211983926,0.5657731365620657
img-24.jpg,720,720,minor_pothole,348,73,449,133,101,60,6060,0.1402777777777777,0.0833333333333333,0.0116898148148148,2,1.6833333333333333,8.709630081951286,minor_pothole,0.07418874354785027,0.23381441082195764,0.691996845630192,0.691996845630192
img-240.jpg,720,720,medium_pothole,281,243,456,457,175,214,37450,0.2430555555555555,0.2972222222222222,0.072241512345679,1,0.8177570093457944,10.530788690858559,medium_pothole,0.15401231968951196,0.6445207073323743,0.20146697297811397,0.6445207073323743
img-240.jpg,720,720,minor_pothole,332,28,367,56,35,28,980,0.0486111111111111,0.0388888888888888,0.0018904320987654,2,1.25,6.8885724595653635,minor_pothole,0.037814141685110346,0.2811962394495007,0.6809896188653891,0.6809896188653891
img-240.jpg,720,720,minor_pothole,384,44,420,59,36,15,540,0.05,0.0208333333333333,0.0010416666666666,2,2.4,6.293419278846481,minor_pothole,0.08066983408211095,0.42489952415412774,0.4944306417637615,0.4944306417637615
img-240.jpg,720,720,minor_pothole,387,23,426,42,39,19,741,0.0541666666666666,0.0263888888888888,0.0014293981481481,2,2.0526315789473686,6.60934924316738,minor_pothole,0.06168316376372579,0.35731405976465547,0.5810027764716185,0.5810027764716185
img-241.jpg,720,720,medium_pothole,207,108,304,166,97,58,5626,0.1347222222222222,0.0805555555555555,0.0108526234567901,1,1.6724137931034482,8.635331719433278,minor_pothole,0.07111743483140875,0.2209233224401502,0.707959242728441,0.707959242728441
img-241.jpg,720,720,medium_pothole,357,201,522,311,165,110,18150,0.2291666666666666,0.1527777777777778,0.035011574074074,1,1.5,9.806480934593978,medium_pothole,0.10195172139471681,0.6368614152243579,0.26118686338092545,0.6368614152243579
img-241.jpg,720,720,minor_pothole,494,211,644,292,150,81,12150,0.2083333333333333,0.1125,0.0234375,2,1.8518518518518519,9.405166749908611,medium_pothole,0.09578556455737826,0.4770473922084524,0.42716704323416954,0.4770473922084524
img-241.jpg,720,720,minor_pothole,334,279,403,315,69,36,2484,0.0958333333333333,0.05,0.0047916666666666,2,1.9166666666666667,7.818027938530729,minor_pothole,0.055335046453250124,0.19744389563864595,0.7472210579081039,0.7472210579081039
img-241.jpg,720,720,major_pothole,221,320,391,481,170,161,27370,0.2361111111111111,0.2236111111111111,0.0527970679012345,0,1.0559006211180124,10.21723933772096,medium_pothole,0.11436235083965846,0.6859622523537603,0.19967539680658133,0.6859622523537603
img-241.jpg,720,720,minor_pothole,393,345,527,423,134,78,10452,0.1861111111111111,0.1083333333333333,0.020162037037037,2,1.7179487179487178,9.254644297532707,minor_pothole,0.08989080353370663,0.4064594642046302,0.5036497322616629,0.5036497322616629
img-241.jpg,720,720,minor_pothole,420,541,519,683,99,142,14058,0.1375,0.1972222222222222,0.0271180555555555,2,0.6971830985915493,9.551018039079908,medium_pothole,0.07422316326927415,0.5982013717341363,0.32757546499658946,0.5982013717341363
img-242.jpg,720,720,medium_pothole,214,317,487,474,273,157,42861,0.3791666666666666,0.2180555555555555,0.0826793981481481,1,1.7388535031847134,10.665740931494621,medium_pothole,0.20903678900856965,0.6863400597531617,0.10462315123826864,0.6863400597531617
img-243.jpg,720,720,medium_pothole,242,339,462,409,220,70,15400,0.3055555555555556,0.0972222222222222,0.0297067901234567,1,3.142857142857143,9.642187721358466,medium_pothole,0.11761359391025705,0.6425802616409582,0.23980614444878462,0.6425802616409582
img-244.jpg,720,720,medium_pothole,240,307,465,492,225,185,41625,0.3125,0.2569444444444444,0.0802951388888889,1,1.2162162162162162,10.636480251018197,medium_pothole,0.20073491241511549,0.6555375114021058,0.1437275761827787,0.6555375114021058
img-244.jpg,720,720,minor_pothole,578,342,720,455,142,113,16046,0.1972222222222222,0.1569444444444444,0.0309529320987654,2,1.2566371681415929,9.68327719519936,medium_pothole,0.09215524424901438,0.6050441243898707,0.30280063136111496,0.6050441243898707
img-245.jpg,720,720,medium_pothole,246,295,409,411,163,116,18908,0.2263888888888889,0.1611111111111111,0.0364737654320987,1,1.4051724137931034,9.84739327818122,medium_pothole,0.10174401519023313,0.649334352303715,0.2489216325060521,0.649334352303715
img-245.jpg,720,720,minor_pothole,360,222,463,311,103,89,9167,0.1430555555555555,0.1236111111111111,0.0176832561728395,2,1.1573033707865168,9.12347443895452,minor_pothole,0.07247763133707341,0.36243787372637487,0.5650844949365516,0.5650844949365516
img-246.jpg,720,720,medium_pothole,188,273,437,414,249,141,35109,0.3458333333333333,0.1958333333333333,0.0677256944444444,1,1.7659574468085106,10.466241269162477,medium_pothole,0.18713472725371438,0.6710615594004801,0.1418037133458054,0.6710615594004801
img-246.jpg,720,720,minor_pothole,298,141,458,257,160,116,18560,0.2222222222222222,0.1611111111111111,0.0358024691358024,2,1.3793103448275863,9.828817884199099,medium_pothole,0.10029543119828926,0.6454830701960811,0.2542214986056296,0.6454830701960811
img-247.jpg,720,720,medium_pothole,261,275,449,397,188,122,22936,0.2611111111111111,0.1694444444444444,0.0442438271604938,1,1.540983606557377,10.040506606194215,medium_pothole,0.11359635002946944,0.6799003420992981,0.20650330787123244,0.6799003420992981
img-248.jpg,720,720,medium_pothole,125,247,475,421,350,174,60900,0.4861111111111111,0.2416666666666666,0.1174768518518518,1,2.0114942528735633,11.017004873924424,medium_pothole,0.2271517365194725,0.6870479515082517,0.08580031197227618,0.6870479515082517
img-248.jpg,720,720,minor_pothole,581,50,720,106,139,56,7784,0.1930555555555555,0.0777777777777777,0.0150154320987654,2,2.482142857142857,8.959954084268098,minor_pothole,0.09625765232891044,0.33512790164383394,0.5686144460272556,0.5686144460272556
img-248.jpg,720,720,minor_pothole,212,44,333,83,121,39,4719,0.1680555555555555,0.0541666666666666,0.0091030092592592,2,3.1025641025641026,8.459564078579602,minor_pothole,0.1065142238403388,0.28990401599486076,0.6035817601648006,0.6035817601648006
img-249.jpg,720,720,medium_pothole,222,292,475,479,253,187,47311,0.3513888888888888,0.2597222222222222,0.0912635030864197,1,1.3529411764705883,10.764519242092259,medium_pothole,0.21294592168271595,0.6748259131112607,0.11222816520602336,0.6748259131112607
img-25.jpg,720,720,medium_pothole,215,257,597,481,382,224,85568,0.5305555555555556,0.3111111111111111,0.1650617283950617,1,1.7053571428571428,11.357078347005144,medium_pothole,0.19873719526351522,0.6693100083838296,0.13195279635265514,0.6693100083838296
img-250.jpg,720,720,medium_pothole,129,274,619,481,490,207,101430,0.6805555555555556,0.2875,0.1956597222222222,1,2.367149758454106,11.527134043337512,medium_pothole,0.22114520167949964,0.6686014412893305,0.11025335703116987,0.6686014412893305
img-251.jpg,720,720,medium_pothole,213,291,577,523,364,232,84448,0.5055555555555555,0.3222222222222222,0.1629012345679012,1,1.5689655172413792,11.343903080839608,medium_pothole,0.1939253592602689,0.6604812900810035,0.14559335065872725,0.6604812900810035
img-252.jpg,720,720,medium_pothole,119,165,311,251,192,86,16512,0.2666666666666666,0.1194444444444444,0.0318518518518518,1,2.2325581395348837,9.711903228462988,medium_pothole,0.10982907971734722,0.6158678817601972,0.27430303852245524,0.6158678817601972
img-252.jpg,720,720,medium_pothole,510,379,631,452,121,73,8833,0.1680555555555555,0.1013888888888888,0.0170389660493827,1,1.6575342465753424,9.086363192156472,minor_pothole,0.0848293130090877,0.3369521027392399,0.5782185842516726,0.5782185842516726
img-252.jpg,720,720,medium_pothole,396,446,580,567,184,121,22264,0.2555555555555555,0.1680555555555555,0.0429475308641975,1,1.5206611570247934,10.010771217755803,medium_pothole,0.11151500094743023,0.6769360619126761,0.21154893713989367,0.6769360619126761
img-253.jpg,720,720,medium_pothole,241,303,600,397,359,94,33746,0.4986111111111111,0.1305555555555555,0.0650964506172839,1,3.8191489361702127,10.426646803460935,medium_pothole,0.2115385639464099,0.7250022212972872,0.06345921475630291,0.7250022212972872
img-254.jpg,720,720,medium_pothole,221,270,470,414,249,144,35856,0.3458333333333333,0.2,0.0691666666666666,1,1.7291666666666667,10.487294084986926,medium_pothole,0.19035047043464798,0.6701909342017992,0.13945859536355287,0.6701909342017992
img-255.jpg,720,720,medium_pothole,282,312,419,368,137,56,7672,0.1902777777777777,0.0777777777777777,0.0147993827160493,1,2.4464285714285716,8.945462952177666,minor_pothole,0.0957228245370442,0.3281159620296256,0.5761612134333304,0.5761612134333304
img-256.jpg,720,720,medium_pothole,223,387,382,577,159,190,30210,0.2208333333333333,0.2638888888888889,0.0582754629629629,1,0.8368421052631579,10.315961375454851,medium_pothole,0.11799905061814772,0.6704682392210938,0.2115327101607584,0.6704682392210938
img-256.jpg,720,720,medium_pothole,333,54,429,152,96,98,9408,0.1333333333333333,0.1361111111111111,0.0181481481481481,1,0.9795918367346939,9.149421957006766,minor_pothole,0.06794255427928939,0.38921348992578203,0.5428439557949281,0.5428439557949281
img-257.jpg,720,720,medium_pothole,261,310,415,505,154,195,30030,0.2138888888888888,0.2708333333333333,0.0579282407407407,1,0.7897435897435897,10.309985460456241,medium_pothole,0.11602588561531246,0.6677050704406305,0.216269043944057,0.6677050704406305
img-257.jpg,720,720,minor_pothole,425,108,486,143,61,35,2135,0.0847222222222222,0.0486111111111111,0.0041184413580246,2,1.7428571428571429,7.666690200080086,minor_pothole,0.04605104946247655,0.1998521332307528,0.7540968173067706,0.7540968173067706
img-258.jpg,720,720,medium_pothole,260,306,465,411,205,105,21525,0.2847222222222222,0.1458333333333333,0.0415219907407407,1,1.9523809523809523,9.977016785824244,medium_pothole,0.11710194918641904,0.6738723504525511,0.2090257003610302,0.6738723504525511
img-259.jpg,720,720,medium_pothole,249,243,464,413,215,170,36550,0.2986111111111111,0.2361111111111111,0.0705054012345679,1,1.2647058823529411,10.506463824584774,medium_pothole,0.17761137099554727,0.6526744488141734,0.1697141801902792,0.6526744488141734
img-259.jpg,720,720,minor_pothole,192,107,255,165,63,58,3654,0.0875,0.0805555555555555,0.0070486111111111,2,1.0862068965517242,8.203851372183879,minor_pothole,0.03671759287963041,0.1778181874364888,0.7854642196838807,0.7854642196838807
img-26.jpg,720,720,medium_pothole,288,296,434,411,146,115,16790,0.2027777777777777,0.1597222222222222,0.0323881172839506,1,1.2695652173913043,9.72859830755947,medium_pothole,0.09318808245157094,0.6206964612338055,0.2861154563146238,0.6206964612338055
img-26.jpg,720,720,minor_pothole,662,320,720,369,58,49,2842,0.0805555555555555,0.0680555555555555,0.0054822530864197,2,1.183673469387755,7.952615111651,minor_pothole,0.03351992995452507,0.17491712244087038,0.7915629476046045,0.7915629476046045
img-260.jpg,720,720,medium_pothole,197,272,449,378,252,106,26712,0.35,0.1472222222222222,0.0515277777777777,1,2.3773584905660377,10.192905617280958,medium_pothole,0.14734030654102262,0.6961705510528218,0.1564891424061554,0.6961705510528218
img-261.jpg,720,720,medium_pothole,213,251,483,409,270,158,42660,0.375,0.2194444444444444,0.0822916666666666,1,1.7088607594936709,10.661040432913284,medium_pothole,0.2089461745848115,0.6844633695874137,0.10659045582777489,0.6844633695874137
img-262.jpg,720,720,medium_pothole,276,263,377,349,101,86,8686,0.1402777777777777,0.1194444444444444,0.0167554012345679,1,1.1744186046511629,9.06958293425992,minor_pothole,0.07134344681033476,0.3395728678029143,0.589083685386751,0.589083685386751
img-263.jpg,720,720,medium_pothole,228,241,444,362,216,121,26136,0.3,0.1680555555555555,0.0504166666666666,1,1.7851239669421488,10.171107213950854,medium_pothole,0.12996870139583538,0.6850085135169799,0.18502278508718467,0.6850085135169799
img-264.jpg,720,720,medium_pothole,211,186,497,372,286,186,53196,0.3972222222222222,0.2583333333333333,0.1026157407407407,1,1.5376344086021505,10.881757282762262,medium_pothole,0.21608227414115697,0.6860210406887253,0.09789668517011817,0.6860210406887253
img-265.jpg,720,720,minor_pothole,38,354,112,417,74,63,4662,0.1027777777777777,0.0875,0.0089930555555555,2,1.1746031746031746,8.44741429680832,minor_pothole,0.047210937110828674,0.19351822296744473,0.7592708399217268,0.7592708399217268
img-265.jpg,720,720,medium_pothole,321,311,563,433,242,122,29524,0.3361111111111111,0.1694444444444444,0.0569521604938271,1,1.9836065573770492,10.292992641065563,medium_pothole,0.1558243238029734,0.6820424669769546,0.16213320922007196,0.6820424669769546
img-265.jpg,720,720,minor_pothole,81,198,241,303,160,105,16800,0.2222222222222222,0.1458333333333333,0.0324074074074074,2,1.5238095238095237,9.729193687429403,medium_pothole,0.09906126414661068,0.6130961404404007,0.2878425954129883,0.6130961404404007
img-266.jpg,720,720,medium_pothole,228,263,465,421,237,158,37446,0.3291666666666666,0.2194444444444444,0.0722337962962963,1,1.5,10.530681878927565,medium_pothole,0.19296056177931808,0.6608185987312902,0.1462208394893916,0.6608185987312902
img-266.jpg,720,720,minor_pothole,531,487,590,534,59,47,2773,0.0819444444444444,0.0652777777777777,0.0053491512345679,2,1.2553191489361701,7.928045600874777,minor_pothole,0.03488425002572305,0.17584240872768025,0.7892733412465968,0.7892733412465968
img-267.jpg,720,720,minor_pothole,264,281,378,356,114,75,8550,0.1583333333333333,0.1041666666666666,0.0164930555555555,2,1.52,9.053803514155955,minor_pothole,0.08063734388328204,0.3242276422943026,0.5951350138224154,0.5951350138224154
img-267.jpg,720,720,medium_pothole,330,351,452,515,122,164,20008,0.1694444444444444,0.2277777777777777,0.0385956790123456,1,0.7439024390243902,9.903937451316493,medium_pothole,0.08951420786107615,0.67123854530013,0.23924724683879364,0.67123854530013
img-267.jpg,720,720,minor_pothole,67,352,261,494,194,142,27548,0.2694444444444444,0.1972222222222222,0.0531404320987654,2,1.3661971830985915,10.223721516281632,medium_pothole,0.12467496999561573,0.6838062889574469,0.19151874104693728,0.6838062889574469
img-267.jpg,720,720,medium_pothole,607,0,720,35,113,35,3955,0.1569444444444444,0.0486111111111111,0.0076292438271604,1,3.2285714285714286,8.282988692742602,minor_pothole,0.11269683502331512,0.2877157145573757,0.5995874504193089,0.5995874504193089
img-268.jpg,720,720,major_pothole,258,195,494,414,236,219,51684,0.3277777777777778,0.3041666666666666,0.099699074074074,0,1.0776255707762556,10.852922883002584,medium_pothole,0.20942998513962177,0.6667994284759902,0.12377058638438777,0.6667994284759902
img-269.jpg,720,720,medium_pothole,278,323,386,435,108,112,12096,0.15,0.1555555555555555,0.0233333333333333,1,0.9642857142857143,9.400712766959849,medium_pothole,0.07491273931927046,0.5079797005512066,0.41710756012952277,0.5079797005512066
img-269.jpg,720,720,minor_pothole,602,497,661,553,59,56,3304,0.0819444444444444,0.0777777777777777,0.0063734567901234,2,1.0535714285714286,8.103191752285786,minor_pothole,0.03343504745458848,0.17542588684262264,0.7911390657027888,0.7911390657027888
img-27.jpg,720,720,medium_pothole,305,325,398,408,93,83,7719,0.1291666666666666,0.1152777777777777,0.0148900462962962,1,1.1204819277108433,8.951569643018821,minor_pothole,0.06572487563361255,0.300000851996477,0.6342742723699104,0.6342742723699104
img-270.jpg,720,720,medium_pothole,273,282,420,375,147,93,13671,0.2041666666666666,0.1291666666666666,0.0263715277777777,1,1.5806451612903225,9.523105224795426,medium_pothole,0.09411372130110407,0.5294819493899678,0.37640432930892814,0.5294819493899678
img-270.jpg,720,720,minor_pothole,0,66,135,120,135,54,7290,0.1875,0.075,0.0140625,2,2.5,8.89439598980643,minor_pothole,0.09596092240803694,0.31773168853932315,0.5863073890526401,0.5863073890526401
img-271.jpg,720,720,major_pothole,168,239,531,403,363,164,59532,0.5041666666666667,0.2277777777777777,0.1148379629629629,0,2.2134146341463414,10.994286059636607,medium_pothole,0.23504196611496014,0.6823530541143216,0.08260497977071816,0.6823530541143216
img-272.jpg,720,720,medium_pothole,264,265,470,382,206,117,24102,0.2861111111111111,0.1625,0.0464930555555555,1,1.7606837606837606,10.09009159305939,medium_pothole,0.12138187454745397,0.6833896863145553,0.1952284391379906,0.6833896863145553
img-272.jpg,720,720,minor_pothole,578,308,720,385,142,77,10934,0.1972222222222222,0.1069444444444444,0.0210918209876543,2,1.844155844155844,9.299723933110869,minor_pothole,0.09314968641844393,0.4289091549826647,0.4779411585988914,0.4779411585988914
img-273.jpg,720,720,medium_pothole,294,326,446,390,152,64,9728,0.2111111111111111,0.0888888888888888,0.0187654320987654,1,2.375,9.182866394975427,minor_pothole,0.09779370083607138,0.4057800345529425,0.4964262646109862,0.4964262646109862
img-273.jpg,720,720,minor_pothole,161,578,720,720,559,142,79378,0.7763888888888889,0.1972222222222222,0.1531211419753086,2,3.936619718309859,11.28198912862606,medium_pothole,0.4182245430670757,0.4789434747989274,0.1028319821339969,0.4789434747989274
img-274.jpg,720,720,minor_pothole,353,240,475,298,122,58,7076,0.1694444444444444,0.0805555555555555,0.0136496913580246,2,2.103448275862069,8.864605368075784,minor_pothole,0.0893222880429369,0.2840807629511528,0.6265969490059101,0.6265969490059101
img-274.jpg,720,720,medium_pothole,189,323,419,406,230,83,19090,0.3194444444444444,0.1152777777777777,0.0368248456790123,1,2.7710843373493974,9.856972298794659,medium_pothole,0.12061499192093056,0.6792190891545674,0.20016591892450214,0.6792190891545674
img-274.jpg,720,720,minor_pothole,141,223,301,292,160,69,11040,0.2222222222222222,0.0958333333333333,0.0212962962962962,2,2.318840579710145,9.309370895439137,medium_pothole,0.09960530074695653,0.45490409554455513,0.4454906037084886,0.45490409554455513
img-275.jpg,720,720,medium_pothole,235,279,548,446,313,167,52271,0.4347222222222222,0.2319444444444444,0.1008314043209876,1,1.874251497005988,10.864216133840852,medium_pothole,0.21747399285867897,0.6923122863446376,0.09021372079668345,0.6923122863446376
img-276.jpg,720,720,medium_pothole,266,307,485,483,219,176,38544,0.3041666666666666,0.2444444444444444,0.0743518518518518,1,1.2443181818181819,10.559581668893362,medium_pothole,0.1887314903564884,0.6516839719688973,0.15958453767461436,0.6516839719688973
img-277.jpg,720,720,medium_pothole,263,294,405,374,142,80,11360,0.1972222222222222,0.1111111111111111,0.0219135802469135,1,1.775,9.337941716569905,minor_pothole,0.0928376949797526,0.44475582079176607,0.46240648422848135,0.46240648422848135
img-278.jpg,720,720,medium_pothole,407,140,498,251,91,111,10101,0.1263888888888888,0.1541666666666666,0.0194849537037037,1,0.8198198198198198,9.220488703027998,minor_pothole,0.06549264613553538,0.44334166980388373,0.49116568406058075,0.49116568406058075
img-278.jpg,720,720,medium_pothole,210,387,301,507,91,120,10920,0.1263888888888888,0.1666666666666666,0.0210648148148148,1,0.7583333333333333,9.298442820197728,medium_pothole,0.0663248403614373,0.489300646722694,0.4443745129158687,0.489300646722694
img-279.jpg,720,720,medium_pothole,302,291,441,417,139,126,17514,0.1930555555555555,0.175,0.0337847222222222,1,1.1031746031746033,9.770812935631588,medium_pothole,0.09092355582000292,0.6407500295193056,0.2683264146606915,0.6407500295193056
img-28.jpg,720,720,medium_pothole,288,260,451,393,163,133,21679,0.2263888888888889,0.1847222222222222,0.0418190586419753,1,1.2255639097744362,9.984145455553582,medium_pothole,0.10427987963894843,0.6778757095231318,0.2178444108379196,0.6778757095231318
img-28.jpg,720,720,minor_pothole,504,165,571,229,67,64,4288,0.0930555555555555,0.0888888888888888,0.0082716049382716,2,1.046875,8.36380888451688,minor_pothole,0.04060740897315318,0.18826325423337478,0.7711293367934718,0.7711293367934718
img-28.jpg,720,720,medium_pothole,595,111,666,156,71,45,3195,0.0986111111111111,0.0625,0.0061631944444444,1,1.5777777777777777,8.069655306886165,minor_pothole,0.047952645689742994,0.17967714888853847,0.7723702054217183,0.7723702054217183
img-28.jpg,720,720,minor_pothole,641,385,715,462,74,77,5698,0.1027777777777777,0.1069444444444444,0.010991512345679,2,0.961038961038961,8.648045999835,minor_pothole,0.049019330341971576,0.23054537811579207,0.7204352915422364,0.7204352915422364
img-280.jpg,720,720,medium_pothole,243,280,449,438,206,158,32548,0.2861111111111111,0.2194444444444444,0.0627854938271604,1,1.3037974683544304,10.39050192519858,medium_pothole,0.1509791750930551,0.664942443946814,0.18407838096013074,0.664942443946814
img-281.jpg,720,720,medium_pothole,158,235,575,392,417,157,65469,0.5791666666666667,0.2180555555555555,0.1262905092592592,1,2.656050955414013,11.089347301435136,medium_pothole,0.2685262571615079,0.6522698767341394,0.07920386610435277,0.6522698767341394
img-282.jpg,720,720,medium_pothole,256,224,412,360,156,136,21216,0.2166666666666666,0.1888888888888888,0.0409259259259259,1,1.1470588235294117,9.962558026113117,medium_pothole,0.10119788544491617,0.6770585209864796,0.22174359356860432,0.6770585209864796
img-282.jpg,720,720,minor_pothole,160,396,249,483,89,87,7743,0.1236111111111111,0.1208333333333333,0.0149363425925925,2,1.0229885057471264,8.954673628956414,minor_pothole,0.06286084955078847,0.3079332202051254,0.6292059302440861,0.6292059302440861
img-283.jpg,720,720,medium_pothole,215,269,427,422,212,153,32436,0.2944444444444444,0.2125,0.0625694444444444,1,1.3856209150326797,10.387055025531255,medium_pothole,0.15416756910531257,0.6653260246487144,0.18050640624597333,0.6653260246487144
img-283.jpg,720,720,minor_pothole,441,224,496,274,55,50,2750,0.0763888888888889,0.0694444444444444,0.0053047839506172,2,1.1,7.919719760924575,minor_pothole,0.031082714941004234,0.17548634739292823,0.7934309376660674,0.7934309376660674
img-283.jpg,720,720,minor_pothole,103,112,211,159,108,47,5076,0.15,0.0652777777777777,0.0097916666666666,2,2.297872340425532,8.532475814947395,minor_pothole,0.0876381171203662,0.2351335864668407,0.677228296412793,0.677228296412793
img-284.jpg,720,720,medium_pothole,256,258,456,425,200,167,33400,0.2777777777777778,0.2319444444444444,0.064429012345679,1,1.1976047904191616,10.416341118636355,medium_pothole,0.15145365781427317,0.6615597395958737,0.18698660258985325,0.6615597395958737
img-284.jpg,720,720,minor_pothole,160,278,245,452,85,174,14790,0.1180555555555555,0.2416666666666666,0.0285300925925925,2,0.4885057471264368,9.60177416667137,medium_pothole,0.0766687902236039,0.6082569641450475,0.31507424563134867,0.6082569641450475
img-285.jpg,720,720,medium_pothole,242,268,456,473,214,205,43870,0.2972222222222222,0.2847222222222222,0.0846257716049382,1,1.0439024390243903,10.689008788520935,medium_pothole,0.19895207551990823,0.6526518412802268,0.14839608319986497,0.6526518412802268
img-286.jpg,400,300,major_pothole,143,159,234,205,91,46,4186,0.2275,0.1533333333333333,0.0348833333333333,0,1.9782608695652173,8.339739766019143,medium_pothole,0.41958139232913627,0.5203957215547305,0.060022886116133226,0.5203957215547305
img-286.jpg,400,300,major_pothole,194,210,249,232,55,22,1210,0.1375,0.0733333333333333,0.0100833333333333,0,2.5,7.099201743553092,medium_pothole,0.20362448123391624,0.6661052037570306,0.130270315009053,0.6661052037570306
img-286.jpg,400,300,medium_pothole,192,77,212,92,20,15,300,0.05,0.05,0.0025,1,1.3333333333333333,5.707110264748875,medium_pothole,0.08770523475332967,0.6948813675140408,0.2174133977326295,0.6948813675140408
img-287.jpg,401,300,major_pothole,15,90,353,282,338,192,64896,0.8428927680798005,0.64,0.5394513715710724,0,1.7604166666666667,11.080556676662296,major_pothole,0.7737615160039472,0.14498855422206175,0.08124992977399101,0.7737615160039472
img-288.jpg,533,300,medium_pothole,217,27,283,67,66,40,2640,0.123827392120075,0.1333333333333333,0.0165103189493433,1,1.65,7.878912912297133,medium_pothole,0.22360514063999964,0.6199364546362786,0.15645840472372183,0.6199364546362786
img-288.jpg,533,300,medium_pothole,331,33,386,58,55,25,1375,0.1031894934333958,0.0833333333333333,0.0085991244527829,1,2.2,7.226936018493289,medium_pothole,0.1870379796097377,0.6173051807628389,0.1956568396274232,0.6173051807628389
img-288.jpg,533,300,minor_pothole,201,179,231,195,30,16,480,0.0562851782363977,0.0533333333333333,0.0030018761726078,2,1.875,6.175867270105761,medium_pothole,0.10864252346349769,0.6508747677379338,0.24048270879856837,0.6508747677379338
img-288.jpg,533,300,medium_pothole,435,223,529,268,94,45,4230,0.1763602251407129,0.15,0.0264540337711069,1,2.088888888888889,8.350193650720067,medium_pothole,0.3799664384477302,0.5314152676842064,0.0886182938680633,0.5314152676842064
img-288.jpg,533,300,minor_pothole,309,237,418,287,109,50,5450,0.2045028142589118,0.1666666666666666,0.0340838023764853,2,2.18,8.603554357064281,major_pothole,0.49109811981669926,0.4390455869692543,0.0698562932140464,0.49109811981669926
img-289.jpg,300,442,major_pothole,91,275,198,391,107,116,12412,0.3566666666666667,0.2624434389140271,0.093604826546003,0,0.9224137931034483,9.426499589515949,major_pothole,0.5349950569339568,0.36450434689378236,0.10050059617226077,0.5349950569339568
img-29.jpg,720,720,minor_pothole,302,270,456,385,154,115,17710,0.2138888888888888,0.1597222222222222,0.0341628086419753,2,1.3391304347826087,9.781941194456632,medium_pothole,0.09722812079560922,0.6341849562823105,0.26858692292208003,0.6341849562823105
img-29.jpg,720,720,minor_pothole,426,374,497,430,71,56,3976,0.0986111111111111,0.0777777777777777,0.0076697530864197,2,1.2678571428571428,8.28828304520769,minor_pothole,0.044344896251924365,0.180672658812312,0.7749824449357635,0.7749824449357635
img-290.jpg,533,300,major_pothole,1,154,533,300,532,146,77672,0.99812382739212,0.4866666666666667,0.4857535959974984,0,3.643835616438356,11.260262985619487,major_pothole,0.7117655658057999,0.198100273856282,0.09013416033791818,0.7117655658057999
img-291.jpg,536,300,medium_pothole,66,188,389,300,323,112,36176,0.6026119402985075,0.3733333333333333,0.2249751243781094,1,2.8839285714285716,10.496178836771703,major_pothole,0.7786883879212887,0.19441000508145675,0.02690160699725447,0.7786883879212887
img-292.jpg,300,444,major_pothole,5,138,164,239,159,101,16059,0.53,0.2274774774774774,0.120563063063063,0,1.5742574257425743,9.684086987500752,major_pothole,0.7274674457738374,0.20174436136232013,0.07078819286384269,0.7274674457738374
img-292.jpg,300,444,medium_pothole,22,17,65,33,43,16,688,0.1433333333333333,0.036036036036036,0.0051651651651651,1,2.6875,6.535241271013659,medium_pothole,0.16178845353753943,0.6389446218801785,0.19926692458228176,0.6389446218801785
img-292.jpg,300,444,medium_pothole,20,1,59,8,39,7,273,0.13,0.0157657657657657,0.0020495495495495,1,5.571428571428571,5.6131281063880705,medium_pothole,0.2932225354245241,0.6062580451963822,0.1005194193790939,0.6062580451963822
img-293.jpg,400,300,major_pothole,161,135,264,185,103,50,5150,0.2575,0.1666666666666666,0.0429166666666666,0,2.06,8.546946149565585,major_pothole,0.5290727837373098,0.422433736948527,0.04849347931416333,0.5290727837373098
img-293.jpg,400,300,medium_pothole,298,82,345,98,47,16,752,0.1175,0.0533333333333333,0.0062666666666666,1,2.9375,6.6240652277998935,medium_pothole,0.1914941704862061,0.6736622771106807,0.1348435524031131,0.6736622771106807
img-293.jpg,400,300,minor_pothole,102,109,161,129,59,20,1180,0.1475,0.0666666666666666,0.0098333333333333,2,2.95,7.074116816197362,medium_pothole,0.218037606798449,0.6735418240395217,0.10842056916202948,0.6735418240395217
img-293.jpg,400,300,minor_pothole,52,215,124,245,72,30,2160,0.18,0.1,0.018,2,2.4,7.6783263565068856,medium_pothole,0.2710158600255976,0.6388757772939834,0.09010836268041927,0.6388757772939834
img-294.jpg,534,300,major_pothole,351,252,430,292,79,40,3160,0.147940074906367,0.1333333333333333,0.0197253433208489,0,1.975,8.058643712215618,medium_pothole,0.2838212507714315,0.5973072572394856,0.11887149198908302,0.5973072572394856
img-294.jpg,534,300,major_pothole,263,238,299,256,36,18,648,0.0674157303370786,0.06,0.0040449438202247,0,2.0,6.47543271670409,medium_pothole,0.12262641762733224,0.6367949514019706,0.24057863097069737,0.6367949514019706
img-294.jpg,534,300,minor_pothole,196,191,212,202,16,11,176,0.0299625468164794,0.0366666666666666,0.0010986267166042,2,1.4545454545454546,5.176149732573829,medium_pothole,0.08910227021759065,0.6775351962493418,0.23336253353306766,0.6775351962493418
img-294.jpg,534,300,minor_pothole,174,194,190,202,16,8,128,0.0299625468164794,0.0266666666666666,0.0007990012484394,2,2.0,4.859812404361672,medium_pothole,0.09891793035174397,0.6640995056299414,0.23698256401831458,0.6640995056299414
img-295.jpg,533,300,major_pothole,67,110,465,268,398,158,62884,0.7467166979362101,0.5266666666666666,0.393270794246404,0,2.518987341772152,11.049062940481257,major_pothole,0.7264710669023083,0.20362567700615544,0.06990325609153628,0.7264710669023083
img-296.jpg,544,300,major_pothole,15,19,510,300,495,281,139095,0.9099264705882352,0.9366666666666666,0.8522977941176471,0,1.7615658362989324,11.842919621207626,major_pothole,0.6755716970067299,0.19914654402816212,0.12528175896510807,0.6755716970067299
img-297.jpg,533,300,minor_pothole,271,122,309,141,38,19,722,0.0712945590994371,0.0633333333333333,0.0045153220762976,2,2.0,6.583409222158765,medium_pothole,0.12708508299737487,0.6329236461708196,0.2399912708318057,0.6329236461708196
img-297.jpg,533,300,minor_pothole,288,108,321,126,33,18,594,0.0619136960600375,0.06,0.0037148217636022,2,1.8333333333333333,6.38856140554563,medium_pothole,0.11123004921351284,0.6446841902286894,0.2440857605577978,0.6446841902286894
img-297.jpg,533,300,medium_pothole,245,96,287,110,42,14,588,0.0787992495309568,0.0466666666666666,0.0036772983114446,1,3.0,6.3784261836515865,medium_pothole,0.18234109120190015,0.6359206315673671,0.18173827723073271,0.6359206315673671
img-297.jpg,533,300,medium_pothole,183,142,333,189,150,47,7050,0.2814258911819887,0.1566666666666666,0.0440900562851782,1,3.1914893617021276,8.860924729719041,major_pothole,0.6962301676044595,0.2472521233872991,0.0565177090082412,0.6962301676044595
img-297.jpg,533,300,medium_pothole,89,201,407,298,318,97,30846,0.5966228893058161,0.3233333333333333,0.1929080675422138,1,3.2783505154639174,10.336794779872381,major_pothole,0.7668103545766923,0.20227765831445588,0.030911987108851447,0.7668103545766923
img-298.jpg,449,300,major_pothole,104,83,221,127,117,44,5148,0.2605790645879732,0.1466666666666666,0.038218262806236,0,2.659090909090909,8.546557800046141,major_pothole,0.5885239791321303,0.36276167280423793,0.048714348063631535,0.5885239791321303
img-298.jpg,449,300,medium_pothole,265,125,332,155,67,30,2010,0.1492204899777283,0.1,0.0149220489977728,1,2.2333333333333334,7.606387389772652,medium_pothole,0.23752925653759285,0.6400284094921804,0.12244233397022686,0.6400284094921804
img-299.jpg,453,300,major_pothole,201,37,317,121,116,84,9744,0.2560706401766004,0.28,0.0716997792494481,0,1.380952380952381,9.184509611941662,major_pothole,0.6219829286249221,0.3173347927459181,0.060682278629159724,0.6219829286249221
img-299.jpg,453,300,major_pothole,41,123,245,291,204,168,34272,0.4503311258278146,0.56,0.2521854304635761,0,1.2142857142857142,10.442113151159798,major_pothole,0.781179167204933,0.20094192685103826,0.017878905944028835,0.781179167204933
img-299.jpg,453,300,minor_pothole,15,1,178,74,163,73,11899,0.3598233995584989,0.2433333333333333,0.0875570272259014,2,2.232876712328767,9.38429367909962,major_pothole,0.7566415190977928,0.1831272578462702,0.060231223055937,0.7566415190977928
img-3.jpg,720,720,medium_pothole,273,264,497,468,224,204,45696,0.3111111111111111,0.2833333333333333,0.0881481481481481,1,1.0980392156862746,10.729787929213312,medium_pothole,0.20538221022177947,0.659150040100658,0.1354677496775624,0.659150040100658
img-30.jpg,720,720,major_pothole,266,252,456,483,190,231,43890,0.2638888888888889,0.3208333333333333,0.0846643518518518,0,0.8225108225108225,10.689464566656033,medium_pothole,0.18117918087667295,0.6442227653427972,0.17459805378052975,0.6442227653427972
img-30.jpg,720,720,minor_pothole,0,179,44,240,44,61,2684,0.0611111111111111,0.0847222222222222,0.0051774691358024,2,0.7213114754098361,7.895436006942965,minor_pothole,0.024429371003382314,0.18466122550863015,0.7909094034879877,0.7909094034879877
img-30.jpg,720,720,minor_pothole,233,112,281,157,48,45,2160,0.0666666666666666,0.0625,0.0041666666666666,2,1.0666666666666667,7.6783263565068856,minor_pothole,0.02817960877507667,0.18543521267662613,0.7863851785482971,0.7863851785482971
img-300.jpg,300,300,major_pothole,22,144,252,186,230,42,9660,0.7666666666666667,0.14,0.1073333333333333,0,5.476190476190476,9.17585244151751,major_pothole,0.7527124550705092,0.19701500802472757,0.05027253690476327,0.7527124550705092
img-300.jpg,300,300,major_pothole,2,112,147,129,145,17,2465,0.4833333333333333,0.0566666666666666,0.0273888888888888,0,8.529411764705882,7.81035268372429,major_pothole,0.8020789090366133,0.13038411693554516,0.06753697402784166,0.8020789090366133
img-300.jpg,300,300,major_pothole,94,81,157,96,63,15,945,0.21,0.05,0.0105,0,4.2,6.852242569051878,medium_pothole,0.3061872286096752,0.6318933440981536,0.061919427292171196,0.6318933440981536
img-300.jpg,300,300,major_pothole,1,192,300,287,299,95,28405,0.9966666666666668,0.3166666666666666,0.3156111111111111,0,3.1473684210526316,10.254355669441074,major_pothole,0.8280266125487574,0.10952543375840385,0.06244795369283881,0.8280266125487574
img-301.jpg,534,300,major_pothole,245,177,393,248,148,71,10508,0.2771535580524344,0.2366666666666666,0.0655930087390761,0,2.084507042253521,9.259987311865597,major_pothole,0.7090610621217821,0.22762030601881592,0.06331863185940188,0.7090610621217821
img-301.jpg,534,300,major_pothole,422,124,534,170,112,46,5152,0.2097378277153558,0.1533333333333333,0.0321598002496878,0,2.4347826086956523,8.547334348328224,major_pothole,0.5007142824067095,0.43061534908067123,0.06867036851261919,0.5007142824067095
img-301.jpg,534,300,minor_pothole,491,283,534,300,43,17,731,0.0805243445692883,0.0566666666666666,0.0045630461922596,2,2.5294117647058822,6.595780513961311,medium_pothole,0.16459067452300602,0.6254915883044044,0.20991773717258957,0.6254915883044044
img-301.jpg,534,300,minor_pothole,441,198,482,218,41,20,820,0.0767790262172284,0.0666666666666666,0.0051186017478152,2,2.05,6.710523109452428,medium_pothole,0.13690807795892967,0.6268495256773636,0.2362423963637069,0.6268495256773636
img-301.jpg,534,300,minor_pothole,479,188,533,202,54,14,756,0.1011235955056179,0.0466666666666666,0.0047191011235955,2,3.857142857142857,6.6293632534374485,medium_pothole,0.21705517224171833,0.6585595698248404,0.12438525793344134,0.6585595698248404
img-302.jpg,400,300,medium_pothole,32,90,259,262,227,172,39044,0.5675,0.5733333333333334,0.3253666666666667,1,1.319767441860465,10.572470106096775,major_pothole,0.7528178236875683,0.21801039519776033,0.029171781114671058,0.7528178236875683
img-303.jpg,456,300,medium_pothole,246,115,441,159,195,44,8580,0.4276315789473684,0.1466666666666666,0.062719298245614,1,4.431818181818182,9.057305735807121,major_pothole,0.7867085139706915,0.16097504263489226,0.052316443394416184,0.7867085139706915
img-303.jpg,456,300,medium_pothole,159,97,237,155,78,58,4524,0.1710526315789473,0.1933333333333333,0.0330701754385964,1,1.3448275862068966,8.417372856134026,medium_pothole,0.3116728001353891,0.5987000851338811,0.08962711473072961,0.5987000851338811
img-304.jpg,503,300,major_pothole,264,57,503,198,239,141,33699,0.4751491053677932,0.47,0.2233200795228628,0,1.6950354609929077,10.425253116340453,major_pothole,0.7723086471683844,0.205131588153295,0.022559764678320725,0.7723086471683844
img-304.jpg,503,300,major_pothole,1,78,249,256,248,178,44144,0.4930417495029821,0.5933333333333334,0.2925381047051027,0,1.3932584269662922,10.695234949335683,major_pothole,0.7697629358180544,0.20162505939571043,0.02861200478623511,0.7697629358180544
img-305.jpg,574,300,major_pothole,236,138,288,173,52,35,1820,0.0905923344947735,0.1166666666666666,0.0105691056910569,0,1.4857142857142858,7.507141079727608,medium_pothole,0.15584158198514303,0.6162747502474479,0.22788366776740918,0.6162747502474479
img-305.jpg,574,300,major_pothole,378,189,484,250,106,61,6466,0.1846689895470383,0.2033333333333333,0.0375493612078977,0,1.7377049180327868,8.774467601446593,major_pothole,0.47971292049177816,0.44342656231581673,0.07686051719240497,0.47971292049177816
img-306.jpg,533,300,major_pothole,85,112,322,271,237,159,37683,0.4446529080675422,0.53,0.2356660412757973,0,1.490566037735849,10.536990880168558,major_pothole,0.78941826582827,0.19135112847619676,0.01923060569553304,0.78941826582827
img-306.jpg,533,300,major_pothole,418,158,533,276,115,118,13570,0.2157598499061913,0.3933333333333333,0.0848655409631019,0,0.9745762711864406,9.51569044208137,major_pothole,0.6864031498390427,0.2506180869715578,0.06297876318939935,0.6864031498390427
img-307.jpg,571,300,major_pothole,197,8,428,273,231,265,61215,0.404553415061296,0.8833333333333333,0.3573555166374781,0,0.8716981132075472,11.022163872239979,major_pothole,0.6982440724524819,0.19224522405176117,0.10951070349575716,0.6982440724524819
img-308.jpg,400,300,medium_pothole,190,151,283,201,93,50,4650,0.2325,0.1666666666666666,0.03875,1,1.86,8.444837529224097,medium_pothole,0.4412915007210809,0.5008362931976817,0.057872206081237346,0.5008362931976817
img-309.jpg,533,300,major_pothole,1,58,529,207,528,149,78672,0.9906191369606004,0.4966666666666666,0.4920075046904315,0,3.5436241610738257,11.27305530057358,major_pothole,0.7222807614220446,0.1888223984333467,0.08889684014460852,0.7222807614220446
img-31.jpg,720,720,medium_pothole,229,280,439,411,210,131,27510,0.2916666666666667,0.1819444444444444,0.0530671296296296,1,1.6030534351145038,10.22234120367599,medium_pothole,0.1317096171412336,0.682611086834183,0.18567929602458344,0.682611086834183
img-310.jpg,451,300,medium_pothole,144,138,252,163,108,25,2700,0.2394678492239468,0.0833333333333333,0.0199556541019955,1,4.32,7.901377353792616,major_pothole,0.5046956892854481,0.43096848771311586,0.06433582300143596,0.5046956892854481
img-310.jpg,451,300,medium_pothole,341,100,414,118,73,18,1314,0.1618625277161862,0.06,0.0097117516629711,1,4.055555555555555,7.181591944611865,medium_pothole,0.27703072753442715,0.631902872015401,0.09106640045017181,0.631902872015401
img-310.jpg,451,300,medium_pothole,149,159,417,274,268,115,30820,0.5942350332594235,0.3833333333333333,0.227790096082779,1,2.3304347826086955,10.335951554811068,major_pothole,0.7625783259410577,0.2071876072075548,0.030234066851387683,0.7625783259410577
img-311.jpg,450,300,major_pothole,104,94,440,300,336,206,69216,0.7466666666666667,0.6866666666666666,0.5127111111111111,0,1.6310679611650485,11.145001776175004,major_pothole,0.8019432705206943,0.12175117024866687,0.07630555923063907,0.8019432705206943
img-312.jpg,533,300,medium_pothole,8,118,497,246,489,128,62592,0.9174484052532832,0.4266666666666667,0.3914446529080675,1,3.8203125,11.044408729749485,major_pothole,0.6430714092345564,0.2773527594335149,0.07957583133192846,0.6430714092345564
img-313.jpg,400,300,minor_pothole,49,130,88,143,39,13,507,0.0975,0.0433333333333333,0.004225,2,3.0,6.230481447578482,medium_pothole,0.17970351563732093,0.6685510044545048,0.15174547990817416,0.6685510044545048
img-313.jpg,400,300,medium_pothole,1,146,400,300,399,154,61446,0.9975,0.5133333333333333,0.51205,1,2.590909090909091,11.02593029362343,major_pothole,0.7278179166256328,0.18427046249791457,0.08791162087645231,0.7278179166256328
img-314.jpg,450,300,major_pothole,111,60,275,263,164,203,33292,0.3644444444444444,0.6766666666666666,0.2466074074074074,0,0.8078817733990148,10.413102443661062,major_pothole,0.8088329190163904,0.17357711600040007,0.01758996498320953,0.8088329190163904
img-315.jpg,450,300,major_pothole,155,175,329,258,174,83,14442,0.3866666666666666,0.2766666666666666,0.1069777777777777,0,2.0963855421686746,9.577965147101168,major_pothole,0.7496945839195376,0.18205190630547533,0.06825350977498727,0.7496945839195376
img-315.jpg,450,300,minor_pothole,14,194,57,220,43,26,1118,0.0955555555555555,0.0866666666666666,0.0082814814814814,2,1.6538461538461537,7.020190708311925,medium_pothole,0.13472759919979146,0.6471460666435251,0.2181263341566834,0.6471460666435251
img-315.jpg,450,300,medium_pothole,377,124,443,139,66,15,990,0.1466666666666666,0.05,0.0073333333333333,1,4.4,6.898714534329988,medium_pothole,0.2709631339868386,0.6369374509949718,0.09209941501818972,0.6369374509949718
img-315.jpg,450,300,minor_pothole,233,130,257,140,24,10,240,0.0533333333333333,0.0333333333333333,0.0017777777777777,2,2.4,5.484796933490655,medium_pothole,0.12106085448605138,0.6652822652530089,0.21365688026093974,0.6652822652530089
img-315.jpg,450,300,minor_pothole,367,209,411,226,44,17,748,0.0977777777777777,0.0566666666666666,0.0055407407407407,2,2.588235294117647,6.618738983517219,medium_pothole,0.1742502246584025,0.6469009590213883,0.17884881632020927,0.6469009590213883
img-316.jpg,458,300,major_pothole,38,97,267,252,229,155,35495,0.5,0.5166666666666667,0.2583333333333333,0,1.4774193548387098,10.477175293058746,major_pothole,0.7696857315379673,0.20972039337500842,0.02059387508702426,0.7696857315379673
img-317.jpg,450,300,major_pothole,143,96,305,186,162,90,14580,0.36,0.3,0.108,0,1.8,9.587474590316285,major_pothole,0.737294361274063,0.19596688046628388,0.06673875825965318,0.737294361274063
img-318.jpg,489,300,medium_pothole,127,195,412,285,285,90,25650,0.5828220858895705,0.3,0.1748466257668711,1,3.1666666666666665,10.152337836193743,major_pothole,0.7433102019921649,0.21732326530621604,0.03936653270161903,0.7433102019921649
img-319.jpg,300,369,major_pothole,71,136,236,212,165,76,12540,0.55,0.2059620596205962,0.1132791327913279,0,2.1710526315789473,9.43675855582405,major_pothole,0.7755260907740297,0.16857714666428075,0.05589676256168958,0.7755260907740297
img-32.jpg,720,720,minor_pothole,110,147,253,234,143,87,12441,0.1986111111111111,0.1208333333333333,0.0239988425925925,2,1.6436781609195403,9.428833125074965,medium_pothole,0.09267952123820468,0.48584674559125307,0.42147373317054243,0.48584674559125307
img-32.jpg,720,720,medium_pothole,254,278,505,501,251,223,55973,0.3486111111111111,0.3097222222222222,0.1079726080246913,1,1.1255605381165918,10.932642576189016,medium_pothole,0.21146025334549634,0.6702528466166864,0.11828690003781735,0.6702528466166864
img-320.jpg,688,300,major_pothole,34,103,644,230,610,127,77470,0.8866279069767442,0.4233333333333333,0.3753391472868217,0,4.803149606299213,11.257658951765176,major_pothole,0.7121416628838584,0.1975405966117451,0.09031774050439656,0.7121416628838584
img-320.jpg,688,300,minor_pothole,276,23,362,58,86,35,3010,0.125,0.1166666666666666,0.0145833333333333,2,2.4571428571428573,8.010027528481734,medium_pothole,0.2869808484741856,0.5689234756339976,0.14409567589181696,0.5689234756339976
img-321.jpg,300,300,major_pothole,1,112,254,252,253,140,35420,0.8433333333333334,0.4666666666666667,0.3935555555555555,0,1.8071428571428572,10.47506014357522,major_pothole,0.7931743678874067,0.15565446348756226,0.05117116862503084,0.7931743678874067
img-322.jpg,453,300,major_pothole,16,73,440,230,424,157,66568,0.93598233995585,0.5233333333333333,0.4898307579102281,0,2.700636942675159,11.105994282700339,major_pothole,0.7283303920847561,0.19028385332254588,0.08138575459269783,0.7283303920847561
img-323.jpg,426,300,major_pothole,163,149,286,185,123,36,4428,0.2887323943661972,0.12,0.0346478873239436,0,3.4166666666666665,8.395929103923198,major_pothole,0.6384679241257174,0.3180014024414776,0.04353067343280511,0.6384679241257174
img-323.jpg,426,300,major_pothole,42,197,424,292,382,95,36290,0.8967136150234741,0.3166666666666666,0.2839593114241001,0,4.021052631578947,10.499325055627958,major_pothole,0.7520632612512466,0.19779687198308424,0.05013986676566902,0.7520632612512466
img-323.jpg,426,300,minor_pothole,1,176,71,211,70,35,2450,0.1643192488262911,0.1166666666666666,0.0191705790297339,2,2.0,7.804251383528112,medium_pothole,0.2556757070968399,0.6379726670042558,0.10635162589890448,0.6379726670042558
img-323.jpg,426,300,minor_pothole,313,139,373,150,60,11,660,0.1408450704225352,0.0366666666666666,0.0051643192488262,2,5.454545454545454,6.493753839851686,medium_pothole,0.3676454833644275,0.5519741381812208,0.08038037845435154,0.5519741381812208
img-323.jpg,426,300,minor_pothole,282,116,363,125,81,9,729,0.1901408450704225,0.03,0.0057042253521126,2,9.0,6.593044534142437,major_pothole,0.5836892932438473,0.30989694621207264,0.10641376054408021,0.5836892932438473
img-324.jpg,450,300,medium_pothole,210,148,397,280,187,132,24684,0.4155555555555555,0.44,0.1828444444444444,1,1.4166666666666667,10.113951050692963,major_pothole,0.7660317664163891,0.20361221616121764,0.03035601742239342,0.7660317664163891
img-325.jpg,533,300,medium_pothole,92,128,135,149,43,21,903,0.0806754221388367,0.07,0.0056472795497185,1,2.0476190476190474,6.806829360392176,medium_pothole,0.1426054493519397,0.6239331969236074,0.23346135372445329,0.6239331969236074
img-325.jpg,533,300,major_pothole,155,74,252,115,97,41,3977,0.1819887429643527,0.1366666666666666,0.0248717948717948,0,2.3658536585365852,8.288534459413917,medium_pothole,0.3900715685916655,0.5236471229005966,0.08628130850773805,0.5236471229005966
img-325.jpg,533,300,medium_pothole,325,59,375,74,50,15,750,0.0938086303939962,0.05,0.0046904315196998,1,3.3333333333333335,6.621405651764134,medium_pothole,0.2015258740972402,0.6491618874558189,0.14931223844694086,0.6491618874558189
img-325.jpg,533,300,major_pothole,306,78,353,103,47,25,1175,0.0881801125703564,0.0833333333333333,0.0073483427141963,0,1.88,7.069874128458572,medium_pothole,0.14905075154536915,0.6200731835929374,0.2308760648616934,0.6200731835929374
img-325.jpg,533,300,medium_pothole,335,114,375,136,40,22,880,0.075046904315197,0.0733333333333333,0.0055034396497811,1,1.8181818181818181,6.78105762593618,medium_pothole,0.12459704472428604,0.6311665342996731,0.24423642097604112,0.6311665342996731
img-325.jpg,533,300,major_pothole,422,192,531,273,109,81,8829,0.2045028142589118,0.27,0.0552157598499061,0,1.345679012345679,9.085910293598007,major_pothole,0.5528252645132908,0.3765230789047662,0.07065165658194311,0.5528252645132908
img-326.jpg,442,300,major_pothole,95,51,300,201,205,150,30750,0.4638009049773756,0.5,0.2319004524886878,0,1.3666666666666667,10.333677793031093,major_pothole,0.7750556648536825,0.20502681348678645,0.019917521659530847,0.7750556648536825
img-327.jpg,600,300,medium_pothole,21,118,138,158,117,40,4680,0.195,0.1333333333333333,0.026,1,2.925,8.45126704130007,major_pothole,0.478309259066264,0.44091292926942677,0.0807778116643094,0.478309259066264
img-327.jpg,600,300,major_pothole,129,54,466,233,337,179,60323,0.5616666666666666,0.5966666666666667,0.3351277777777778,0,1.8826815642458101,11.007485313480576,major_pothole,0.7712669636889503,0.1598665939029601,0.06886644240808971,0.7712669636889503
img-328.jpg,418,300,medium_pothole,207,216,256,234,49,18,882,0.1172248803827751,0.06,0.0070334928229665,1,2.7222222222222223,6.78332520060396,medium_pothole,0.19084458270564217,0.6628157166086528,0.1463397006857051,0.6628157166086528
img-328.jpg,418,300,minor_pothole,152,202,184,212,32,10,320,0.0765550239234449,0.0333333333333333,0.0025518341307814,2,3.2,5.771441123130016,medium_pothole,0.17504950504269565,0.6605559510675523,0.16439454388975186,0.6605559510675523
img-328.jpg,418,300,medium_pothole,55,251,190,287,135,36,4860,0.3229665071770335,0.12,0.038755980861244,1,3.75,8.488999457045455,major_pothole,0.715613182193131,0.24429865559955014,0.0400881622073192,0.715613182193131
img-328.jpg,418,300,medium_pothole,145,231,185,247,40,16,640,0.0956937799043062,0.0533333333333333,0.0051036682615629,1,2.5,6.46302945692067,medium_pothole,0.16294082364049955,0.6549189072631092,0.1821402690963912,0.6549189072631092
img-329.jpg,667,300,major_pothole,313,243,338,253,25,10,250,0.0374812593703148,0.0333333333333333,0.0012493753123438,0,2.5,5.5254529391317835,medium_pothole,0.1251787155932645,0.6391165867462995,0.23570469766043597,0.6391165867462995
img-329.jpg,667,300,major_pothole,291,219,324,228,33,9,297,0.0494752623688155,0.03,0.0014842578710644,0,3.6666666666666665,5.697093486505405,medium_pothole,0.1977494605512431,0.6293577097883397,0.1728928296604168,0.6293577097883397
img-329.jpg,667,300,major_pothole,461,234,493,250,32,16,512,0.047976011994003,0.0533333333333333,0.0025587206396801,0,2.0,6.240275845170769,medium_pothole,0.11346518304146468,0.628310884812781,0.2582239321457541,0.628310884812781
img-329.jpg,667,300,major_pothole,509,263,550,278,41,15,615,0.0614692653673163,0.05,0.0030734632683658,0,2.7333333333333334,6.423246963533519,medium_pothole,0.16520016552474837,0.608265769597659,0.2265340648775924,0.608265769597659
img-329.jpg,667,300,medium_pothole,352,272,374,286,22,14,308,0.032983508245877,0.0466666666666666,0.0015392303848075,1,1.5714285714285714,5.733341276897746,medium_pothole,0.09453749332498718,0.6575412509933909,0.2479212556816219,0.6575412509933909
img-329.jpg,667,300,major_pothole,379,245,430,253,51,8,408,0.0764617691154422,0.0266666666666666,0.0020389805097451,0,6.375,6.013715156042802,medium_pothole,0.4577241948145759,0.45561012507917215,0.08666568010625192,0.4577241948145759
img-33.jpg,720,720,medium_pothole,255,258,433,358,178,100,17800,0.2472222222222222,0.1388888888888889,0.0343364197530864,1,1.78,9.787009914477434,medium_pothole,0.10646853515113643,0.6293490630579676,0.2641824017908959,0.6293490630579676
img-33.jpg,720,720,minor_pothole,524,339,638,429,114,90,10260,0.1583333333333333,0.125,0.0197916666666666,2,1.2666666666666666,9.236105579862208,minor_pothole,0.07877119833102333,0.4053811663978195,0.515847635271157,0.515847635271157
img-330.jpg,300,400,medium_pothole,25,182,246,386,221,204,45084,0.7366666666666667,0.51,0.3757,1,1.0833333333333333,10.716304875934007,major_pothole,0.7423129735502608,0.2047253069079609,0.05296171954177805,0.7423129735502608
img-330.jpg,300,400,medium_pothole,79,29,216,92,137,63,8631,0.4566666666666666,0.1575,0.071925,1,2.1746031746031744,9.06323150693797,major_pothole,0.7108706924922807,0.2391217595928434,0.05000754791487602,0.7108706924922807
img-331.jpg,366,300,major_pothole,188,214,283,275,95,61,5795,0.2595628415300546,0.2033333333333333,0.0527777777777777,0,1.5573770491803278,8.664923303440572,major_pothole,0.4976403361958505,0.451643986137969,0.05071567766618053,0.4976403361958505
img-331.jpg,366,300,major_pothole,202,135,278,162,76,27,2052,0.2076502732240437,0.09,0.0186885245901639,0,2.814814814814815,7.627057417018934,medium_pothole,0.31017097775916364,0.6204019214158313,0.06942710082500496,0.6204019214158313
img-331.jpg,366,300,major_pothole,244,110,310,125,66,15,990,0.180327868852459,0.05,0.0090163934426229,0,4.4,6.898714534329988,medium_pothole,0.29871036017712527,0.6258205264345155,0.0754691133883591,0.6258205264345155
img-331.jpg,366,300,major_pothole,259,89,304,101,45,12,540,0.1229508196721311,0.04,0.0049180327868852,0,3.75,6.293419278846481,medium_pothole,0.2032085977685696,0.6946897578709041,0.10210164436052672,0.6946897578709041
img-331.jpg,366,300,major_pothole,234,81,273,91,39,10,390,0.1065573770491803,0.0333333333333333,0.003551912568306,0,3.9,5.968707559985366,medium_pothole,0.2003502590247387,0.6913399280919041,0.10830981288335713,0.6913399280919041
img-331.jpg,366,300,major_pothole,219,74,254,82,35,8,280,0.0956284153005464,0.0266666666666666,0.0025500910746812,0,4.375,5.638354669333745,medium_pothole,0.21258902537260632,0.6807830094081091,0.10662796521928457,0.6807830094081091
img-331.jpg,366,300,major_pothole,249,62,273,70,24,8,192,0.0655737704918032,0.0266666666666666,0.0017486338797814,0,3.0,5.262690188904886,medium_pothole,0.1490335702953166,0.665539816556398,0.18542661314828562,0.665539816556398
img-331.jpg,366,300,medium_pothole,139,117,184,131,45,14,630,0.1229508196721311,0.0466666666666666,0.0057377049180327,1,3.2142857142857144,6.447305862541213,medium_pothole,0.19329461482560095,0.6903343780786189,0.11637100709578022,0.6903343780786189
img-331.jpg,366,300,medium_pothole,147,105,179,117,32,12,384,0.087431693989071,0.04,0.0034972677595628,1,2.6666666666666665,5.953243334287785,medium_pothole,0.1535508999572839,0.6715101668696578,0.1749389331730582,0.6715101668696578
img-331.jpg,366,300,medium_pothole,184,91,211,100,27,9,243,0.0737704918032786,0.03,0.0022131147540983,1,3.0,5.497168225293202,medium_pothole,0.15671522783318714,0.6680790170223511,0.1752057551444621,0.6680790170223511
img-331.jpg,366,300,medium_pothole,126,94,159,104,33,10,330,0.0901639344262295,0.0333333333333333,0.0030054644808743,1,3.3,5.802118375377063,medium_pothole,0.17955678701921857,0.6772876398975638,0.14315557308321772,0.6772876398975638
img-331.jpg,366,300,minor_pothole,112,107,135,116,23,9,207,0.0628415300546448,0.03,0.0018852459016393,2,2.5555555555555554,5.337538079701318,medium_pothole,0.12675441603164866,0.6758352746759305,0.19741030929242093,0.6758352746759305
img-331.jpg,366,300,minor_pothole,6,212,51,242,45,30,1350,0.1229508196721311,0.1,0.0122950819672131,2,1.5,7.208600337960199,medium_pothole,0.14993747106074365,0.6742018117525909,0.17586071718666543,0.6742018117525909
img-332.jpg,480,300,major_pothole,119,201,358,247,239,46,10994,0.4979166666666667,0.1533333333333333,0.0763472222222222,0,5.195652173913044,9.305195902988862,major_pothole,0.7636394651483991,0.18723529452060675,0.04912524033099408,0.7636394651483991
img-332.jpg,480,300,medium_pothole,146,159,235,172,89,13,1157,0.1854166666666666,0.0433333333333333,0.0080347222222222,1,6.846153846153846,7.05444965813294,major_pothole,0.6340861955845445,0.28099217377370983,0.08492163064174572,0.6340861955845445
img-332.jpg,480,300,medium_pothole,278,135,399,146,121,11,1331,0.2520833333333333,0.0366666666666666,0.0092430555555555,1,11.0,7.194436851100335,medium_pothole,0.21226828423225055,0.6894344845113616,0.09829723125638759,0.6894344845113616
img-332.jpg,480,300,major_pothole,135,90,272,111,137,21,2877,0.2854166666666666,0.07,0.0199791666666666,0,6.523809523809524,7.964850887447313,major_pothole,0.7027532336692034,0.2019109314365071,0.0953358348942895,0.7027532336692034
img-332.jpg,480,300,medium_pothole,159,59,215,69,56,10,560,0.1166666666666666,0.0333333333333333,0.0038888888888888,1,5.6,6.329720905522696,medium_pothole,0.36709832773703266,0.5483835210941528,0.08451815116881474,0.5483835210941528
img-333.jpg,451,300,medium_pothole,1,179,26,195,25,16,400,0.0554323725055432,0.0533333333333333,0.0029563932002956,1,1.5625,5.993961427306569,medium_pothole,0.09532645420026954,0.6773260761865295,0.22734746961320051,0.6773260761865295
img-333.jpg,451,300,medium_pothole,1,161,55,173,54,12,648,0.1197339246119734,0.04,0.0047893569844789,1,4.5,6.47543271670409,medium_pothole,0.247240556710827,0.6554747573761527,0.09728468591302011,0.6554747573761527
img-333.jpg,451,300,minor_pothole,74,167,112,179,38,12,456,0.0842572062084257,0.04,0.003370288248337,2,3.1666666666666665,6.124683390894205,medium_pothole,0.18294914057238984,0.6572061626526753,0.15984469677493474,0.6572061626526753
img-333.jpg,451,300,major_pothole,102,194,225,235,123,41,5043,0.2727272727272727,0.1366666666666666,0.0372727272727272,0,3.0,8.52595469708481,major_pothole,0.6213204138402038,0.3318727401483636,0.04680684601143252,0.6213204138402038
img-334.jpg,536,300,major_pothole,104,39,260,99,156,60,9360,0.291044776119403,0.2,0.0582089552238805,0,2.6,9.144307401371744,major_pothole,0.7269346632052347,0.2134695824534827,0.05959575434128247,0.7269346632052347
img-334.jpg,536,300,medium_pothole,403,21,470,46,67,25,1675,0.125,0.0833333333333333,0.0104166666666666,1,2.68,7.424165281042028,medium_pothole,0.2280357860819853,0.6267431381793879,0.14522107573862666,0.6267431381793879
img-334.jpg,536,300,minor_pothole,446,46,504,63,58,17,986,0.1082089552238805,0.0566666666666666,0.0061318407960199,2,3.411764705882353,6.894670039433482,medium_pothole,0.21315480224557243,0.6505476714463799,0.1362975263080477,0.6505476714463799
img-334.jpg,536,300,major_pothole,190,141,476,300,286,159,45474,0.5335820895522388,0.53,0.2827985074626866,0,1.79874213836478,10.724918003386323,major_pothole,0.776024284828176,0.19545378534523408,0.028521929826589982,0.776024284828176
img-335.jpg,400,300,medium_pothole,270,86,377,141,107,55,5885,0.2675,0.1833333333333333,0.0490416666666666,1,1.9454545454545455,8.680331928793418,major_pothole,0.5673656600261583,0.386118011613841,0.04651632836000063,0.5673656600261583
img-335.jpg,400,300,medium_pothole,220,33,286,63,66,30,1980,0.165,0.1,0.0165,1,2.2,7.591357046698551,medium_pothole,0.2415475450185521,0.6531855428365929,0.1052669121448549,0.6531855428365929
img-335.jpg,400,300,minor_pothole,292,32,333,47,41,15,615,0.1025,0.05,0.005125,2,2.7333333333333334,6.423246963533519,medium_pothole,0.17519523973058268,0.6642756365538345,0.160529123715583,0.6642756365538345
img-335.jpg,400,300,minor_pothole,1,83,133,140,132,57,7524,0.33,0.19,0.0627,2,2.3157894736842106,8.925986089617076,major_pothole,0.7264295524514198,0.23528487855732977,0.038285568991250546,0.7264295524514198
img-335.jpg,400,300,minor_pothole,340,34,396,66,56,32,1792,0.14,0.1066666666666666,0.0149333333333333,2,1.75,7.491645473605133,medium_pothole,0.19662955065856794,0.6597595343250352,0.1436109150163966,0.6597595343250352
img-336.jpg,300,403,major_pothole,144,98,212,129,68,31,2108,0.2266666666666666,0.0769230769230769,0.0174358974358974,0,2.193548387096774,7.653969180478774,medium_pothole,0.23474238774040784,0.6411823120893558,0.12407530017023666,0.6411823120893558
img-336.jpg,300,403,medium_pothole,90,130,143,146,53,16,848,0.1766666666666666,0.0397022332506203,0.0070140612076095,1,3.3125,6.744059186311348,medium_pothole,0.19873783604813833,0.68014859420068,0.1211135697511816,0.68014859420068
img-336.jpg,300,403,major_pothole,64,166,300,333,236,167,39412,0.7866666666666666,0.4143920595533499,0.3259884201819685,0,1.4131736526946108,10.581850990103325,major_pothole,0.7912410585356703,0.17255722404170126,0.036201717422628316,0.7912410585356703
img-337.jpg,482,300,major_pothole,153,92,346,178,193,86,16598,0.4004149377593361,0.2866666666666667,0.1147856154910096,0,2.244186046511628,9.71709773156622,major_pothole,0.7430173525365571,0.18269057723974955,0.07429207022369326,0.7430173525365571
0b360769-img-338.jpg,400,300,major_pothole,62,69,375,240,313,171,53523,0.7825,0.57,0.446025,0,1.8304093567251463,10.887885430424879,major_pothole,0.7285556375731075,0.20065377110887284,0.07079059131801957,0.7285556375731075
96d6e1f7-img-339.jpg,553,300,major_pothole,195,136,340,213,145,77,11165,0.2622061482820976,0.2566666666666666,0.0672995780590717,0,1.8831168831168832,9.320628725870305,major_pothole,0.6952514242930722,0.23673408564588505,0.06801449006104288,0.6952514242930722
96d6e1f7-img-339.jpg,553,300,medium_pothole,245,102,271,115,26,13,338,0.0470162748643761,0.0433333333333333,0.0020373719107896,1,2.0,5.82600010738045,medium_pothole,0.10866877309052507,0.655403034090325,0.23592819281914978,0.655403034090325
96d6e1f7-img-339.jpg,553,300,minor_pothole,303,237,350,262,47,25,1175,0.0849909584086799,0.0833333333333333,0.0070825798673899,2,1.88,7.069874128458572,medium_pothole,0.1473578069510348,0.6159336794860722,0.23670851356289288,0.6159336794860722
96d6e1f7-img-339.jpg,553,300,major_pothole,127,272,218,299,91,27,2457,0.1645569620253164,0.09,0.0148101265822784,0,3.3703703703703702,7.80710329012598,medium_pothole,0.31587557592930365,0.5822377515465881,0.10188667252410802,0.5822377515465881
96d6e1f7-img-339.jpg,553,300,medium_pothole,289,268,371,299,82,31,2542,0.1482820976491862,0.1033333333333333,0.0153224834237492,1,2.6451612903225805,7.841099765422119,medium_pothole,0.2830246037475566,0.598334326843945,0.11864106940849793,0.598334326843945
img-34.jpg,720,720,major_pothole,99,244,611,570,512,326,166912,0.7111111111111111,0.4527777777777778,0.3219753086419753,0,1.5705521472392638,12.02522799756925,major_pothole,0.8133193605299938,0.1471829079256481,0.039497731544358324,0.8133193605299938
img-340.jpg,450,300,medium_pothole,7,74,217,137,210,63,13230,0.4666666666666667,0.21,0.098,1,3.3333333333333335,9.490317840042412,major_pothole,0.7676192297409646,0.17279174219070817,0.059589028068327464,0.7676192297409646
img-340.jpg,450,300,medium_pothole,206,106,450,151,244,45,10980,0.5422222222222223,0.15,0.0813333333333333,1,5.4222222222222225,9.303921785597714,major_pothole,0.7687044549732185,0.18653533630117838,0.04476020872560309,0.7687044549732185
img-341.jpg,453,300,major_pothole,35,204,240,300,205,96,19680,0.4525386313465783,0.32,0.144812362030905,0,2.1354166666666665,9.887408982323437,major_pothole,0.7451172527319024,0.19318880392227483,0.061693943345822774,0.7451172527319024
img-341.jpg,453,300,major_pothole,261,127,312,160,51,33,1683,0.1125827814569536,0.11,0.0123841059602649,0,1.5454545454545454,7.428927194802272,medium_pothole,0.16513419232959126,0.643703600985486,0.191162206684923,0.643703600985486
img-341.jpg,453,300,major_pothole,383,135,453,173,70,38,2660,0.1545253863134658,0.1266666666666666,0.0195732155997056,0,1.8421052631578947,7.886457270977689,medium_pothole,0.25137590148673444,0.6323875257169654,0.11623657279629987,0.6323875257169654
img-342.jpg,450,300,medium_pothole,1,143,375,300,374,157,58718,0.8311111111111111,0.5233333333333333,0.4349481481481481,1,2.3821656050955413,10.980518633170634,major_pothole,0.7196122012672792,0.20832430595975215,0.07206349277296847,0.7196122012672792
img-343.jpg,540,300,major_pothole,1,139,540,300,539,161,86779,0.998148148148148,0.5366666666666666,0.5356728395061728,0,3.347826086956522,11.371131459352341,major_pothole,0.7678726582690844,0.1416397278370493,0.0904876138938664,0.7678726582690844
img-344.jpg,449,300,medium_pothole,244,65,333,83,89,18,1602,0.198218262806236,0.06,0.0118930957683741,1,4.944444444444445,7.3796321526095525,medium_pothole,0.42784725060176926,0.4959163445281614,0.07623640487006933,0.4959163445281614
img-344.jpg,449,300,medium_pothole,300,1,374,12,74,11,814,0.1648106904231625,0.0366666666666666,0.0060430586488492,1,6.7272727272727275,6.703188113240863,major_pothole,0.5973486752301478,0.3251935615998523,0.07745776316999976,0.5973486752301478
img-344.jpg,449,300,major_pothole,141,124,231,161,90,37,3330,0.2004454342984409,0.1233333333333333,0.0247216035634743,0,2.4324324324324325,8.11102783819368,medium_pothole,0.37141750297183107,0.553143091879898,0.07543940514827098,0.553143091879898
img-344.jpg,449,300,major_pothole,118,161,255,202,137,41,5617,0.3051224944320713,0.1366666666666666,0.0417000742390497,0,3.341463414634146,8.633731007664188,major_pothole,0.6996529462277805,0.25700540141074296,0.043341652361476565,0.6996529462277805
img-344.jpg,449,300,major_pothole,166,207,307,266,141,59,8319,0.3140311804008908,0.1966666666666666,0.0617594654788418,0,2.389830508474576,9.026417533815254,major_pothole,0.7280866251626397,0.22631902203434642,0.045594352803013924,0.7280866251626397
img-345.jpg,514,300,major_pothole,98,198,418,237,320,39,12480,0.622568093385214,0.13,0.0809338521400778,0,8.205128205128204,9.431962766918454,major_pothole,0.7485783830375502,0.19080709825111014,0.06061451871133958,0.7485783830375502
img-345.jpg,514,300,medium_pothole,1,278,98,300,97,22,2134,0.188715953307393,0.0733333333333333,0.0138391699092088,1,4.409090909090909,7.666221925662725,medium_pothole,0.38810909325919424,0.5263698343524283,0.0855210723883775,0.5263698343524283
img-346.jpg,345,300,major_pothole,74,103,295,300,221,197,43537,0.6405797101449275,0.6566666666666666,0.4206473429951691,0,1.1218274111675126,10.681389398960881,major_pothole,0.7408076598851038,0.200797413451213,0.05839492666368314,0.7408076598851038
img-346.jpg,345,300,major_pothole,155,50,211,79,56,29,1624,0.1623188405797101,0.0966666666666666,0.0156908212560386,0,1.9310344827586208,7.393263094763838,medium_pothole,0.2074900222458058,0.6804134906585948,0.1120964870955994,0.6804134906585948
img-346.jpg,345,300,medium_pothole,245,53,279,73,34,20,680,0.0985507246376811,0.0666666666666666,0.0065700483091787,1,1.7,6.523562306149512,medium_pothole,0.1175041386926395,0.6880098169354284,0.19448604437193195,0.6880098169354284
img-346.jpg,345,300,minor_pothole,261,78,280,92,19,14,266,0.0550724637681159,0.0466666666666666,0.0025700483091787,2,1.3571428571428572,5.58724865840025,medium_pothole,0.08750192851338894,0.705663215022781,0.20683485646383012,0.705663215022781
img-347.jpg,400,300,major_pothole,114,80,283,178,169,98,16562,0.4225,0.3266666666666666,0.1380166666666666,0,1.7244897959183674,9.714926570952155,major_pothole,0.7507439385381421,0.19056730009034037,0.05868876137151763,0.7507439385381421
img-348.jpg,362,300,major_pothole,5,21,299,300,294,279,82026,0.8121546961325967,0.93,0.7553038674033149,0,1.053763440860215,11.314803740342166,major_pothole,0.7083991878682055,0.17702637783740194,0.11457443429439265,0.7083991878682055
7f54daf5-img-349.jpg,452,300,medium_pothole,68,124,224,216,156,92,14352,0.3451327433628318,0.3066666666666666,0.1058407079646017,1,1.6956521739130435,9.57171425857138,major_pothole,0.730631766527868,0.2035390634396378,0.06582917003249437,0.730631766527868
7f54daf5-img-349.jpg,452,300,medium_pothole,336,117,377,134,41,17,697,0.0907079646017699,0.0566666666666666,0.0051401179941002,1,2.411764705882353,6.548219102762372,medium_pothole,0.15927865442462416,0.6445299388386587,0.19619140673671726,0.6445299388386587
img-35.jpg,720,720,medium_pothole,273,275,423,354,150,79,11850,0.2083333333333333,0.1097222222222222,0.0228587962962962,1,1.8987341772151898,9.380167531188448,medium_pothole,0.0959000345087252,0.4667741463978012,0.4373258190934735,0.4667741463978012
img-350.jpg,452,300,medium_pothole,80,121,146,135,66,14,924,0.1460176991150442,0.0466666666666666,0.0068141592920353,1,4.714285714285714,6.829793737512425,medium_pothole,0.29487713018964756,0.6161597231165533,0.08896314669379914,0.6161597231165533
img-350.jpg,452,300,medium_pothole,172,100,249,112,77,12,924,0.1703539823008849,0.04,0.0068141592920353,1,6.416666666666667,6.829793737512425,major_pothole,0.5696372964237496,0.35399191445960365,0.07637078911664631,0.5696372964237496
img-350.jpg,452,300,major_pothole,69,139,314,300,245,161,39445,0.5420353982300885,0.5366666666666666,0.2908923303834808,0,1.5217391304347827,10.582687926963448,major_pothole,0.7601258355462264,0.21513549858216502,0.024738665871608365,0.7601258355462264
img-350.jpg,452,300,major_pothole,202,111,382,144,180,33,5940,0.3982300884955752,0.11,0.0438053097345132,0,5.454545454545454,8.689632748355741,major_pothole,0.7819845840754795,0.15599725763071956,0.06201815829380091,0.7819845840754795
img-350.jpg,452,300,medium_pothole,215,94,294,114,79,20,1580,0.1747787610619469,0.0666666666666666,0.0116519174041297,1,3.95,7.365812837209472,medium_pothole,0.2991970600626336,0.6136662648146125,0.08713667512275382,0.6136662648146125
img-351.jpg,533,300,major_pothole,1,101,468,300,467,199,92933,0.8761726078799249,0.6633333333333333,0.5811944965603503,0,2.3467336683417086,11.439644842775813,major_pothole,0.8283000909036132,0.09659236173119837,0.07510754736518849,0.8283000909036132
img-352.jpg,400,300,major_pothole,81,133,355,299,274,166,45484,0.685,0.5533333333333333,0.3790333333333333,0,1.6506024096385543,10.725137880256161,major_pothole,0.7326071886013028,0.2191469695596667,0.04824584183903042,0.7326071886013028
img-352.jpg,400,300,minor_pothole,236,102,280,131,44,29,1276,0.11,0.0966666666666666,0.0106333333333333,2,1.5172413793103448,7.152268856032539,medium_pothole,0.14077900494712522,0.6629544059614019,0.19626658909147304,0.6629544059614019
img-353.jpg,400,300,medium_pothole,199,163,235,185,36,22,792,0.09,0.0733333333333333,0.0066,1,1.6363636363636365,6.675823221634848,medium_pothole,0.11590885147766228,0.6704061190592029,0.2136850294631348,0.6704061190592029
img-353.jpg,400,300,major_pothole,174,140,229,162,55,22,1210,0.1375,0.0733333333333333,0.0100833333333333,0,2.5,7.099201743553092,medium_pothole,0.20362448123391624,0.6661052037570306,0.130270315009053,0.6661052037570306
img-353.jpg,400,300,major_pothole,168,118,222,140,54,22,1188,0.135,0.0733333333333333,0.0099,0,2.4545454545454546,7.080867896690782,medium_pothole,0.2002548158070045,0.6649777271830695,0.1347674570099258,0.6649777271830695
img-354.jpg,400,300,major_pothole,108,198,170,219,62,21,1302,0.155,0.07,0.01085,0,2.9523809523809526,7.172424577124845,medium_pothole,0.22726655617067068,0.6699192489130384,0.10281419491629112,0.6699192489130384
img-354.jpg,400,300,major_pothole,190,164,281,193,91,29,2639,0.2275,0.0966666666666666,0.0219916666666666,0,3.1379310344827585,7.878534196140362,medium_pothole,0.3998942792425965,0.5386353653798838,0.06147035537751936,0.5386353653798838
img-354.jpg,400,300,major_pothole,260,249,333,279,73,30,2190,0.1825,0.1,0.01825,0,2.433333333333333,7.692113339595466,medium_pothole,0.27640927283575845,0.6356081009691475,0.08798262619509406,0.6356081009691475
img-354.jpg,400,300,major_pothole,82,284,165,300,83,16,1328,0.2075,0.0533333333333333,0.0110666666666666,0,5.1875,7.192182058713246,medium_pothole,0.45838790239312877,0.472089613552457,0.06952248405441436,0.472089613552457
img-354.jpg,400,300,minor_pothole,320,203,359,214,39,11,429,0.0975,0.0366666666666666,0.003575,2,3.5454545454545454,6.063785208687608,medium_pothole,0.19306878951426712,0.6799690512082561,0.12696215927747648,0.6799690512082561
img-355.jpg,300,400,medium_pothole,135,186,182,221,47,35,1645,0.1566666666666666,0.0875,0.0137083333333333,1,1.3428571428571427,7.406103381237015,medium_pothole,0.13331141469564683,0.6133127369876601,0.2533758483166929,0.6133127369876601
img-356.jpg,533,300,major_pothole,85,216,226,287,141,71,10011,0.2645403377110694,0.2366666666666666,0.062607879924953,0,1.9859154929577465,9.211539652551664,major_pothole,0.6896699047571637,0.24830873267036474,0.062021362572471456,0.6896699047571637
img-357.jpg,453,300,medium_pothole,100,126,350,213,250,87,21750,0.5518763796909493,0.29,0.1600441501103753,1,2.8735632183908044,9.987415012471414,major_pothole,0.740284062671427,0.20974659720174843,0.0499693401268247,0.740284062671427
img-358.jpg,400,300,medium_pothole,4,137,90,187,86,50,4300,0.215,0.1666666666666666,0.0358333333333333,1,1.72,8.366602832783736,medium_pothole,0.38207672233243134,0.5518302140196547,0.06609306364791408,0.5518302140196547
img-358.jpg,400,300,major_pothole,97,124,343,220,246,96,23616,0.615,0.32,0.1968,0,2.5625,10.069722070677152,major_pothole,0.7626753880705562,0.19553537776295804,0.04178923416648578,0.7626753880705562
img-359.jpg,450,300,major_pothole,17,88,146,121,129,33,4257,0.2866666666666667,0.11,0.0315333333333333,0,3.909090909090909,8.356554845453426,major_pothole,0.6452873335113438,0.30502056173008396,0.04969210475857239,0.6452873335113438
img-359.jpg,450,300,medium_pothole,41,73,72,85,31,12,372,0.0688888888888888,0.04,0.0027555555555555,1,2.5833333333333335,5.921578419643816,medium_pothole,0.14336735341942972,0.6537533147233203,0.20287933185725,0.6537533147233203
img-359.jpg,450,300,major_pothole,27,125,413,245,386,120,46320,0.8577777777777778,0.4,0.3431111111111111,0,3.216666666666667,10.743350700960299,major_pothole,0.7312631621044141,0.215722043917401,0.053014793978184815,0.7312631621044141
img-36.jpg,720,720,medium_pothole,258,335,417,506,159,171,27189,0.2208333333333333,0.2375,0.0524479166666666,1,0.9298245614035088,10.210604537626516,medium_pothole,0.11019032300813454,0.6844250568293475,0.20538462016251785,0.6844250568293475
img-360.jpg,300,442,medium_pothole,121,273,219,347,98,74,7252,0.3266666666666666,0.167420814479638,0.0546907993966817,1,1.3243243243243243,8.889170455363413,medium_pothole,0.410195778638913,0.49828962928073345,0.0915145920803536,0.49828962928073345
img-360.jpg,300,442,medium_pothole,178,400,260,435,82,35,2870,0.2733333333333333,0.0791855203619909,0.0216440422322775,1,2.342857142857143,7.962415680121064,medium_pothole,0.29869232653886907,0.5943378818495118,0.10696979161161901,0.5943378818495118
img-360.jpg,300,442,medium_pothole,189,261,262,295,73,34,2482,0.2433333333333333,0.0769230769230769,0.0187179487179487,1,2.1470588235294117,7.817222785508166,medium_pothole,0.24411769003275718,0.620197211013227,0.135685098954016,0.620197211013227
img-360.jpg,300,442,major_pothole,209,234,300,251,91,17,1547,0.3033333333333333,0.0384615384615384,0.0116666666666666,0,5.352941176470588,7.344719054149673,major_pothole,0.5778327654591764,0.3472401383113548,0.07492709622946891,0.5778327654591764
img-360.jpg,300,442,medium_pothole,136,202,224,220,88,18,1584,0.2933333333333333,0.0407239819004524,0.011945701357466,1,4.888888888888889,7.368339686311381,major_pothole,0.49686991476031067,0.4263579535504084,0.07677213168928104,0.49686991476031067
img-360.jpg,300,442,medium_pothole,134,191,216,198,82,7,574,0.2733333333333333,0.0158371040723981,0.0043288084464555,1,11.714285714285714,6.354370040797351,medium_pothole,0.21088491406393964,0.6839047746416475,0.10521031129441309,0.6839047746416475
img-360.jpg,300,442,medium_pothole,131,171,172,180,41,9,369,0.1366666666666666,0.0203619909502262,0.0027828054298642,1,4.555555555555555,5.91350300563827,medium_pothole,0.215445369151324,0.672971444377449,0.11158318647122652,0.672971444377449
img-361.jpg,533,300,medium_pothole,246,58,493,238,247,180,44460,0.4634146341463415,0.6,0.2780487804878049,1,1.3722222222222222,10.702367679393,major_pothole,0.7825604058362353,0.1905393593937703,0.026900234769994313,0.7825604058362353
img-362.jpg,480,300,medium_pothole,169,239,285,268,116,29,3364,0.2416666666666666,0.0966666666666666,0.0233611111111111,1,4.0,8.121183242078828,major_pothole,0.5249651080188383,0.4111403860924578,0.06389450588870409,0.5249651080188383
img-362.jpg,480,300,major_pothole,52,217,202,245,150,28,4200,0.3125,0.0933333333333333,0.0291666666666666,0,5.357142857142857,8.343077871169383,major_pothole,0.7114433279319771,0.2159097126498859,0.07264695941813698,0.7114433279319771
img-363.jpg,300,400,major_pothole,65,122,229,299,164,177,29028,0.5466666666666666,0.4425,0.2419,0,0.9265536723163842,10.276050609301695,major_pothole,0.8060134396554143,0.17317215855597073,0.020814401788615104,0.8060134396554143
img-364.jpg,451,300,major_pothole,104,196,328,300,224,104,23296,0.4966740576496674,0.3466666666666667,0.172180339985218,0,2.1538461538461537,10.056079875899302,major_pothole,0.7492677511814064,0.20336051840149216,0.04737173041710124,0.7492677511814064
img-365.jpg,571,300,medium_pothole,426,119,487,135,61,16,976,0.1068301225919439,0.0533333333333333,0.005697606538237,1,3.8125,6.884486652042782,medium_pothole,0.2244726144326895,0.6484334235956875,0.1270939619716228,0.6484334235956875
img-365.jpg,571,300,major_pothole,411,135,571,185,160,50,8000,0.2802101576182136,0.1666666666666666,0.0467016929363689,0,3.2,8.987321812850125,major_pothole,0.7067965195045652,0.22922305709804702,0.06398042339738773,0.7067965195045652
img-365.jpg,571,300,major_pothole,1,136,348,243,347,107,37129,0.6077057793345009,0.3566666666666667,0.2167483946293053,0,3.2429906542056073,10.522180547171125,major_pothole,0.7954490515500979,0.1788064052668631,0.0257445431830388,0.7954490515500979
img-365.jpg,571,300,major_pothole,430,223,571,300,141,77,10857,0.2469352014010508,0.2566666666666666,0.0633800350262697,0,1.8311688311688312,9.292657414465397,major_pothole,0.67979817045755,0.2511504129745976,0.06905141656785224,0.67979817045755
img-366.jpg,462,300,major_pothole,9,123,387,247,378,124,46872,0.8181818181818182,0.4133333333333333,0.3381818181818182,0,3.0483870967741935,10.755197095695797,major_pothole,0.7339634412976854,0.21709677070953984,0.048939787992774625,0.7339634412976854
img-367.jpg,449,300,major_pothole,150,81,258,210,108,129,13932,0.2405345211581291,0.43,0.1034298440979955,0,0.8372093023255814,9.542015406113592,major_pothole,0.7225776684774329,0.22877572410691843,0.048646607415648725,0.7225776684774329
img-368.jpg,533,300,medium_pothole,106,198,147,225,41,27,1107,0.0769230769230769,0.09,0.0069230769230769,1,1.5185185185185186,7.010311867307229,medium_pothole,0.11825664465869438,0.6341973271682547,0.24754602817305077,0.6341973271682547
img-368.jpg,533,300,major_pothole,158,160,256,211,98,51,4998,0.1838649155722326,0.17,0.0312570356472795,0,1.9215686274509804,8.51699317141357,medium_pothole,0.41774701622004334,0.5013839606588217,0.0808690231211348,0.5013839606588217
img-368.jpg,533,300,major_pothole,218,248,313,294,95,46,4370,0.1782363977485928,0.1533333333333333,0.0273295809881175,0,2.0652173913043477,8.382747094863314,medium_pothole,0.388217237435523,0.5250100163684321,0.08677274619604469,0.5250100163684321
img-368.jpg,533,300,minor_pothole,310,170,333,182,23,12,276,0.0431519699812382,0.04,0.0017260787992495,2,1.9166666666666667,5.6240175061873385,medium_pothole,0.10361794319011,0.6645160630952933,0.23186599371459646,0.6645160630952933
img-368.jpg,533,300,medium_pothole,270,74,311,82,41,8,328,0.0769230769230769,0.0266666666666666,0.002051282051282,1,5.125,5.796057750765372,medium_pothole,0.27561276866447215,0.622002002421097,0.10238522891443066,0.622002002421097
img-369.jpg,533,300,major_pothole,1,50,471,300,470,250,117500,0.8818011257035647,0.8333333333333334,0.7348342714196373,0,1.88,11.674202123168433,major_pothole,0.7644666107961942,0.13962778387113564,0.09590560533267022,0.7644666107961942
img-37.jpg,720,720,medium_pothole,180,323,396,425,216,102,22032,0.3,0.1416666666666666,0.0425,1,2.1176470588235294,10.000296608464188,medium_pothole,0.12081916130303537,0.6802922411429145,0.1988885975540499,0.6802922411429145
img-37.jpg,720,720,medium_pothole,305,273,525,331,220,58,12760,0.3055555555555556,0.0805555555555555,0.0246141975308641,1,3.793103448275862,9.454148923733976,medium_pothole,0.12145065669141908,0.6246580243598253,0.2538913189487556,0.6246580243598253
img-37.jpg,720,720,minor_pothole,537,285,626,333,89,48,4272,0.1236111111111111,0.0666666666666666,0.0082407407407407,2,1.8541666666666667,8.360071435644025,minor_pothole,0.06761570252355859,0.19733232868913278,0.7350519687873088,0.7350519687873088
img-370.jpg,695,300,major_pothole,164,209,345,289,181,80,14480,0.260431654676259,0.2666666666666666,0.0694484412470024,0,2.2625,9.580592724328602,major_pothole,0.7160711699451254,0.1861250635798987,0.0978037664749761,0.7160711699451254
img-371.jpg,600,300,major_pothole,356,52,447,138,91,86,7826,0.1516666666666666,0.2866666666666667,0.0434777777777777,0,1.058139534883721,8.965334573804839,medium_pothole,0.44531936550048573,0.46639060411656574,0.08829003038294837,0.46639060411656574
img-372.jpg,479,300,medium_pothole,141,157,310,251,169,94,15886,0.3528183716075156,0.3133333333333333,0.1105497564370215,1,1.797872340425532,9.673256443720023,major_pothole,0.7340897728079995,0.19522609829918625,0.07068412889281418,0.7340897728079995
img-373.jpg,450,300,medium_pothole,104,133,348,263,244,130,31720,0.5422222222222223,0.4333333333333333,0.2349629629629629,1,1.876923076923077,10.364734201103053,major_pothole,0.7640572572618527,0.21002678004037326,0.025915962697774134,0.7640572572618527
img-374.jpg,383,300,major_pothole,92,196,269,276,177,80,14160,0.4621409921671018,0.2666666666666666,0.1232375979112271,0,2.2125,9.55824698622306,major_pothole,0.7719024012281798,0.16845177522414664,0.059645823547673595,0.7719024012281798
img-374.jpg,383,300,minor_pothole,226,98,349,116,123,18,2214,0.3211488250652741,0.06,0.0192689295039164,2,6.833333333333333,7.703007682479236,major_pothole,0.7706142243358544,0.15234718764579874,0.0770385880183469,0.7706142243358544
img-374.jpg,383,300,medium_pothole,1,89,42,97,41,8,328,0.1070496083550913,0.0266666666666666,0.0028546562228024,1,5.125,5.796057750765372,medium_pothole,0.27143569284573266,0.6372926345526356,0.09127167260163169,0.6372926345526356
img-375.jpg,450,300,medium_pothole,105,225,200,260,95,35,3325,0.2111111111111111,0.1166666666666666,0.0246296296296296,1,2.7142857142857144,8.109525659752872,medium_pothole,0.40234188844518654,0.5279061321468479,0.06975197940796549,0.5279061321468479
img-375.jpg,450,300,minor_pothole,162,187,216,199,54,12,648,0.12,0.04,0.0048,2,4.5,6.47543271670409,medium_pothole,0.24729281868957972,0.6555623822018399,0.09714479910858047,0.6555623822018399
img-376.jpg,530,300,medium_pothole,158,164,235,185,77,21,1617,0.1452830188679245,0.07,0.0101698113207547,1,3.6666666666666665,7.388946097618437,medium_pothole,0.26274240509194663,0.6280633649327708,0.10919422997528264,0.6280633649327708
img-376.jpg,530,300,medium_pothole,319,186,386,211,67,25,1675,0.1264150943396226,0.0833333333333333,0.0105345911949685,1,2.68,7.424165281042028,medium_pothole,0.22849541670482185,0.6281866064451093,0.14331797685006897,0.6281866064451093
img-377.jpg,534,300,medium_pothole,235,53,284,62,49,9,441,0.0917602996254681,0.03,0.002752808988764,1,5.444444444444445,6.091309882077698,medium_pothole,0.32436161104189704,0.5833239243498716,0.09231446460823126,0.5833239243498716
img-377.jpg,534,300,major_pothole,135,133,392,259,257,126,32382,0.4812734082397004,0.42,0.2021348314606741,0,2.0396825396825395,10.385388872723718,major_pothole,0.7691659995591593,0.20286211541935367,0.027971885021487248,0.7691659995591593
img-378.jpg,400,300,major_pothole,209,158,366,263,157,105,16485,0.3925,0.35,0.137375,0,1.4952380952380953,9.710266814873172,major_pothole,0.7437463723179081,0.20136862056526106,0.05488500711683089,0.7437463723179081
img-379.jpg,425,300,medium_pothole,128,166,289,220,161,54,8694,0.3788235294117647,0.18,0.0681882352941176,1,2.9814814814814814,9.070503426788383,major_pothole,0.7872910848772742,0.16929318574312682,0.04341572937959902,0.7872910848772742
img-38.jpg,720,720,medium_pothole,239,220,465,447,226,227,51302,0.3138888888888889,0.3152777777777777,0.0989621913580247,1,0.9955947136563876,10.845504508981163,medium_pothole,0.20518600145499985,0.6615191931794212,0.13329480536557897,0.6615191931794212
img-38.jpg,720,720,minor_pothole,397,168,462,211,65,43,2795,0.0902777777777777,0.0597222222222222,0.0053915895061728,2,1.5116279069767442,7.935945103353701,minor_pothole,0.04249909055921807,0.17981734859925247,0.7776835608415291,0.7776835608415291
img-380.jpg,450,300,major_pothole,54,39,393,242,339,203,68817,0.7533333333333333,0.6766666666666666,0.5097555555555555,0,1.6699507389162562,11.1392206176098,major_pothole,0.7983570226381026,0.12522968055906622,0.07641329680283114,0.7983570226381026
img-381.jpg,300,400,major_pothole,57,126,254,309,197,183,36051,0.6566666666666666,0.4575,0.300425,0,1.0765027322404372,10.4927176196763,major_pothole,0.7870205961141216,0.18631408990892578,0.026665313976952206,0.7870205961141216
img-382.jpg,451,300,medium_pothole,4,216,172,245,168,29,4872,0.3725055432372505,0.0966666666666666,0.0360088691796008,1,5.793103448275862,8.491465042843506,major_pothole,0.7705545587835979,0.15940660215190136,0.07003883906450056,0.7705545587835979
img-382.jpg,451,300,major_pothole,83,192,199,213,116,21,2436,0.2572062084257206,0.07,0.0180044345898004,0,5.523809523809524,7.798523053625206,major_pothole,0.6307271093816764,0.29779299016134875,0.0714799004569748,0.6307271093816764
img-382.jpg,451,300,major_pothole,233,168,297,176,64,8,512,0.1419068736141907,0.0266666666666666,0.0037841832963784,0,8.0,6.240275845170769,major_pothole,0.6213451767138065,0.28197619519595757,0.09667862809023618,0.6213451767138065
img-383.jpg,425,300,major_pothole,49,157,99,172,50,15,750,0.1176470588235294,0.05,0.0058823529411764,0,3.3333333333333335,6.621405651764134,medium_pothole,0.20169831483192685,0.6763949497934572,0.12190673537461574,0.6763949497934572
img-383.jpg,425,300,medium_pothole,99,182,138,200,39,18,702,0.0917647058823529,0.06,0.0055058823529411,1,2.1666666666666665,6.555356891810665,medium_pothole,0.14462610203218682,0.6529883183015971,0.20238557966621612,0.6529883183015971
img-383.jpg,425,300,medium_pothole,151,153,194,166,43,13,559,0.1011764705882353,0.0433333333333333,0.0043843137254901,1,3.3076923076923075,6.327936783729195,medium_pothole,0.1924725462185111,0.6721624348653364,0.13536501891615232,0.6721624348653364
img-383.jpg,425,300,medium_pothole,245,168,299,186,54,18,972,0.1270588235294117,0.06,0.0076235294117647,1,3.0,6.880384082186005,medium_pothole,0.20450705868048832,0.6695194041281546,0.125973537191357,0.6695194041281546
img-383.jpg,425,300,major_pothole,142,213,287,253,145,40,5800,0.3411764705882353,0.1333333333333333,0.0454901960784313,0,3.625,8.665785595466064,major_pothole,0.7510975850499191,0.2092672600033717,0.03963515494670931,0.7510975850499191
img-383.jpg,425,300,medium_pothole,1,127,51,138,50,11,550,0.1176470588235294,0.0366666666666666,0.004313725490196,1,4.545454545454546,6.311734809152915,medium_pothole,0.24386837514924134,0.6607808870624986,0.09535073778825993,0.6607808870624986
img-383.jpg,425,300,medium_pothole,116,122,145,130,29,8,232,0.068235294117647,0.0266666666666666,0.0018196078431372,1,3.625,5.4510384535657,medium_pothole,0.18556782487139042,0.6592200073989551,0.15521216772965438,0.6592200073989551
img-384.jpg,402,300,major_pothole,146,101,360,259,214,158,33812,0.5323383084577115,0.5266666666666666,0.2803648424543947,0,1.3544303797468353,10.428600622910189,major_pothole,0.769105507262236,0.20970791355557636,0.021186579182187394,0.769105507262236
img-384.jpg,402,300,medium_pothole,34,54,151,118,117,64,7488,0.291044776119403,0.2133333333333333,0.0620895522388059,1,1.828125,8.921190556249368,major_pothole,0.6432591800787822,0.3117082161808236,0.045032603740394264,0.6432591800787822
img-385.jpg,457,300,major_pothole,33,73,441,278,408,205,83640,0.8927789934354485,0.6833333333333333,0.6100656455142232,0,1.9902439024390244,11.33428910947301,major_pothole,0.8132192347295198,0.10661995072973951,0.08016081454074092,0.8132192347295198
img-386.jpg,494,300,major_pothole,118,66,485,276,367,210,77070,0.742914979757085,0.7,0.5200404858299595,0,1.7476190476190476,11.252482353905197,major_pothole,0.8254244087501273,0.10292111466225831,0.07165447658761424,0.8254244087501273
img-387.jpg,401,300,medium_pothole,129,137,324,209,195,72,14040,0.486284289276808,0.24,0.1167082294264339,1,2.7083333333333335,9.549736900114642,major_pothole,0.7726316508315998,0.16744980658637218,0.05991854258202806,0.7726316508315998
img-387.jpg,401,300,minor_pothole,339,183,401,208,62,25,1550,0.1546134663341646,0.0833333333333333,0.012884455527847,2,2.48,7.346655163176539,medium_pothole,0.22567964915979052,0.6622502988353066,0.11207005200490278,0.6622502988353066
img-388.jpg,400,300,medium_pothole,148,137,225,213,77,76,5852,0.1925,0.2533333333333333,0.0487666666666666,1,1.013157894736842,8.67470962929122,medium_pothole,0.3591994613053446,0.5638003430605686,0.07700019563408661,0.5638003430605686
img-388.jpg,400,300,medium_pothole,178,92,201,104,23,12,276,0.0575,0.04,0.0023,1,1.9166666666666667,5.6240175061873385,medium_pothole,0.10436951993640754,0.6837845670864225,0.21184591297716995,0.6837845670864225
27592eb4-img-389.jpg,480,300,major_pothole,0,159,235,298,235,139,32665,0.4895833333333333,0.4633333333333333,0.2268402777777777,0,1.6906474820143884,10.394090060613085,major_pothole,0.7679945374546449,0.20879972064669614,0.023205741898658965,0.7679945374546449
27592eb4-img-389.jpg,480,300,medium_pothole,204,132,238,148,34,16,544,0.0708333333333333,0.0533333333333333,0.0037777777777777,1,2.125,6.300785794663244,medium_pothole,0.12625523122555976,0.6489513143013306,0.22479345447310986,0.6489513143013306
27592eb4-img-389.jpg,480,300,major_pothole,173,90,270,120,97,30,2910,0.2020833333333333,0.1,0.0202083333333333,0,3.2333333333333334,7.976251943745623,medium_pothole,0.3881120497962086,0.5351614289392124,0.07672652126457917,0.5351614289392124
27592eb4-img-389.jpg,480,300,major_pothole,252,69,320,80,68,11,748,0.1416666666666666,0.0366666666666666,0.0051944444444444,0,6.181818181818182,6.618738983517219,major_pothole,0.4952362970552387,0.42668244074821843,0.0780812621965428,0.4952362970552387
27592eb4-img-389.jpg,480,300,major_pothole,308,102,456,128,148,26,3848,0.3083333333333333,0.0866666666666666,0.0267222222222222,0,5.6923076923076925,8.255568653283746,major_pothole,0.7108424738877764,0.20985126754484953,0.07930625856737415,0.7108424738877764
27592eb4-img-389.jpg,480,300,medium_pothole,281,57,320,62,39,5,195,0.08125,0.0166666666666666,0.0013541666666666,1,7.8,5.278114659230517,major_pothole,0.4965059780327651,0.38520373729527857,0.11829028467195644,0.4965059780327651
img-39.jpg,720,720,medium_pothole,204,211,470,503,266,292,77672,0.3694444444444444,0.4055555555555555,0.1498302469135802,1,0.910958904109589,11.260262985619487,medium_pothole,0.12129486290865395,0.6503771747397338,0.22832796235161237,0.6503771747397338
img-390.jpg,300,400,major_pothole,60,30,247,328,187,298,55726,0.6233333333333333,0.745,0.4643833333333333,0,0.62751677852349,10.928220048143892,major_pothole,0.7347247445765457,0.16551187568344805,0.09976337974000629,0.7347247445765457
img-391.jpg,400,300,major_pothole,296,214,338,244,42,30,1260,0.105,0.1,0.0105,0,1.4,7.13966033596492,medium_pothole,0.12935395516647985,0.6678691988801816,0.2027768459533386,0.6678691988801816
img-391.jpg,400,300,major_pothole,134,84,290,183,156,99,15444,0.39,0.33,0.1287,0,1.5757575757575757,9.645040605352682,major_pothole,0.7423614047537445,0.19940639276141023,0.058232202484845196,0.7423614047537445
img-391.jpg,400,300,major_pothole,76,65,153,101,77,36,2772,0.1925,0.12,0.0231,0,2.138888888888889,7.927685045615778,medium_pothole,0.30591867596801897,0.6129472387004399,0.08113408533154118,0.6129472387004399
img-391.jpg,400,300,medium_pothole,17,50,55,73,38,23,874,0.095,0.0766666666666666,0.0072833333333333,1,1.6521739130434783,6.774223886357614,medium_pothole,0.12243883999721891,0.6671016945893058,0.21045946541347563,0.6671016945893058
img-391.jpg,400,300,minor_pothole,1,28,22,43,21,15,315,0.0525,0.05,0.002625,2,1.4,5.755742213586912,medium_pothole,0.08950204927476674,0.6932765522559943,0.21722139846923907,0.6932765522559943
58c33a05-img-392.jpg,449,300,medium_pothole,205,164,247,172,42,8,336,0.0935412026726058,0.0266666666666666,0.0024944320712694,1,5.25,5.820082930352362,medium_pothole,0.28661970112847507,0.6189309350502064,0.09444936382131798,0.6189309350502064
58c33a05-img-392.jpg,449,300,medium_pothole,219,189,349,203,130,14,1820,0.289532293986637,0.0466666666666666,0.0135115070527097,1,9.285714285714286,7.507141079727608,major_pothole,0.5484892847877229,0.3501178665728937,0.10139284863938329,0.5484892847877229
58c33a05-img-392.jpg,449,300,medium_pothole,204,282,397,299,193,17,3281,0.4298440979955457,0.0566666666666666,0.0243578322197475,1,11.352941176470589,8.096208271650037,medium_pothole,0.21587916259975706,0.6859247664122619,0.09819607098798115,0.6859247664122619
58c33a05-img-392.jpg,449,300,medium_pothole,385,207,429,227,44,20,880,0.0979955456570155,0.0666666666666666,0.0065330363771343,1,2.2,6.78105762593618,medium_pothole,0.15923368872883484,0.6424199033940553,0.19834640787710958,0.6424199033940553
58c33a05-img-392.jpg,449,300,medium_pothole,328,221,448,263,120,42,5040,0.267260579064588,0.14,0.0374164810690423,1,2.857142857142857,8.525359754082631,major_pothole,0.6054241412499137,0.3471014191343769,0.04747443961570925,0.6054241412499137
img-393.jpg,450,300,major_pothole,157,99,296,142,139,43,5977,0.3088888888888889,0.1433333333333333,0.044274074074074,0,3.2325581395348837,8.695841342843883,major_pothole,0.710436045351487,0.24671693625424368,0.04284701839426946,0.710436045351487
img-393.jpg,450,300,medium_pothole,153,198,281,257,128,59,7552,0.2844444444444444,0.1966666666666666,0.0559407407407407,1,2.169491525423729,8.929700114313448,major_pothole,0.67228989330442,0.28098206963518285,0.046728037060397194,0.67228989330442
img-394.jpg,450,300,medium_pothole,1,150,139,235,138,85,11730,0.3066666666666666,0.2833333333333333,0.0868888888888888,1,1.6235294117647059,9.369990189505721,major_pothole,0.7046704572382679,0.23495644201139002,0.06037310075034217,0.7046704572382679
img-394.jpg,450,300,medium_pothole,131,2,433,138,302,136,41072,0.6711111111111111,0.4533333333333333,0.304237037037037,1,2.2205882352941178,10.623106250301866,major_pothole,0.7560020636383206,0.2122447832383858,0.03175315312329365,0.7560020636383206
img-395.jpg,451,300,medium_pothole,218,146,248,157,30,11,330,0.0665188470066518,0.0366666666666666,0.0024390243902439,1,2.727272727272727,5.802118375377063,medium_pothole,0.1484903030319602,0.6529782514468846,0.19853144552115512,0.6529782514468846
img-395.jpg,451,300,medium_pothole,29,210,114,253,85,43,3655,0.188470066518847,0.1433333333333333,0.0270140428677014,1,1.9767441860465116,8.204124932574041,medium_pothole,0.3452084186955482,0.5725627623884625,0.08222881891598963,0.5725627623884625
img-395.jpg,451,300,medium_pothole,162,221,267,263,105,42,4410,0.2328159645232816,0.14,0.0325942350332594,1,2.5,8.39185670010494,major_pothole,0.4922995207192868,0.4495802996891585,0.05812017959155465,0.4922995207192868
img-396.jpg,533,300,major_pothole,1,39,533,246,532,207,110124,0.99812382739212,0.69,0.6887054409005628,0,2.570048309178744,11.60937136323848,major_pothole,0.7832803020189082,0.11609537516707646,0.10062432281401548,0.7832803020189082
img-397.jpg,533,300,medium_pothole,337,248,398,273,61,25,1525,0.1144465290806754,0.0833333333333333,0.0095372107567229,1,2.44,7.330405211844402,medium_pothole,0.20962793962106124,0.6228431944511837,0.1675288659277548,0.6228431944511837
img-397.jpg,533,300,medium_pothole,178,147,281,169,103,22,2266,0.1932457786116322,0.0733333333333333,0.0141713570981863,1,4.681818181818182,7.726212650507529,medium_pothole,0.42636090704381063,0.4877179619188319,0.08592113103735745,0.4877179619188319
img-397.jpg,533,300,medium_pothole,147,118,225,147,78,29,2262,0.1463414634146341,0.0966666666666666,0.0141463414634146,1,2.689655172413793,7.724446645633537,medium_pothole,0.26769283375928005,0.6118418583619722,0.12046530787874767,0.6118418583619722
img-398.jpg,684,300,major_pothole,31,40,607,300,576,260,149760,0.8421052631578947,0.8666666666666667,0.7298245614035088,0,2.2153846153846155,11.916795969039553,major_pothole,0.7084422339832368,0.17644154310320956,0.11511622291355345,0.7084422339832368
img-399.jpg,447,300,medium_pothole,342,137,369,153,27,16,432,0.0604026845637583,0.0533333333333333,0.0032214765100671,1,1.6875,6.07073772800249,medium_pothole,0.10054802251033776,0.673291829141069,0.22616014834859308,0.673291829141069
img-399.jpg,447,300,major_pothole,222,96,334,118,112,22,2464,0.2505592841163311,0.0733333333333333,0.0183743475018642,0,5.090909090909091,7.80994708647679,major_pothole,0.5821603631088461,0.35087005771805135,0.06696957917310235,0.5821603631088461
img-399.jpg,447,300,medium_pothole,3,146,109,233,106,87,9222,0.2371364653243848,0.29,0.0687695749440715,1,1.2183908045977012,9.129455643235719,major_pothole,0.5758184381598437,0.36025856699011954,0.06392299485003682,0.5758184381598437
img-399.jpg,447,300,medium_pothole,1,237,46,300,45,63,2835,0.1006711409395973,0.21,0.0211409395973154,1,0.7142857142857143,7.950149887652018,medium_pothole,0.15135948276653993,0.6921587623324397,0.15648175490102043,0.6921587623324397
img-399.jpg,447,300,major_pothole,168,214,334,294,166,80,13280,0.3713646532438479,0.2666666666666666,0.0990305741983594,0,2.075,9.49408972140025,major_pothole,0.7507874156110301,0.18442419338077295,0.0647883910081969,0.7507874156110301
img-399.jpg,447,300,minor_pothole,322,197,357,219,35,22,770,0.0782997762863534,0.0733333333333333,0.0057419835943325,2,1.5909090909090908,6.647688373563329,medium_pothole,0.1097097015422934,0.6605365743982198,0.2297537240594869,0.6605365743982198
img-399.jpg,447,300,medium_pothole,206,150,264,174,58,24,1392,0.1297539149888143,0.08,0.0103803131991051,1,2.4166666666666665,7.239214973779806,medium_pothole,0.20721592353017884,0.6482593843721186,0.14452469209770236,0.6482593843721186
img-399.jpg,447,300,minor_pothole,160,182,187,194,27,12,324,0.0604026845637583,0.04,0.0024161073825503,2,2.25,5.783825182329737,medium_pothole,0.11991896334088177,0.6652252667411332,0.21485576991798508,0.6652252667411332
img-399.jpg,447,300,minor_pothole,138,119,165,132,27,13,351,0.0604026845637583,0.0433333333333333,0.0026174496644295,2,2.076923076923077,5.863631175598097,medium_pothole,0.11317225378276573,0.6682285630858275,0.21859918313140725,0.6682285630858275
img-399.jpg,447,300,medium_pothole,290,125,340,145,50,20,1000,0.1118568232662192,0.0666666666666666,0.0074571215510812,1,2.5,6.90875477931522,medium_pothole,0.18667047886134816,0.647662676860209,0.1656668442784432,0.647662676860209
img-399.jpg,447,300,minor_pothole,312,153,333,163,21,10,210,0.046979865771812,0.0333333333333333,0.001565995525727,2,2.1,5.351858133476067,medium_pothole,0.10740359437004764,0.67387058303589,0.2187258225940626,0.67387058303589
img-399.jpg,447,300,minor_pothole,362,176,387,193,25,17,425,0.0559284116331096,0.0566666666666666,0.0031692766592095,2,1.4705882352941178,6.054439346269371,medium_pothole,0.09283841448628737,0.6792121499651238,0.227949435548589,0.6792121499651238
img-399.jpg,447,300,minor_pothole,344,225,371,243,27,18,486,0.0604026845637583,0.06,0.0036241610738255,2,1.5,6.18826412308259,medium_pothole,0.09487820826595714,0.6758409777586286,0.22928081397541408,0.6758409777586286
img-399.jpg,447,300,major_pothole,134,90,210,103,76,13,988,0.1700223713646532,0.0433333333333333,0.0073676360924683,0,5.846153846153846,6.8966943316227125,major_pothole,0.4857590292340084,0.4380853279203002,0.07615564284569133,0.4857590292340084
img-4.jpg,720,720,medium_pothole,177,273,576,539,399,266,106134,0.5541666666666667,0.3694444444444444,0.2047337962962963,1,1.5,11.572467147678545,medium_pothole,0.19148529797809516,0.6962312683551367,0.11228343366676799,0.6962312683551367
img-40.jpg,720,720,medium_pothole,270,224,478,477,208,253,52624,0.2888888888888888,0.3513888888888888,0.1015123456790123,1,0.8221343873517787,10.870946570984682,medium_pothole,0.18688249926551875,0.6520873527330815,0.1610301480013999,0.6520873527330815
img-400.jpg,533,300,major_pothole,164,90,452,294,288,204,58752,0.5403377110694184,0.68,0.3674296435272045,0,1.411764705882353,10.981097494532479,major_pothole,0.7557255908150333,0.16841665489037808,0.0758577542945888,0.7557255908150333
img-401.jpg,533,300,major_pothole,155,189,466,239,311,50,15550,0.5834896810506567,0.1666666666666666,0.0972482801751094,0,6.22,9.651880224221337,major_pothole,0.7689168607428225,0.19126791520611444,0.03981522405106321,0.7689168607428225
img-402.jpg,449,300,major_pothole,201,14,317,147,116,133,15428,0.2583518930957684,0.4433333333333333,0.1145360059391239,0,0.8721804511278195,9.644004134443026,major_pothole,0.7490614678011027,0.2082625106088724,0.04267602159002492,0.7490614678011027
img-403.jpg,527,300,major_pothole,139,160,491,269,352,109,38368,0.6679316888045541,0.3633333333333333,0.2426818469323213,0,3.229357798165138,10.555005120873751,major_pothole,0.7799720915085537,0.19190421345031838,0.02812369504112804,0.7799720915085537
img-404.jpg,467,300,major_pothole,165,90,389,266,224,176,39424,0.4796573875802998,0.5866666666666667,0.2813990007137759,0,1.2727272727272727,10.58215541183124,major_pothole,0.7704957938962816,0.20687011174579759,0.022634094357920742,0.7704957938962816
img-404.jpg,467,300,minor_pothole,90,150,136,174,46,24,1104,0.0985010706638115,0.08,0.0078800856531049,2,1.9166666666666667,7.007600613951853,medium_pothole,0.15317103647047467,0.6363912266772775,0.2104377368522477,0.6363912266772775
img-404.jpg,467,300,medium_pothole,57,89,103,118,46,29,1334,0.0985010706638115,0.0966666666666666,0.0095217701641684,1,1.5862068965517242,7.19668657083435,medium_pothole,0.142627818778707,0.6410917374577847,0.21628044376350808,0.6410917374577847
img-405.jpg,400,300,medium_pothole,78,201,191,299,113,98,11074,0.2825,0.3266666666666666,0.0922833333333333,1,1.153061224489796,9.312445594913337,major_pothole,0.6503168325347314,0.2910754487728203,0.05860771869244824,0.6503168325347314
img-405.jpg,400,300,medium_pothole,1,104,131,170,130,66,8580,0.325,0.22,0.0715,1,1.9696969696969697,9.057305735807121,major_pothole,0.7127170207344271,0.24396581941750936,0.04331715984806351,0.7127170207344271
img-405.jpg,400,300,minor_pothole,132,124,173,151,41,27,1107,0.1025,0.09,0.009225,2,1.5185185185185186,7.010311867307229,medium_pothole,0.12853460174385806,0.665867555983061,0.2055978422730812,0.665867555983061
img-405.jpg,400,300,medium_pothole,195,156,313,227,118,71,8378,0.295,0.2366666666666666,0.0698166666666666,1,1.6619718309859155,9.033483854613287,major_pothole,0.651633411582802,0.3004045810385988,0.04796200737859932,0.651633411582802
img-405.jpg,400,300,medium_pothole,203,111,311,150,108,39,4212,0.27,0.13,0.0351,1,2.769230769230769,8.345930261979017,major_pothole,0.559018941313716,0.3965684505516896,0.04441260813459452,0.559018941313716
img-405.jpg,400,300,minor_pothole,244,84,302,105,58,21,1218,0.145,0.07,0.01015,2,2.761904761904762,7.105786129481271,medium_pothole,0.21413807446333225,0.6708970064723533,0.11496491906431436,0.6708970064723533
img-405.jpg,400,300,minor_pothole,159,80,210,96,51,16,816,0.1275,0.0533333333333333,0.0068,2,3.1875,6.705639094860003,medium_pothole,0.20189061185609405,0.6810226543715828,0.11708673377232319,0.6810226543715828
img-405.jpg,400,300,minor_pothole,368,163,400,195,32,32,1024,0.08,0.1066666666666666,0.0085333333333333,2,1.0,6.932447891572509,medium_pothole,0.08845100183599046,0.6955309692533764,0.21601802891063332,0.6955309692533764
img-406.jpg,454,300,major_pothole,74,42,454,282,380,240,91200,0.8370044052863436,0.8,0.6696035242290749,0,1.5833333333333333,11.420821140914589,major_pothole,0.8018384140859283,0.11361961084134864,0.08454197507272312,0.8018384140859283
img-407.jpg,400,300,medium_pothole,66,184,128,196,62,12,744,0.155,0.04,0.0062,1,5.166666666666667,6.61338421837956,medium_pothole,0.3439818240443142,0.5768942627601379,0.07912391319554772,0.5768942627601379
img-407.jpg,400,300,medium_pothole,38,218,104,242,66,24,1584,0.165,0.08,0.0132,1,2.75,7.368339686311381,medium_pothole,0.24154954428591546,0.6599112677356835,0.09853918797840087,0.6599112677356835
img-407.jpg,400,300,major_pothole,151,233,269,287,118,54,6372,0.295,0.18,0.0531,0,2.185185185185185,8.759825595314295,major_pothole,0.6492777016915238,0.3103344659260102,0.04038783238246619,0.6492777016915238
img-407.jpg,400,300,medium_pothole,298,180,343,192,45,12,540,0.1125,0.04,0.0045,1,3.75,6.293419278846481,medium_pothole,0.2034069199575335,0.6861941999305536,0.1103988801119129,0.6861941999305536
img-407.jpg,400,300,medium_pothole,308,208,379,231,71,23,1633,0.1775,0.0766666666666666,0.0136083333333333,1,3.0869565217391304,7.3987862754199485,medium_pothole,0.2643158874048371,0.6488437738793906,0.08684033871577204,0.6488437738793906
img-407.jpg,400,300,medium_pothole,365,244,400,284,35,40,1400,0.0875,0.1333333333333333,0.0116666666666666,1,0.875,7.244941546337007,medium_pothole,0.09683587817465648,0.6990273116434065,0.20413681018193697,0.6990273116434065
img-407.jpg,400,300,medium_pothole,162,142,235,156,73,14,1022,0.1825,0.0466666666666666,0.0085166666666666,1,5.214285714285714,6.930494765951626,medium_pothole,0.40283823333331464,0.5231562107153133,0.07400555595137227,0.5231562107153133
img-407.jpg,400,300,minor_pothole,110,126,135,137,25,11,275,0.0625,0.0366666666666666,0.0022916666666666,2,2.272727272727273,5.62040086571715,medium_pothole,0.11846202949658684,0.675539941052958,0.2059980294504551,0.675539941052958
img-407.jpg,400,300,medium_pothole,159,105,192,113,33,8,264,0.0825,0.0266666666666666,0.0022,1,4.125,5.579729825986222,medium_pothole,0.2038434424412204,0.6744987964520046,0.1216577611067751,0.6744987964520046
img-408.jpg,450,300,medium_pothole,214,177,289,197,75,20,1500,0.1666666666666666,0.0666666666666666,0.0111111111111111,1,3.75,7.313886831633462,medium_pothole,0.27524041673847505,0.6332012187732274,0.09155836448829749,0.6332012187732274
img-408.jpg,450,300,minor_pothole,271,157,298,166,27,9,243,0.06,0.03,0.0018,2,3.0,5.497168225293202,medium_pothole,0.15554158708682228,0.6515380499827647,0.19292036293041284,0.6515380499827647
img-408.jpg,450,300,medium_pothole,116,219,258,298,142,79,11218,0.3155555555555555,0.2633333333333333,0.0830962962962963,1,1.7974683544303798,9.325364048544964,major_pothole,0.717716029218611,0.22429814068871612,0.057985830092672795,0.717716029218611
img-409.jpg,455,300,minor_pothole,12,186,107,239,95,53,5035,0.2087912087912088,0.1766666666666666,0.0368864468864468,2,1.7924528301886793,8.524367395164237,medium_pothole,0.4300610471752611,0.5020544256099186,0.06788452721482023,0.5020544256099186
img-409.jpg,455,300,medium_pothole,170,64,413,145,243,81,19683,0.5340659340659341,0.27,0.1441978021978022,1,3.0,9.887561401985868,major_pothole,0.7390039209696564,0.2060030841936607,0.05499299483668284,0.7390039209696564
img-409.jpg,455,300,minor_pothole,274,189,342,258,68,69,4692,0.1494505494505494,0.23,0.0343736263736263,2,0.9855072463768116,8.453827315794417,medium_pothole,0.2680378134145051,0.6315726281743129,0.10038955841118204,0.6315726281743129
img-41.jpg,720,720,medium_pothole,167,233,562,399,395,166,65570,0.5486111111111112,0.2305555555555555,0.1264853395061728,1,2.3795180722891565,11.090888804018297,medium_pothole,0.25042296253995916,0.6685504506795966,0.08102658678044437,0.6685504506795966
img-41.jpg,720,720,medium_pothole,506,118,720,200,214,82,17548,0.2972222222222222,0.1138888888888888,0.0338503086419753,1,2.6097560975609757,9.772752247213607,medium_pothole,0.11668197911269432,0.6504962539911299,0.23282176689617576,0.6504962539911299
img-410.jpg,400,300,major_pothole,164,91,333,234,169,143,24167,0.4225,0.4766666666666667,0.2013916666666666,0,1.1818181818181819,10.092784723066508,major_pothole,0.7801950888760266,0.19678746225255375,0.02301744887141971,0.7801950888760266
img-411.jpg,442,300,medium_pothole,201,216,299,271,98,55,5390,0.2217194570135746,0.1833333333333333,0.0406485671191553,1,1.7818181818181817,8.592486175451668,medium_pothole,0.4635820648157354,0.4743954401716452,0.062022495012619284,0.4743954401716452
img-411.jpg,442,300,medium_pothole,209,137,289,165,80,28,2240,0.1809954751131221,0.0933333333333333,0.016892911010558,1,2.857142857142857,7.714677473800927,medium_pothole,0.298122091283394,0.6134769181422998,0.08840099057430602,0.6134769181422998
img-411.jpg,442,300,medium_pothole,252,112,316,131,64,19,1216,0.1447963800904977,0.0633333333333333,0.0091704374057315,1,3.3684210526315788,7.104144092987527,medium_pothole,0.2306089612722566,0.663398200985912,0.10599283774183156,0.663398200985912
img-411.jpg,442,300,medium_pothole,266,94,311,106,45,12,540,0.1018099547511312,0.04,0.0040723981900452,1,3.75,6.293419278846481,medium_pothole,0.20419436997937165,0.676232151350402,0.11957347867022627,0.676232151350402
img-411.jpg,442,300,medium_pothole,212,104,268,121,56,17,952,0.1266968325791855,0.0566666666666666,0.0071794871794871,1,3.2941176470588234,6.859614903654202,medium_pothole,0.21078777376443258,0.6704775024062021,0.11873472382936515,0.6704775024062021
img-411.jpg,442,300,medium_pothole,154,122,198,135,44,13,572,0.0995475113122171,0.0433333333333333,0.004313725490196,1,3.3846153846153846,6.35088571671474,medium_pothole,0.19532503068673024,0.6699957227382654,0.13467924657500444,0.6699957227382654
img-411.jpg,442,300,medium_pothole,157,111,193,122,36,11,396,0.0814479638009049,0.0366666666666666,0.0029864253393665,1,3.272727272727273,5.983936280687191,medium_pothole,0.18366327654752415,0.6599963952955619,0.15634032815691384,0.6599963952955619
img-411.jpg,442,300,medium_pothole,196,97,219,104,23,7,161,0.0520361990950226,0.0233333333333333,0.0012141779788838,1,3.2857142857142856,5.087596335232384,medium_pothole,0.15888704253048913,0.6463988735558671,0.19471408391364375,0.6463988735558671
img-411.jpg,442,300,medium_pothole,244,87,277,95,33,8,264,0.0746606334841629,0.0266666666666666,0.0019909502262443,1,4.125,5.579729825986222,medium_pothole,0.20625760062348097,0.6659339847851345,0.12780841459138462,0.6659339847851345
img-411.jpg,442,300,medium_pothole,228,80,263,88,35,8,280,0.0791855203619909,0.0266666666666666,0.0021116138763197,1,4.375,5.638354669333745,medium_pothole,0.21712317315271584,0.6658797678415155,0.11699705900576862,0.6658797678415155
img-411.jpg,442,300,minor_pothole,26,214,70,241,44,27,1188,0.0995475113122171,0.09,0.0089592760180995,2,1.6296296296296295,7.080867896690782,medium_pothole,0.1386620438839318,0.6485564113958261,0.212781544720242,0.6485564113958261
img-411.jpg,442,300,medium_pothole,257,69,281,76,24,7,168,0.0542986425339366,0.0233333333333333,0.0012669683257918,1,3.4285714285714284,5.1298987149230735,medium_pothole,0.16793192827502176,0.6464224161105757,0.18564565561440222,0.6464224161105757
img-411.jpg,442,300,minor_pothole,139,100,174,110,35,10,350,0.0791855203619909,0.0333333333333333,0.0026395173453996,2,3.5,5.860786223465865,medium_pothole,0.1894590852420782,0.6633415230205238,0.14719939173739824,0.6633415230205238
img-412.jpg,450,300,major_pothole,143,160,331,273,188,113,21244,0.4177777777777778,0.3766666666666666,0.1573629629629629,0,1.663716814159292,9.963876852548912,major_pothole,0.7499053913548865,0.20157073344846171,0.04852387519665182,0.7499053913548865
img-412.jpg,450,300,minor_pothole,1,130,51,154,50,24,1200,0.1111111111111111,0.08,0.0088888888888888,2,2.0833333333333335,7.0909098220799835,medium_pothole,0.17498320542744378,0.6400647176124545,0.18495207696010194,0.6400647176124545
img-413.jpg,533,300,medium_pothole,78,156,163,174,85,18,1530,0.1594746716697936,0.06,0.0095684803001876,1,4.722222222222222,7.333676395657684,medium_pothole,0.34275729704813535,0.5638020766389894,0.09344062631287516,0.5638020766389894
img-413.jpg,533,300,medium_pothole,236,123,322,137,86,14,1204,0.1613508442776735,0.0466666666666666,0.0075297060662914,1,6.142857142857143,7.094234845924755,major_pothole,0.5283567523961027,0.3872338622819836,0.08440938532191374,0.5283567523961027
img-413.jpg,533,300,major_pothole,277,147,401,177,124,30,3720,0.2326454033771107,0.1,0.023264540337711,0,4.133333333333334,8.221747728346623,major_pothole,0.5306488501857773,0.39693447577194696,0.07241667404227571,0.5306488501857773
img-414.jpg,439,300,medium_pothole,21,108,327,258,306,150,45900,0.6970387243735763,0.5,0.3485193621867881,1,2.04,10.734242182303689,major_pothole,0.7371918538147035,0.22021106123208936,0.042597084953207104,0.7371918538147035
img-415.jpg,400,300,major_pothole,150,138,261,184,111,46,5106,0.2775,0.1533333333333333,0.04255,0,2.4130434782608696,8.538367426647644,major_pothole,0.5921653058656569,0.36549636931630375,0.04233832481803928,0.5921653058656569
img-415.jpg,400,300,medium_pothole,84,79,158,97,74,18,1332,0.185,0.06,0.0111,1,4.111111111111111,7.195187320178709,medium_pothole,0.3057093978094619,0.6161355561973227,0.07815504599321531,0.6161355561973227
img-416.jpg,461,300,major_pothole,42,64,146,96,104,32,3328,0.2255965292841648,0.1066666666666666,0.0240636297903109,0,3.25,8.110427237575024,medium_pothole,0.45458389643046637,0.4808420187989965,0.06457408477053672,0.4808420187989965
img-416.jpg,461,300,major_pothole,144,110,371,211,227,101,22927,0.4924078091106291,0.3366666666666666,0.1657772957339117,0,2.2475247524752477,10.040114150067954,major_pothole,0.7465074416544945,0.20325019248896328,0.05024236585654225,0.7465074416544945
img-417.jpg,480,300,medium_pothole,85,95,421,251,336,156,52416,0.7,0.52,0.364,1,2.1538461538461537,10.866986245174834,major_pothole,0.7296603666416117,0.21684196116143117,0.053497672196957176,0.7296603666416117
img-418.jpg,450,300,medium_pothole,33,145,88,159,55,14,770,0.1222222222222222,0.0466666666666666,0.0057037037037037,1,3.9285714285714284,6.647688373563329,medium_pothole,0.22178606807980064,0.6717334844392311,0.10648044748096851,0.6717334844392311
img-418.jpg,450,300,medium_pothole,1,164,43,187,42,23,966,0.0933333333333333,0.0766666666666666,0.0071555555555555,1,1.826086956521739,6.874198495453294,medium_pothole,0.13731143666910037,0.6457370004111854,0.21695156291971449,0.6457370004111854
img-418.jpg,450,300,major_pothole,1,227,90,257,89,30,2670,0.1977777777777777,0.1,0.0197777777777777,0,2.966666666666667,7.890208213109961,medium_pothole,0.3525965061519942,0.5694952081600884,0.07790828568791744,0.5694952081600884
img-418.jpg,450,300,medium_pothole,150,158,238,193,88,35,3080,0.1955555555555555,0.1166666666666666,0.0228148148148148,1,2.5142857142857142,8.033009498596668,medium_pothole,0.3543639080814681,0.5667901417054635,0.07884595021306832,0.5667901417054635
img-418.jpg,450,300,medium_pothole,276,117,338,139,62,22,1364,0.1377777777777777,0.0733333333333333,0.0101037037037037,1,2.8181818181818183,7.21890970761906,medium_pothole,0.2209005495952046,0.6553420228347843,0.12375742757001112,0.6553420228347843
img-418.jpg,450,300,medium_pothole,257,95,291,103,34,8,272,0.0755555555555555,0.0266666666666666,0.0020148148148148,1,4.25,5.60947179518496,medium_pothole,0.21186234786149846,0.6650783170862735,0.12305933505222812,0.6650783170862735
img-418.jpg,450,300,minor_pothole,1,85,39,101,38,16,608,0.0844444444444444,0.0533333333333333,0.0045037037037037,2,2.375,6.411818267709897,medium_pothole,0.14967539225567583,0.6472697930702969,0.2030548146740272,0.6472697930702969
img-419.jpg,451,300,major_pothole,1,161,154,300,153,139,21267,0.3392461197339246,0.4633333333333333,0.1571840354767184,0,1.1007194244604317,9.964958874624228,major_pothole,0.7790256103377361,0.19103918101751854,0.029935208644745345,0.7790256103377361
img-419.jpg,451,300,major_pothole,208,14,344,201,136,187,25432,0.3015521064301552,0.6233333333333333,0.1879674796747967,0,0.7272727272727273,10.143802822358657,major_pothole,0.8534740331585331,0.13367960073431057,0.012846366107156528,0.8534740331585331
img-42.jpg,720,720,medium_pothole,368,386,509,480,141,94,13254,0.1958333333333333,0.1305555555555555,0.0255671296296296,1,1.5,9.492130118723125,medium_pothole,0.09147194308321524,0.5168364030031948,0.39169165391359,0.5168364030031948
img-42.jpg,720,720,major_pothole,41,265,386,381,345,116,40020,0.4791666666666667,0.1611111111111111,0.077199074074074,0,2.9741379310344827,10.597159595331789,medium_pothole,0.20692580417937373,0.7209869369293823,0.07208725889124379,0.7209869369293823
img-420.jpg,450,300,major_pothole,68,106,352,215,284,109,30956,0.6311111111111111,0.3633333333333333,0.2293037037037037,0,2.6055045871559632,10.340354423783824,major_pothole,0.763787739615722,0.20511115455981707,0.031101105824460806,0.763787739615722
img-421.jpg,533,300,medium_pothole,118,201,244,237,126,36,4536,0.2363977485928705,0.12,0.0283677298311444,1,3.5,8.420021279663963,major_pothole,0.5549567404522311,0.37962750924991784,0.06541575029785107,0.5549567404522311
img-421.jpg,533,300,medium_pothole,268,202,342,245,74,43,3182,0.1388367729831144,0.1433333333333333,0.019899937460913,1,1.7209302325581395,8.065579427282092,medium_pothole,0.26165822067237177,0.6093472680112563,0.12899451131637166,0.6093472680112563
img-421.jpg,533,300,medium_pothole,382,216,440,253,58,37,2146,0.1088180112570356,0.1233333333333333,0.0134208880550343,1,1.5675675675675675,7.671826797878781,medium_pothole,0.18771543162213747,0.6220409433827341,0.19024362499512829,0.6220409433827341
img-421.jpg,533,300,medium_pothole,318,83,335,94,17,11,187,0.0318949343339587,0.0366666666666666,0.0011694809255784,1,1.5454545454545454,5.236441962829949,medium_pothole,0.0913794950872845,0.6760199698344665,0.23260053507824902,0.6760199698344665
img-422.jpg,450,300,medium_pothole,46,158,446,288,400,130,52000,0.8888888888888888,0.4333333333333333,0.3851851851851852,1,3.076923076923077,10.859018228147887,major_pothole,0.7070744178035862,0.22769960797065866,0.06522597422575546,0.7070744178035862
img-423.jpg,443,300,major_pothole,118,152,291,232,173,80,13840,0.3905191873589165,0.2666666666666666,0.1041384499623777,0,2.1625,9.535390480896702,major_pothole,0.7547542178484011,0.17906270060111978,0.066183081550479,0.7547542178484011
img-424.jpg,533,300,medium_pothole,49,93,468,245,419,152,63688,0.7861163227016885,0.5066666666666667,0.3982989368355222,1,2.7565789473684212,11.061767142190178,major_pothole,0.7138085246053386,0.21553649823613008,0.07065497715853161,0.7138085246053386
img-425.jpg,400,300,medium_pothole,89,201,223,250,134,49,6566,0.335,0.1633333333333333,0.0547166666666666,1,2.7346938775510203,8.789812386190972,major_pothole,0.7367042874650341,0.22805659223320507,0.03523912030176097,0.7367042874650341
img-425.jpg,400,300,medium_pothole,230,165,386,195,156,30,4680,0.39,0.1,0.039,1,5.2,8.45126704130007,major_pothole,0.800672934142295,0.14986539319818148,0.04946167265952359,0.800672934142295
img-426.jpg,600,300,major_pothole,1,52,438,272,437,220,96140,0.7283333333333334,0.7333333333333333,0.5341111111111111,0,1.9863636363636363,11.473571142891672,major_pothole,0.8533167716682464,0.08401829794741411,0.06266493038433937,0.8533167716682464
img-427.jpg,300,300,major_pothole,43,75,241,181,198,106,20988,0.66,0.3533333333333333,0.2332,0,1.8679245283018868,9.951753769945617,major_pothole,0.8291271172493658,0.1345923234570026,0.036280559293631616,0.8291271172493658
img-428.jpg,300,356,major_pothole,87,291,197,341,110,50,5500,0.3666666666666666,0.1404494382022472,0.0514981273408239,0,2.2,8.612685172875459,major_pothole,0.6249009603362596,0.33575129582792906,0.039347743835811355,0.6249009603362596
img-428.jpg,300,356,medium_pothole,61,212,118,234,57,22,1254,0.19,0.0617977528089887,0.0117415730337078,1,2.590909090909091,7.134890851565884,medium_pothole,0.20924236910582933,0.679061818720395,0.11169581217377592,0.679061818720395
img-428.jpg,300,356,major_pothole,157,191,210,212,53,21,1113,0.1766666666666666,0.0589887640449438,0.0104213483146067,0,2.5238095238095237,7.01571242048723,medium_pothole,0.1956154905298502,0.6793180572228237,0.12506645224732596,0.6793180572228237
img-428.jpg,300,356,medium_pothole,159,159,191,171,32,12,384,0.1066666666666666,0.0337078651685393,0.0035955056179775,1,2.6666666666666665,5.953243334287785,medium_pothole,0.14761272099287867,0.6718216266657342,0.18056565234138736,0.6718216266657342
img-428.jpg,300,356,major_pothole,123,158,156,167,33,9,297,0.11,0.0252808988764044,0.0027808988764044,0,3.6666666666666665,5.697093486505405,medium_pothole,0.18108494037901585,0.6890480230932271,0.1298670365277571,0.6890480230932271
img-428.jpg,300,356,major_pothole,143,133,181,141,38,8,304,0.1266666666666666,0.0224719101123595,0.0028464419475655,0,4.75,5.720311776607412,medium_pothole,0.22797099494258014,0.6738461219473947,0.09818288311002535,0.6738461219473947
img-429.jpg,533,300,medium_pothole,52,68,486,189,434,121,52514,0.8142589118198874,0.4033333333333333,0.3284177611006879,1,3.5867768595041323,10.868854122056876,major_pothole,0.7078370358398599,0.23696006094923824,0.05520290321090184,0.7078370358398599
img-429.jpg,533,300,minor_pothole,41,220,211,288,170,68,11560,0.3189493433395872,0.2266666666666666,0.0722951844903064,2,2.5,9.355392643675321,major_pothole,0.7453966240765723,0.18616154706307286,0.06844182886035521,0.7453966240765723
img-43.jpg,720,720,major_pothole,257,115,545,263,288,148,42624,0.4,0.2055555555555555,0.0822222222222222,0,1.945945945945946,10.660196214585818,medium_pothole,0.2072446126605083,0.6962062967412972,0.09654909059819447,0.6962062967412972
img-43.jpg,720,720,medium_pothole,156,465,328,720,172,255,43860,0.2388888888888889,0.3541666666666667,0.0846064814814814,1,0.6745098039215687,10.68878082152957,medium_pothole,0.16480337387763444,0.638117907307287,0.19707871881507846,0.638117907307287
img-43.jpg,720,720,minor_pothole,0,127,58,207,58,80,4640,0.0805555555555555,0.1111111111111111,0.0089506172839506,2,0.725,8.442685139241176,minor_pothole,0.036195859326294974,0.21658980278704676,0.7472143378866584,0.7472143378866584
img-430.jpg,451,300,major_pothole,225,230,371,277,146,47,6862,0.3237250554323725,0.1566666666666666,0.0507169253510716,0,3.106382978723404,8.833899942908635,major_pothole,0.739593754458605,0.2176672458993722,0.04273899964202298,0.739593754458605
img-430.jpg,451,300,medium_pothole,128,51,170,63,42,12,504,0.0931263858093126,0.04,0.0037250554323725,1,3.5,6.22455842927536,medium_pothole,0.1960666119225929,0.6686439004142676,0.13528948766313922,0.6686439004142676
img-431.jpg,533,300,major_pothole,92,176,177,206,85,30,2550,0.1594746716697936,0.1,0.0159474671669793,0,2.8333333333333335,7.844240718141811,medium_pothole,0.2983876959927735,0.5945569642496241,0.10705533975760213,0.5945569642496241
img-431.jpg,533,300,major_pothole,119,197,435,255,316,58,18328,0.5928705440900562,0.1933333333333333,0.1146216385240775,0,5.448275862068965,9.816239783971849,major_pothole,0.7596534641590763,0.2043736496008515,0.03597288624007207,0.7596534641590763
img-431.jpg,533,300,major_pothole,273,256,533,300,260,44,11440,0.4878048780487805,0.1466666666666666,0.0715447154471544,0,5.909090909090909,9.344958673700944,major_pothole,0.7486835104839544,0.19937700309927192,0.05193948641677383,0.7486835104839544
img-431.jpg,533,300,medium_pothole,110,281,204,299,94,18,1692,0.1763602251407129,0.06,0.0105816135084427,1,5.222222222222222,7.4342573821331355,medium_pothole,0.4338506776928874,0.47856575455896855,0.08758356774814416,0.47856575455896855
img-432.jpg,482,300,medium_pothole,99,54,362,209,263,155,40765,0.5456431535269709,0.5166666666666667,0.2819156293222683,1,1.696774193548387,10.615603679643675,major_pothole,0.763358945695526,0.21152852050036655,0.025112533804107558,0.763358945695526
img-433.jpg,400,300,medium_pothole,138,85,276,199,138,114,15732,0.345,0.38,0.1311,1,1.2105263157894737,9.663515696240424,major_pothole,0.7326493314147211,0.21720320567271928,0.050147462912559365,0.7326493314147211
img-433.jpg,400,300,medium_pothole,58,7,171,91,113,84,9492,0.2825,0.28,0.0791,1,1.3452380952380953,9.158309963881798,major_pothole,0.6307952522865343,0.3137551286780314,0.05544961903543421,0.6307952522865343
img-434.jpg,450,300,major_pothole,177,154,409,278,232,124,28768,0.5155555555555555,0.4133333333333333,0.2130962962962962,0,1.8709677419354838,10.267053697512587,major_pothole,0.760989681224579,0.2093468509227237,0.029663467852697356,0.760989681224579
img-435.jpg,601,300,medium_pothole,335,227,516,282,181,55,9955,0.3011647254575707,0.1833333333333333,0.0552135330005546,1,3.290909090909091,9.205930663487482,major_pothole,0.7286352403809438,0.19565608203876172,0.07570867758029413,0.7286352403809438
img-436.jpg,534,300,minor_pothole,484,184,527,198,43,14,602,0.0805243445692883,0.0466666666666666,0.0037578027465667,2,3.0714285714285716,6.401917196727186,medium_pothole,0.18632874453283627,0.6380084385681063,0.17566281689905727,0.6380084385681063
img-436.jpg,534,300,medium_pothole,376,168,462,197,86,29,2494,0.1610486891385767,0.0966666666666666,0.0155680399500624,1,2.9655172413793105,7.822044008185619,medium_pothole,0.3009112462411716,0.5938170615259292,0.10527169223289912,0.5938170615259292
img-436.jpg,534,300,major_pothole,300,156,346,182,46,26,1196,0.0861423220973782,0.0866666666666666,0.0074656679151061,0,1.7692307692307692,7.087573705557973,medium_pothole,0.14157578832082254,0.6223642504622932,0.2360599612168847,0.6223642504622932
img-436.jpg,534,300,medium_pothole,239,147,302,182,63,35,2205,0.1179775280898876,0.1166666666666666,0.0137640449438202,1,1.8,7.698936199813447,medium_pothole,0.21066921949298756,0.6175892841479084,0.17174149635910405,0.6175892841479084
img-436.jpg,534,300,minor_pothole,252,128,276,141,24,13,312,0.0449438202247191,0.0433333333333333,0.0019475655430711,2,1.8461538461538463,5.746203190540153,medium_pothole,0.10230264639208432,0.6635993357176962,0.23409801789021953,0.6635993357176962
img-436.jpg,534,300,medium_pothole,163,135,213,148,50,13,650,0.0936329588014981,0.0433333333333333,0.0040574282147315,1,3.8461538461538463,6.478509642208569,medium_pothole,0.21285945489505223,0.659323389702104,0.127817155402844,0.659323389702104
img-436.jpg,534,300,medium_pothole,109,188,309,234,200,46,9200,0.3745318352059925,0.1533333333333333,0.0574282147315855,1,4.3478260869565215,9.127067452782361,major_pothole,0.7498458808012569,0.18244399138709827,0.06771012781164476,0.7498458808012569
img-437.jpg,533,300,major_pothole,1,108,533,257,532,149,79268,0.99812382739212,0.4966666666666666,0.4957348342714196,0,3.5704697986577183,11.280602410638725,major_pothole,0.7243741358430691,0.18570982812270254,0.08991603603422826,0.7243741358430691
img-438.jpg,400,300,major_pothole,257,54,378,126,121,72,8712,0.3025,0.24,0.0726,0,1.6805555555555556,9.072571442231286,major_pothole,0.6679302948667957,0.28421541358533325,0.04785429154787132,0.6679302948667957
img-439.jpg,684,300,major_pothole,89,73,555,237,466,164,76424,0.6812865497076024,0.5466666666666666,0.3724366471734893,0,2.841463414634146,11.244065146759036,major_pothole,0.7655934945759539,0.15471864779018055,0.07968785763386553,0.7655934945759539
img-439.jpg,684,300,medium_pothole,331,56,408,88,77,32,2464,0.1125730994152046,0.1066666666666666,0.0120077972709551,1,2.40625,7.80994708647679,medium_pothole,0.2513923659788542,0.5823611215722407,0.16624651244890512,0.5823611215722407
img-439.jpg,684,300,minor_pothole,386,18,517,44,131,26,3406,0.1915204678362573,0.0866666666666666,0.0165984405458089,2,5.038461538461538,8.133587417660966,major_pothole,0.48023638349704817,0.4112563643163676,0.10850725218658404,0.48023638349704817
img-44.jpg,720,720,medium_pothole,283,248,439,342,156,94,14664,0.2166666666666666,0.1305555555555555,0.028287037037037,1,1.6595744680851063,9.593218981411551,medium_pothole,0.09786343161683937,0.5591996554117444,0.34293691297141593,0.5591996554117444
img-44.jpg,720,720,minor_pothole,473,200,571,248,98,48,4704,0.1361111111111111,0.0666666666666666,0.009074074074074,2,2.0416666666666665,8.45638105201948,minor_pothole,0.07757295438277766,0.21305541981559487,0.7093716258016273,0.7093716258016273
img-440.jpg,533,300,major_pothole,93,41,516,300,423,259,109557,0.7936210131332082,0.8633333333333333,0.6851594746716698,0,1.6332046332046333,11.60420936837286,major_pothole,0.7824512667306197,0.128588662897728,0.08896007037165227,0.7824512667306197
img-441.jpg,533,300,major_pothole,166,114,341,169,175,55,9625,0.3283302063789868,0.1833333333333333,0.0601938711694809,0,3.1818181818181817,9.172223049863055,major_pothole,0.7517122907690648,0.1852383329023745,0.0630493763285608,0.7517122907690648
img-441.jpg,533,300,minor_pothole,418,160,484,184,66,24,1584,0.123827392120075,0.08,0.009906191369606,2,2.75,7.368339686311381,medium_pothole,0.22542914042916715,0.6299289228177585,0.14464193675307435,0.6299289228177585
img-441.jpg,533,300,medium_pothole,134,104,166,115,32,11,352,0.0600375234521576,0.0366666666666666,0.0022013758599124,1,2.909090909090909,5.8664680569332965,medium_pothole,0.1603455280983484,0.6372328621340314,0.20242160976762022,0.6372328621340314
img-442.jpg,450,300,major_pothole,163,129,272,197,109,68,7412,0.2422222222222222,0.2266666666666666,0.0549037037037037,0,1.6029411764705883,8.910990494656719,major_pothole,0.5618057593927425,0.38101830165442013,0.05717593895283734,0.5618057593927425
img-443.jpg,533,300,major_pothole,36,187,143,217,107,30,3210,0.2007504690431519,0.1,0.0200750469043152,0,3.566666666666667,8.074337694089515,medium_pothole,0.42142818034704166,0.49809728478225507,0.0804745348707032,0.49809728478225507
img-443.jpg,533,300,medium_pothole,120,171,154,178,34,7,238,0.0637898686679174,0.0233333333333333,0.001488430268918,1,4.857142857142857,5.476463551931511,medium_pothole,0.24499354177682586,0.6383143114744008,0.11669214674877337,0.6383143114744008
img-443.jpg,533,300,medium_pothole,164,165,233,175,69,10,690,0.1294559099437148,0.0333333333333333,0.0043151969981238,1,6.9,6.53813982376767,major_pothole,0.5799310593546902,0.3375632770746249,0.0825056635706847,0.5799310593546902
img-443.jpg,533,300,major_pothole,378,181,533,220,155,39,6045,0.2908067542213883,0.13,0.0378048780487804,0,3.9743589743589745,8.707152175339404,major_pothole,0.6879272701495739,0.24938605767790442,0.06268667217252154,0.6879272701495739
img-443.jpg,533,300,major_pothole,44,227,210,294,166,67,11122,0.3114446529080675,0.2233333333333333,0.0695559724828017,0,2.4776119402985075,9.316770315592029,major_pothole,0.7423252269093863,0.19138896649154635,0.06628580659906733,0.7423252269093863
img-444.jpg,458,300,medium_pothole,158,151,232,193,74,42,3108,0.1615720524017467,0.14,0.0226200873362445,1,1.7619047619047619,8.042056410058754,medium_pothole,0.27264199728115845,0.621310377094362,0.10604762562447939,0.621310377094362
img-444.jpg,458,300,medium_pothole,195,117,237,136,42,19,798,0.0917030567685589,0.0633333333333333,0.0058078602620087,1,2.210526315789474,6.683360945766275,medium_pothole,0.15269380244271433,0.64148396464578,0.20582223291150553,0.64148396464578
img-444.jpg,458,300,medium_pothole,327,135,401,163,74,28,2072,0.1615720524017467,0.0933333333333333,0.015080058224163,1,2.642857142857143,7.636752112435779,medium_pothole,0.26428091870619086,0.6305897673618653,0.10512931393194375,0.6305897673618653
img-444.jpg,458,300,medium_pothole,411,155,454,167,43,12,516,0.093886462882096,0.04,0.0037554585152838,1,3.5833333333333335,6.248042874508429,medium_pothole,0.19898254997248313,0.669298471515745,0.13171897851177208,0.669298471515745
img-444.jpg,458,300,medium_pothole,308,158,362,186,54,28,1512,0.1179039301310043,0.0933333333333333,0.011004366812227,1,1.9285714285714286,7.321849713788356,medium_pothole,0.1847282175792777,0.637603226542907,0.17766855587781522,0.637603226542907
img-444.jpg,458,300,medium_pothole,244,219,380,300,136,81,11016,0.296943231441048,0.27,0.0801746724890829,1,1.6790123456790123,9.307194813340065,major_pothole,0.6978024170750445,0.2432014210947454,0.05899616183020992,0.6978024170750445
img-444.jpg,458,300,medium_pothole,131,86,152,95,21,9,189,0.0458515283842794,0.03,0.0013755458515283,1,2.3333333333333335,5.247024072160486,medium_pothole,0.11387639433249766,0.6674631398097262,0.21866046585777618,0.6674631398097262
img-444.jpg,458,300,medium_pothole,113,79,127,84,14,5,70,0.0305676855895196,0.0166666666666666,0.0005094614264919,1,2.8,4.2626798770413155,medium_pothole,0.11353074429375755,0.6251976180850178,0.2612716376212246,0.6251976180850178
img-445.jpg,401,300,major_pothole,73,108,352,229,279,121,33759,0.6957605985037406,0.4033333333333333,0.2806234413965087,0,2.3057851239669422,10.427031948709894,major_pothole,0.7802489812847784,0.189599622223246,0.030151396491975624,0.7802489812847784
img-445.jpg,401,300,medium_pothole,131,26,193,40,62,14,868,0.1546134663341646,0.0466666666666666,0.0072152950955943,1,4.428571428571429,6.767343125265392,medium_pothole,0.27021628934117137,0.6444556581619624,0.08532805249686606,0.6444556581619624
img-446.jpg,396,300,medium_pothole,188,106,223,116,35,10,350,0.0883838383838383,0.0333333333333333,0.0029461279461279,1,3.5,5.860786223465865,medium_pothole,0.18812958223028672,0.6749520699207064,0.13691834784900653,0.6749520699207064
img-446.jpg,396,300,major_pothole,182,95,206,105,24,10,240,0.0606060606060606,0.0333333333333333,0.002020202020202,0,2.4,5.484796933490655,medium_pothole,0.12182937771320416,0.6740512633620769,0.20411935892471883,0.6740512633620769
img-446.jpg,396,300,medium_pothole,161,89,182,95,21,6,126,0.053030303030303,0.02,0.001060606060606,1,3.5,4.844187086458591,medium_pothole,0.16140709507254503,0.6453488170183772,0.19324408790907743,0.6453488170183772
img-446.jpg,396,300,medium_pothole,171,134,205,142,34,8,272,0.0858585858585858,0.0266666666666666,0.0022895622895622,1,4.25,5.60947179518496,medium_pothole,0.20869016461106443,0.6755929382857966,0.11571689710313879,0.6755929382857966
img-446.jpg,396,300,medium_pothole,178,144,244,163,66,19,1254,0.1666666666666666,0.0633333333333333,0.0105555555555555,1,3.473684210526316,7.134890851565884,medium_pothole,0.24729427094460343,0.66389488648703,0.08881084256836673,0.66389488648703
img-446.jpg,396,300,major_pothole,188,174,315,218,127,44,5588,0.3207070707070707,0.1466666666666666,0.047037037037037,0,2.8863636363636362,8.628555659269699,major_pothole,0.7045666630463608,0.2605029038814618,0.03493043307217753,0.7045666630463608
img-446.jpg,396,300,minor_pothole,168,242,214,266,46,24,1104,0.1161616161616161,0.08,0.0092929292929292,2,1.9166666666666667,7.007600613951853,medium_pothole,0.16185418714137206,0.6579837772284833,0.1801620356301447,0.6579837772284833
img-446.jpg,396,300,medium_pothole,240,261,305,300,65,39,2535,0.1641414141414141,0.13,0.0213383838383838,1,1.6666666666666667,7.8383433155571165,medium_pothole,0.23626547965180444,0.6561277867996357,0.10760673354856011,0.6561277867996357
img-447.jpg,534,300,major_pothole,42,116,300,266,258,150,38700,0.4831460674157303,0.5,0.2415730337078651,0,1.72,10.563620718477313,major_pothole,0.7825960413890828,0.19606673414756107,0.021337224463356185,0.7825960413890828
img-448.jpg,435,300,major_pothole,14,154,341,285,327,131,42837,0.7517241379310344,0.4366666666666666,0.3282528735632184,0,2.49618320610687,10.665180838131088,major_pothole,0.7529439962241921,0.20769596847712407,0.03936003529868403,0.7529439962241921
img-448.jpg,435,300,medium_pothole,283,220,435,300,152,80,12160,0.3494252873563218,0.2666666666666666,0.0931800766283525,1,1.9,9.405989388981,major_pothole,0.74072427906185,0.19986342290102632,0.059412298037123716,0.74072427906185
img-448.jpg,435,300,minor_pothole,383,138,416,156,33,18,594,0.0758620689655172,0.06,0.004551724137931,2,1.8333333333333333,6.38856140554563,medium_pothole,0.11408049413300773,0.6636891699593345,0.22223033590765806,0.6636891699593345
img-449.jpg,557,300,medium_pothole,166,28,339,123,173,95,16435,0.3105924596050269,0.3166666666666666,0.0983542788749251,1,1.8210526315789475,9.707229330003301,major_pothole,0.7265828042292247,0.19331923123358033,0.08009796453719512,0.7265828042292247
img-449.jpg,557,300,major_pothole,457,44,557,101,100,57,5700,0.1795332136445242,0.19,0.0341113105924596,0,1.7543859649122806,8.648396877031582,medium_pothole,0.43589996291287453,0.48316736515833486,0.08093267192879056,0.48316736515833486
img-449.jpg,557,300,minor_pothole,429,86,477,112,48,26,1248,0.0861759425493716,0.0866666666666666,0.0074685816876122,2,1.8461538461538463,7.130098510125578,medium_pothole,0.14942212515904083,0.61440201517932,0.2361758596616391,0.61440201517932
img-449.jpg,557,300,medium_pothole,81,135,527,300,446,165,73590,0.800718132854578,0.55,0.4403949730700179,1,2.703030303030303,11.206278014631144,major_pothole,0.7474231399842237,0.17728709811483218,0.0752897619009439,0.7474231399842237
img-45.jpg,720,720,medium_pothole,245,299,422,397,177,98,17346,0.2458333333333333,0.1361111111111111,0.0334606481481481,1,1.8061224489795917,9.76117485976141,medium_pothole,0.10579577683966507,0.6217563709110377,0.2724478522492971,0.6217563709110377
img-450.jpg,400,300,major_pothole,91,82,314,168,223,86,19178,0.5575,0.2866666666666667,0.1598166666666666,0,2.5930232558139537,9.861571209434837,major_pothole,0.7553508575012293,0.19028940447437936,0.05435973802439116,0.7553508575012293
img-451.jpg,470,300,medium_pothole,329,210,372,238,43,28,1204,0.0914893617021276,0.0933333333333333,0.0085390070921985,1,1.5357142857142858,7.094234845924755,medium_pothole,0.12915566524519678,0.6448856464136333,0.2259586883411701,0.6448856464136333
img-451.jpg,470,300,major_pothole,215,166,322,237,107,71,7597,0.2276595744680851,0.2366666666666666,0.0538794326241134,0,1.5070422535211268,8.935640333747571,major_pothole,0.5426555554971109,0.3954184811415956,0.061925963361293336,0.5426555554971109
img-451.jpg,470,300,medium_pothole,159,180,214,209,55,29,1595,0.1170212765957446,0.0966666666666666,0.0113120567375886,1,1.896551724137931,7.3752557780097545,medium_pothole,0.186542584478766,0.6340337464246502,0.17942366909658378,0.6340337464246502
img-452.jpg,604,300,major_pothole,53,95,452,299,399,204,81396,0.6605960264900662,0.68,0.449205298013245,0,1.9558823529411764,11.307093696274613,major_pothole,0.822794695919007,0.10491783995491169,0.07228746412608138,0.822794695919007
img-453.jpg,450,300,major_pothole,110,178,300,297,190,119,22610,0.4222222222222222,0.3966666666666666,0.1674814814814814,0,1.596638655462185,10.026191792511579,major_pothole,0.75455352123732,0.2038063094832821,0.04164016927939782,0.75455352123732
img-454.jpg,381,300,medium_pothole,166,125,199,133,33,8,264,0.0866141732283464,0.0266666666666666,0.0023097112860892,1,4.125,5.579729825986222,medium_pothole,0.2026645861003013,0.6787993259786206,0.11853608792107813,0.6787993259786206
img-454.jpg,381,300,major_pothole,144,183,283,216,139,33,4587,0.3648293963254593,0.11,0.0401312335958005,0,4.212121212121212,8.431199478249262,major_pothole,0.7737967050884939,0.19043212954091718,0.03577116537058892,0.7737967050884939
img-454.jpg,381,300,major_pothole,18,224,189,300,171,76,12996,0.4488188976377952,0.2533333333333333,0.1137007874015748,0,2.25,9.47247384058159,major_pothole,0.7778543770906484,0.16548015225737372,0.056665470651977946,0.7778543770906484
img-454.jpg,381,300,major_pothole,195,128,258,143,63,15,945,0.1653543307086614,0.05,0.008267716535433,0,4.2,6.852242569051878,medium_pothole,0.26506793312221705,0.652744225278291,0.08218784159949194,0.652744225278291
img-455.jpg,455,300,major_pothole,266,109,323,138,57,29,1653,0.1252747252747252,0.0966666666666666,0.0121098901098901,0,1.9655172413793103,7.4109518755836366,medium_pothole,0.1970157851105138,0.639506009347996,0.16347820554149026,0.639506009347996
img-456.jpg,533,300,major_pothole,107,144,403,205,296,61,18056,0.5553470919324578,0.2033333333333333,0.1129205753595997,0,4.852459016393443,9.801288700215881,major_pothole,0.7413311243372258,0.21948201957100757,0.03918685609176629,0.7413311243372258
img-457.jpg,400,300,medium_pothole,165,124,193,135,28,11,308,0.07,0.0366666666666666,0.0025666666666666,1,2.5454545454545454,5.733341276897746,medium_pothole,0.136530082561726,0.6669405871848166,0.19652933025345717,0.6669405871848166
img-457.jpg,400,300,medium_pothole,66,105,90,113,24,8,192,0.06,0.0266666666666666,0.0016,1,3.0,5.262690188904886,medium_pothole,0.14865855071317977,0.6590529223842031,0.192288526902617,0.6590529223842031
img-457.jpg,400,300,medium_pothole,213,162,367,207,154,45,6930,0.385,0.15,0.05775,1,3.422222222222222,8.843759381917984,major_pothole,0.7949585131279192,0.1689574874705047,0.036083999401576236,0.7949585131279192
img-458.jpg,481,300,major_pothole,70,93,340,141,270,48,12960,0.5613305613305614,0.16,0.0898128898128898,0,5.625,9.469700127423375,major_pothole,0.7556264661350985,0.20180329139704034,0.042570242467861175,0.7556264661350985
img-459.jpg,533,300,medium_pothole,16,128,170,154,154,26,4004,0.2889305816135084,0.0866666666666666,0.025040650406504,1,5.923076923076923,8.29529885950246,major_pothole,0.675936417975195,0.2270614101875898,0.09700217183721518,0.675936417975195
img-459.jpg,533,300,major_pothole,255,167,511,236,256,69,17664,0.4803001876172608,0.23,0.1104690431519699,0,3.710144927536232,9.779340559793246,major_pothole,0.7367870244856227,0.20607486921869397,0.057138106295683194,0.7367870244856227
img-46.jpg,720,720,medium_pothole,215,349,434,472,219,123,26937,0.3041666666666666,0.1708333333333333,0.0519618055555555,1,1.7804878048780488,10.20129320815876,medium_pothole,0.1337762103280389,0.6841386335937021,0.18208515607825923,0.6841386335937021
img-460.jpg,451,300,medium_pothole,154,90,385,130,231,40,9240,0.5121951219512195,0.1333333333333333,0.0682926829268292,1,5.775,9.13140538388804,major_pothole,0.7817174597424257,0.16907716723029254,0.049205373027281674,0.7817174597424257
img-460.jpg,451,300,medium_pothole,1,194,216,264,215,70,15050,0.4767184035476718,0.2333333333333333,0.1112342941611234,1,3.0714285714285716,9.619199713152362,major_pothole,0.756512501563597,0.18019453053866014,0.06329296789774268,0.756512501563597
img-461.jpg,463,300,medium_pothole,185,227,276,283,91,56,5096,0.1965442764578833,0.1866666666666666,0.0366882649388048,1,1.625,8.536407410340042,medium_pothole,0.40072079021902385,0.5254866723684447,0.07379253741253144,0.5254866723684447
img-462.jpg,425,300,major_pothole,187,203,315,272,128,69,8832,0.3011764705882352,0.23,0.0692705882352941,0,1.855072463768116,9.086249986745132,major_pothole,0.687214643885302,0.2644857620547469,0.048299594059951094,0.687214643885302
img-463.jpg,370,300,major_pothole,92,177,366,284,274,107,29318,0.7405405405405405,0.3566666666666667,0.2641261261261261,0,2.560747663551402,10.285991049006945,major_pothole,0.7989989710939965,0.16731435704632547,0.033686671859678025,0.7989989710939965
img-464.jpg,690,300,major_pothole,217,109,509,295,292,186,54312,0.4231884057971014,0.62,0.2623768115942029,0,1.5698924731182795,10.902518887949263,major_pothole,0.8244779785945765,0.1305749735273508,0.04494704787807254,0.8244779785945765
img-465.jpg,510,300,major_pothole,168,92,482,201,314,109,34226,0.615686274509804,0.3633333333333333,0.2236993464052287,0,2.8807339449541285,10.440770085264479,major_pothole,0.7697042704538919,0.20179687009983402,0.028498859446274144,0.7697042704538919
img-465.jpg,510,300,medium_pothole,159,202,313,247,154,45,6930,0.3019607843137254,0.15,0.0452941176470588,1,3.422222222222222,8.843759381917984,major_pothole,0.7178042337664902,0.228367024920695,0.053828741312814794,0.7178042337664902
img-465.jpg,510,300,medium_pothole,29,260,148,299,119,39,4641,0.2333333333333333,0.13,0.0303333333333333,1,3.051282051282051,8.442900586834382,major_pothole,0.540027483717366,0.39825154017174913,0.06172097611088485,0.540027483717366
img-466.jpg,382,300,major_pothole,196,207,317,260,121,53,6413,0.3167539267015706,0.1766666666666666,0.0559598603839441,0,2.2830188679245285,8.7662383802531,major_pothole,0.6852553761780458,0.2786651367446611,0.036079487077293304,0.6852553761780458
img-467.jpg,716,300,major_pothole,120,160,596,225,476,65,30940,0.664804469273743,0.2166666666666666,0.1440409683426443,0,7.323076923076923,10.339837444225314,major_pothole,0.8288325206207513,0.11573492265480596,0.055432556724442604,0.8288325206207513
img-468.jpg,401,300,major_pothole,162,120,300,152,138,32,4416,0.3441396508728179,0.1066666666666666,0.0367082294264339,0,4.3125,8.393216011596527,major_pothole,0.7481124202025646,0.21114185411837494,0.040745725679060374,0.7481124202025646
img-469.jpg,450,300,major_pothole,195,193,332,300,137,107,14659,0.3044444444444444,0.3566666666666667,0.1085851851851851,0,1.280373831775701,9.592877975440642,major_pothole,0.7121048541468867,0.22798836605046163,0.05990677980265155,0.7121048541468867
img-469.jpg,450,300,medium_pothole,268,150,358,184,90,34,3060,0.2,0.1133333333333333,0.0226666666666666,1,2.6470588235294117,8.026496938945412,medium_pothole,0.3657763199913381,0.5580347972125865,0.0761888827960751,0.5580347972125865
img-469.jpg,450,300,minor_pothole,377,144,414,166,37,22,814,0.0822222222222222,0.0733333333333333,0.0060296296296296,2,1.6818181818181819,6.703188113240863,medium_pothole,0.11665472512576194,0.655625485394334,0.22771978947990404,0.655625485394334
img-47.jpg,720,720,medium_pothole,231,241,467,385,236,144,33984,0.3277777777777778,0.2,0.0655555555555555,1,1.6388888888888888,10.433674529780738,medium_pothole,0.17646683589844447,0.665235268077429,0.15829789602412647,0.665235268077429
img-470.jpg,459,300,major_pothole,52,77,180,141,128,64,8192,0.2788671023965142,0.2133333333333333,0.0594916485112563,0,2.0,9.011035410141815,major_pothole,0.6683066420781303,0.2816438050470839,0.050049552874785734,0.6683066420781303
img-471.jpg,400,300,major_pothole,125,200,214,232,89,32,2848,0.2225,0.1066666666666666,0.0237333333333333,0,2.78125,7.954723334497908,medium_pothole,0.3866228303133871,0.5501326645744252,0.06324450511218789,0.5501326645744252
img-471.jpg,400,300,medium_pothole,237,237,289,273,52,36,1872,0.13,0.12,0.0156,1,1.4444444444444444,7.5352967024440884,medium_pothole,0.1751685180700799,0.6643688268909445,0.16046265503897544,0.6643688268909445
img-471.jpg,400,300,medium_pothole,208,183,254,202,46,19,874,0.115,0.0633333333333333,0.0072833333333333,1,2.4210526315789473,6.774223886357614,medium_pothole,0.17763482063308048,0.6606137933256679,0.16175138604125144,0.6606137933256679
img-471.jpg,400,300,medium_pothole,200,164,237,179,37,15,555,0.0925,0.05,0.004625,1,2.466666666666667,6.320768294250582,medium_pothole,0.15489667624981363,0.6607924576726601,0.18431086607752628,0.6607924576726601
img-471.jpg,400,300,medium_pothole,154,176,192,191,38,15,570,0.095,0.05,0.00475,1,2.533333333333333,6.3473892096560105,medium_pothole,0.16048371482125529,0.660768440990504,0.17874784418824052,0.660768440990504
img-471.jpg,400,300,medium_pothole,151,148,185,158,34,10,340,0.085,0.0333333333333333,0.0028333333333333,1,3.4,5.831882477283517,medium_pothole,0.18440640768643873,0.6706899641004694,0.14490362821309213,0.6706899641004694
img-471.jpg,400,300,major_pothole,215,139,280,151,65,12,780,0.1625,0.04,0.0065,0,5.416666666666667,6.660575149839686,medium_pothole,0.39074080662289157,0.5332128658765967,0.07604632750051164,0.5332128658765967
img-471.jpg,400,300,medium_pothole,271,150,310,162,39,12,468,0.0975,0.04,0.0039,1,3.25,6.150602768446279,medium_pothole,0.18632195500920187,0.6742582998803853,0.13941974511041252,0.6742582998803853
img-471.jpg,400,300,medium_pothole,194,127,229,135,35,8,280,0.0875,0.0266666666666666,0.0023333333333333,1,4.375,5.638354669333745,medium_pothole,0.21466216510064562,0.6736999975022708,0.11163783739708352,0.6736999975022708
img-471.jpg,400,300,major_pothole,1,185,63,211,62,26,1612,0.155,0.0866666666666666,0.0134333333333333,0,2.3846153846153846,7.385851078125209,medium_pothole,0.22551049116484922,0.6611033318137615,0.11338617702138938,0.6611033318137615
img-471.jpg,400,300,medium_pothole,33,169,73,182,40,13,520,0.1,0.0433333333333333,0.0043333333333333,1,3.076923076923077,6.255750041753367,medium_pothole,0.18335936047318357,0.6713008768442198,0.1453397626825967,0.6713008768442198
img-471.jpg,400,300,medium_pothole,50,155,95,170,45,15,675,0.1125,0.05,0.005625,1,3.0,6.516193076042964,medium_pothole,0.18924763560840505,0.6738554799465496,0.13689688444504533,0.6738554799465496
img-471.jpg,400,300,medium_pothole,85,138,112,145,27,7,189,0.0675,0.0233333333333333,0.001575,1,3.857142857142857,5.247024072160486,medium_pothole,0.18894588544735794,0.6610885497268829,0.14996556482575937,0.6610885497268829
img-471.jpg,400,300,medium_pothole,111,128,139,135,28,7,196,0.07,0.0233333333333333,0.0016333333333333,1,4.0,5.2832037287379885,medium_pothole,0.19475125350869288,0.6640546515157668,0.14119409497554036,0.6640546515157668
img-471.jpg,400,300,major_pothole,86,115,129,124,43,9,387,0.1075,0.03,0.003225,0,4.777777777777778,5.961005339623274,medium_pothole,0.24769159958991527,0.6577636099164439,0.09454479049364059,0.6577636099164439
img-471.jpg,400,300,major_pothole,139,102,180,110,41,8,328,0.1025,0.0266666666666666,0.0027333333333333,0,5.125,5.796057750765372,medium_pothole,0.27164901843402234,0.6354822155612126,0.09286876600476514,0.6354822155612126
img-471.jpg,400,300,medium_pothole,130,110,156,116,26,6,156,0.065,0.02,0.0013,1,4.333333333333333,5.056245805348308,medium_pothole,0.20194525522257428,0.6565145970274672,0.14154014774995838,0.6565145970274672
img-471.jpg,400,300,medium_pothole,194,114,217,120,23,6,138,0.0575,0.02,0.00115,1,3.8333333333333335,4.9344739331306915,medium_pothole,0.1797372204630415,0.6484116845858641,0.17185109495109482,0.6484116845858641
img-472.jpg,506,300,major_pothole,46,143,379,271,333,128,42624,0.658102766798419,0.4266666666666667,0.2807905138339921,0,2.6015625,10.660196214585818,major_pothole,0.7661401030974847,0.2038091156905609,0.030050781211954158,0.7661401030974847
img-473.jpg,400,300,major_pothole,65,90,353,191,288,101,29088,0.72,0.3366666666666666,0.2424,0,2.8514851485148514,10.278115374824123,major_pothole,0.7795206377669128,0.18640717389554806,0.03407218833753908,0.7795206377669128
img-474.jpg,401,300,medium_pothole,102,189,223,243,121,54,6534,0.3017456359102244,0.18,0.0543142144638403,1,2.240740740740741,8.784927626058323,major_pothole,0.667860547579134,0.292685583933032,0.039453868487834116,0.667860547579134
img-474.jpg,401,300,major_pothole,222,168,293,201,71,33,2343,0.1770573566084788,0.11,0.0194763092269326,0,2.1515151515151514,7.759614150696903,medium_pothole,0.2663630812534404,0.6398312222038005,0.09380569654275898,0.6398312222038005
img-474.jpg,401,300,medium_pothole,266,139,332,170,66,31,2046,0.1645885286783042,0.1033333333333333,0.0170074812967581,1,2.129032258064516,7.624130585661289,medium_pothole,0.24127021904156923,0.6524257943707346,0.10630398658769624,0.6524257943707346
img-475.jpg,460,300,major_pothole,17,34,415,253,398,219,87162,0.8652173913043478,0.73,0.6316086956521739,0,1.817351598173516,11.375535207924687,major_pothole,0.8172491815819892,0.10296068227347495,0.07979013614453569,0.8172491815819892
img-476.jpg,450,300,medium_pothole,64,155,131,185,67,30,2010,0.1488888888888888,0.1,0.0148888888888888,1,2.2333333333333334,7.606387389772652,medium_pothole,0.23738606656681252,0.6397736710961303,0.12284026233705768,0.6397736710961303
img-476.jpg,450,300,medium_pothole,287,135,321,150,34,15,510,0.0755555555555555,0.05,0.0037777777777777,1,2.2666666666666666,6.236369590203704,medium_pothole,0.1343541612510786,0.6531831447639918,0.21246269398492987,0.6531831447639918
img-476.jpg,450,300,medium_pothole,297,176,338,205,41,29,1189,0.0911111111111111,0.0966666666666666,0.0088074074074074,1,1.4137931034482758,7.081708586105575,medium_pothole,0.12044962216104206,0.6556155698372136,0.22393480800174442,0.6556155698372136
img-476.jpg,450,300,major_pothole,259,232,325,274,66,42,2772,0.1466666666666666,0.14,0.0205333333333333,0,1.5714285714285714,7.927685045615778,medium_pothole,0.23296847543234778,0.6422626875604627,0.1247688370071898,0.6422626875604627
img-477.jpg,400,300,major_pothole,137,129,277,198,140,69,9660,0.35,0.23,0.0805,0,2.028985507246377,9.17585244151751,major_pothole,0.744511543521744,0.20971678225092136,0.04577167422733449,0.744511543521744
img-477.jpg,400,300,medium_pothole,158,32,247,57,89,25,2225,0.2225,0.0833333333333333,0.0185416666666666,1,3.56,7.70796153183549,medium_pothole,0.3854080385095996,0.550179977819443,0.06441198367095767,0.550179977819443
img-477.jpg,400,300,medium_pothole,259,217,384,299,125,82,10250,0.3125,0.2733333333333333,0.0854166666666666,1,1.524390243902439,9.235130540783402,major_pothole,0.6849020027530542,0.26217757923886514,0.052920418008080714,0.6849020027530542
img-478.jpg,427,300,major_pothole,111,156,328,279,217,123,26691,0.5081967213114754,0.41,0.2083606557377049,0,1.7642276422764227,10.192119174023498,major_pothole,0.7630645440669954,0.2057539959803764,0.0311814599526282,0.7630645440669954
img-478.jpg,427,300,major_pothole,333,151,398,169,65,18,1170,0.1522248243559719,0.06,0.0091334894613583,0,3.611111111111111,7.065613363597717,medium_pothole,0.23964564547322,0.6632704290827761,0.09708392544400377,0.6632704290827761
e7a7d17b-img-479.jpg,720,280,major_pothole,194,81,501,204,307,123,37761,0.4263888888888889,0.4392857142857143,0.1873065476190476,0,2.4959349593495936,10.539058584958477,major_pothole,0.8568625792625858,0.12040927384348465,0.022728146893929695,0.8568625792625858
img-48.jpg,720,720,medium_pothole,173,301,429,396,256,95,24320,0.3555555555555555,0.1319444444444444,0.0469135802469135,1,2.694736842105263,10.099095453655817,medium_pothole,0.140250767702945,0.7044513740101251,0.1552978582869299,0.7044513740101251
img-48.jpg,720,720,minor_pothole,389,396,489,468,100,72,7200,0.1388888888888889,0.1,0.0138888888888888,2,1.3888888888888888,8.881975184248867,minor_pothole,0.07143502252074992,0.270262881838219,0.658302095641031,0.658302095641031
db9c2aaa-img-480.jpg,450,300,major_pothole,151,134,308,299,157,165,25905,0.3488888888888889,0.55,0.1918888888888889,0,0.9515151515151515,10.162229881090202,major_pothole,0.8155921516279386,0.16835790968780706,0.01604993868425425,0.8155921516279386
db9c2aaa-img-480.jpg,450,300,minor_pothole,319,148,366,177,47,29,1363,0.1044444444444444,0.0966666666666666,0.0100962962962962,2,1.6206896551724137,7.218176838403408,medium_pothole,0.14969527635915375,0.6440693186841251,0.20623540495672146,0.6440693186841251
db9c2aaa-img-480.jpg,450,300,medium_pothole,157,115,213,129,56,14,784,0.1244444444444444,0.0466666666666666,0.0058074074074074,1,4.0,6.665683717782408,medium_pothole,0.22600368420430852,0.6697010189220836,0.10429529687360797,0.6697010189220836
db9c2aaa-img-480.jpg,450,300,minor_pothole,383,95,414,103,31,8,248,0.0688888888888888,0.0266666666666666,0.001837037037037,2,3.875,5.517452896464707,medium_pothole,0.19695793674768122,0.6602805887256558,0.14276147452666307,0.6602805887256558
db9c2aaa-img-480.jpg,450,300,minor_pothole,341,91,370,96,29,5,145,0.0644444444444444,0.0166666666666666,0.001074074074074,2,5.8,4.983606621708336,medium_pothole,0.2914625300343743,0.590128006978297,0.11840946298732878,0.590128006978297
db9c2aaa-img-480.jpg,450,300,minor_pothole,307,106,353,112,46,6,276,0.1022222222222222,0.02,0.0020444444444444,2,7.666666666666667,5.6240175061873385,major_pothole,0.5476646844294142,0.35119971140431383,0.10113560416627196,0.5476646844294142
db9c2aaa-img-480.jpg,450,300,minor_pothole,411,206,449,229,38,23,874,0.0844444444444444,0.0766666666666666,0.006474074074074,2,1.6521739130434783,6.774223886357614,medium_pothole,0.11828340337731988,0.654479178100252,0.22723741852242832,0.654479178100252
1e952089-img-481.jpg,533,300,major_pothole,32,186,374,253,342,67,22914,0.6416510318949343,0.2233333333333333,0.1433020637898686,0,5.104477611940299,10.039546996943224,major_pothole,0.7719398332262061,0.1954348011348296,0.03262536563896425,0.7719398332262061
1e952089-img-481.jpg,533,300,major_pothole,293,131,521,168,228,37,8436,0.4277673545966229,0.1233333333333333,0.0527579737335834,0,6.162162162162162,9.040382074165628,major_pothole,0.7415098273909285,0.1886341165476765,0.06985605606139521,0.7415098273909285
img-482.jpg,571,300,major_pothole,232,76,293,89,61,13,793,0.1068301225919439,0.0433333333333333,0.0046293053123175,0,4.6923076923076925,6.677083461247136,medium_pothole,0.267687246564115,0.6269633039743043,0.10534944946158051,0.6269633039743043
img-482.jpg,571,300,major_pothole,107,112,280,127,173,15,2595,0.3029772329246935,0.05,0.0151488616462346,0,11.533333333333333,7.86172707782398,medium_pothole,0.1340096185519786,0.7720208951276595,0.09396948632036192,0.7720208951276595
img-482.jpg,571,300,major_pothole,146,142,397,188,251,46,11546,0.4395796847635727,0.1533333333333333,0.0674022183304144,0,5.456521739130435,9.354180941951856,major_pothole,0.7343309885771271,0.2054316976346407,0.06023731378823237,0.7343309885771271
img-482.jpg,571,300,major_pothole,99,193,507,286,408,93,37944,0.7145359019264448,0.31,0.2215061295971979,0,4.387096774193548,10.543893021838013,major_pothole,0.7961777886567812,0.17278342176466174,0.031038789578557033,0.7961777886567812
img-483.jpg,400,300,major_pothole,74,39,307,272,233,233,54289,0.5825,0.7766666666666666,0.4524083333333333,0,1.0,10.902095326899497,major_pothole,0.7593700419200676,0.15809405986976102,0.08253589821017167,0.7593700419200676
img-484.jpg,450,300,medium_pothole,78,100,150,110,72,10,720,0.16,0.0333333333333333,0.0053333333333333,1,7.2,6.580639137284949,major_pothole,0.629834650208723,0.2878635862211296,0.08230176357014712,0.629834650208723
img-484.jpg,450,300,medium_pothole,202,91,233,102,31,11,341,0.0688888888888888,0.0366666666666666,0.0025259259259259,1,2.8181818181818183,5.834810737062605,medium_pothole,0.15535266161693753,0.6518712526934671,0.19277608568959528,0.6518712526934671
img-484.jpg,450,300,major_pothole,178,116,321,168,143,52,7436,0.3177777777777777,0.1733333333333333,0.0550814814814814,0,2.75,8.9142228207033,major_pothole,0.7337749540746195,0.2230727415756886,0.04315230434969209,0.7337749540746195
img-484.jpg,450,300,major_pothole,298,113,378,141,80,28,2240,0.1777777777777777,0.0933333333333333,0.0165925925925925,0,2.857142857142857,7.714677473800927,medium_pothole,0.29523755958262654,0.6138808454096827,0.09088159500769089,0.6138808454096827
img-484.jpg,450,300,major_pothole,13,180,370,298,357,118,42126,0.7933333333333333,0.3933333333333333,0.3120444444444444,0,3.0254237288135593,10.648444144272437,major_pothole,0.7560952560092066,0.20349844320621693,0.04040630078457662,0.7560952560092066
img-485.jpg,534,300,major_pothole,145,173,532,300,387,127,49149,0.7247191011235955,0.4233333333333333,0.3067977528089887,0,3.047244094488189,10.802632125575313,major_pothole,0.7521703724515956,0.20724001716069707,0.04058961038770751,0.7521703724515956
img-486.jpg,400,300,major_pothole,162,151,280,187,118,36,4248,0.295,0.12,0.0354,0,3.2777777777777777,8.354438940114811,major_pothole,0.6348587243277978,0.32542984947626374,0.03971142619593816,0.6348587243277978
img-486.jpg,400,300,medium_pothole,14,146,118,179,104,33,3432,0.26,0.11,0.0286,1,3.1515151515151514,8.141189793457691,major_pothole,0.5164706171344602,0.4348331032196673,0.04869627964587286,0.5164706171344602
img-486.jpg,400,300,minor_pothole,54,186,123,218,69,32,2208,0.1725,0.1066666666666666,0.0184,2,2.15625,7.700295203420117,medium_pothole,0.25601141963026564,0.6459380892373981,0.09805049113233648,0.6459380892373981
img-486.jpg,400,300,medium_pothole,27,229,106,260,79,31,2449,0.1975,0.1033333333333333,0.0204083333333333,1,2.5483870967741935,7.803843303538772,medium_pothole,0.3146816846008293,0.6081755662925112,0.07714274910665948,0.6081755662925112
img-486.jpg,400,300,medium_pothole,183,196,307,262,124,66,8184,0.31,0.22,0.0682,1,1.878787878787879,9.010058489805235,major_pothole,0.6846890825999397,0.2713386564479889,0.0439722609520713,0.6846890825999397
img-486.jpg,400,300,medium_pothole,110,114,163,125,53,11,583,0.1325,0.0366666666666666,0.0048583333333333,1,4.818181818181818,6.369900982828227,medium_pothole,0.2734852444535877,0.6396677270026221,0.08684702854379028,0.6396677270026221
img-487.jpg,533,300,major_pothole,248,147,422,188,174,41,7134,0.3264540337711069,0.1366666666666666,0.0446153846153846,0,4.2439024390243905,8.872767529910936,major_pothole,0.7279438433728275,0.20565791071159037,0.06639824591558185,0.7279438433728275
img-487.jpg,533,300,major_pothole,82,164,465,300,383,136,52088,0.7185741088180112,0.4533333333333333,0.3257535959974984,0,2.8161764705882355,10.860709073012247,major_pothole,0.7424650691972539,0.21142819502947416,0.0461067357732716,0.7424650691972539
img-488.jpg,400,300,medium_pothole,191,163,219,186,28,23,644,0.07,0.0766666666666666,0.0053666666666666,1,1.2173913043478262,6.4692503167957724,medium_pothole,0.08810295998363116,0.6904494811538165,0.22144755886255235,0.6904494811538165
img-488.jpg,400,300,major_pothole,184,196,391,250,207,54,11178,0.5175,0.18,0.09315,0,3.8333333333333335,9.321792297270326,major_pothole,0.7867811132137024,0.16613527908612985,0.04708360770016766,0.7867811132137024
img-489.jpg,300,300,major_pothole,1,81,179,226,178,145,25810,0.5933333333333334,0.4833333333333333,0.2867777777777778,0,1.2275862068965517,10.158556036634712,major_pothole,0.8123637707907628,0.16556697939853274,0.022069249810704388,0.8123637707907628
img-489.jpg,300,300,medium_pothole,1,246,66,282,65,36,2340,0.2166666666666666,0.12,0.026,1,1.8055555555555556,7.75833346749091,medium_pothole,0.26885221580655544,0.6654462977042633,0.06570148648918142,0.6654462977042633
img-49.jpg,720,720,medium_pothole,239,302,491,524,252,222,55944,0.35,0.3083333333333333,0.1079166666666666,1,1.135135135135135,10.93212434424182,medium_pothole,0.2117714849942461,0.6708701002710682,0.11735841473468567,0.6708701002710682
img-49.jpg,720,720,minor_pothole,110,135,257,208,147,73,10731,0.2041666666666666,0.1013888888888888,0.0207002314814814,2,2.0136986301369864,9.280985211545515,minor_pothole,0.09533717524209938,0.426311490583237,0.4783513341746636,0.4783513341746636
img-490.jpg,533,300,medium_pothole,243,123,366,159,123,36,4428,0.2307692307692307,0.12,0.0276923076923076,1,3.4166666666666665,8.395929103923198,major_pothole,0.5374143588227325,0.39604378745373553,0.06654185372353194,0.5374143588227325
img-490.jpg,533,300,minor_pothole,36,119,193,139,157,20,3140,0.2945590994371482,0.0666666666666666,0.0196372732958098,2,7.85,8.052296499538647,major_pothole,0.6507751567228853,0.230674554838498,0.11855028843861656,0.6507751567228853
img-490.jpg,533,300,medium_pothole,1,149,100,177,99,28,2772,0.1857410881801125,0.0933333333333333,0.0173358348968105,1,3.5357142857142856,7.927685045615778,medium_pothole,0.3702885212650929,0.5415390447812997,0.08817243395360763,0.5415390447812997
img-490.jpg,533,300,medium_pothole,1,175,468,300,467,125,58375,0.8761726078799249,0.4166666666666667,0.3650719199499687,1,3.736,10.974660125445457,major_pothole,0.6612041104535636,0.2677824211265398,0.0710134684198966,0.6612041104535636
img-491.jpg,480,300,medium_pothole,145,236,348,298,203,62,12586,0.4229166666666666,0.2066666666666666,0.0874027777777777,1,3.274193548387097,9.440419814291506,major_pothole,0.7671639325601438,0.1688382058078859,0.0639978616319703,0.7671639325601438
img-491.jpg,480,300,major_pothole,313,181,463,252,150,71,10650,0.3125,0.2366666666666666,0.0739583333333333,0,2.112676056338028,9.273409063443166,major_pothole,0.7315371929380573,0.21061407368247825,0.05784873337946434,0.7315371929380573
img-492.jpg,300,400,major_pothole,103,85,209,123,106,38,4028,0.3533333333333333,0.095,0.0335666666666666,0,2.789473684210526,8.301273485191347,major_pothole,0.5469075635827402,0.40186052261334615,0.05123191380391378,0.5469075635827402
img-492.jpg,300,400,medium_pothole,73,60,114,77,41,17,697,0.1366666666666666,0.0425,0.0058083333333333,1,2.411764705882353,6.548219102762372,medium_pothole,0.15238696006073293,0.6467748440150286,0.20083819592423846,0.6467748440150286
img-492.jpg,300,400,major_pothole,108,45,176,61,68,16,1088,0.2266666666666666,0.04,0.0090666666666666,0,4.25,6.9930151229329605,medium_pothole,0.2985316940304258,0.6147004484074728,0.08676785756210152,0.6147004484074728
img-492.jpg,300,400,medium_pothole,180,53,219,75,39,22,858,0.13,0.055,0.00715,1,1.7727272727272727,6.755768921984255,medium_pothole,0.11815981919634855,0.6290591687006458,0.252781012103006,0.6290591687006458
img-492.jpg,300,400,major_pothole,4,214,279,400,275,186,51150,0.9166666666666666,0.465,0.42625,0,1.478494623655914,10.842537321530799,major_pothole,0.7645873224186958,0.16294121083159804,0.07247146674970606,0.7645873224186958
img-493.jpg,300,400,major_pothole,91,177,117,193,26,16,416,0.0866666666666666,0.04,0.0034666666666666,0,1.625,6.0330862217988015,medium_pothole,0.0869313614799166,0.6566490436545221,0.2564195948655614,0.6566490436545221
img-493.jpg,300,400,major_pothole,92,163,110,174,18,11,198,0.06,0.0275,0.00165,0,1.6363636363636365,5.293304824724492,medium_pothole,0.08541166753566252,0.6720508767083457,0.24253745575599187,0.6720508767083457
img-493.jpg,300,400,medium_pothole,87,243,107,256,20,13,260,0.0666666666666666,0.0325,0.0021666666666666,1,1.5384615384615385,5.564520407322694,medium_pothole,0.08339559780701157,0.668277215157412,0.24832718703557646,0.668277215157412
img-493.jpg,300,400,medium_pothole,72,281,100,298,28,17,476,0.0933333333333333,0.0425,0.0039666666666666,1,1.6470588235294117,6.1675164908883415,medium_pothole,0.08906928713189162,0.6521208502109942,0.2588098626571142,0.6521208502109942
img-493.jpg,300,400,major_pothole,100,293,164,348,64,55,3520,0.2133333333333333,0.1375,0.0293333333333333,0,1.1636363636363636,8.166500319155052,medium_pothole,0.2034355412738714,0.6433470224460721,0.15321743628005635,0.6433470224460721
img-493.jpg,300,400,medium_pothole,253,255,269,275,16,20,320,0.0533333333333333,0.05,0.0026666666666666,1,0.8,5.771441123130016,medium_pothole,0.06895257247954915,0.6569186276011019,0.2741287999193491,0.6569186276011019
img-493.jpg,300,400,medium_pothole,186,267,203,288,17,21,357,0.0566666666666666,0.0525,0.002975,1,0.8095238095238095,5.8805329864007,medium_pothole,0.06836694422089994,0.6536806043571586,0.2779524514219415,0.6536806043571586
img-493.jpg,300,400,medium_pothole,152,164,167,173,15,9,135,0.05,0.0225,0.001125,1,1.6666666666666667,4.912654885736052,medium_pothole,0.08486597518967763,0.6701027337213358,0.24503129108898655,0.6701027337213358
img-493.jpg,300,400,medium_pothole,209,147,253,162,44,15,660,0.1466666666666666,0.0375,0.0055,1,2.933333333333333,6.493753839851686,medium_pothole,0.1753090220454613,0.6687214040997252,0.15596957385481322,0.6687214040997252
img-493.jpg,300,400,medium_pothole,268,170,281,180,13,10,130,0.0433333333333333,0.025,0.0010833333333333,1,1.3,4.875197323201151,medium_pothole,0.07889940467552499,0.6672172887382597,0.25388330658621544,0.6672172887382597
img-493.jpg,300,400,minor_pothole,253,181,266,190,13,9,117,0.0433333333333333,0.0225,0.000975,2,1.4444444444444444,4.770684624465665,medium_pothole,0.08101811418658338,0.6655958105994967,0.2533860752139196,0.6655958105994967
img-493.jpg,300,400,medium_pothole,277,212,300,222,23,10,230,0.0766666666666666,0.025,0.0019166666666666,1,2.3,5.442417710521793,medium_pothole,0.10855795008985093,0.6665649742888088,0.22487707562134043,0.6665649742888088
img-493.jpg,300,400,medium_pothole,275,202,293,209,18,7,126,0.06,0.0175,0.00105,1,2.5714285714285716,4.844187086458591,medium_pothole,0.11067698381991946,0.6594572340736307,0.22986578210644992,0.6594572340736307
img-493.jpg,300,400,medium_pothole,194,226,213,237,19,11,209,0.0633333333333333,0.0275,0.0017416666666666,1,1.7272727272727273,5.3471075307174685,medium_pothole,0.08768922822864503,0.6718978921356119,0.24041287963574304,0.6718978921356119
img-493.jpg,300,400,minor_pothole,214,244,226,254,12,10,120,0.04,0.025,0.001,2,1.2,4.795790545596741,medium_pothole,0.07685204370382773,0.6648805208811759,0.25826743541499636,0.6648805208811759
img-493.jpg,300,400,medium_pothole,167,353,202,400,35,47,1645,0.1166666666666666,0.1175,0.0137083333333333,1,0.7446808510638298,7.406103381237015,medium_pothole,0.07825795835473086,0.6115750946148519,0.310166947030417,0.6115750946148519
img-494.jpg,400,300,medium_pothole,50,40,95,64,45,24,1080,0.1125,0.08,0.009,1,1.875,6.985641817639208,medium_pothole,0.1560739350537804,0.6570825886282828,0.18684347631793666,0.6570825886282828
img-494.jpg,400,300,minor_pothole,1,74,30,101,29,27,783,0.0725,0.09,0.006525,2,1.0740740740740742,6.664409020350408,medium_pothole,0.08508677760653274,0.6946081154232971,0.22030510697017022,0.6946081154232971
img-494.jpg,400,300,major_pothole,93,78,290,232,197,154,30338,0.4925,0.5133333333333333,0.2528166666666667,0,1.2792207792207793,10.32018929257028,major_pothole,0.7770719326415427,0.20363214387859255,0.019295923479864596,0.7770719326415427
img-494.jpg,400,300,minor_pothole,331,138,372,158,41,20,820,0.1025,0.0666666666666666,0.0068333333333333,2,2.05,6.710523109452428,medium_pothole,0.1483737083126185,0.6586393745882122,0.19298691709916932,0.6586393745882122
img-495.jpg,544,300,major_pothole,136,59,544,300,408,241,98328,0.75,0.8033333333333333,0.6025,0,1.6929460580912863,11.496074277886223,major_pothole,0.8345613330356758,0.09388147936165818,0.07155718760266612,0.8345613330356758
img-496.jpg,465,300,major_pothole,1,106,465,300,464,194,90016,0.9978494623655914,0.6466666666666666,0.6452759856630824,0,2.3917525773195876,11.40775382036403,major_pothole,0.7917316050551035,0.11476983516962364,0.09349855977527279,0.7917316050551035
img-497.jpg,450,300,major_pothole,105,61,350,270,245,209,51205,0.5444444444444444,0.6966666666666667,0.3792962962962963,0,1.1722488038277512,10.84361199166168,major_pothole,0.7445776208462255,0.19171504752609866,0.06370733162767593,0.7445776208462255
img-498.jpg,453,300,major_pothole,16,211,127,248,111,37,4107,0.2450331125827814,0.1233333333333333,0.0302207505518763,0,3.0,8.32069157104845,major_pothole,0.5255752591950302,0.41933716183579994,0.055087578969169826,0.5255752591950302
img-498.jpg,453,300,minor_pothole,205,171,248,192,43,21,903,0.0949227373068432,0.07,0.006644591611479,2,2.0476190476190474,6.806829360392176,medium_pothole,0.14931090658733198,0.6420520816955655,0.20863701171710247,0.6420520816955655
img-498.jpg,453,300,medium_pothole,239,151,277,165,38,14,532,0.0838852097130242,0.0466666666666666,0.0039146431199411,1,2.7142857142857144,6.278521424165844,medium_pothole,0.16546345875862106,0.6482910750179746,0.18624546622340463,0.6482910750179746
img-498.jpg,453,300,medium_pothole,285,116,331,131,46,15,690,0.1015452538631346,0.05,0.0050772626931567,1,3.066666666666667,6.53813982376767,medium_pothole,0.19132168587170553,0.6597432144989157,0.14893509962937898,0.6597432144989157
img-498.jpg,453,300,major_pothole,323,98,359,107,36,9,324,0.0794701986754966,0.03,0.0023841059602649,0,4.0,5.783825182329737,medium_pothole,0.20507845775852995,0.6680296864668183,0.12689185577465176,0.6680296864668183
img-499.jpg,400,300,major_pothole,75,92,312,205,237,113,26781,0.5925,0.3766666666666666,0.223175,0,2.0973451327433628,10.19548529905551,major_pothole,0.7725464309109953,0.19436231606119572,0.03309125302780922,0.7725464309109953
img-5.jpg,720,720,medium_pothole,233,315,528,412,295,97,28615,0.4097222222222222,0.1347222222222222,0.0551986882716049,1,3.0412371134020617,10.261721280938854,medium_pothole,0.16948684940445777,0.7273525064344553,0.10316064416108696,0.7273525064344553
img-5.jpg,720,720,minor_pothole,125,453,212,507,87,54,4698,0.1208333333333333,0.075,0.0090625,2,1.6111111111111112,8.455104999102815,minor_pothole,0.0621006837520678,0.19719889860379491,0.740700417644137,0.740700417644137
img-50.jpg,720,720,medium_pothole,276,272,394,344,118,72,8496,0.1638888888888889,0.1,0.0163888888888888,1,1.6388888888888888,9.047468439003541,minor_pothole,0.083429352065854,0.3226425231124602,0.5939281248216858,0.5939281248216858
img-500.jpg,300,451,medium_pothole,172,187,300,236,128,49,6272,0.4266666666666667,0.1086474501108647,0.0463562453806356,1,2.6122448979591835,8.744009988096744,major_pothole,0.632790521076043,0.3125357499329919,0.054673728990965044,0.632790521076043
img-500.jpg,300,451,medium_pothole,85,166,161,227,76,61,4636,0.2533333333333333,0.1352549889135255,0.0342645971914264,1,1.2459016393442623,8.441822884391462,medium_pothole,0.24121585377723476,0.6116167955154611,0.14716735070730413,0.6116167955154611
img-501.jpg,450,300,medium_pothole,30,230,153,271,123,41,5043,0.2733333333333333,0.1366666666666666,0.0373555555555555,1,3.0,8.52595469708481,major_pothole,0.6222682803302162,0.33112522496573915,0.04660649470404444,0.6222682803302162
img-501.jpg,450,300,medium_pothole,30,214,86,233,56,19,1064,0.1244444444444444,0.0633333333333333,0.0078814814814814,1,2.9473684210526314,6.970730078143525,medium_pothole,0.20697674029613364,0.6606652879437889,0.13235797176007758,0.6606652879437889
img-501.jpg,450,300,major_pothole,251,227,426,263,175,36,6300,0.3888888888888889,0.12,0.0466666666666666,0,4.861111111111111,8.748463629942055,major_pothole,0.781581463648301,0.16350685760842038,0.05491167874327858,0.781581463648301
img-502.jpg,450,300,medium_pothole,86,53,148,73,62,20,1240,0.1377777777777777,0.0666666666666666,0.0091851851851851,1,3.1,7.123672785204607,medium_pothole,0.22211854801789097,0.6610965760194337,0.1167848759626757,0.6610965760194337
img-502.jpg,450,300,minor_pothole,42,63,89,87,47,24,1128,0.1044444444444444,0.08,0.0083555555555555,2,1.9583333333333333,7.029087564149662,medium_pothole,0.16020172724490236,0.6403281266094168,0.19947014614568095,0.6403281266094168
img-502.jpg,450,300,major_pothole,1,101,59,122,58,21,1218,0.1288888888888889,0.07,0.0090222222222222,0,2.761904761904762,7.105786129481271,medium_pothole,0.2100191161752376,0.6556483594044891,0.1343325244202733,0.6556483594044891
img-502.jpg,450,300,major_pothole,14,117,162,153,148,36,5328,0.3288888888888889,0.12,0.0394666666666666,0,4.111111111111111,8.580918882296782,major_pothole,0.7332772620513799,0.2190103596547616,0.047712378293858514,0.7332772620513799
img-502.jpg,450,300,major_pothole,270,150,450,195,180,45,8100,0.4,0.15,0.06,0,4.0,8.999742789830492,major_pothole,0.7887733412981194,0.16182514317682137,0.04940151552505934,0.7887733412981194
img-502.jpg,450,300,major_pothole,19,172,302,300,283,128,36224,0.6288888888888889,0.4266666666666667,0.2683259259259259,0,2.2109375,10.497504767188882,major_pothole,0.7649059383338371,0.2077877172544932,0.027306344411669802,0.7649059383338371
img-503.jpg,600,300,major_pothole,75,80,523,229,448,149,66752,0.7466666666666667,0.4966666666666666,0.3708444444444444,0,3.0067114093959733,11.108754519072777,major_pothole,0.7253709559877218,0.20377618217548418,0.07085286183679404,0.7253709559877218
img-504.jpg,460,300,minor_pothole,234,55,283,81,49,26,1274,0.1065217391304347,0.0866666666666666,0.009231884057971,2,1.8846153846153846,7.150701457592526,medium_pothole,0.16417425138524255,0.6369536765848817,0.1988720720298759,0.6369536765848817
img-504.jpg,460,300,minor_pothole,243,107,338,163,95,56,5320,0.2065217391304347,0.1866666666666666,0.0385507246376811,2,1.6964285714285714,8.579416534596369,medium_pothole,0.43240842077123015,0.4989334364087635,0.06865814282000655,0.4989334364087635
img-504.jpg,460,300,medium_pothole,71,155,345,260,274,105,28770,0.5956521739130435,0.35,0.2084782608695652,1,2.6095238095238096,10.267123214370452,major_pothole,0.7564916483029965,0.20936049506561494,0.034147856631388245,0.7564916483029965
img-505.jpg,571,300,major_pothole,166,209,337,280,171,71,12141,0.2994746059544658,0.2366666666666666,0.0708756567425569,0,2.408450704225352,9.40442579569038,major_pothole,0.7346507914803118,0.19002657429235997,0.07532263422732836,0.7346507914803118
img-506.jpg,520,300,major_pothole,67,150,323,272,256,122,31232,0.4923076923076923,0.4066666666666667,0.2002051282051282,0,2.098360655737705,10.349230507142863,major_pothole,0.7636760288629234,0.20636630560146813,0.029957665535608226,0.7636760288629234
img-507.jpg,373,300,major_pothole,174,200,275,223,101,23,2323,0.2707774798927614,0.0766666666666666,0.0207596067917783,0,4.391304347826087,7.751045117971802,major_pothole,0.5522742879817011,0.39761182417368734,0.05011388784461154,0.5522742879817011
img-507.jpg,373,300,major_pothole,41,152,242,190,201,38,7638,0.5388739946380697,0.1266666666666666,0.0682573726541554,0,5.2894736842105265,8.94102198354136,major_pothole,0.81953667114199,0.13905440674863023,0.04140892210937986,0.81953667114199
img-507.jpg,373,300,medium_pothole,70,139,127,148,57,9,513,0.1528150134048257,0.03,0.0045844504021447,1,6.333333333333333,6.2422232654551655,major_pothole,0.5008343583467773,0.4261800690282812,0.0729855726249416,0.5008343583467773
img-507.jpg,373,300,medium_pothole,63,107,177,135,114,28,3192,0.3056300268096514,0.0933333333333333,0.0285254691689008,1,4.071428571428571,8.068716192714781,major_pothole,0.6464176394835214,0.31349418522049727,0.04008817529598159,0.6464176394835214
img-507.jpg,373,300,major_pothole,120,59,249,78,129,19,2451,0.3458445040214477,0.0633333333333333,0.0219034852546916,0,6.7894736842105265,7.804659297056102,major_pothole,0.7896239765658548,0.13712666595898865,0.07324935747515665,0.7896239765658548
img-507.jpg,373,300,major_pothole,111,29,246,47,135,18,2430,0.3619302949061662,0.06,0.0217158176943699,0,7.5,7.796057974316123,major_pothole,0.7836804085742416,0.1339438712829718,0.08237572014278652,0.7836804085742416
img-507.jpg,373,300,major_pothole,122,18,234,30,112,12,1344,0.3002680965147453,0.04,0.0120107238605898,0,9.333333333333334,7.20414929203594,major_pothole,0.5952700957693448,0.30990768089776827,0.09482222333288699,0.5952700957693448
img-508.jpg,533,300,major_pothole,237,35,363,77,126,42,5292,0.2363977485928705,0.14,0.0330956848030018,0,3.0,8.574140471857987,major_pothole,0.5760093243941551,0.3625525208902258,0.06143815471561893,0.5760093243941551
img-508.jpg,533,300,major_pothole,74,5,170,28,96,23,2208,0.1801125703564728,0.0766666666666666,0.0138086303939962,0,4.173913043478261,7.700295203420117,medium_pothole,0.3623682266580548,0.5471956354176726,0.0904361379242727,0.5471956354176726
img-508.jpg,533,300,major_pothole,62,34,189,77,127,43,5461,0.2382739212007504,0.1433333333333333,0.0341525953721075,0,2.953488372093023,8.60557030203365,major_pothole,0.5850019824570294,0.3544217839392533,0.06057623360371735,0.5850019824570294
img-508.jpg,533,300,major_pothole,184,85,277,126,93,41,3813,0.174484052532833,0.1366666666666666,0.0238461538461538,0,2.268292682926829,8.246433786160365,medium_pothole,0.36303816138668593,0.5450026421913565,0.0919591964219576,0.5450026421913565
img-508.jpg,533,300,medium_pothole,295,123,402,163,107,40,4280,0.2007504690431519,0.1333333333333333,0.0267667292057535,1,2.675,8.361941906144946,medium_pothole,0.4506887351344168,0.47397039509763705,0.07534086976794614,0.47397039509763705
img-508.jpg,533,300,medium_pothole,352,203,514,288,162,85,13770,0.3039399624765478,0.2833333333333333,0.0861163227016885,1,1.9058823529411764,9.530320210727126,major_pothole,0.7245862707737507,0.2004524938934731,0.07496123533277571,0.7245862707737507
img-508.jpg,533,300,major_pothole,85,152,289,242,204,90,18360,0.3827392120075047,0.3,0.1148217636022514,0,2.2666666666666666,9.817984128922188,major_pothole,0.736192431462878,0.18488527909389577,0.0789222894432263,0.736192431462878
img-508.jpg,533,300,medium_pothole,366,30,445,55,79,25,1975,0.148217636022514,0.0833333333333333,0.0123514696685428,1,3.16,7.588829878307813,medium_pothole,0.2672496397619604,0.6188991411478583,0.11385121909018123,0.6188991411478583
img-508.jpg,533,300,medium_pothole,439,53,533,87,94,34,3196,0.1763602251407129,0.1133333333333333,0.0199874921826141,1,2.764705882352941,8.069968149059841,medium_pothole,0.3525189162049229,0.5544835736888141,0.09299751010626305,0.5544835736888141
img-508.jpg,533,300,medium_pothole,320,1,408,19,88,18,1584,0.1651031894934334,0.06,0.009906191369606,1,4.888888888888889,7.368339686311381,medium_pothole,0.3730376917755332,0.5360529717940332,0.09090933643043367,0.5360529717940332
img-509.jpg,533,300,medium_pothole,229,185,333,300,104,115,11960,0.1951219512195122,0.3833333333333333,0.0747967479674796,1,0.9043478260869565,9.389406636049465,major_pothole,0.6429606936685313,0.28909376660776337,0.06794553972370532,0.6429606936685313
img-509.jpg,533,300,medium_pothole,333,159,451,235,118,76,8968,0.2213883677298311,0.2533333333333333,0.0560850531582238,1,1.5526315789473684,9.101529466118004,major_pothole,0.5942416284286377,0.33962257753226793,0.0661357940390942,0.5942416284286377
img-509.jpg,533,300,minor_pothole,482,226,520,254,38,28,1064,0.0712945590994371,0.0933333333333333,0.0066541588492808,2,1.3571428571428572,6.970730078143525,medium_pothole,0.1050330645164896,0.6446477665699143,0.25031916891359607,0.6446477665699143
img-509.jpg,533,300,medium_pothole,303,90,371,119,68,29,1972,0.1275797373358349,0.0966666666666666,0.012332707942464,1,2.3448275862068964,7.587310506022615,medium_pothole,0.23162956831660333,0.6192928561004308,0.14907757558296592,0.6192928561004308
img-509.jpg,533,300,medium_pothole,234,83,286,104,52,21,1092,0.0975609756097561,0.07,0.0068292682926829,1,2.4761904761904763,6.996681488176539,medium_pothole,0.18553435604570226,0.6222859952148667,0.19217964873943083,0.6222859952148667
img-509.jpg,533,300,medium_pothole,189,103,335,163,146,60,8760,0.273921200750469,0.2,0.0547842401500938,1,2.433333333333333,9.078065332666364,major_pothole,0.7024736149482467,0.2401234954704826,0.05740288958127115,0.7024736149482467
img-509.jpg,533,300,minor_pothole,320,132,356,149,36,17,612,0.0675422138836773,0.0566666666666666,0.003827392120075,2,2.1176470588235294,6.418364935936212,medium_pothole,0.12786945353857374,0.6358135450030382,0.23631700145838838,0.6358135450030382
img-509.jpg,533,300,minor_pothole,289,143,316,156,27,13,351,0.0506566604127579,0.0433333333333333,0.0021951219512195,2,2.076923076923077,5.863631175598097,medium_pothole,0.11277214853907877,0.6545918722603112,0.23263597920061,0.6545918722603112
img-509.jpg,533,300,medium_pothole,37,115,203,254,166,139,23074,0.3114446529080675,0.4633333333333333,0.1443026891807379,1,1.1942446043165467,10.046505059371054,major_pothole,0.7864364709493978,0.1813952786588156,0.03216825039178655,0.7864364709493978
img-51.jpg,720,720,medium_pothole,273,284,439,387,166,103,17098,0.2305555555555555,0.1430555555555555,0.0329822530864197,1,1.6116504854368932,9.746775261248594,medium_pothole,0.10161918242991047,0.6175381609164682,0.28084265665362124,0.6175381609164682
img-51.jpg,720,720,minor_pothole,389,387,490,493,101,106,10706,0.1402777777777777,0.1472222222222222,0.0206520061728395,2,0.9528301886792453,9.27865301215827,minor_pothole,0.07094664760642524,0.4517729933800692,0.47728035901350546,0.47728035901350546
img-510.jpg,583,300,medium_pothole,171,150,233,178,62,28,1736,0.1063464837049742,0.0933333333333333,0.0099256718124642,1,2.2142857142857144,7.459914766241105,medium_pothole,0.20646278828162576,0.6054834373308183,0.18805377438755605,0.6054834373308183
img-510.jpg,583,300,minor_pothole,192,124,237,144,45,20,900,0.0771869639794168,0.0666666666666666,0.0051457975986277,2,2.25,6.803505257608338,medium_pothole,0.15410663193215063,0.6116719703131811,0.23422139775466816,0.6116719703131811
img-510.jpg,583,300,minor_pothole,259,140,299,156,40,16,640,0.0686106346483705,0.0533333333333333,0.003659233847913,2,2.5,6.46302945692067,medium_pothole,0.1537265319046942,0.6194438463863631,0.2268296217089427,0.6194438463863631
img-510.jpg,583,300,medium_pothole,320,147,361,163,41,16,656,0.0703259005145797,0.0533333333333333,0.0037507146941109,1,2.5625,6.48768401848461,medium_pothole,0.15919199657196278,0.6186188066925885,0.2221891967354485,0.6186188066925885
img-510.jpg,583,300,medium_pothole,324,106,364,125,40,19,760,0.0686106346483705,0.0633333333333333,0.0043453401943967,1,2.1052631578947367,6.634633357861686,medium_pothole,0.13415035088144026,0.6198884958342235,0.24596115328433626,0.6198884958342235
img-510.jpg,583,300,medium_pothole,400,107,437,129,37,22,814,0.0634648370497427,0.0733333333333333,0.0046540880503144,1,1.6818181818181819,6.703188113240863,medium_pothole,0.11089929062608621,0.6304414597438274,0.25865924963008646,0.6304414597438274
img-510.jpg,583,300,medium_pothole,236,181,327,224,91,43,3913,0.1560891938250428,0.1433333333333333,0.0223727844482561,1,2.116279069767442,8.272315147956022,medium_pothole,0.3422315461239795,0.5518968062194959,0.10587164765652464,0.5518968062194959
img-510.jpg,583,300,medium_pothole,271,233,333,275,62,42,2604,0.1063464837049742,0.14,0.0148885077186963,1,1.4761904761904763,7.865187954187467,medium_pothole,0.20145153065789528,0.6144623677453138,0.1840861015967907,0.6144623677453138
img-510.jpg,583,300,major_pothole,479,24,574,53,95,29,2755,0.1629502572898799,0.0966666666666666,0.0157518582046883,0,3.2758620689655173,7.9215356321335495,medium_pothole,0.32899222067628636,0.566783241014985,0.10422453830872865,0.566783241014985
img-510.jpg,583,300,major_pothole,265,51,329,68,64,17,1088,0.1097770154373928,0.0566666666666666,0.0062206975414522,0,3.764705882352941,6.9930151229329605,medium_pothole,0.2277008097307462,0.6438165599515836,0.12848263031767002,0.6438165599515836
img-510.jpg,583,300,medium_pothole,184,80,224,93,40,13,520,0.0686106346483705,0.0433333333333333,0.0029731275014293,1,3.076923076923077,6.255750041753367,medium_pothole,0.1816545396728512,0.6284719184465677,0.18987354188058084,0.6284719184465677
img-510.jpg,583,300,major_pothole,139,57,177,73,38,16,608,0.0651801029159519,0.0533333333333333,0.0034762721555174,0,2.375,6.411818267709897,medium_pothole,0.1427465148388545,0.6225191732612583,0.23473431189988708,0.6225191732612583
img-510.jpg,583,300,medium_pothole,109,73,142,89,33,16,528,0.0566037735849056,0.0533333333333333,0.0030188679245283,1,2.0625,6.270988431858299,medium_pothole,0.11937142617765295,0.6345883971798412,0.24604017664250585,0.6345883971798412
img-510.jpg,583,300,medium_pothole,50,82,107,101,57,19,1083,0.0977701543739279,0.0633333333333333,0.0061921097770154,1,3.0,6.988413181999592,medium_pothole,0.20531269072767652,0.6275466650277188,0.16714064424460484,0.6275466650277188
img-510.jpg,583,300,major_pothole,109,104,165,128,56,24,1344,0.0960548885077186,0.08,0.0076843910806174,0,2.3333333333333335,7.20414929203594,medium_pothole,0.1896588438888178,0.6069371751657124,0.20340398094546974,0.6069371751657124
img-510.jpg,583,300,minor_pothole,186,94,218,107,32,13,416,0.0548885077186964,0.0433333333333333,0.0023785020011435,2,2.4615384615384617,6.0330862217988015,medium_pothole,0.13532682138353333,0.6335704756691165,0.23110270294735022,0.6335704756691165
img-510.jpg,583,300,minor_pothole,421,68,455,81,34,13,442,0.0583190394511149,0.0433333333333333,0.0025271583762149,2,2.6153846153846154,6.093569770045136,medium_pothole,0.14729140925211576,0.6286681593527063,0.22404043139517754,0.6286681593527063
img-511.jpg,451,300,major_pothole,132,54,380,194,248,140,34720,0.549889135254989,0.4666666666666667,0.2566149297856614,0,1.7714285714285714,10.45509997020284,major_pothole,0.7647441277896537,0.21166799464116604,0.02358787756918048,0.7647441277896537
img-512.jpg,400,300,major_pothole,93,90,182,130,89,40,3560,0.2225,0.1333333333333333,0.0296666666666666,0,2.225,8.177796683277778,medium_pothole,0.3962401816470974,0.5410994458248404,0.06266037252806227,0.5410994458248404
img-512.jpg,400,300,minor_pothole,303,94,337,105,34,11,374,0.085,0.0366666666666666,0.0031166666666666,2,3.090909090909091,5.926926025970411,medium_pothole,0.17443552021027725,0.6656162709992431,0.15994820879047986,0.6656162709992431
img-512.jpg,400,300,medium_pothole,278,80,318,93,40,13,520,0.1,0.0433333333333333,0.0043333333333333,1,3.076923076923077,6.255750041753367,medium_pothole,0.18335936047318357,0.6713008768442198,0.1453397626825967,0.6713008768442198
img-512.jpg,400,300,major_pothole,146,153,327,242,181,89,16109,0.4525,0.2966666666666667,0.1342416666666666,0,2.033707865168539,9.68719547617102,major_pothole,0.7581542790729304,0.1796704439763283,0.06217527695074121,0.7581542790729304
img-512.jpg,400,300,medium_pothole,222,245,352,300,130,55,7150,0.325,0.1833333333333333,0.0595833333333333,1,2.3636363636363638,8.875007486048396,major_pothole,0.7180474996830853,0.24433350428772985,0.03761899602918484,0.7180474996830853
img-513.jpg,400,300,major_pothole,43,94,309,182,266,88,23408,0.665,0.2933333333333333,0.1950666666666666,0,3.022727272727273,10.06087584278487,major_pothole,0.7560558813503987,0.20252602727678495,0.041418091372816504,0.7560558813503987
img-514.jpg,300,397,minor_pothole,151,156,190,180,39,24,936,0.13,0.0604534005037783,0.0078589420654911,2,1.625,6.842683282238422,medium_pothole,0.11193867851612845,0.6275338504247705,0.26052747105910123,0.6275338504247705
img-514.jpg,300,397,medium_pothole,122,135,154,152,32,17,544,0.1066666666666666,0.0428211586901763,0.0045675902602854,1,1.8823529411764706,6.300785794663244,medium_pothole,0.1049510626959748,0.6484279191598239,0.2466210181442009,0.6484279191598239
img-514.jpg,300,397,medium_pothole,109,113,150,136,41,23,943,0.1366666666666666,0.0579345088161209,0.0079177162048698,1,1.7826086956521738,6.8501261661455,medium_pothole,0.12501434765827296,0.6294993443322723,0.24548630800945456,0.6294993443322723
img-514.jpg,300,397,medium_pothole,69,141,114,168,45,27,1215,0.15,0.0680100755667506,0.0102015113350125,1,1.6666666666666667,7.103322062526113,medium_pothole,0.1354905934170133,0.6233387746219066,0.24117063196108002,0.6233387746219066
img-514.jpg,300,397,medium_pothole,208,133,226,143,18,10,180,0.06,0.0251889168765743,0.0015113350125944,1,1.8,5.198497031265826,medium_pothole,0.08916869771837645,0.6733233215009399,0.2375079807806835,0.6733233215009399
img-514.jpg,300,397,major_pothole,94,223,223,363,129,140,18060,0.43,0.3526448362720403,0.1516372795969773,0,0.9214285714285714,9.801510196423664,major_pothole,0.7393543060198012,0.21001328532211758,0.05063240865808158,0.7393543060198012
img-515.jpg,449,300,major_pothole,101,67,314,216,213,149,31737,0.4743875278396436,0.4966666666666666,0.2356124721603563,0,1.429530201342282,10.365269980122788,major_pothole,0.7728334779532448,0.2068460697188713,0.020320452327883945,0.7728334779532448
img-516.jpg,453,300,major_pothole,244,169,350,296,106,127,13462,0.2339955849889624,0.4233333333333333,0.0990581309786607,0,0.8346456692913385,9.507700460979235,major_pothole,0.7100905654228546,0.23850944583634648,0.051399988740798756,0.7100905654228546
img-516.jpg,453,300,minor_pothole,191,264,246,299,55,35,1925,0.1214128035320088,0.1166666666666666,0.0141648270787343,2,1.5714285714285714,7.563200592358071,medium_pothole,0.18321939865348905,0.6438187766608483,0.17296182468566262,0.6438187766608483
img-516.jpg,453,300,major_pothole,18,8,149,59,131,51,6681,0.2891832229580574,0.17,0.0491611479028697,0,2.5686274509803924,8.807172622916703,major_pothole,0.6808224865170449,0.2748662581599377,0.04431125532301732,0.6808224865170449
img-516.jpg,453,300,minor_pothole,403,23,453,49,50,26,1300,0.1103752759381898,0.0866666666666666,0.0095658572479764,2,1.9230769230769231,7.170888478512505,medium_pothole,0.16996742277185972,0.6387469555227565,0.19128562170538385,0.6387469555227565
img-517.jpg,533,300,medium_pothole,299,137,401,173,102,36,3672,0.1913696060037523,0.12,0.0229643527204502,1,2.8333333333333335,8.208764045819667,medium_pothole,0.4070568617797249,0.5106172025488909,0.08232593567138406,0.5106172025488909
img-517.jpg,533,300,major_pothole,135,191,487,272,352,81,28512,0.6604127579737336,0.27,0.178311444652908,0,4.345679012345679,10.258115402607235,major_pothole,0.7744412540989486,0.1948776791782965,0.030681066722754897,0.7744412540989486
img-518.jpg,533,300,major_pothole,118,111,433,230,315,119,37485,0.5909943714821764,0.3966666666666666,0.2344277673545966,0,2.6470588235294117,10.53172280891893,major_pothole,0.7778425496028323,0.19600566731004812,0.026151783087119695,0.7778425496028323
img-519.jpg,300,450,medium_pothole,72,144,117,154,45,10,450,0.15,0.0222222222222222,0.0033333333333333,1,4.5,6.111467339502679,medium_pothole,0.21907055228475208,0.6703064930020279,0.11062295471321996,0.6703064930020279
img-519.jpg,300,450,medium_pothole,141,78,177,87,36,9,324,0.12,0.02,0.0024,1,4.0,5.783825182329737,medium_pothole,0.18722398568085571,0.678472305113982,0.1343037092051621,0.678472305113982
img-519.jpg,300,450,major_pothole,182,83,234,95,52,12,624,0.1733333333333333,0.0266666666666666,0.0046222222222222,0,4.333333333333333,6.437751649736401,medium_pothole,0.22583006202970157,0.664806868653004,0.1093630693172944,0.664806868653004
img-519.jpg,300,450,major_pothole,182,128,248,148,66,20,1320,0.22,0.0444444444444444,0.0097777777777777,0,3.3,7.186144304522325,medium_pothole,0.23228729951107616,0.6478719378504728,0.11984076263845087,0.6478719378504728
img-519.jpg,300,450,medium_pothole,201,157,265,182,64,25,1600,0.2133333333333333,0.0555555555555555,0.0118518518518518,1,2.56,7.3783837129967145,medium_pothole,0.2123235034159098,0.6357824785509425,0.1518940180331474,0.6357824785509425
img-519.jpg,300,450,medium_pothole,68,79,116,86,48,7,336,0.16,0.0155555555555555,0.0024888888888888,1,6.857142857142857,5.820082930352362,major_pothole,0.5062299025149144,0.4036316552549012,0.09013844223018455,0.5062299025149144
img-519.jpg,300,450,medium_pothole,134,58,147,66,13,8,104,0.0433333333333333,0.0177777777777777,0.0007703703703703,1,1.625,4.653960350157523,medium_pothole,0.08233430812818913,0.6521837253797768,0.2654819664920343,0.6521837253797768
img-519.jpg,300,450,major_pothole,94,226,283,392,189,166,31374,0.63,0.3688888888888889,0.2324,0,1.1385542168674698,10.353766676434086,major_pothole,0.8007246159156356,0.17370213801920342,0.0255732460651611,0.8007246159156356
img-52.jpg,720,720,medium_pothole,289,297,499,423,210,126,26460,0.2916666666666667,0.175,0.0510416666666666,1,1.6666666666666667,10.183427229849748,medium_pothole,0.12846628750046787,0.6842984112135849,0.18723530128594715,0.6842984112135849
img-52.jpg,720,720,minor_pothole,262,420,360,478,98,58,5684,0.1361111111111111,0.0805555555555555,0.0109645061728395,2,1.6896551724137931,8.645586406184636,minor_pothole,0.0720622389709228,0.22298413063068948,0.7049536303983874,0.7049536303983874
img-520.jpg,720,251,major_pothole,183,180,453,250,270,70,18900,0.375,0.2788844621513944,0.1045816733067729,0,3.857142857142857,9.846970109700957,major_pothole,0.8243417663489654,0.1199372244519078,0.055721009199126925,0.8243417663489654
img-521.jpg,450,300,major_pothole,41,130,283,224,242,94,22748,0.5377777777777778,0.3133333333333333,0.1685037037037037,0,2.574468085106383,10.032276467369046,major_pothole,0.7451245252852787,0.20599716716474484,0.048878307549976324,0.7451245252852787
img-522.jpg,450,300,major_pothole,39,179,198,230,159,51,8109,0.3533333333333333,0.17,0.0600666666666666,0,3.1176470588235294,9.000853147109458,major_pothole,0.7721178349442083,0.1827044238304175,0.045177741225373984,0.7721178349442083
img-522.jpg,450,300,medium_pothole,231,217,259,228,28,11,308,0.0622222222222222,0.0366666666666666,0.0022814814814814,1,2.5454545454545454,5.733341276897746,medium_pothole,0.13504641286987,0.657790529315913,0.20716305781421682,0.657790529315913
img-522.jpg,450,300,major_pothole,269,245,402,278,133,33,4389,0.2955555555555555,0.11,0.0325111111111111,0,4.03030303030303,8.387084506069217,major_pothole,0.6678028126748198,0.28271232709569666,0.04948486022948378,0.6678028126748198
img-523.jpg,400,300,major_pothole,89,138,328,215,239,77,18403,0.5975,0.2566666666666666,0.1533583333333333,0,3.103896103896104,9.82032331127536,major_pothole,0.7463583389364595,0.20221245090475845,0.0514292101587819,0.7463583389364595
img-523.jpg,400,300,minor_pothole,28,115,93,136,65,21,1365,0.1625,0.07,0.011375,2,3.0952380952380953,7.2196420401307355,medium_pothole,0.23851327823144,0.6658445659995225,0.09564215576903771,0.6658445659995225
img-524.jpg,533,300,major_pothole,277,218,439,272,162,54,8748,0.3039399624765478,0.18,0.0547091932457786,0,3.0,9.076694687106265,major_pothole,0.735707714499216,0.20550862248924603,0.058783663011537854,0.735707714499216
img-524.jpg,533,300,minor_pothole,297,166,385,182,88,16,1408,0.1651031894934334,0.0533333333333333,0.0088055034396497,2,5.5,7.25063551189868,medium_pothole,0.444962982430291,0.4682843242028855,0.08675269336682352,0.4682843242028855
img-524.jpg,533,300,medium_pothole,354,153,453,180,99,27,2673,0.1857410881801125,0.09,0.0167166979362101,1,3.6666666666666665,7.891330757661889,medium_pothole,0.3698610349831205,0.5418257940231558,0.0883131709937237,0.5418257940231558
img-524.jpg,533,300,medium_pothole,223,132,289,155,66,23,1518,0.123827392120075,0.0766666666666666,0.0094934333958724,1,2.869565217391304,7.325807502595773,medium_pothole,0.22560210703483913,0.6331943668753724,0.14120352608978842,0.6331943668753724
img-524.jpg,533,300,medium_pothole,1,209,195,253,194,44,8536,0.3639774859287054,0.1466666666666666,0.0533833646028768,1,4.409090909090909,9.052164937010307,major_pothole,0.7465147719614587,0.18536318964728793,0.06812203839125322,0.7465147719614587
img-525.jpg,400,300,major_pothole,71,161,248,214,177,53,9381,0.4425,0.1766666666666666,0.078175,0,3.339622641509434,9.146548238888403,major_pothole,0.8065112411917871,0.14974467437753375,0.043744084430679286,0.8065112411917871
img-525.jpg,400,300,medium_pothole,29,261,93,296,64,35,2240,0.16,0.1166666666666666,0.0186666666666666,1,1.8285714285714285,7.714677473800927,medium_pothole,0.2313347374225608,0.6554978161972718,0.11316744638016725,0.6554978161972718
img-525.jpg,400,300,minor_pothole,93,267,165,299,72,32,2304,0.18,0.1066666666666666,0.0192,2,2.25,7.742835955430749,medium_pothole,0.2717714192987379,0.6373716883933945,0.09085689230786752,0.6373716883933945
img-525.jpg,400,300,major_pothole,236,89,334,113,98,24,2352,0.245,0.08,0.0196,0,4.083333333333333,7.763446388727362,medium_pothole,0.4741831960923914,0.4680214367280491,0.05779536717955945,0.4741831960923914
img-526.jpg,407,300,major_pothole,105,152,224,184,119,32,3808,0.2923832923832923,0.1066666666666666,0.0311875511875511,0,3.71875,8.245121966478605,major_pothole,0.630842533590184,0.326079618411577,0.043077847998239084,0.630842533590184
img-526.jpg,407,300,major_pothole,94,122,152,152,58,30,1740,0.1425061425061425,0.1,0.0142506142506142,0,1.9333333333333333,7.462214939768189,medium_pothole,0.2060660157565127,0.6566202981007943,0.13731368614269315,0.6566202981007943
img-526.jpg,407,300,major_pothole,37,146,77,158,40,12,480,0.0982800982800982,0.04,0.0039312039312039,0,3.3333333333333335,6.175867270105761,medium_pothole,0.1894897492785582,0.6751202517910829,0.13538999893035858,0.6751202517910829
img-526.jpg,407,300,major_pothole,33,170,139,220,106,50,5300,0.2604422604422604,0.1666666666666666,0.0434070434070434,0,2.12,8.575650760987806,major_pothole,0.5484667792172786,0.40391664462745636,0.047616576155265204,0.5484667792172786
img-526.jpg,407,300,major_pothole,75,219,272,254,197,35,6895,0.484029484029484,0.1166666666666666,0.0564701064701064,0,5.628571428571429,8.83869681234353,major_pothole,0.8136872397196826,0.1370447274183651,0.04926803286195224,0.8136872397196826
img-526.jpg,407,300,major_pothole,247,179,407,252,160,73,11680,0.3931203931203931,0.2433333333333333,0.0956592956592956,0,2.191780821917808,9.365718869155696,major_pothole,0.7691902312551808,0.17644631894591373,0.05436344979890519,0.7691902312551808
img-526.jpg,407,300,medium_pothole,325,268,365,300,40,32,1280,0.0982800982800982,0.1066666666666666,0.0104832104832104,1,1.25,7.155396301896734,medium_pothole,0.11729162576269561,0.6732278475085387,0.20948052672876552,0.6732278475085387
img-526.jpg,407,300,major_pothole,356,144,401,154,45,10,450,0.1105651105651105,0.0333333333333333,0.0036855036855036,0,4.5,6.111467339502679,medium_pothole,0.23297010260601286,0.6697623409086099,0.0972675564853773,0.6697623409086099
img-526.jpg,407,300,medium_pothole,300,154,372,188,72,34,2448,0.1769041769041769,0.1133333333333333,0.02004914004914,1,2.1176470588235294,7.803435056952168,medium_pothole,0.2703902641953055,0.6356548413022227,0.09395489450247207,0.6356548413022227
img-526.jpg,407,300,medium_pothole,257,139,346,154,89,15,1335,0.2186732186732186,0.05,0.0109336609336609,1,5.933333333333334,7.197435354096591,major_pothole,0.586199331966506,0.3442366213744498,0.06956404665904427,0.586199331966506
img-527.jpg,450,300,major_pothole,158,180,318,233,160,53,8480,0.3555555555555555,0.1766666666666666,0.0628148148148148,0,3.018867924528302,9.0455836463617,major_pothole,0.773585612196857,0.18036187176643265,0.046052516036710546,0.773585612196857
img-528.jpg,450,300,major_pothole,107,27,406,279,299,252,75348,0.6644444444444444,0.84,0.5581333333333334,0,1.1865079365079365,11.229885932566443,major_pothole,0.8117598638765361,0.10755972517551339,0.08068041094795053,0.8117598638765361
img-529.jpg,450,300,major_pothole,145,73,244,125,99,52,5148,0.22,0.1733333333333333,0.0381333333333333,0,1.9038461538461537,8.546557800046141,medium_pothole,0.46267777460990617,0.4746325439591443,0.06268968143094958,0.4746325439591443
img-529.jpg,450,300,major_pothole,277,97,347,137,70,40,2800,0.1555555555555555,0.1333333333333333,0.0207407407407407,0,1.75,7.937731775260109,medium_pothole,0.2523353067052162,0.6333158912329806,0.11434880206180316,0.6333158912329806
img-529.jpg,450,300,medium_pothole,205,201,270,242,65,41,2665,0.1444444444444444,0.1366666666666666,0.0197407407407407,1,1.5853658536585367,7.888334500738654,medium_pothole,0.22811586014326612,0.6432126696372772,0.1286714702194567,0.6432126696372772
img-529.jpg,450,300,medium_pothole,292,188,450,300,158,112,17696,0.3511111111111111,0.3733333333333333,0.1310814814814815,1,1.4107142857142858,9.781150412671185,major_pothole,0.7388138411864943,0.20617373117552729,0.055012427637978374,0.7388138411864943
img-53.jpg,720,720,medium_pothole,213,248,458,464,245,216,52920,0.3402777777777778,0.3,0.1020833333333333,1,1.1342592592592593,10.876555514497824,medium_pothole,0.21162507023591823,0.6707256320657794,0.11764929769830244,0.6707256320657794
img-53.jpg,720,720,minor_pothole,580,446,670,573,90,127,11430,0.125,0.1763888888888889,0.0220486111111111,2,0.7086614173228346,9.344084242025778,medium_pothole,0.06671975352552854,0.5177493568688688,0.41553088960560236,0.5177493568688688
img-530.jpg,509,300,major_pothole,1,15,59,54,58,39,2262,0.1139489194499017,0.13,0.0148133595284872,0,1.4871794871794872,7.724446645633537,medium_pothole,0.1897571562836649,0.6309500275636378,0.17929281615269757,0.6309500275636378
img-530.jpg,509,300,medium_pothole,56,1,138,16,82,15,1230,0.1611001964636542,0.05,0.0080550098231827,1,5.466666666666667,7.115582126184454,medium_pothole,0.4275739835892758,0.48789109578231565,0.08453492062840859,0.48789109578231565
img-530.jpg,509,300,major_pothole,139,1,297,41,158,40,6320,0.3104125736738703,0.1333333333333333,0.041388343156516,0,3.95,8.751632702472298,major_pothole,0.7166048368620194,0.22571259575199903,0.05768256738598169,0.7166048368620194
img-530.jpg,509,300,major_pothole,334,1,497,42,163,41,6683,0.3202357563850687,0.1366666666666666,0.043765553372626,0,3.975609756097561,8.807471889715284,major_pothole,0.7290851505115341,0.21274480066072052,0.05817004882774538,0.7290851505115341
img-530.jpg,509,300,major_pothole,236,50,355,102,119,52,6188,0.2337917485265226,0.1733333333333333,0.0405239030779305,0,2.2884615384615383,8.73052880173936,major_pothole,0.5748997195323103,0.36692059380257863,0.05817968666511108,0.5748997195323103
img-530.jpg,509,300,medium_pothole,91,93,217,143,126,50,6300,0.2475442043222004,0.1666666666666666,0.0412573673870334,1,2.52,8.748463629942055,major_pothole,0.613573208169362,0.33143981072527356,0.054986981105364395,0.613573208169362
img-530.jpg,509,300,major_pothole,227,125,460,238,233,113,26329,0.4577603143418468,0.3766666666666666,0.1724230517354289,0,2.061946902654867,10.178464252490356,major_pothole,0.7524529635887087,0.20604878688917552,0.04149824952211603,0.7524529635887087
img-530.jpg,509,300,medium_pothole,1,184,157,285,156,101,15756,0.3064833005893909,0.3366666666666666,0.1031827111984282,1,1.5445544554455446,9.665039989962045,major_pothole,0.7215731815421361,0.2086396909223833,0.06978712753548036,0.7215731815421361
img-531.jpg,400,300,medium_pothole,118,195,161,211,43,16,688,0.1075,0.0533333333333333,0.0057333333333333,1,2.6875,6.535241271013659,medium_pothole,0.17808270288647535,0.6644889654008855,0.15742833171263937,0.6644889654008855
img-531.jpg,400,300,medium_pothole,174,187,232,210,58,23,1334,0.145,0.0766666666666666,0.0111166666666666,1,2.5217391304347827,7.19668657083435,medium_pothole,0.21265799256242504,0.6661678909376303,0.1211741164999444,0.6661678909376303
img-531.jpg,400,300,medium_pothole,156,208,208,229,52,21,1092,0.13,0.07,0.0091,1,2.4761904761904763,6.996681488176539,medium_pothole,0.1950371194132269,0.6647683559518925,0.14019452463488066,0.6647683559518925
img-531.jpg,400,300,medium_pothole,141,230,208,263,67,33,2211,0.1675,0.11,0.018425,1,2.0303030303030303,7.701652362642226,medium_pothole,0.2461025597466281,0.6501278032870709,0.10376963696630095,0.6501278032870709
img-531.jpg,400,300,major_pothole,168,174,214,187,46,13,598,0.115,0.0433333333333333,0.0049833333333333,0,3.5384615384615383,6.395261598115449,medium_pothole,0.19998228167517412,0.6852378104792759,0.1147799078455498,0.6852378104792759
img-531.jpg,400,300,major_pothole,141,171,191,178,50,7,350,0.125,0.0233333333333333,0.0029166666666666,0,7.142857142857143,5.860786223465865,major_pothole,0.550968300478311,0.3643147554726523,0.08471694404903649,0.550968300478311
img-531.jpg,400,300,medium_pothole,146,157,161,165,15,8,120,0.0375,0.0266666666666666,0.001,1,1.875,4.795790545596741,medium_pothole,0.09465830497333559,0.6779637851658608,0.22737790986080375,0.6779637851658608
img-531.jpg,400,300,medium_pothole,75,274,141,300,66,26,1716,0.165,0.0866666666666666,0.0143,1,2.5384615384615383,7.448333860897476,medium_pothole,0.2415814269928391,0.6570657263117209,0.10135284669544022,0.6570657263117209
img-531.jpg,400,300,medium_pothole,144,262,284,299,140,37,5180,0.35,0.1233333333333333,0.0431666666666666,1,3.7837837837837838,8.552753366814787,major_pothole,0.7563258356402329,0.2074242577948453,0.03624990656492197,0.7563258356402329
img-532.jpg,517,300,major_pothole,201,196,336,300,135,104,14040,0.2611218568665377,0.3466666666666667,0.090522243713733,0,1.2980769230769231,9.549736900114642,major_pothole,0.6943842304821365,0.23799767903673516,0.06761809048112859,0.6943842304821365
img-532.jpg,517,300,medium_pothole,228,150,306,176,78,26,2028,0.1508704061895551,0.0866666666666666,0.0130754352030947,1,3.0,7.615298339825815,medium_pothole,0.26710007516394707,0.6201248520249986,0.11277507281105432,0.6201248520249986
img-533.jpg,451,300,major_pothole,272,104,330,129,58,25,1450,0.1286031042128603,0.0833333333333333,0.0107169253510716,0,2.32,7.280008252884188,medium_pothole,0.2057938308858498,0.645002716436118,0.14920345267803226,0.645002716436118
img-533.jpg,451,300,major_pothole,172,121,232,137,60,16,960,0.1330376940133037,0.0533333333333333,0.0070953436807095,0,3.75,6.8679744089702925,medium_pothole,0.22637235388255453,0.667825524985918,0.10580212113152744,0.667825524985918
img-533.jpg,451,300,major_pothole,1,171,413,300,412,129,53148,0.9135254988913526,0.43,0.3928159645232816,0,3.193798449612403,10.880854568917648,major_pothole,0.6977580103581882,0.23281133210043678,0.06943065754137498,0.6977580103581882
img-534.jpg,400,300,medium_pothole,148,166,184,176,36,10,360,0.09,0.0333333333333333,0.003,1,3.6,5.8888779583328805,medium_pothole,0.1917409918323598,0.676870863595062,0.13138814457257825,0.676870863595062
img-534.jpg,400,300,medium_pothole,1,239,53,256,52,17,884,0.13,0.0566666666666666,0.0073666666666666,1,3.0588235294117645,6.785587645007929,medium_pothole,0.20227195079907212,0.6785171880381935,0.11921086116273458,0.6785171880381935
img-534.jpg,400,300,major_pothole,175,245,336,290,161,45,7245,0.4025,0.15,0.060375,0,3.577777777777778,8.888204871455022,major_pothole,0.80460486093773,0.1578786667334051,0.037516472328864965,0.80460486093773
img-534.jpg,400,300,major_pothole,253,166,400,180,147,14,2058,0.3675,0.0466666666666666,0.01715,0,10.5,7.629975707027789,medium_pothole,0.34034892238388886,0.5630207256420152,0.0966303519740957,0.5630207256420152
img-534.jpg,400,300,major_pothole,184,128,279,143,95,15,1425,0.2375,0.05,0.011875,0,6.333333333333333,7.262628600974241,major_pothole,0.661751503136758,0.26698206961025783,0.07126642725298427,0.661751503136758
img-535.jpg,449,300,major_pothole,181,160,353,227,172,67,11524,0.3830734966592428,0.2233333333333333,0.0855530809205642,0,2.5671641791044775,9.352273867864849,major_pothole,0.7719128883509707,0.16985670894628938,0.05823040270273998,0.7719128883509707
img-535.jpg,449,300,major_pothole,153,118,282,159,129,41,5289,0.2873051224944321,0.1366666666666666,0.0392650334075723,0,3.1463414634146343,8.573573524852344,major_pothole,0.6593582525199525,0.29611911723236495,0.04452263024768283,0.6593582525199525
img-535.jpg,449,300,medium_pothole,119,72,171,97,52,25,1300,0.1158129175946547,0.0833333333333333,0.0096510764662212,1,2.08,7.170888478512505,medium_pothole,0.18196891344254684,0.6406806906781023,0.17735039587935064,0.6406806906781023
img-535.jpg,449,300,medium_pothole,121,48,163,59,42,11,462,0.0935412026726058,0.0366666666666666,0.0034298440979955,1,3.8181818181818183,6.137727054086234,medium_pothole,0.20370842728823566,0.6735785516521863,0.12271302105957822,0.6735785516521863
img-535.jpg,449,300,medium_pothole,126,37,160,46,34,9,306,0.0757238307349666,0.03,0.0022717149220489,1,3.7777777777777777,5.726847747587197,medium_pothole,0.1968118149611718,0.6645823788810397,0.13860580615778845,0.6645823788810397
img-536.jpg,533,300,major_pothole,1,50,531,300,530,250,132500,0.9943714821763602,0.8333333333333334,0.8286429018136335,0,2.12,11.794345471549745,major_pothole,0.7084872255293703,0.17624985311689187,0.11526292135373803,0.7084872255293703
img-537.jpg,400,300,major_pothole,90,16,329,300,239,284,67876,0.5975,0.9466666666666668,0.5656333333333333,0,0.8415492957746479,11.125452522732143,major_pothole,0.7519918453628986,0.14477394580900943,0.10323420882809202,0.7519918453628986
img-538.jpg,450,300,major_pothole,125,95,418,275,293,180,52740,0.6511111111111111,0.6,0.3906666666666666,0,1.6277777777777778,10.873148420667984,major_pothole,0.7356994186271276,0.20329432076987128,0.0610062606030008,0.7356994186271276
img-539.jpg,450,300,minor_pothole,1,116,109,193,108,77,8316,0.24,0.2566666666666666,0.0616,2,1.4025974025974026,9.026056891868688,major_pothole,0.5678014501995088,0.3716289404121103,0.06056960938838072,0.5678014501995088
img-539.jpg,450,300,minor_pothole,1,50,40,89,39,39,1521,0.0866666666666666,0.13,0.0112666666666666,2,1.0,7.3277805384216315,medium_pothole,0.10745680976095988,0.676591617383607,0.21595157285543323,0.676591617383607
img-539.jpg,450,300,medium_pothole,181,126,297,147,116,21,2436,0.2577777777777778,0.07,0.0180444444444444,1,5.523809523809524,7.798523053625206,major_pothole,0.6317914951696532,0.2969403691362505,0.0712681356940963,0.6317914951696532
img-539.jpg,450,300,major_pothole,229,149,402,195,173,46,7958,0.3844444444444444,0.1533333333333333,0.0589481481481481,0,3.760869565217391,8.98205864280585,major_pothole,0.7858719821566225,0.16627129390428566,0.04785672393909177,0.7858719821566225
img-54.jpg,720,720,medium_pothole,245,296,498,506,253,210,53130,0.3513888888888888,0.2916666666666667,0.1024884259259259,1,1.2047619047619047,10.880515841025813,medium_pothole,0.21329186231643688,0.6744681754332702,0.11223996225029294,0.6744681754332702
img-540.jpg,450,300,major_pothole,181,75,227,96,46,21,966,0.1022222222222222,0.07,0.0071555555555555,0,2.1904761904761907,6.874198495453294,medium_pothole,0.16513750662410193,0.6412481850298054,0.19361430834609272,0.6412481850298054
img-540.jpg,450,300,major_pothole,175,147,352,299,177,152,26904,0.3933333333333333,0.5066666666666667,0.1992888888888888,0,1.1644736842105263,10.20006742192352,major_pothole,0.7891031892089744,0.19122579324768094,0.019671017543344806,0.7891031892089744
img-541.jpg,450,300,major_pothole,168,140,376,300,208,160,33280,0.4622222222222222,0.5333333333333333,0.2465185185185185,0,1.3,10.412741942560633,major_pothole,0.7776204693880773,0.20391455645430132,0.01846497415762128,0.7776204693880773
img-542.jpg,404,300,medium_pothole,90,1,209,57,119,56,6664,0.2945544554455445,0.1866666666666666,0.0549834983498349,1,2.125,8.804625232612809,major_pothole,0.6529905994535763,0.3056935499541028,0.041315850592321096,0.6529905994535763
img-542.jpg,404,300,major_pothole,1,53,402,275,401,222,89022,0.9925742574257426,0.74,0.7345049504950495,0,1.8063063063063063,11.396650042294073,major_pothole,0.7538445842369146,0.14129371162649432,0.10486170413659116,0.7538445842369146
img-543.jpg,360,300,major_pothole,125,85,264,133,139,48,6672,0.3861111111111111,0.16,0.0617777777777777,0,2.8958333333333335,8.805824812903607,major_pothole,0.7892597396435977,0.18129400010910704,0.029446260247295245,0.7892597396435977
img-543.jpg,360,300,major_pothole,87,85,160,255,73,170,12410,0.2027777777777777,0.5666666666666667,0.1149074074074074,0,0.4294117647058823,9.426338455129521,major_pothole,0.8505635291590747,0.12593234988205274,0.023504120958872474,0.8505635291590747
img-544.jpg,400,300,major_pothole,105,164,342,257,237,93,22041,0.5925,0.31,0.183675,0,2.5483870967741935,10.000705003251488,major_pothole,0.7588593123271592,0.19509241448265596,0.04604827319018466,0.7588593123271592
img-544.jpg,400,300,major_pothole,220,153,297,177,77,24,1848,0.1925,0.08,0.0154,0,3.2083333333333335,7.522400231387125,medium_pothole,0.29941476374189835,0.6224938433750176,0.07809139288308373,0.6224938433750176
img-545.jpg,677,300,major_pothole,236,103,527,197,291,94,27354,0.4298375184638109,0.3133333333333333,0.1346824224519941,0,3.095744680851064,10.216654606497926,major_pothole,0.7788909880647228,0.17521843015172947,0.0458905817835477,0.7788909880647228
img-545.jpg,677,300,medium_pothole,1,133,134,194,133,61,8113,0.1964549483013294,0.2033333333333333,0.0399458394879369,1,2.180327868852459,9.001346243766392,major_pothole,0.6022746831980086,0.3215288506372285,0.07619646616476282,0.6022746831980086
img-546.jpg,464,300,major_pothole,210,194,367,251,157,57,8949,0.3383620689655172,0.19,0.0642887931034482,0,2.754385964912281,9.099408811268901,major_pothole,0.7608265640540607,0.19020272555049103,0.04897071039544837,0.7608265640540607
img-547.jpg,300,400,medium_pothole,124,153,194,191,70,38,2660,0.2333333333333333,0.095,0.0221666666666666,1,1.8421052631578947,7.886457270977689,medium_pothole,0.23994271407214288,0.6359612062483853,0.12409607967947203,0.6359612062483853
img-547.jpg,300,400,major_pothole,133,109,246,142,113,33,3729,0.3766666666666666,0.0825,0.031075,0,3.4242424242424243,8.224163512637862,major_pothole,0.6239669970753456,0.330154350980451,0.0458786519442033,0.6239669970753456
img-547.jpg,300,400,major_pothole,35,207,204,339,169,132,22308,0.5633333333333334,0.33,0.1859,0,1.2803030303030303,10.01274546347265,major_pothole,0.8091606005990121,0.1545015554651996,0.0363378439357886,0.8091606005990121
img-548.jpg,451,300,major_pothole,124,119,303,205,179,86,15394,0.3968957871396896,0.2866666666666667,0.1137767923133776,0,2.0813953488372094,9.641798060358601,major_pothole,0.74747710403745,0.18299093545204834,0.06953196051050169,0.74747710403745
img-548.jpg,451,300,medium_pothole,325,87,353,102,28,15,420,0.0620842572062084,0.05,0.0031042128603104,1,1.8666666666666667,6.042632833682381,medium_pothole,0.10763399715952308,0.6682526817690813,0.22411332107139542,0.6682526817690813
img-549.jpg,400,300,major_pothole,205,149,368,215,163,66,10758,0.4075,0.22,0.08965,0,2.4696969696969697,9.283497892593909,major_pothole,0.7852736019548616,0.1654578967660171,0.0492685012791211,0.7852736019548616
img-549.jpg,400,300,medium_pothole,310,103,377,136,67,33,2211,0.1675,0.11,0.018425,1,2.0303030303030303,7.701652362642226,medium_pothole,0.2461025597466281,0.6501278032870709,0.10376963696630095,0.6501278032870709
img-55.jpg,720,720,minor_pothole,96,452,172,503,76,51,3876,0.1055555555555555,0.0708333333333333,0.0074768518518518,2,1.4901960784313726,8.262816937670928,minor_pothole,0.05076063367012705,0.18172139694117462,0.7675179693886983,0.7675179693886983
img-55.jpg,720,720,minor_pothole,150,395,247,448,97,53,5141,0.1347222222222222,0.0736111111111111,0.0099170524691358,2,1.830188679245283,8.545197387825835,minor_pothole,0.07313726480576051,0.21347919256070702,0.7133835426335324,0.7133835426335324
img-55.jpg,720,720,minor_pothole,290,306,473,419,183,113,20679,0.2541666666666666,0.1569444444444444,0.0398900462962963,2,1.6194690265486726,9.936922328622366,medium_pothole,0.11061797865545034,0.6645075856354268,0.2248744357091227,0.6645075856354268
img-55.jpg,720,720,minor_pothole,404,169,477,222,73,53,3869,0.1013888888888888,0.0736111111111111,0.007463348765432,2,1.3773584905660377,8.261009786023827,minor_pothole,0.04689595356227381,0.1800086305498236,0.7730954158879024,0.7730954158879024
img-55.jpg,720,720,minor_pothole,0,27,201,141,201,114,22914,0.2791666666666667,0.1583333333333333,0.0442013888888888,2,1.763157894736842,10.039546996943224,medium_pothole,0.11777677783448243,0.6796058311881028,0.2026173909774149,0.6796058311881028
img-550.jpg,400,300,major_pothole,110,128,222,182,112,54,6048,0.28,0.18,0.0504,0,2.074074074074074,8.707648248106914,major_pothole,0.6061821048495267,0.350591335635614,0.04322655951485935,0.6061821048495267
img-550.jpg,400,300,major_pothole,41,135,110,190,69,55,3795,0.1725,0.1833333333333333,0.031625,0,1.2545454545454546,8.241703159729818,medium_pothole,0.2633357181020487,0.6448760061404043,0.09178827575754718,0.6448760061404043
img-550.jpg,400,300,minor_pothole,17,210,70,246,53,36,1908,0.1325,0.12,0.0159,2,1.4722222222222223,7.554334823725748,medium_pothole,0.17995983373172408,0.6639669547810787,0.15607321148719702,0.6639669547810787
img-550.jpg,400,300,medium_pothole,289,75,368,110,79,35,2765,0.1975,0.1166666666666666,0.0230416666666666,1,2.257142857142857,7.925157512224703,medium_pothole,0.31787557348862894,0.6045898195754741,0.07753460693589713,0.6045898195754741
img-550.jpg,400,300,medium_pothole,260,119,346,164,86,45,3870,0.215,0.15,0.03225,1,1.9111111111111112,8.261268150577648,medium_pothole,0.37710862882417423,0.5565706178492261,0.06632075332659974,0.5565706178492261
img-550.jpg,400,300,medium_pothole,269,170,362,222,93,52,4836,0.2325,0.1733333333333333,0.0403,1,1.7884615384615385,8.484049972822984,medium_pothole,0.4435690535973685,0.4984303700037072,0.05800057639892427,0.4984303700037072
img-550.jpg,400,300,minor_pothole,267,286,319,300,52,14,728,0.13,0.0466666666666666,0.0060666666666666,2,3.7142857142857144,6.591673732008658,medium_pothole,0.21257333664250672,0.6849130652560278,0.10251359810146536,0.6849130652560278
img-551.jpg,527,300,major_pothole,314,157,361,176,47,19,893,0.0891840607210626,0.0633333333333333,0.0056483238456672,0,2.473684210526316,6.795705775173514,medium_pothole,0.1727077989540799,0.6241824474919472,0.20310975355397298,0.6241824474919472
img-551.jpg,527,300,major_pothole,436,195,526,221,90,26,2340,0.1707779886148007,0.0866666666666666,0.0148007590132827,0,3.4615384615384617,7.75833346749091,medium_pothole,0.3186838418514179,0.5847586140526245,0.09655754409595782,0.5847586140526245
img-551.jpg,527,300,medium_pothole,398,160,434,182,36,22,792,0.0683111954459203,0.0733333333333333,0.0050094876660341,1,1.6363636363636365,6.675823221634848,medium_pothole,0.10946775034863841,0.6422948791359471,0.24823737051541447,0.6422948791359471
img-551.jpg,527,300,medium_pothole,368,127,390,140,22,13,286,0.0417457305502846,0.0433333333333333,0.001808981657179,1,1.6923076923076923,5.659482215759621,medium_pothole,0.0970931456035408,0.6696495258036502,0.23325732859280893,0.6696495258036502
img-551.jpg,527,300,medium_pothole,291,107,328,120,37,13,481,0.0702087286527514,0.0433333333333333,0.0030423782416192,1,2.8461538461538463,6.1779441140506,medium_pothole,0.1670142623061121,0.6346974212666423,0.19828831642724556,0.6346974212666423
img-551.jpg,527,300,minor_pothole,328,202,372,223,44,21,924,0.0834914611005692,0.07,0.0058444022770398,2,2.0952380952380953,6.829793737512425,medium_pothole,0.14812949285147495,0.6236193775164673,0.2282511296320576,0.6236193775164673
img-551.jpg,527,300,medium_pothole,341,114,368,121,27,7,189,0.0512333965844402,0.0233333333333333,0.0011954459203036,1,3.857142857142857,5.247024072160486,medium_pothole,0.19327667908486146,0.6402993289316777,0.1664239919834609,0.6402993289316777
img-552.jpg,400,300,major_pothole,88,99,245,191,157,92,14444,0.3925,0.3066666666666666,0.1203666666666666,0,1.7065217391304348,9.578103612900335,major_pothole,0.7458409951821768,0.1941273506845079,0.06003165413331507,0.7458409951821768
img-552.jpg,400,300,major_pothole,1,211,123,275,122,64,7808,0.305,0.2133333333333333,0.0650666666666666,0,1.90625,8.963032193662675,major_pothole,0.6744848228382759,0.28220701597028486,0.04330816119143924,0.6744848228382759
img-552.jpg,400,300,medium_pothole,282,137,382,174,100,37,3700,0.25,0.1233333333333333,0.0308333333333333,1,2.7027027027027026,8.216358332386156,major_pothole,0.48658876747408736,0.46236052095472324,0.05105071157118958,0.48658876747408736
img-552.jpg,400,300,medium_pothole,283,171,383,211,100,40,4000,0.25,0.1333333333333333,0.0333333333333333,1,2.5,8.294299608857235,major_pothole,0.4908491656960204,0.45841441083086976,0.05073642347310968,0.4908491656960204
img-552.jpg,400,300,medium_pothole,275,206,362,282,87,76,6612,0.2175,0.2533333333333333,0.0551,1,1.144736842105263,8.796792687674662,medium_pothole,0.4357336381896768,0.4969185424234735,0.06734781938684975,0.4969185424234735
img-552.jpg,400,300,major_pothole,226,96,331,133,105,37,3885,0.2625,0.1233333333333333,0.032375,0,2.8378378378378377,8.265135629937385,major_pothole,0.5304460416268177,0.4226569671088752,0.046896991264307054,0.5304460416268177
img-552.jpg,400,300,medium_pothole,236,75,298,92,62,17,1054,0.155,0.0566666666666666,0.0087833333333333,1,3.6470588235294117,6.961296045910167,medium_pothole,0.23563695192151,0.6717422737299263,0.09262077434856342,0.6717422737299263
img-552.jpg,400,300,medium_pothole,118,40,187,61,69,21,1449,0.1725,0.07,0.012075,1,3.2857142857142856,7.27931883541462,medium_pothole,0.2562694211009104,0.6557490087457923,0.08798157015329729,0.6557490087457923
img-552.jpg,400,300,major_pothole,196,48,266,71,70,23,1610,0.175,0.0766666666666666,0.0134166666666666,0,3.0434782608695654,7.384610383176974,medium_pothole,0.2593956777288202,0.6519617926819579,0.08864252958922195,0.6519617926819579
img-552.jpg,400,300,medium_pothole,269,35,324,62,55,27,1485,0.1375,0.09,0.012375,1,2.037037037037037,7.303843225277705,medium_pothole,0.19730464530807387,0.6591488146734819,0.1435465400184444,0.6591488146734819
img-552.jpg,400,300,major_pothole,243,22,285,37,42,15,630,0.105,0.05,0.00525,0,2.8,6.447305862541213,medium_pothole,0.1792736677584595,0.6663849562709903,0.15434137597055034,0.6663849562709903
img-552.jpg,400,300,major_pothole,197,16,244,28,47,12,564,0.1175,0.04,0.0047,0,3.9166666666666665,6.336825731146441,medium_pothole,0.210368872708411,0.685543148759695,0.10408797853189378,0.685543148759695
img-552.jpg,400,300,medium_pothole,153,23,200,36,47,13,611,0.1175,0.0433333333333333,0.0050916666666666,1,3.6153846153846154,6.416732282512326,medium_pothole,0.20275329357580768,0.6861145362559834,0.11113217016820902,0.6861145362559834
img-552.jpg,400,300,medium_pothole,88,30,122,40,34,10,340,0.085,0.0333333333333333,0.0028333333333333,1,3.4,5.831882477283517,medium_pothole,0.18440640768643873,0.6706899641004694,0.14490362821309213,0.6706899641004694
img-552.jpg,400,300,medium_pothole,105,17,130,23,25,6,150,0.0625,0.02,0.00125,1,4.166666666666667,5.017279836814924,medium_pothole,0.1948618559481605,0.6544100035968704,0.15072814045496935,0.6544100035968704
img-552.jpg,400,300,medium_pothole,114,5,137,11,23,6,138,0.0575,0.02,0.00115,1,3.8333333333333335,4.9344739331306915,medium_pothole,0.1797372204630415,0.6484116845858641,0.17185109495109482,0.6484116845858641
img-552.jpg,400,300,minor_pothole,141,9,165,17,24,8,192,0.06,0.0266666666666666,0.0016,2,3.0,5.262690188904886,medium_pothole,0.14865855071317977,0.6590529223842031,0.192288526902617,0.6590529223842031
img-553.jpg,455,300,minor_pothole,220,93,252,103,32,10,320,0.0703296703296703,0.0333333333333333,0.0023443223443223,2,3.2,5.771441123130016,medium_pothole,0.17504805322616646,0.6524332624544064,0.172518684319427,0.6524332624544064
img-553.jpg,455,300,major_pothole,65,130,253,231,188,101,18988,0.4131868131868131,0.3366666666666666,0.1391062271062271,0,1.8613861386138615,9.851615143125416,major_pothole,0.7436077352727769,0.19454423176633245,0.06184803296089064,0.7436077352727769
img-554.jpg,532,300,medium_pothole,182,163,269,191,87,28,2436,0.1635338345864661,0.0933333333333333,0.0152631578947368,1,3.107142857142857,7.798523053625206,medium_pothole,0.304407707874975,0.5928254071512266,0.1027668849737987,0.5928254071512266
img-554.jpg,532,300,major_pothole,108,150,183,170,75,20,1500,0.1409774436090225,0.0666666666666666,0.0093984962406015,0,3.75,7.313886831633462,medium_pothole,0.2573398335500632,0.6323770844151299,0.11028308203480693,0.6323770844151299
img-554.jpg,532,300,medium_pothole,43,126,131,147,88,21,1848,0.1654135338345864,0.07,0.011578947368421,1,4.190476190476191,7.522400231387125,medium_pothole,0.32138044058279763,0.582777554334672,0.09584200508253066,0.582777554334672
img-554.jpg,532,300,major_pothole,15,212,204,253,189,41,7749,0.3552631578947368,0.1366666666666666,0.0485526315789473,0,4.609756097560975,8.955448122347393,major_pothole,0.7398950526839507,0.19027935794973444,0.06982558936631467,0.7398950526839507
img-554.jpg,532,300,major_pothole,150,254,257,297,107,43,4601,0.2011278195488721,0.1433333333333333,0.028828320802005,0,2.488372093023256,8.434246270595311,medium_pothole,0.4600763003716558,0.46608788293529113,0.07383581669305299,0.46608788293529113
img-554.jpg,532,300,medium_pothole,324,232,409,252,85,20,1700,0.1597744360902255,0.0666666666666666,0.0106516290726817,1,4.25,7.438971592395862,medium_pothole,0.3111325693651348,0.5915175892482656,0.09734984138659968,0.5915175892482656
img-554.jpg,532,300,medium_pothole,132,129,231,145,99,16,1584,0.1860902255639097,0.0533333333333333,0.0099248120300751,1,6.1875,7.368339686311381,major_pothole,0.5694332125148166,0.3422120653207204,0.08835472216446291,0.5694332125148166
img-555.jpg,400,300,major_pothole,135,135,312,200,177,65,11505,0.4425,0.2166666666666666,0.095875,0,2.723076923076923,9.350623917423238,major_pothole,0.7900119309253348,0.15751015612193628,0.052477912952728724,0.7900119309253348
d0c3cc66-img-556.jpg,400,300,major_pothole,143,148,284,196,141,48,6768,0.3525,0.16,0.0564,0,2.9375,8.820108644508608,major_pothole,0.7630034441979834,0.20208858530852708,0.03490797049348953,0.7630034441979834
d0c3cc66-img-556.jpg,400,300,major_pothole,105,103,138,122,33,19,627,0.0825,0.0633333333333333,0.005225,0,1.736842105263158,6.4425401664681985,medium_pothole,0.11223440329760757,0.6734131802918132,0.21435241641057934,0.6734131802918132
d0c3cc66-img-556.jpg,400,300,major_pothole,97,76,124,81,27,5,135,0.0675,0.0166666666666666,0.001125,0,5.4,4.912654885736052,medium_pothole,0.25173644345860624,0.6233423240117354,0.12492123252965846,0.6233423240117354
d0c3cc66-img-556.jpg,400,300,medium_pothole,137,82,165,96,28,14,392,0.07,0.0466666666666666,0.0032666666666666,1,2.0,5.973809611869261,medium_pothole,0.11289356787082944,0.6770928314524857,0.21001360067668484,0.6770928314524857
d0c3cc66-img-556.jpg,400,300,medium_pothole,110,92,119,97,9,5,45,0.0225,0.0166666666666666,0.000375,1,1.8,3.828641396489095,medium_pothole,0.08418534845860967,0.6021440245623907,0.31367062697900006,0.6021440245623907
d0c3cc66-img-556.jpg,400,300,medium_pothole,183,106,262,145,79,39,3081,0.1975,0.13,0.025675,1,2.0256410256410255,8.033334015880062,medium_pothole,0.32064328684161175,0.6019086579804672,0.07744805517792097,0.6019086579804672
d0c3cc66-img-556.jpg,400,300,minor_pothole,291,158,319,177,28,19,532,0.07,0.0633333333333333,0.0044333333333333,2,1.4736842105263157,6.278521424165844,medium_pothole,0.09575199191027571,0.6848428660706711,0.2194051420190529,0.6848428660706711
d0c3cc66-img-556.jpg,400,300,minor_pothole,342,186,374,207,32,21,672,0.08,0.07,0.0056,2,1.5238095238095237,6.511745329644728,medium_pothole,0.10348902791470721,0.6780095138332387,0.218501458252054,0.6780095138332387
d0c3cc66-img-556.jpg,400,300,medium_pothole,334,167,397,182,63,15,945,0.1575,0.05,0.007875,1,4.2,6.852242569051878,medium_pothole,0.25989307469420403,0.6537673911328016,0.08633953417299461,0.6537673911328016
d0c3cc66-img-556.jpg,400,300,minor_pothole,407,54,414,55,7,1,7,0.0175,0.0033333333333333,5.833333333333333e-05,2,7.0,2.0794415416798357,minor_pothole,0.08854717322907585,0.2259764052786193,0.685476421492305,0.685476421492305
d0c3cc66-img-556.jpg,400,300,medium_pothole,414,60,428,63,14,3,42,0.035,0.01,0.00035,1,4.666666666666667,3.7612001156935624,medium_pothole,0.16157312253068243,0.5511308248510686,0.28729605261824903,0.5511308248510686
d0c3cc66-img-556.jpg,400,300,medium_pothole,420,51,440,54,20,3,60,0.05,0.01,0.0005,1,6.666666666666667,4.110873864173311,medium_pothole,0.2593975287755369,0.5384380352559545,0.20216443596850853,0.5384380352559545
img-557.jpg,400,300,medium_pothole,147,142,246,186,99,44,4356,0.2475,0.1466666666666666,0.0363,1,2.25,8.379539026117442,major_pothole,0.48721201940998243,0.4612233665090025,0.05156461408101529,0.48721201940998243
img-558.jpg,400,300,medium_pothole,92,147,263,193,171,46,7866,0.4275,0.1533333333333333,0.06555,1,3.717391304347826,8.970432074329242,major_pothole,0.8110694684218522,0.14909885493237454,0.03983167664577334,0.8110694684218522
img-558.jpg,400,300,minor_pothole,178,132,229,150,51,18,918,0.1275,0.06,0.00765,2,2.8333333333333335,6.823286122355687,medium_pothole,0.19766617732790087,0.6730379873011711,0.12929583537092781,0.6730379873011711
img-558.jpg,400,300,minor_pothole,270,145,293,157,23,12,276,0.0575,0.04,0.0023,2,1.9166666666666667,5.6240175061873385,medium_pothole,0.10436951993640754,0.6837845670864225,0.21184591297716995,0.6837845670864225
img-559.jpg,533,300,major_pothole,268,42,469,197,201,155,31155,0.3771106941838649,0.5166666666666667,0.1948405253283302,0,1.2967741935483872,10.34676212203984,major_pothole,0.7991692045199011,0.18205316546108946,0.018777630019009315,0.7991692045199011
img-559.jpg,533,300,minor_pothole,1,258,47,300,46,42,1932,0.0863039399624765,0.14,0.0120825515947467,2,1.0952380952380953,7.566828479208331,medium_pothole,0.13141851759029077,0.6480107325562283,0.22057074985348077,0.6480107325562283
img-56.jpg,720,720,medium_pothole,268,275,457,376,189,101,19089,0.2625,0.1402777777777777,0.0368229166666666,1,1.8712871287128714,9.856919916719793,medium_pothole,0.11111403314967833,0.6485028369196907,0.24038312993063066,0.6485028369196907
img-56.jpg,720,720,minor_pothole,411,73,451,90,40,17,680,0.0555555555555555,0.0236111111111111,0.0013117283950617,2,2.3529411764705883,6.523562306149512,minor_pothole,0.07522116763687674,0.38440025362163477,0.5403785787414885,0.5403785787414885
img-560.jpg,450,300,medium_pothole,116,140,138,151,22,11,242,0.0488888888888888,0.0366666666666666,0.0017925925925925,1,2.0,5.493061443340548,medium_pothole,0.10547963534088609,0.6749356455293248,0.21958471912978933,0.6749356455293248
img-560.jpg,450,300,medium_pothole,262,126,292,137,30,11,330,0.0666666666666666,0.0366666666666666,0.0024444444444444,1,2.727272727272727,5.802118375377063,medium_pothole,0.14851840986282205,0.6531579070651111,0.1983236830720671,0.6531579070651111
img-560.jpg,450,300,medium_pothole,246,106,259,112,13,6,78,0.0288888888888888,0.02,0.0005777777777777,1,2.1666666666666665,4.3694478524670215,medium_pothole,0.0968688894485865,0.6476194715731396,0.2555116389782739,0.6476194715731396
img-560.jpg,450,300,major_pothole,182,97,210,105,28,8,224,0.0622222222222222,0.0266666666666666,0.0016592592592592,0,3.5,5.41610040220442,medium_pothole,0.1799910833292441,0.6516690945181307,0.16833982215262527,0.6516690945181307
img-561.jpg,400,300,medium_pothole,176,38,212,52,36,14,504,0.09,0.0466666666666666,0.0042,1,2.5714285714285716,6.22455842927536,medium_pothole,0.15711425911068336,0.6614033516732877,0.1814823892160292,0.6614033516732877
img-561.jpg,400,300,major_pothole,190,5,247,25,57,20,1140,0.1425,0.0666666666666666,0.0095,0,2.85,7.039660349862076,medium_pothole,0.21193124819801934,0.6731700992372444,0.11489865256473633,0.6731700992372444
img-561.jpg,400,300,major_pothole,279,1,400,161,121,160,19360,0.3025,0.5333333333333333,0.1613333333333333,0,0.75625,9.871016012389166,major_pothole,0.8246769105821817,0.1559501770549029,0.019372912362915457,0.8246769105821817
img-561.jpg,400,300,major_pothole,20,87,298,191,278,104,28912,0.695,0.3466666666666667,0.2409333333333333,0,2.673076923076923,10.272046599948313,major_pothole,0.7789701236815058,0.18764356695072495,0.03338630936776909,0.7789701236815058
img-561.jpg,400,300,medium_pothole,61,201,179,300,118,99,11682,0.295,0.33,0.09735,1,1.1919191919191918,9.365890072717148,major_pothole,0.6702150985338846,0.2719498362877473,0.05783506517836775,0.6702150985338846
img-561.jpg,400,300,minor_pothole,2,231,44,255,42,24,1008,0.105,0.08,0.0084,2,1.75,6.9167150203536085,medium_pothole,0.1401006039528068,0.6604553640565658,0.19944403199062755,0.6604553640565658
img-561.jpg,400,300,minor_pothole,163,57,191,76,28,19,532,0.07,0.0633333333333333,0.0044333333333333,2,1.4736842105263157,6.278521424165844,medium_pothole,0.09575199191027571,0.6848428660706711,0.2194051420190529,0.6848428660706711
img-561.jpg,400,300,minor_pothole,124,70,160,87,36,17,612,0.09,0.0566666666666666,0.0051,2,2.1176470588235294,6.418364935936212,medium_pothole,0.1358336018143774,0.6634647427902863,0.20070165539533616,0.6634647427902863
img-561.jpg,400,300,medium_pothole,339,163,400,193,61,30,1830,0.1525,0.1,0.01525,1,2.033333333333333,7.5126175446745105,medium_pothole,0.21970721284614206,0.6584281693657401,0.12186461778811751,0.6584281693657401
img-562.jpg,400,300,medium_pothole,164,110,197,128,33,18,594,0.0825,0.06,0.00495,1,1.8333333333333333,6.38856140554563,medium_pothole,0.11591322649090968,0.6718976685387181,0.21218910497037197,0.6718976685387181
img-562.jpg,400,300,minor_pothole,185,259,228,300,43,41,1763,0.1075,0.1366666666666666,0.0146916666666666,2,1.048780487804878,7.475339236566737,medium_pothole,0.1302672951991644,0.6815809668118044,0.1881517379890315,0.6815809668118044
img-563.jpg,533,300,medium_pothole,204,212,260,252,56,40,2240,0.1050656660412758,0.1333333333333333,0.0140087554721701,1,1.4,7.714677473800927,medium_pothole,0.17794971441965024,0.6281238533212447,0.19392643225910475,0.6281238533212447
img-563.jpg,533,300,major_pothole,312,38,385,71,73,33,2409,0.1369606003752345,0.11,0.0150656660412757,0,2.212121212121212,7.787382026484701,medium_pothole,0.2516904617154662,0.6123461695192397,0.1359633687652939,0.6123461695192397
img-564.jpg,400,300,major_pothole,163,205,245,243,82,38,3116,0.205,0.1266666666666666,0.0259666666666666,0,2.1578947368421053,8.044626279767337,medium_pothole,0.3405883851723411,0.5868260811618345,0.0725855336658246,0.5868260811618345
img-564.jpg,400,300,major_pothole,4,174,109,212,105,38,3990,0.2625,0.1266666666666666,0.03325,0,2.763157894736842,8.291797105048733,major_pothole,0.5318697851432369,0.4213981560701213,0.04673205878664189,0.5318697851432369
img-564.jpg,400,300,major_pothole,202,158,304,180,102,22,2244,0.255,0.0733333333333333,0.0187,0,4.636363636363637,7.716460800176355,major_pothole,0.5380777522830147,0.4042946431077203,0.05762760460926499,0.5380777522830147
img-564.jpg,400,300,medium_pothole,314,189,360,206,46,17,782,0.115,0.0566666666666666,0.0065166666666666,1,2.7058823529411766,6.663132695990803,medium_pothole,0.18503036246368781,0.6669040641034939,0.14806557343281823,0.6669040641034939
img-564.jpg,400,300,medium_pothole,137,124,190,136,53,12,636,0.1325,0.04,0.0053,1,4.416666666666667,6.456769655572163,medium_pothole,0.24338131612643385,0.6654510289163897,0.09116765495717637,0.6654510289163897
img-565.jpg,406,300,major_pothole,1,84,388,256,387,172,66564,0.9532019704433498,0.5733333333333334,0.5465024630541871,0,2.25,11.105934192866018,major_pothole,0.7535983077839096,0.16002730964921447,0.08637438256687593,0.7535983077839096
img-566.jpg,438,300,medium_pothole,234,52,268,64,34,12,408,0.0776255707762557,0.04,0.0031050228310502,1,2.8333333333333335,6.013715156042802,medium_pothole,0.16290163165553673,0.6534725757515178,0.18362579259294518,0.6534725757515178
img-566.jpg,438,300,medium_pothole,218,32,247,44,29,12,348,0.0662100456621004,0.04,0.002648401826484,1,2.4166666666666665,5.855071922202427,medium_pothole,0.13124412343851605,0.6608712387906823,0.2078846377708018,0.6608712387906823
img-566.jpg,438,300,medium_pothole,240,120,278,147,38,27,1026,0.0867579908675799,0.09,0.0078082191780821,1,1.4074074074074074,6.934397209928558,medium_pothole,0.11259234117255608,0.6617043101498029,0.22570334867764114,0.6617043101498029
img-566.jpg,438,300,major_pothole,296,104,344,131,48,27,1296,0.1095890410958904,0.09,0.0098630136986301,0,1.7777777777777777,7.167809184316444,medium_pothole,0.159739670169784,0.644665783022324,0.19559454680789215,0.644665783022324
img-566.jpg,438,300,medium_pothole,343,208,381,237,38,29,1102,0.0867579908675799,0.0966666666666666,0.008386605783866,1,1.3103448275862069,7.005789019253503,medium_pothole,0.10992877650886014,0.6648666651170995,0.2252045583740405,0.6648666651170995
img-566.jpg,438,300,minor_pothole,188,172,232,197,44,25,1100,0.1004566210045662,0.0833333333333333,0.0083713850837138,2,1.76,7.00397413672268,medium_pothole,0.14339907827682608,0.6474754679050212,0.2091254538181525,0.6474754679050212
img-566.jpg,438,300,medium_pothole,135,95,153,106,18,11,198,0.0410958904109589,0.0366666666666666,0.0015068493150684,1,1.6363636363636365,5.293304824724492,medium_pothole,0.09329481904627362,0.6847229024793806,0.2219822784743461,0.6847229024793806
img-566.jpg,438,300,medium_pothole,122,85,139,97,17,12,204,0.0388127853881278,0.04,0.0015525114155251,1,1.4166666666666667,5.3230099791384085,medium_pothole,0.08851959724439175,0.6884264164750248,0.22305398628058332,0.6884264164750248
img-566.jpg,438,300,medium_pothole,89,118,126,140,37,22,814,0.0844748858447488,0.0733333333333333,0.0061948249619482,1,1.6818181818181819,6.703188113240863,medium_pothole,0.11745604062624747,0.6584246714773467,0.22411928789640603,0.6584246714773467
img-566.jpg,438,300,minor_pothole,82,154,124,188,42,34,1428,0.0958904109589041,0.1133333333333333,0.0108675799086757,2,1.2352941176470589,7.264730177929867,medium_pothole,0.12202496721982409,0.6637183646977604,0.21425666808241592,0.6637183646977604
img-567.jpg,450,300,major_pothole,72,47,403,269,331,222,73482,0.7355555555555555,0.74,0.5443111111111111,0,1.490990990990991,11.204809365931682,major_pothole,0.8199653284094381,0.10488791079747484,0.07514676079308727,0.8199653284094381
img-568.jpg,400,300,major_pothole,113,102,268,168,155,66,10230,0.3875,0.22,0.08525,0,2.3484848484848486,9.23317760587894,major_pothole,0.777872053580275,0.17523039829939105,0.046897548120334163,0.777872053580275
img-568.jpg,400,300,medium_pothole,90,81,135,101,45,20,900,0.1125,0.0666666666666666,0.0075,1,2.25,6.803505257608338,medium_pothole,0.16925916922900217,0.6578898664256058,0.17285096434539213,0.6578898664256058
img-569.jpg,400,300,major_pothole,158,124,242,146,84,22,1848,0.21,0.0733333333333333,0.0154,0,3.8181818181818183,7.522400231387125,medium_pothole,0.354260095714421,0.5760876781154018,0.06965222617017719,0.5760876781154018
img-569.jpg,400,300,major_pothole,151,156,278,190,127,34,4318,0.3175,0.1133333333333333,0.0359833333333333,0,3.735294117647059,8.3707791729607,major_pothole,0.6935315694966705,0.2680592417232903,0.0384091887800391,0.6935315694966705
img-57.jpg,720,720,medium_pothole,274,296,437,391,163,95,15485,0.2263888888888889,0.1319444444444444,0.0298707561728395,1,1.7157894736842105,9.647691668946669,medium_pothole,0.1006785244939659,0.5810709057212677,0.3182505697847662,0.5810709057212677
img-570.jpg,533,300,major_pothole,285,126,365,172,80,46,3680,0.150093808630394,0.1533333333333333,0.0230143839899937,0,1.7391304347826086,8.210939733379021,medium_pothole,0.29512626917928375,0.5925256726058548,0.1123480582148617,0.5925256726058548
img-570.jpg,533,300,medium_pothole,232,188,322,216,90,28,2520,0.1688555347091932,0.0933333333333333,0.0157598499061913,1,3.2142857142857144,7.83241092718792,medium_pothole,0.3185681664053873,0.5827260837921181,0.09870574980249482,0.5827260837921181
img-570.jpg,533,300,minor_pothole,158,264,215,300,57,36,2052,0.1069418386491557,0.12,0.0128330206378986,2,1.5833333333333333,7.627057417018934,medium_pothole,0.18335191305989618,0.621381185671621,0.19526690126848284,0.621381185671621
img-570.jpg,533,300,minor_pothole,416,214,472,240,56,26,1456,0.1050656660412758,0.0866666666666666,0.0091056910569105,2,2.1538461538461537,7.284134806195205,medium_pothole,0.18929093804779584,0.616860184364967,0.19384887758723687,0.616860184364967
img-570.jpg,533,300,medium_pothole,349,39,396,74,47,35,1645,0.0881801125703564,0.1166666666666666,0.0102876797998749,1,1.3428571428571427,7.406103381237015,medium_pothole,0.1357622872847016,0.6335393730490791,0.2306983396662192,0.6335393730490791
img-571.jpg,533,300,major_pothole,172,152,209,165,37,13,481,0.0694183864915572,0.0433333333333333,0.0030081300813008,0,2.8461538461538463,6.1779441140506,medium_pothole,0.16685653359015545,0.6336266922143772,0.19951677419546718,0.6336266922143772
img-571.jpg,533,300,major_pothole,25,220,107,273,82,53,4346,0.1538461538461538,0.1766666666666666,0.0271794871794871,0,1.5471698113207548,8.377241230988792,medium_pothole,0.31483187194280116,0.5819324613484664,0.10323566670873237,0.5819324613484664
img-571.jpg,533,300,medium_pothole,87,252,131,283,44,31,1364,0.0825515947467167,0.1033333333333333,0.0085303314571607,1,1.4193548387096775,7.21890970761906,medium_pothole,0.12480916669444875,0.6338330001648171,0.2413578331407343,0.6338330001648171
img-571.jpg,533,300,medium_pothole,152,206,201,233,49,27,1323,0.0919324577861163,0.09,0.0082739212007504,1,1.8148148148148149,7.188412736496954,medium_pothole,0.15429313028029673,0.6189332067224115,0.22677366299729176,0.6189332067224115
img-571.jpg,533,300,medium_pothole,204,212,254,237,50,25,1250,0.0938086303939962,0.0833333333333333,0.0078173858661663,1,2.0,7.1316985104669115,medium_pothole,0.16396140485167865,0.6170380110814223,0.21900058406689893,0.6170380110814223
img-571.jpg,533,300,medium_pothole,282,221,323,240,41,19,779,0.0769230769230769,0.0633333333333333,0.0048717948717948,1,2.1578947368421053,6.659293919683638,medium_pothole,0.14188420600375304,0.6264621052351665,0.23165368876108,0.6264621052351665
img-571.jpg,533,300,medium_pothole,236,249,284,279,48,30,1440,0.0900562851782364,0.1,0.0090056285178236,1,1.6,7.273092595999522,medium_pothole,0.14443140997069434,0.6237845127239673,0.23178407730533843,0.6237845127239673
img-571.jpg,533,300,medium_pothole,159,253,211,286,52,33,1716,0.0975609756097561,0.11,0.0107317073170731,1,1.5757575757575757,7.448333860897476,medium_pothole,0.16096954719262876,0.6218822850572296,0.21714816775014156,0.6218822850572296
img-571.jpg,533,300,medium_pothole,181,285,249,300,68,15,1020,0.1275797373358349,0.05,0.0063789868667917,1,4.533333333333333,6.928537818164665,medium_pothole,0.27280652845357134,0.6251207607561132,0.10207271079031544,0.6251207607561132
img-571.jpg,533,300,medium_pothole,305,273,373,298,68,25,1700,0.1275797373358349,0.0833333333333333,0.0106316447779862,1,2.72,7.438971592395862,medium_pothole,0.23124137424070285,0.6277785606490298,0.14098006511026706,0.6277785606490298
img-571.jpg,533,300,minor_pothole,234,166,257,178,23,12,276,0.0431519699812382,0.04,0.0017260787992495,2,1.9166666666666667,5.6240175061873385,medium_pothole,0.10361794319011,0.6645160630952933,0.23186599371459646,0.6645160630952933
img-571.jpg,533,300,minor_pothole,216,161,235,167,19,6,114,0.0356472795497185,0.02,0.0007129455909943,2,3.1666666666666665,4.74493212836325,medium_pothole,0.14136112956772356,0.6321094034828391,0.22652946694943726,0.6321094034828391
img-571.jpg,533,300,medium_pothole,241,137,323,177,82,40,3280,0.1538461538461538,0.1333333333333333,0.0205128205128205,1,2.05,8.0959035329611,medium_pothole,0.29924502565066424,0.5888318328221022,0.11192314152723386,0.5888318328221022
img-571.jpg,533,300,major_pothole,326,178,499,248,173,70,12110,0.324577861163227,0.2333333333333333,0.0757348342714196,0,2.4714285714285715,9.401869409521051,major_pothole,0.7458732748646159,0.18319441761985414,0.07093230751552981,0.7458732748646159
img-571.jpg,533,300,major_pothole,464,246,533,300,69,54,3726,0.1294559099437148,0.18,0.0233020637898686,0,1.2777777777777777,8.223358899479258,medium_pothole,0.2445257202267177,0.6260572034327937,0.12941707634048846,0.6260572034327937
img-572.jpg,533,300,medium_pothole,193,153,291,175,98,22,2156,0.1838649155722326,0.0733333333333333,0.0134834271419637,1,4.454545454545454,7.676473646389156,medium_pothole,0.3858964165879861,0.5255137130061768,0.08858987040583707,0.5255137130061768
img-572.jpg,533,300,medium_pothole,287,154,315,169,28,15,420,0.0525328330206379,0.05,0.0026266416510318,1,1.8666666666666667,6.042632833682381,medium_pothole,0.10617345391579627,0.6553796553018405,0.23844689078236322,0.6553796553018405
img-572.jpg,533,300,medium_pothole,28,125,62,135,34,10,340,0.0637898686679174,0.0333333333333333,0.0021263289555972,1,3.4,5.831882477283517,medium_pothole,0.18653282122273493,0.6425617204180284,0.17090545835923637,0.6425617204180284
img-573.jpg,544,300,medium_pothole,75,122,452,204,377,82,30914,0.6930147058823529,0.2733333333333333,0.1894240196078431,1,4.597560975609756,10.33899678199267,major_pothole,0.7889285089912341,0.18074033183490493,0.03033115917386088,0.7889285089912341
img-574.jpg,498,300,major_pothole,261,194,469,230,208,36,7488,0.4176706827309236,0.12,0.0501204819277108,0,5.777777777777778,8.921190556249368,major_pothole,0.7609837677299551,0.17108981709373924,0.06792641517630564,0.7609837677299551
img-574.jpg,498,300,major_pothole,87,158,237,185,150,27,4050,0.3012048192771084,0.09,0.0271084337349397,0,5.555555555555555,8.30671904320269,major_pothole,0.6961141648096554,0.2228768310894236,0.08100900410092111,0.6961141648096554
img-574.jpg,498,300,major_pothole,50,135,147,155,97,20,1940,0.1947791164658634,0.0666666666666666,0.0129852744310575,0,4.85,7.57095858316901,medium_pothole,0.429780476587147,0.48829317184942733,0.0819263515634258,0.48829317184942733
img-574.jpg,498,300,major_pothole,178,122,266,136,88,14,1232,0.1767068273092369,0.0466666666666666,0.0082463186077643,0,6.285714285714286,7.117205503164344,major_pothole,0.5674903491744504,0.3504886688471794,0.08202098197837035,0.5674903491744504
img-574.jpg,498,300,major_pothole,39,107,89,117,50,10,500,0.1004016064257028,0.0333333333333333,0.00334672021419,0,5.0,6.2166061010848646,medium_pothole,0.2785187716737523,0.6252042736445507,0.09627695468169724,0.6252042736445507
img-574.jpg,498,300,major_pothole,1,100,23,109,22,9,198,0.0441767068273092,0.03,0.0013253012048192,0,2.4444444444444446,5.293304824724492,medium_pothole,0.11916334088665247,0.6594979264822708,0.22133873263107642,0.6594979264822708
img-574.jpg,498,300,major_pothole,240,71,290,79,50,8,400,0.1004016064257028,0.0266666666666666,0.002677376171352,0,6.25,5.993961427306569,medium_pothole,0.44025899382057737,0.4768590187419106,0.082881987437512,0.4768590187419106
img-574.jpg,498,300,medium_pothole,275,52,343,58,68,6,408,0.1365461847389558,0.02,0.0027309236947791,1,11.333333333333334,6.013715156042802,medium_pothole,0.20981015949677476,0.6632908791050084,0.1268989613982169,0.6632908791050084
img-574.jpg,498,300,medium_pothole,303,138,351,155,48,17,816,0.0963855421686747,0.0566666666666666,0.0054618473895582,1,2.823529411764706,6.705639094860003,medium_pothole,0.18787931177564962,0.6405768575044994,0.1715438307198508,0.6405768575044994
img-575.jpg,409,300,major_pothole,47,87,171,145,124,58,7192,0.3031784841075794,0.1933333333333333,0.0586145069274653,0,2.1379310344827585,8.880863609867356,major_pothole,0.6794702478550614,0.27923240953207745,0.04129734261286108,0.6794702478550614
img-575.jpg,409,300,major_pothole,207,60,353,78,146,18,2628,0.3569682151589242,0.06,0.0214180929095354,0,8.11111111111111,7.874358824729881,major_pothole,0.7319294048769445,0.17507642719817101,0.09299416792488442,0.7319294048769445
img-575.jpg,409,300,medium_pothole,234,48,336,57,102,9,918,0.2493887530562347,0.03,0.007481662591687,1,11.333333333333334,6.823286122355687,medium_pothole,0.20428552477592685,0.695565610774763,0.10014886444931001,0.695565610774763
img-575.jpg,409,300,major_pothole,189,106,313,134,124,28,3472,0.3031784841075794,0.0933333333333333,0.0282966585167074,0,4.428571428571429,8.152774052744075,major_pothole,0.6705720677422456,0.28226819048490137,0.047159741772853,0.6705720677422456
img-575.jpg,409,300,major_pothole,117,163,388,267,271,104,28184,0.6625916870415648,0.3466666666666667,0.2296984515077424,0,2.605769230769231,10.246545200515675,major_pothole,0.7720129314172682,0.1941635619607863,0.03382350662194541,0.7720129314172682
img-576.jpg,400,300,major_pothole,4,141,394,264,390,123,47970,0.975,0.41,0.39975,0,3.1707317073170733,10.778351940641137,major_pothole,0.7302313572203665,0.19672470434003367,0.0730439384395998,0.7302313572203665
img-576.jpg,400,300,medium_pothole,198,111,283,135,85,24,2040,0.2125,0.08,0.017,1,3.5416666666666665,7.621195162809845,medium_pothole,0.35484846774013745,0.5766182822053367,0.06853325005452589,0.5766182822053367
img-577.jpg,480,300,major_pothole,37,154,235,234,198,80,15840,0.4125,0.2666666666666666,0.11,0,2.475,9.670356794688852,major_pothole,0.747854879368995,0.17831142170303,0.07383369892797483,0.747854879368995
img-577.jpg,480,300,medium_pothole,104,120,141,132,37,12,444,0.0770833333333333,0.04,0.0030833333333333,1,3.0833333333333335,6.09807428216624,medium_pothole,0.17835992695855363,0.6479565476873635,0.17368352535408282,0.6479565476873635
img-577.jpg,480,300,medium_pothole,35,241,96,300,61,59,3599,0.1270833333333333,0.1966666666666666,0.0249930555555555,1,1.0338983050847457,8.1886891244442,medium_pothole,0.21453532161167418,0.6564402544405629,0.129024423947763,0.6564402544405629
img-577.jpg,480,300,medium_pothole,274,194,342,237,68,43,2924,0.1416666666666666,0.1433333333333333,0.0203055555555555,1,1.5813953488372092,7.981049759665957,medium_pothole,0.23904579248557672,0.6321475540252987,0.1288066534891243,0.6321475540252987
img-577.jpg,480,300,minor_pothole,313,242,354,283,41,41,1681,0.0854166666666666,0.1366666666666666,0.0116736111111111,2,1.0,7.427738840532894,medium_pothole,0.11365057293502527,0.6684942272606464,0.21785519980432813,0.6684942272606464
img-577.jpg,480,300,medium_pothole,361,227,419,270,58,43,2494,0.1208333333333333,0.1433333333333333,0.0173194444444444,1,1.3488372093023255,7.822044008185619,medium_pothole,0.19263539064506524,0.644504581900043,0.16286002745489195,0.644504581900043
img-577.jpg,480,300,medium_pothole,359,182,437,218,78,36,2808,0.1625,0.12,0.0195,1,2.1666666666666665,7.940583827104244,medium_pothole,0.28523193554995624,0.6088553828405762,0.10591268160946751,0.6088553828405762
img-577.jpg,480,300,major_pothole,366,146,479,189,113,43,4859,0.2354166666666666,0.1433333333333333,0.0337430555555555,0,2.627906976744186,8.48879371689454,major_pothole,0.5329525930589649,0.4092392153738759,0.05780819156715919,0.5329525930589649
img-577.jpg,480,300,medium_pothole,322,126,363,150,41,24,984,0.0854166666666666,0.08,0.0068333333333333,1,1.7083333333333333,6.892641641172089,medium_pothole,0.12696983474725304,0.6418593231978353,0.23117084205491184,0.6418593231978353
img-577.jpg,480,300,medium_pothole,339,110,402,131,63,21,1323,0.13125,0.07,0.0091875,1,3.0,7.188412736496954,medium_pothole,0.22181843093759265,0.651149483766302,0.12703208529610593,0.651149483766302
img-577.jpg,480,300,medium_pothole,254,141,324,185,70,44,3080,0.1458333333333333,0.1466666666666666,0.0213888888888888,1,1.5909090909090908,8.033009498596668,medium_pothole,0.2491710018104961,0.6285784010570359,0.12225059713246798,0.6285784010570359
img-577.jpg,480,300,minor_pothole,214,117,248,138,34,21,714,0.0708333333333333,0.07,0.0049583333333333,2,1.619047619047619,6.5722825426940075,medium_pothole,0.1068954668032578,0.655161178767845,0.23794335442889733,0.655161178767845
img-577.jpg,480,300,medium_pothole,432,219,480,259,48,40,1920,0.1,0.1333333333333333,0.0133333333333333,1,1.2,7.560601162768557,medium_pothole,0.14501905143463933,0.6510694877743369,0.2039114607910238,0.6510694877743369
img-577.jpg,480,300,minor_pothole,222,204,253,237,31,33,1023,0.0645833333333333,0.11,0.0071041666666666,2,0.9393939393939394,6.931471805599453,medium_pothole,0.08293761313306276,0.6838708053571481,0.2331915815097891,0.6838708053571481
img-578.jpg,449,300,major_pothole,102,61,378,260,276,199,54924,0.6146993318485523,0.6633333333333333,0.407750556792873,0,1.3869346733668342,10.913723897252812,major_pothole,0.7481557110093323,0.18159147159710848,0.07025281739355921,0.7481557110093323
img-579.jpg,400,300,major_pothole,1,156,400,284,399,128,51072,0.9975,0.4266666666666667,0.4256,0,3.1171875,10.841011260818293,major_pothole,0.7191608759731658,0.20126344999308798,0.07957567403374625,0.7191608759731658
img-58.jpg,720,720,medium_pothole,249,297,402,416,153,119,18207,0.2125,0.1652777777777777,0.0351215277777777,1,1.2857142857142858,9.809616336926057,medium_pothole,0.09721076784297449,0.6434941690317706,0.2592950631252546,0.6434941690317706
img-58.jpg,720,720,minor_pothole,96,132,220,191,124,59,7316,0.1722222222222222,0.0819444444444444,0.0141126543209876,2,2.1016949152542375,8.89795568688403,minor_pothole,0.0899000956722075,0.2926765365405796,0.6174233677872131,0.6174233677872131
img-58.jpg,720,720,medium_pothole,482,6,536,45,54,39,2106,0.075,0.0541666666666666,0.0040625,1,1.3846153846153846,7.653020413804189,minor_pothole,0.03489841981540742,0.19080779395363506,0.7742937862309576,0.7742937862309576
img-580.jpg,535,300,major_pothole,146,196,202,222,56,26,1456,0.1046728971962616,0.0866666666666666,0.0090716510903426,0,2.1538461538461537,7.284134806195205,medium_pothole,0.18911775828614966,0.6163214348986354,0.19456080681521437,0.6163214348986354
img-580.jpg,535,300,major_pothole,157,168,185,181,28,13,364,0.0523364485981308,0.0433333333333333,0.0022679127725856,0,2.1538461538461537,5.8998973535824915,medium_pothole,0.11712844522709828,0.6509457656001194,0.23192578917278242,0.6509457656001194
img-580.jpg,535,300,medium_pothole,231,243,289,269,58,26,1508,0.108411214953271,0.0866666666666666,0.0093956386292834,1,2.230769230769231,7.319202458767849,medium_pothole,0.19728988966503075,0.6176530113469477,0.18505709898802133,0.6176530113469477
img-581.jpg,447,300,major_pothole,66,143,111,160,45,17,765,0.1006711409395973,0.0566666666666666,0.0057046979865771,0,2.6470588235294117,6.641182169740591,medium_pothole,0.17873220359295783,0.649312946061548,0.171954850345494,0.649312946061548
img-581.jpg,447,300,major_pothole,79,167,143,204,64,37,2368,0.1431767337807606,0.1233333333333333,0.0176584638329604,0,1.7297297297297298,7.7702232041587855,medium_pothole,0.2240853862681039,0.6427317772900731,0.13318283644182266,0.6427317772900731
img-581.jpg,447,300,major_pothole,303,167,402,201,99,34,3366,0.2214765100671141,0.1133333333333333,0.0251006711409396,0,2.911764705882353,8.121777419161074,medium_pothole,0.43191540703753234,0.5032105756097074,0.06487401735276017,0.5032105756097074
img-581.jpg,447,300,minor_pothole,365,227,391,237,26,10,260,0.058165548098434,0.0333333333333333,0.0019388516032811,2,2.6,5.564520407322694,medium_pothole,0.13361534164035432,0.6593047764731385,0.20707988188650725,0.6593047764731385
img-581.jpg,447,300,medium_pothole,355,246,401,280,46,34,1564,0.1029082774049217,0.1133333333333333,0.0116629381058911,1,1.3529411764705883,7.355641102974253,medium_pothole,0.14014752079311682,0.6531748712524256,0.20667760795445775,0.6531748712524256
img-581.jpg,447,300,medium_pothole,293,214,350,243,57,29,1653,0.1275167785234899,0.0966666666666666,0.0123266219239373,1,1.9655172413793103,7.4109518755836366,medium_pothole,0.19791236329379594,0.6422292625640375,0.1598583741421667,0.6422292625640375
img-582.jpg,481,300,major_pothole,29,24,422,276,393,252,99036,0.817047817047817,0.84,0.6863201663201663,0,1.5595238095238095,11.503248796668048,major_pothole,0.789996384366005,0.12254655558103072,0.08745706005296455,0.789996384366005
img-583.jpg,533,300,major_pothole,338,94,496,154,158,60,9480,0.2964352720450281,0.2,0.0592870544090056,0,2.6333333333333333,9.15704507491796,major_pothole,0.7320942066243072,0.20818068260608286,0.05972511076960997,0.7320942066243072
img-584.jpg,459,300,medium_pothole,94,77,389,275,295,198,58410,0.6427015250544662,0.66,0.4241830065359477,1,1.4898989898989898,10.975259507243907,major_pothole,0.7556213480098047,0.16923571486466324,0.07514293712553194,0.7556213480098047
img-584.jpg,459,300,medium_pothole,367,7,448,62,81,55,4455,0.1764705882352941,0.1833333333333333,0.0323529411764705,1,1.4727272727272727,8.40200678160712,medium_pothole,0.3270605544775475,0.5861511632076196,0.08678828231483278,0.5861511632076196
img-585.jpg,450,300,major_pothole,122,91,296,136,174,45,7830,0.3866666666666666,0.15,0.058,0,3.8666666666666667,8.965845494750937,major_pothole,0.786102298416232,0.16572405776537882,0.048173643818389233,0.786102298416232
img-585.jpg,450,300,medium_pothole,44,96,103,113,59,17,1003,0.1311111111111111,0.0566666666666666,0.0074296296296296,1,3.4705882352941178,6.911747300251674,medium_pothole,0.21875316915986676,0.6688606265561466,0.11238620428398663,0.6688606265561466
img-585.jpg,450,300,major_pothole,80,23,218,75,138,52,7176,0.3066666666666666,0.1733333333333333,0.0531555555555555,0,2.6538461538461537,8.878636747430072,major_pothole,0.7154123069580435,0.24140846046969047,0.04317923257226595,0.7154123069580435
img-585.jpg,450,300,major_pothole,188,8,263,21,75,13,975,0.1666666666666666,0.0433333333333333,0.0072222222222222,0,5.769230769230769,6.883462586413092,medium_pothole,0.46832694886654364,0.454748765728667,0.07692428540478942,0.46832694886654364
img-585.jpg,450,300,major_pothole,1,198,383,300,382,102,38964,0.8488888888888889,0.34,0.2886222222222222,0,3.7450980392156863,10.570419086277662,major_pothole,0.7525281293467178,0.2030315386808705,0.04444033197241167,0.7525281293467178
img-586.jpg,400,300,major_pothole,1,28,396,252,395,224,88480,0.9875,0.7466666666666667,0.7373333333333333,0,1.7633928571428572,11.390543118681444,major_pothole,0.7517777704630609,0.1430789975027699,0.10514323203416896,0.7517777704630609
img-587.jpg,503,300,major_pothole,78,184,240,254,162,70,11340,0.3220675944333996,0.2333333333333333,0.0751491053677932,0,2.3142857142857145,9.33617975681533,major_pothole,0.7443103921285814,0.1923123682567842,0.06337723961463457,0.7443103921285814
img-587.jpg,503,300,medium_pothole,315,182,360,200,45,18,810,0.0894632206759443,0.06,0.0053677932405566,1,2.5,6.698268054115413,medium_pothole,0.17009185580607414,0.6310330268216179,0.19887511737230795,0.6310330268216179
img-588.jpg,491,300,major_pothole,241,143,428,245,187,102,19074,0.3808553971486761,0.34,0.1294908350305499,0,1.8333333333333333,9.856133856152658,major_pothole,0.7393780354960027,0.19454958070099632,0.06607238380300108,0.7393780354960027
img-589.jpg,450,300,major_pothole,141,233,203,262,62,29,1798,0.1377777777777777,0.0966666666666666,0.0133185185185185,0,2.1379310344827585,7.4949862339505335,medium_pothole,0.21782224517607074,0.6425035196931502,0.1396742351307789,0.6425035196931502
img-589.jpg,450,300,medium_pothole,201,219,238,236,37,17,629,0.0822222222222222,0.0566666666666666,0.0046592592592592,1,2.176470588235294,6.4457198193855785,medium_pothole,0.13749335951919112,0.6494710344619727,0.2130356060188361,0.6494710344619727
img-589.jpg,450,300,major_pothole,87,172,147,196,60,24,1440,0.1333333333333333,0.08,0.0106666666666666,0,2.5,7.273092595999522,medium_pothole,0.21361983536474755,0.6489828895824432,0.13739727505280883,0.6489828895824432
img-589.jpg,450,300,medium_pothole,181,171,212,185,31,14,434,0.0688888888888888,0.0466666666666666,0.0032148148148148,1,2.2142857142857144,6.075346031088684,medium_pothole,0.12543193200039685,0.6588047174673078,0.21576335053229498,0.6588047174673078
img-589.jpg,450,300,major_pothole,236,175,272,185,36,10,360,0.08,0.0333333333333333,0.0026666666666666,0,3.6,5.8888779583328805,medium_pothole,0.19349184910787157,0.6645789213634579,0.1419292295286706,0.6645789213634579
img-589.jpg,450,300,major_pothole,301,173,323,183,22,10,220,0.0488888888888888,0.0333333333333333,0.0016296296296296,0,2.2,5.3981627015177525,medium_pothole,0.11194573919664803,0.6704689238750912,0.21758533692826088,0.6704689238750912
img-589.jpg,450,300,medium_pothole,231,169,284,177,53,8,424,0.1177777777777777,0.0266666666666666,0.0031407407407407,1,6.625,6.052089168924417,major_pothole,0.5068771353142901,0.4134628155149039,0.07966004917080592,0.5068771353142901
img-589.jpg,450,300,major_pothole,175,142,213,156,38,14,532,0.0844444444444444,0.0466666666666666,0.0039407407407407,0,2.7142857142857144,6.278521424165844,medium_pothole,0.1655963975094495,0.6490219917100403,0.1853816107805102,0.6490219917100403
img-589.jpg,450,300,medium_pothole,78,141,94,148,16,7,112,0.0355555555555555,0.0233333333333333,0.0008296296296296,1,2.2857142857142856,4.727387818712341,medium_pothole,0.10520050676049277,0.6617948899003739,0.23300460333913306,0.6617948899003739
img-589.jpg,450,300,major_pothole,123,145,152,157,29,12,348,0.0644444444444444,0.04,0.0025777777777777,0,2.4166666666666665,5.855071922202427,medium_pothole,0.13087442063755916,0.6587482225993609,0.21037735676307984,0.6587482225993609
img-589.jpg,450,300,medium_pothole,154,130,168,137,14,7,98,0.0311111111111111,0.0233333333333333,0.0007259259259259,1,2.0,4.59511985013459,medium_pothole,0.09565995741731528,0.6629094460117336,0.24143059657095103,0.6629094460117336
img-589.jpg,450,300,major_pothole,320,216,408,246,88,30,2640,0.1955555555555555,0.1,0.0195555555555555,0,2.933333333333333,7.878912912297133,medium_pothole,0.34629251475837663,0.5744971451012895,0.07921034014033404,0.5744971451012895
img-59.jpg,720,720,medium_pothole,218,237,522,411,304,174,52896,0.4222222222222222,0.2416666666666666,0.102037037037037,1,1.7471264367816093,10.876101905463226,medium_pothole,0.21698253847241686,0.6902777075930101,0.09273975393457295,0.6902777075930101
img-59.jpg,720,720,minor_pothole,249,456,426,567,177,111,19647,0.2458333333333333,0.1541666666666666,0.0378993055555555,2,1.5945945945945945,9.88573083094687,medium_pothole,0.10756712068626965,0.654815817026356,0.23761706228737434,0.654815817026356
img-590.jpg,534,300,major_pothole,92,131,475,300,383,169,64727,0.7172284644194756,0.5633333333333334,0.4040387016229713,0,2.2662721893491122,11.077949153487676,major_pothole,0.7428221627562902,0.18355450127029463,0.07362333597341539,0.7428221627562902
img-591.jpg,540,300,medium_pothole,129,99,368,165,239,66,15774,0.4425925925925926,0.22,0.0973703703703703,1,3.621212121212121,9.666181687409415,major_pothole,0.7416169360133882,0.1921580669379331,0.06622499704867844,0.7416169360133882
img-591.jpg,540,300,medium_pothole,83,181,446,294,363,113,41019,0.6722222222222223,0.3766666666666666,0.2532037037037037,1,3.2123893805309733,10.621815031626372,major_pothole,0.7828208073645928,0.18864558894419886,0.028533603691208432,0.7828208073645928
img-592.jpg,336,300,major_pothole,90,154,184,200,94,46,4324,0.2797619047619047,0.1533333333333333,0.0428968253968254,0,2.0434782608695654,8.37216741936598,major_pothole,0.5085442514050724,0.45053069631050735,0.04092505228442005,0.5085442514050724
img-592.jpg,336,300,medium_pothole,154,30,171,38,17,8,136,0.050595238095238,0.0266666666666666,0.0013492063492063,1,2.125,4.919980925828125,medium_pothole,0.10283683287412398,0.6864771888956487,0.21068597823022742,0.6864771888956487
img-592.jpg,336,300,medium_pothole,123,29,142,34,19,5,95,0.056547619047619,0.0166666666666666,0.0009424603174603,1,3.8,4.564348191467836,medium_pothole,0.16377551558159897,0.6414137098685117,0.19481077454988927,0.6414137098685117
img-593.jpg,521,300,major_pothole,172,184,356,255,184,71,13064,0.3531669865642994,0.2366666666666666,0.0835828534868842,0,2.591549295774648,9.477692177954713,major_pothole,0.7514145509389208,0.17477377933036747,0.07381166973071179,0.7514145509389208
img-593.jpg,521,300,major_pothole,293,153,486,189,193,36,6948,0.3704414587332054,0.12,0.0444529750479846,0,5.361111111111111,8.846353043314327,major_pothole,0.7404514637458232,0.18437939857505986,0.07516913767911702,0.7404514637458232
img-593.jpg,521,300,major_pothole,369,124,521,161,152,37,5624,0.291746641074856,0.1233333333333333,0.0359820857325655,0,4.108108108108108,8.63497622707262,major_pothole,0.6835720446037955,0.2544503973408976,0.06197755805530695,0.6835720446037955
img-594.jpg,457,300,medium_pothole,22,59,87,83,65,24,1560,0.1422319474835886,0.08,0.011378555798687,1,2.7083333333333335,7.353081920515432,medium_pothole,0.22906662624442872,0.6485320786297698,0.12240129512580154,0.6485320786297698
img-594.jpg,457,300,major_pothole,120,8,179,34,59,26,1534,0.1291028446389496,0.0866666666666666,0.0111889132020423,0,2.269230769230769,7.336285660021297,medium_pothole,0.20785196505395095,0.642227710607839,0.1499203243382102,0.642227710607839
img-594.jpg,457,300,medium_pothole,332,4,379,23,47,19,893,0.1028446389496717,0.0633333333333333,0.0065134938001458,1,2.473684210526316,6.795705775173514,medium_pothole,0.17741336123619217,0.6429800660115329,0.17960657275227476,0.6429800660115329
img-594.jpg,457,300,medium_pothole,58,99,146,142,88,43,3784,0.1925601750547046,0.1433333333333333,0.0276002917578409,1,2.046511627906977,8.23880116587155,medium_pothole,0.36319319222873775,0.5575482095443255,0.07925859822693695,0.5575482095443255
img-594.jpg,457,300,minor_pothole,126,80,168,100,42,20,840,0.0919037199124726,0.0666666666666666,0.0061269146608315,2,2.1,6.734591659972948,medium_pothole,0.14793778555772505,0.6418595913805102,0.21020262306176446,0.6418595913805102
img-594.jpg,457,300,major_pothole,195,120,389,172,194,52,10088,0.424507658643326,0.1733333333333333,0.0735813274981765,0,3.730769230769231,9.219201000408379,major_pothole,0.7846226911243099,0.16163699524065375,0.053740313635036376,0.7846226911243099
img-595.jpg,300,300,major_pothole,162,155,241,214,79,59,4661,0.2633333333333333,0.1966666666666666,0.0517888888888888,0,1.3389830508474576,8.447199819595703,medium_pothole,0.40110030623058424,0.548495473185414,0.05040422058400168,0.548495473185414
img-595.jpg,300,300,major_pothole,33,215,164,298,131,83,10873,0.4366666666666666,0.2766666666666666,0.1208111111111111,0,1.5783132530120483,9.294129897705867,major_pothole,0.770528606007709,0.18646595733345406,0.04300543665883687,0.770528606007709
img-595.jpg,300,300,medium_pothole,192,264,291,300,99,36,3564,0.33,0.12,0.0396,1,2.75,8.178919332848396,major_pothole,0.6202086668385555,0.3527060203659479,0.027085312795496867,0.6202086668385555
img-595.jpg,300,300,medium_pothole,253,204,300,245,47,41,1927,0.1566666666666666,0.1366666666666666,0.0214111111111111,1,1.146341463414634,7.564238475170491,medium_pothole,0.16413908300508886,0.7146166962411136,0.12124422075379745,0.7146166962411136
img-595.jpg,300,300,major_pothole,45,113,162,162,117,49,5733,0.39,0.1633333333333333,0.0637,0,2.3877551020408165,8.654168646443315,major_pothole,0.7569991307142462,0.21974730896858422,0.023253560317169603,0.7569991307142462
img-595.jpg,300,300,medium_pothole,184,106,230,126,46,20,920,0.1533333333333333,0.0666666666666666,0.0102222222222222,1,2.3,6.825460036255307,medium_pothole,0.18579243921796182,0.7012079384240455,0.11299962235799298,0.7012079384240455
img-595.jpg,300,300,medium_pothole,243,117,285,147,42,30,1260,0.14,0.1,0.014,1,1.4,7.13966033596492,medium_pothole,0.1461333639250949,0.7035514632121783,0.15031517286272686,0.7035514632121783
img-595.jpg,300,300,minor_pothole,285,146,300,164,15,18,270,0.05,0.06,0.003,2,0.8333333333333334,5.602118820879701,medium_pothole,0.07600700458794622,0.725811364226338,0.19818163118571588,0.725811364226338
img-595.jpg,300,300,medium_pothole,166,48,212,64,46,16,736,0.1533333333333333,0.0533333333333333,0.0081777777777777,1,2.875,6.602587892189336,medium_pothole,0.19403346731625543,0.7095973882851574,0.0963691443985869,0.7095973882851574
img-595.jpg,300,300,medium_pothole,117,75,174,94,57,19,1083,0.19,0.0633333333333333,0.0120333333333333,1,3.0,6.988413181999592,medium_pothole,0.23267357081660886,0.6954067785263174,0.07191965065707388,0.6954067785263174
img-595.jpg,300,300,medium_pothole,109,61,134,72,25,11,275,0.0833333333333333,0.0366666666666666,0.0030555555555555,1,2.272727272727273,5.62040086571715,medium_pothole,0.12167615499111066,0.6988472647783166,0.17947658023057295,0.6988472647783166
img-595.jpg,300,300,medium_pothole,37,59,95,80,58,21,1218,0.1933333333333333,0.07,0.0135333333333333,1,2.761904761904762,7.105786129481271,medium_pothole,0.2351452628201647,0.6925477343700475,0.07230700280978775,0.6925477343700475
img-595.jpg,300,300,medium_pothole,194,33,224,44,30,11,330,0.1,0.0366666666666666,0.0036666666666666,1,2.727272727272727,5.802118375377063,medium_pothole,0.15483002553092662,0.6913890173590168,0.1537809571100563,0.6913890173590168
img-595.jpg,300,300,medium_pothole,157,27,197,39,40,12,480,0.1333333333333333,0.04,0.0053333333333333,1,3.3333333333333335,6.175867270105761,medium_pothole,0.18842783504969043,0.7116536208698224,0.09991854408048709,0.7116536208698224
img-595.jpg,300,300,medium_pothole,66,38,140,58,74,20,1480,0.2466666666666666,0.0666666666666666,0.0164444444444444,1,3.7,7.300472814267799,medium_pothole,0.36797657192224736,0.5818786930546366,0.05014473502311611,0.5818786930546366
img-595.jpg,300,300,major_pothole,199,11,253,32,54,21,1134,0.18,0.07,0.0126,0,2.5714285714285716,7.034387929915503,medium_pothole,0.21606436798417675,0.701086463338505,0.08284916867731863,0.701086463338505
img-595.jpg,300,300,medium_pothole,151,96,192,112,41,16,656,0.1366666666666666,0.0533333333333333,0.0072888888888888,1,2.5625,6.48768401848461,medium_pothole,0.177268964452112,0.7009695114315261,0.1217615241163619,0.7009695114315261
img-595.jpg,300,300,minor_pothole,198,80,217,91,19,11,209,0.0633333333333333,0.0366666666666666,0.0023222222222222,2,1.7272727272727273,5.3471075307174685,medium_pothole,0.09565257893449036,0.7094264451961191,0.1949209758693904,0.7094264451961191
img-595.jpg,300,300,medium_pothole,1,198,26,230,25,32,800,0.0833333333333333,0.1066666666666666,0.0088888888888888,1,0.78125,6.68586094706836,medium_pothole,0.07446339581082499,0.7398726530570996,0.18566395113207515,0.7398726530570996
img-596.jpg,450,300,major_pothole,1,62,450,280,449,218,97882,0.9977777777777778,0.7266666666666667,0.7250518518518518,0,2.0596330275229358,11.491528166862148,major_pothole,0.7692502389504393,0.12949201829921542,0.10125774275034514,0.7692502389504393
img-597.jpg,450,300,medium_pothole,163,192,280,244,117,52,6084,0.26,0.1733333333333333,0.0450666666666666,1,2.25,8.713582005421628,major_pothole,0.6000502202733111,0.35094708297761457,0.04900269674907421,0.6000502202733111
img-597.jpg,450,300,minor_pothole,208,283,252,300,44,17,748,0.0977777777777777,0.0566666666666666,0.0055407407407407,2,2.588235294117647,6.618738983517219,medium_pothole,0.1742502246584025,0.6469009590213883,0.17884881632020927,0.6469009590213883
img-598.jpg,533,300,medium_pothole,22,130,73,151,51,21,1071,0.0956848030018761,0.07,0.0066979362101313,1,2.4285714285714284,6.977281341630747,medium_pothole,0.18142251599017908,0.6211805525265619,0.19739693148325904,0.6211805525265619
img-598.jpg,533,300,major_pothole,220,162,300,195,80,33,2640,0.150093808630394,0.11,0.0165103189493433,0,2.4242424242424243,7.878912912297133,medium_pothole,0.28094604447627625,0.6012475908166544,0.11780636470706929,0.6012475908166544
img-598.jpg,533,300,medium_pothole,275,64,313,77,38,13,494,0.0712945590994371,0.0433333333333333,0.0030894308943089,1,2.923076923076923,6.20455776256869,medium_pothole,0.17239027427220316,0.6343345062565012,0.1932752194712955,0.6343345062565012
img-598.jpg,533,300,major_pothole,214,51,286,68,72,17,1224,0.1350844277673546,0.0566666666666666,0.00765478424015,0,4.235294117647059,7.110696122978827,medium_pothole,0.26517848889467005,0.6296634763339062,0.10515803477142387,0.6296634763339062
img-598.jpg,533,300,medium_pothole,471,191,529,300,58,109,6322,0.1088180112570356,0.3633333333333333,0.0395372107567229,1,0.5321100917431193,8.751949058058614,medium_pothole,0.3705024283913028,0.5245938168314283,0.10490375477726888,0.5245938168314283
ab5a6542-img-599.jpg,533,300,major_pothole,168,182,255,220,87,38,3306,0.1632270168855534,0.1266666666666666,0.0206754221388367,0,2.289473684210526,8.103796712981794,medium_pothole,0.3227944848178716,0.5742187372974642,0.10298677788466418,0.5742187372974642
ab5a6542-img-599.jpg,533,300,major_pothole,0,126,59,148,59,22,1298,0.1106941838649155,0.0733333333333333,0.0081175734834271,0,2.6818181818181817,7.1693500166706,medium_pothole,0.20700756886325442,0.6293464310097723,0.16364600012697317,0.6293464310097723
ab5a6542-img-599.jpg,533,300,major_pothole,182,126,209,137,27,11,297,0.0506566604127579,0.0366666666666666,0.0018574108818011,0,2.4545454545454546,5.697093486505405,medium_pothole,0.12732000186639506,0.6491773132255138,0.22350268490809144,0.6491773132255138
ab5a6542-img-599.jpg,533,300,major_pothole,326,225,413,285,87,60,5220,0.1632270168855534,0.2,0.0326454033771106,0,1.45,8.560444233410552,medium_pothole,0.3576100791944991,0.5510225245860231,0.09136739621947797,0.5510225245860231
ab5a6542-img-599.jpg,533,300,major_pothole,242,160,285,180,43,20,860,0.0806754221388367,0.0666666666666666,0.0053783614759224,0,2.15,6.7580945044277305,medium_pothole,0.14713092158497326,0.6235828792335856,0.22928619918144075,0.6235828792335856
ab5a6542-img-599.jpg,533,300,major_pothole,308,184,414,213,106,29,3074,0.198874296435272,0.0966666666666666,0.0192245153220762,0,3.6551724137931036,8.031060180240619,medium_pothole,0.41384991284610145,0.5043841755092263,0.08176591164467224,0.5043841755092263
ab5a6542-img-599.jpg,533,300,major_pothole,308,197,311,199,3,2,6,0.0056285178236397,0.0066666666666666,3.75234521575985e-05,0,1.5,1.9459101490553132,minor_pothole,0.11204638304108254,0.18225117034187135,0.7057024466170462,0.7057024466170462
ab5a6542-img-599.jpg,533,300,major_pothole,331,88,381,98,50,10,500,0.0938086303939962,0.0333333333333333,0.0031269543464665,0,5.0,6.2166061010848646,medium_pothole,0.2783114955437007,0.6227151293068,0.09897337514949922,0.6227151293068
ab5a6542-img-599.jpg,533,300,major_pothole,317,104,346,116,29,12,348,0.0544090056285178,0.04,0.0021763602251407,0,2.4166666666666665,5.855071922202427,medium_pothole,0.12890376905018888,0.6462948456169693,0.2248013853328417,0.6462948456169693
ab5a6542-img-599.jpg,533,300,medium_pothole,349,112,362,118,13,6,78,0.024390243902439,0.02,0.0004878048780487,1,2.1666666666666665,4.3694478524670215,medium_pothole,0.09705840443715096,0.6416370071885127,0.2613045883743361,0.6416370071885127
ab5a6542-img-599.jpg,533,300,medium_pothole,321,153,342,165,21,12,252,0.0393996247654784,0.04,0.0015759849906191,1,1.75,5.53338948872752,medium_pothole,0.0979593384415222,0.6697524952022473,0.23228816635623084,0.6697524952022473
ab5a6542-img-599.jpg,533,300,medium_pothole,368,145,429,176,61,31,1891,0.1144465290806754,0.1033333333333333,0.0118261413383364,1,1.967741935483871,7.545389749611823,medium_pothole,0.2041806273474258,0.6166366157164398,0.17918275693613445,0.6166366157164398
ab5a6542-img-599.jpg,533,300,medium_pothole,407,121,437,139,30,18,540,0.0562851782363977,0.06,0.0033771106941838,1,1.6666666666666667,6.293419278846481,medium_pothole,0.1014110847387958,0.6534063287858799,0.2451825864753244,0.6534063287858799
ab5a6542-img-599.jpg,533,300,minor_pothole,397,108,412,114,15,6,90,0.0281425891181988,0.02,0.0005628517823639,2,2.5,4.51085950651685,medium_pothole,0.10860771916632357,0.6414552053346407,0.2499370754990357,0.6414552053346407
ab5a6542-img-599.jpg,533,300,minor_pothole,329,118,344,122,15,4,60,0.0281425891181988,0.0133333333333333,0.0003752345215759,2,3.75,4.110873864173311,medium_pothole,0.14535700459141812,0.5885481067799453,0.26609488862863645,0.5885481067799453
ab5a6542-img-599.jpg,533,300,minor_pothole,237,100,245,102,8,2,16,0.0150093808630394,0.0066666666666666,0.0001000625390869,2,4.0,2.833213344056216,minor_pothole,0.10002303182963887,0.3754879856218634,0.5244889825484979,0.5244889825484979
ab5a6542-img-599.jpg,533,300,major_pothole,268,88,297,94,29,6,174,0.0544090056285178,0.02,0.0010881801125703,0,4.833333333333333,5.1647859739235145,medium_pothole,0.2347036209520492,0.6349028574291977,0.13039352161875337,0.6349028574291977
ab5a6542-img-599.jpg,533,300,major_pothole,208,82,225,86,17,4,68,0.0318949343339587,0.0133333333333333,0.0004252657911194,0,4.25,4.23410650459726,medium_pothole,0.17212109796959638,0.5939161030741664,0.23396279895623756,0.5939161030741664
ab5a6542-img-599.jpg,533,300,major_pothole,300,71,324,77,24,6,144,0.0450281425891182,0.02,0.0009005628517823,0,4.0,4.976733742420574,medium_pothole,0.19192786376292056,0.6326269650246577,0.1754451712124219,0.6326269650246577
ab5a6542-img-599.jpg,533,300,medium_pothole,286,76,306,81,20,5,100,0.0375234521575985,0.0166666666666666,0.0006253908692933,1,4.0,4.61512051684126,medium_pothole,0.17856524011344238,0.6179456352111314,0.20348912467542613,0.6179456352111314
ab5a6542-img-599.jpg,533,300,medium_pothole,385,134,410,141,25,7,175,0.0469043151969981,0.0233333333333333,0.0010944340212632,1,3.5714285714285716,5.170483995038151,medium_pothole,0.17764325635241338,0.635324549731233,0.18703219391635345,0.635324549731233
ab5a6542-img-599.jpg,533,300,medium_pothole,316,67,327,69,11,2,22,0.0206378986866791,0.0066666666666666,0.0001375859912445,1,5.5,3.1354942159291497,minor_pothole,0.14045133005837557,0.43732495102118957,0.42222371892043503,0.43732495102118957
ab5a6542-img-599.jpg,533,300,minor_pothole,412,70,421,73,9,3,27,0.0168855534709193,0.01,0.0001688555347091,2,3.0,3.332204510175204,medium_pothole,0.09934309724909059,0.49449340380687484,0.40616349894403486,0.49449340380687484
img-6.jpg,720,720,medium_pothole,276,215,443,357,167,142,23714,0.2319444444444444,0.1972222222222222,0.0457445987654321,1,1.176056338028169,10.073863038311682,medium_pothole,0.10821982294886175,0.685873074710409,0.2059071023407293,0.685873074710409
img-6.jpg,720,720,minor_pothole,264,322,502,608,238,286,68068,0.3305555555555555,0.3972222222222222,0.131304012345679,2,0.8321678321678322,11.128277175574574,medium_pothole,0.13531228729325476,0.6573862965865986,0.20730141612014677,0.6573862965865986
img-60.jpg,720,720,medium_pothole,308,282,443,404,135,122,16470,0.1875,0.1694444444444444,0.0317708333333333,1,1.1065573770491803,9.709356537782675,medium_pothole,0.08943604331266625,0.6215729612690954,0.28899099541823875,0.6215729612690954
img-60.jpg,720,720,minor_pothole,364,426,432,471,68,45,3060,0.0944444444444444,0.0625,0.0059027777777777,2,1.511111111111111,8.026496938945412,minor_pothole,0.04453553499369176,0.17828500103090628,0.777179463975402,0.777179463975402
img-600.jpg,450,300,major_pothole,166,159,328,225,162,66,10692,0.36,0.22,0.0792,0,2.4545454545454546,9.277344600756656,major_pothole,0.7660773645717145,0.17951133535281918,0.05441130007546611,0.7660773645717145
img-600.jpg,450,300,major_pothole,235,123,348,163,113,40,4520,0.2511111111111111,0.1333333333333333,0.0334814814814814,0,2.825,8.416488487294606,major_pothole,0.5502293417512929,0.39766609322673035,0.0521045650219767,0.5502293417512929
img-600.jpg,450,300,medium_pothole,335,86,386,110,51,24,1224,0.1133333333333333,0.08,0.0090666666666666,1,2.125,7.110696122978827,medium_pothole,0.17959558716414545,0.640524738627105,0.17987967420874965,0.640524738627105
img-600.jpg,450,300,medium_pothole,344,61,388,75,44,14,616,0.0977777777777777,0.0466666666666666,0.0045629629629629,1,3.142857142857143,6.424869023905388,medium_pothole,0.19024299184836072,0.6614774628730874,0.14827954527855186,0.6614774628730874
img-600.jpg,450,300,medium_pothole,352,51,388,61,36,10,360,0.08,0.0333333333333333,0.0026666666666666,1,3.6,5.8888779583328805,medium_pothole,0.19349184910787157,0.6645789213634579,0.1419292295286706,0.6645789213634579
img-601.jpg,450,300,medium_pothole,118,163,275,206,157,43,6751,0.3488888888888889,0.1433333333333333,0.0500074074074074,1,3.6511627906976742,8.817594036275793,major_pothole,0.7640322741747244,0.19124104787541138,0.044726677949864076,0.7640322741747244
img-601.jpg,450,300,major_pothole,114,76,425,124,311,48,14928,0.6911111111111111,0.16,0.1105777777777777,0,6.479166666666667,9.61106090905359,major_pothole,0.777544998863178,0.17990074107512188,0.04255426006170026,0.777544998863178
img-602.jpg,529,300,medium_pothole,122,112,350,244,228,132,30096,0.4310018903591682,0.44,0.189640831758034,1,1.7272727272727273,10.312180777995717,major_pothole,0.7707483351662582,0.20117908648035115,0.028072578353390904,0.7707483351662582
img-603.jpg,300,533,major_pothole,1,129,300,364,299,235,70265,0.9966666666666668,0.4409005628517823,0.4394308943089431,0,1.2723404255319148,11.160043319270192,major_pothole,0.7651469778007297,0.14280593127184135,0.09204709092742906,0.7651469778007297
img-604.jpg,445,300,medium_pothole,273,160,375,208,102,48,4896,0.2292134831460674,0.16,0.0366741573033707,1,2.125,8.496378051702317,major_pothole,0.4835613257937765,0.4575525816407505,0.058886092565472906,0.4835613257937765
img-604.jpg,445,300,medium_pothole,255,128,360,159,105,31,3255,0.2359550561797752,0.1033333333333333,0.0243820224719101,1,3.3870967741935485,8.08825472712243,medium_pothole,0.4748030190350604,0.46495172552941477,0.06024525543552464,0.4748030190350604
img-604.jpg,445,300,medium_pothole,166,113,205,128,39,15,585,0.0876404494382022,0.05,0.0043820224719101,1,2.6,6.373319789577012,medium_pothole,0.16305616743094517,0.6488007310141605,0.1881431015548941,0.6488007310141605
img-604.jpg,445,300,major_pothole,1,137,153,177,152,40,6080,0.3415730337078652,0.1333333333333333,0.0455430711610486,0,3.8,8.71292443512011,major_pothole,0.7535920841822773,0.2022028525397764,0.044205063277946335,0.7535920841822773
img-604.jpg,445,300,medium_pothole,71,106,136,117,65,11,715,0.146067415730337,0.0366666666666666,0.0053558052434456,1,5.909090909090909,6.573680166960646,medium_pothole,0.45091572045696604,0.4719211833325015,0.07716309621053263,0.4719211833325015
img-604.jpg,445,300,medium_pothole,1,112,45,121,44,9,396,0.098876404494382,0.03,0.0029662921348314,1,4.888888888888889,5.983936280687191,medium_pothole,0.25841570849484485,0.6446235262100886,0.09696076529506674,0.6446235262100886
img-604.jpg,445,300,medium_pothole,1,101,44,111,43,10,430,0.096629213483146,0.0333333333333333,0.0032209737827715,1,4.3,6.066108090103747,medium_pothole,0.22107241542169245,0.6709460103999914,0.10798157417831647,0.6709460103999914
img-604.jpg,445,300,medium_pothole,67,94,106,101,39,7,273,0.0876404494382022,0.0233333333333333,0.0020449438202247,1,5.571428571428571,5.6131281063880705,medium_pothole,0.3112369090625576,0.5941614642225207,0.09460162671492181,0.5941614642225207
img-604.jpg,445,300,major_pothole,1,211,314,300,313,89,27857,0.7033707865168539,0.2966666666666667,0.2086666666666666,0,3.5168539325842696,10.234875457247977,major_pothole,0.7558455158477415,0.2090204355629057,0.03513404858935282,0.7558455158477415
img-605.jpg,421,300,major_pothole,70,76,382,265,312,189,58968,0.7410926365795725,0.63,0.4668883610451306,0,1.6507936507936507,10.984767161075625,major_pothole,0.7540177792319827,0.16975182157896543,0.07623039918905207,0.7540177792319827
img-606.jpg,600,300,major_pothole,191,49,411,300,220,251,55220,0.3666666666666666,0.8366666666666667,0.3067777777777777,0,0.8764940239043825,10.919098594700833,major_pothole,0.7129746339520661,0.1993934044335637,0.08763196161436997,0.7129746339520661
img-607.jpg,485,300,major_pothole,52,100,417,266,365,166,60590,0.7525773195876289,0.5533333333333333,0.4164261168384879,0,2.1987951807228914,11.011901646176499,major_pothole,0.7307629279461821,0.1982877845338913,0.07094928751992646,0.7307629279461821
img-608.jpg,300,357,major_pothole,16,176,257,357,241,181,43621,0.8033333333333333,0.5070028011204482,0.4072922502334267,0,1.3314917127071824,10.683316889231797,major_pothole,0.7606291738196744,0.1830361831724933,0.05633464300783226,0.7606291738196744
img-609.jpg,400,300,minor_pothole,34,152,112,178,78,26,2028,0.195,0.0866666666666666,0.0169,2,3.0,7.615298339825815,medium_pothole,0.30523267685645006,0.6173313638164702,0.07743595932707971,0.6173313638164702
img-609.jpg,400,300,major_pothole,86,141,321,289,235,148,34780,0.5875,0.4933333333333333,0.2898333333333333,0,1.587837837837838,10.45682653965135,major_pothole,0.7668169064480135,0.20887498148279163,0.024308112069194945,0.7668169064480135
img-609.jpg,400,300,major_pothole,271,63,315,74,44,11,484,0.11,0.0366666666666666,0.0040333333333333,0,4.0,6.184148890937483,medium_pothole,0.20938544424899816,0.6847722504142739,0.10584230533672769,0.6847722504142739
img-609.jpg,400,300,major_pothole,254,74,394,114,140,40,5600,0.35,0.1333333333333333,0.0466666666666666,0,3.5,8.630700432209832,major_pothole,0.7575616479066406,0.20745449319055748,0.034983858902801986,0.7575616479066406
img-609.jpg,400,300,medium_pothole,391,120,400,140,9,20,180,0.0225,0.0666666666666666,0.0015,1,0.45,5.198497031265826,medium_pothole,0.06861290710511006,0.7277663893624481,0.20362070353244185,0.7277663893624481
img-61.jpg,720,720,medium_pothole,277,265,401,341,124,76,9424,0.1722222222222222,0.1055555555555555,0.018179012345679,1,1.631578947368421,9.151121012316212,minor_pothole,0.08577796010399,0.3617800343520032,0.5524420055440067,0.5524420055440067
img-610.jpg,300,400,major_pothole,102,212,237,282,135,70,9450,0.45,0.175,0.07875,0,1.9285714285714286,9.153875834995056,major_pothole,0.698957077167398,0.24620043898510627,0.05484248384749552,0.698957077167398
img-610.jpg,300,400,medium_pothole,125,147,195,172,70,25,1750,0.2333333333333333,0.0625,0.0145833333333333,1,2.8,7.467942332285852,medium_pothole,0.254725771399473,0.6424806568438347,0.10279357175669256,0.6424806568438347
img-610.jpg,300,400,medium_pothole,61,157,106,175,45,18,810,0.15,0.045,0.00675,1,2.5,6.698268054115413,medium_pothole,0.1661918349729463,0.6511934915639227,0.18261467346313087,0.6511934915639227
img-610.jpg,300,400,minor_pothole,1,211,69,238,68,27,1836,0.2266666666666666,0.0675,0.0153,2,2.5185185185185186,7.515889085215125,medium_pothole,0.2404764773876276,0.6460267474207957,0.11349677519157701,0.6460267474207957
img-611.jpg,437,300,major_pothole,47,99,396,193,349,94,32806,0.7986270022883295,0.3133333333333333,0.2502364607170099,0,3.7127659574468086,10.398397186236718,major_pothole,0.768233310248106,0.1946908871671902,0.03707580258470362,0.768233310248106
img-612.jpg,400,300,major_pothole,19,117,305,254,286,137,39182,0.715,0.4566666666666666,0.3265166666666667,0,2.0875912408759123,10.575998258245631,major_pothole,0.7628058038783266,0.20240761970141716,0.03478657642025596,0.7628058038783266
img-612.jpg,400,300,medium_pothole,226,59,272,74,46,15,690,0.115,0.05,0.00575,1,3.066666666666667,6.53813982376767,medium_pothole,0.19200859571575324,0.6763100691291242,0.13168133515512226,0.6763100691291242
img-612.jpg,400,300,minor_pothole,221,96,262,111,41,15,615,0.1025,0.05,0.005125,2,2.7333333333333334,6.423246963533519,medium_pothole,0.17519523973058268,0.6642756365538345,0.160529123715583,0.6642756365538345
img-612.jpg,400,300,minor_pothole,314,89,360,103,46,14,644,0.115,0.0466666666666666,0.0053666666666666,2,3.2857142857142856,6.4692503167957724,medium_pothole,0.19557785570712857,0.6813171823192402,0.12310496197363127,0.6813171823192402
3fca2974-img-613.jpg,506,300,major_pothole,107,95,392,205,285,110,31350,0.5632411067193676,0.3666666666666666,0.2065217391304347,0,2.590909090909091,10.353001443478973,major_pothole,0.7609547711875821,0.20786699145339282,0.031178237359025036,0.7609547711875821
3fca2974-img-613.jpg,506,300,minor_pothole,242,214,288,259,46,45,2070,0.0909090909090909,0.15,0.0136363636363636,2,1.0222222222222221,7.635786861395585,medium_pothole,0.13497664521778108,0.6578555335269844,0.20716782125523392,0.6578555335269844
3fca2974-img-613.jpg,506,300,minor_pothole,14,51,111,71,97,20,1940,0.191699604743083,0.0666666666666666,0.0127799736495388,2,4.85,7.57095858316901,medium_pothole,0.42474754228641304,0.49186928047917144,0.08338317723441553,0.49186928047917144
img-614.jpg,474,300,major_pothole,168,93,339,295,171,202,34542,0.360759493670886,0.6733333333333333,0.2429113924050633,0,0.8465346534653465,10.449960203748262,major_pothole,0.8098308341603342,0.1725448411443251,0.017624324695340917,0.8098308341603342
img-614.jpg,474,300,medium_pothole,221,38,271,60,50,22,1100,0.1054852320675105,0.0733333333333333,0.0077355836849507,1,2.272727272727273,7.00397413672268,medium_pothole,0.1782707236881986,0.6346575237159948,0.18707175259580663,0.6346575237159948
img-615.jpg,486,300,major_pothole,24,73,358,198,334,125,41750,0.6872427983539094,0.4166666666666667,0.2863511659807956,0,2.672,10.639478682087963,major_pothole,0.7625941211514734,0.2059771471508799,0.03142873169764688,0.7625941211514734
img-616.jpg,451,300,medium_pothole,148,161,169,172,21,11,231,0.0465631929046563,0.0366666666666666,0.0017073170731707,1,1.9090909090909092,5.44673737166631,medium_pothole,0.10192798058158913,0.6773081018936198,0.22076391752479124,0.6773081018936198
img-616.jpg,451,300,major_pothole,93,155,340,240,247,85,20995,0.5476718403547672,0.2833333333333333,0.1551736881005173,0,2.9058823529411764,9.95208722237219,major_pothole,0.7398209387571808,0.2084199570514847,0.05175910419133454,0.7398209387571808
img-616.jpg,451,300,medium_pothole,304,121,366,142,62,21,1302,0.1374722838137472,0.07,0.0096230598669623,1,2.9523809523809526,7.172424577124845,medium_pothole,0.2213093979404698,0.6579894594328594,0.12070114262667087,0.6579894594328594
img-616.jpg,451,300,medium_pothole,262,111,285,119,23,8,184,0.0509977827050997,0.0266666666666666,0.0013599408721359,1,2.875,5.220355825078324,medium_pothole,0.1397966317705649,0.6535723254334508,0.20663104279598427,0.6535723254334508
img-616.jpg,451,300,major_pothole,420,193,451,216,31,23,713,0.0687361419068736,0.0766666666666666,0.0052697708795269,0,1.3478260869565217,6.570882962339584,medium_pothole,0.09423533720205887,0.6718621897464624,0.23390247305147852,0.6718621897464624
img-617.jpg,450,300,medium_pothole,210,207,272,223,62,16,992,0.1377777777777777,0.0533333333333333,0.0073481481481481,1,3.875,6.900730664045173,medium_pothole,0.23471713154455437,0.663597546947713,0.10168532150773262,0.663597546947713
img-617.jpg,450,300,medium_pothole,249,207,285,243,36,36,1296,0.08,0.12,0.0096,1,1.0,7.167809184316444,medium_pothole,0.09710092237077295,0.6798366091346681,0.22306246849455885,0.6798366091346681
img-617.jpg,450,300,major_pothole,84,245,287,297,203,52,10556,0.4511111111111111,0.1733333333333333,0.0781925925925925,0,3.9038461538461537,9.264544425989694,major_pothole,0.7830406856216005,0.16419306393350985,0.0527662504448896,0.7830406856216005
img-617.jpg,450,300,major_pothole,174,186,209,198,35,12,420,0.0777777777777777,0.04,0.0031111111111111,0,2.9166666666666665,6.042632833682381,medium_pothole,0.16839259921291677,0.6514545983255738,0.18015280246150922,0.6514545983255738
img-617.jpg,450,300,major_pothole,166,169,214,176,48,7,336,0.1066666666666666,0.0233333333333333,0.0024888888888888,0,6.857142857142857,5.820082930352362,major_pothole,0.5098496319758449,0.405549146700609,0.08460122132354611,0.5098496319758449
img-618.jpg,533,300,medium_pothole,116,137,185,202,69,65,4485,0.1294559099437148,0.2166666666666666,0.0280487804878048,1,1.0615384615384615,8.408716715080153,medium_pothole,0.258117226787032,0.6249382319754974,0.11694454123747032,0.6249382319754974
img-618.jpg,533,300,major_pothole,213,224,328,300,115,76,8740,0.2157598499061913,0.2533333333333333,0.0546591619762351,0,1.513157894736842,9.075779878580487,major_pothole,0.5776909240444245,0.3551701666476147,0.06713890930796074,0.5776909240444245
img-618.jpg,533,300,medium_pothole,310,180,345,219,35,39,1365,0.0656660412757973,0.13,0.0085365853658536,1,0.8974358974358975,7.2196420401307355,medium_pothole,0.08989410852273605,0.6745974402169662,0.23550845126029774,0.6745974402169662
img-618.jpg,533,300,major_pothole,248,69,300,93,52,24,1248,0.0975609756097561,0.08,0.0078048780487804,0,2.1666666666666665,7.130098510125578,medium_pothole,0.17623948987435764,0.6170153613060069,0.20674514881963552,0.6170153613060069
img-618.jpg,533,300,major_pothole,244,100,323,185,79,85,6715,0.148217636022514,0.2833333333333333,0.0419949968730456,0,0.9294117647058824,8.812248018197431,medium_pothole,0.37249427272378866,0.5350798800541011,0.09242584722211017,0.5350798800541011
img-618.jpg,533,300,medium_pothole,300,52,335,102,35,50,1750,0.0656660412757973,0.1666666666666666,0.0109443402126328,1,0.7,7.467942332285852,medium_pothole,0.09410500274402245,0.6922049684945409,0.21369002876143664,0.6922049684945409
img-618.jpg,533,300,major_pothole,270,47,298,57,28,10,280,0.0525328330206379,0.0333333333333333,0.0017510944340212,0,2.8,5.638354669333745,medium_pothole,0.14636682711816706,0.6417838800909377,0.2118492927908952,0.6417838800909377
img-619.jpg,472,300,major_pothole,159,107,348,189,189,82,15498,0.4004237288135593,0.2733333333333333,0.1094491525423728,0,2.3048780487804876,9.648530784697051,major_pothole,0.7480045386559282,0.17902705715108916,0.07296840419298256,0.7480045386559282
img-62.jpg,720,720,major_pothole,251,217,382,327,131,110,14410,0.1819444444444444,0.1527777777777778,0.0277970679012345,0,1.190909090909091,9.575747082838362,medium_pothole,0.08667686091184883,0.5668785373186278,0.34644460176952335,0.5668785373186278
img-62.jpg,720,720,medium_pothole,211,341,373,506,162,165,26730,0.225,0.2291666666666666,0.0515625,1,0.9818181818181818,10.193579219581707,medium_pothole,0.11023452403230123,0.6865750373007051,0.2031904386669936,0.6865750373007051
img-620.jpg,571,300,major_pothole,53,210,409,271,356,61,21716,0.6234676007005254,0.2033333333333333,0.1267717454757735,0,5.836065573770492,9.985850642961251,major_pothole,0.7983110804278124,0.16913920029989296,0.0325497192722947,0.7983110804278124
img-620.jpg,571,300,medium_pothole,494,224,534,238,40,14,560,0.0700525394045534,0.0466666666666666,0.0032691185055458,1,2.857142857142857,6.329720905522696,medium_pothole,0.1720716118208241,0.6255982480794249,0.2023301400997511,0.6255982480794249
img-621.jpg,303,300,medium_pothole,198,146,240,183,42,37,1554,0.1386138613861386,0.1233333333333333,0.017095709570957,1,1.135135135135135,7.349230824613334,medium_pothole,0.14043403788957198,0.7108705653422537,0.148695396768174,0.7108705653422537
img-621.jpg,303,300,major_pothole,7,44,114,117,107,73,7811,0.3531353135313531,0.2433333333333333,0.0859295929592959,0,1.4657534246575343,8.96341629199657,major_pothole,0.6705739048256357,0.29053348142586893,0.0388926137484954,0.6705739048256357
img-621.jpg,303,300,major_pothole,1,25,49,40,48,15,720,0.1584158415841584,0.05,0.0079207920792079,0,3.2,6.580639137284949,medium_pothole,0.20239952617321336,0.7109775583953504,0.08662291543143624,0.7109775583953504
img-621.jpg,303,300,major_pothole,147,45,214,69,67,24,1608,0.2211221122112211,0.08,0.0176897689768976,0,2.7916666666666665,7.3833681469923835,medium_pothole,0.28781749349294783,0.653020980014829,0.05916152649222316,0.653020980014829
img-621.jpg,303,300,medium_pothole,224,65,287,87,63,22,1386,0.2079207920792079,0.0733333333333333,0.0152475247524752,1,2.8636363636363638,7.234898420314831,medium_pothole,0.26282656514488345,0.6725345321116204,0.06463890274349594,0.6725345321116204
img-621.jpg,303,300,medium_pothole,3,158,45,221,42,63,2646,0.1386138613861386,0.21,0.0291089108910891,1,0.6666666666666666,7.881182202227102,medium_pothole,0.14904882921715804,0.7340129094508049,0.11693826133203714,0.7340129094508049
783bde8f-img-622.jpg,655,300,major_pothole,313,147,535,299,222,152,33744,0.3389312977099236,0.5066666666666667,0.1717251908396946,0,1.4605263157894737,10.426587537177507,major_pothole,0.8252380110365678,0.15441812202793537,0.02034386693549695,0.8252380110365678
783bde8f-img-622.jpg,655,300,major_pothole,96,65,311,192,215,127,27305,0.3282442748091603,0.4233333333333333,0.1389567430025445,0,1.6929133858267718,10.214861737244696,major_pothole,0.7870255349978126,0.17134473607774542,0.04162972892444211,0.7870255349978126
783bde8f-img-622.jpg,655,300,major_pothole,355,15,406,51,51,36,1836,0.0778625954198473,0.12,0.0093435114503816,0,1.4166666666666667,7.515889085215125,medium_pothole,0.14452212248599763,0.606336335203401,0.24914154231060145,0.606336335203401
783bde8f-img-622.jpg,655,300,major_pothole,269,2,348,17,79,15,1185,0.1206106870229007,0.05,0.006030534351145,0,5.266666666666667,7.078341579557671,medium_pothole,0.3542458095244073,0.5449090447599101,0.10084514571568245,0.5449090447599101
783bde8f-img-622.jpg,655,300,major_pothole,198,0,254,8,56,8,448,0.0854961832061068,0.0266666666666666,0.0022798982188295,0,7.0,6.1070228877422545,major_pothole,0.5463947020124506,0.3668423082267627,0.08676298976078668,0.5463947020124506
783bde8f-img-622.jpg,655,300,major_pothole,196,13,234,32,38,19,722,0.0580152671755725,0.0633333333333333,0.0036743002544529,0,2.0,6.583409222158765,medium_pothole,0.12324271004332289,0.6141384477725633,0.26261884218411385,0.6141384477725633
783bde8f-img-622.jpg,655,300,medium_pothole,327,55,392,82,65,27,1755,0.099236641221374,0.09,0.0089312977099236,1,2.4074074074074074,7.470793774195062,medium_pothole,0.21335714898770114,0.5927885713753639,0.1938542796369352,0.5927885713753639
783bde8f-img-622.jpg,655,300,medium_pothole,404,80,452,125,48,45,2160,0.0732824427480916,0.15,0.0109923664122137,1,1.0666666666666667,7.6783263565068856,medium_pothole,0.13368589070230036,0.6310505763600168,0.23526353293768265,0.6310505763600168
783bde8f-img-622.jpg,655,300,major_pothole,445,70,496,101,51,31,1581,0.0778625954198473,0.1033333333333333,0.0080458015267175,0,1.6451612903225807,7.366445148327599,medium_pothole,0.14773515701147436,0.597845385850303,0.25441945713822267,0.597845385850303
783bde8f-img-622.jpg,655,300,medium_pothole,484,120,516,148,32,28,896,0.048854961832061,0.0933333333333333,0.004559796437659,1,1.1428571428571428,6.799055862058796,medium_pothole,0.08690062907487614,0.6456373228014701,0.2674620481236534,0.6456373228014701
783bde8f-img-622.jpg,655,300,minor_pothole,571,131,606,158,35,27,945,0.0534351145038167,0.09,0.0048091603053435,2,1.2962962962962963,6.852242569051878,medium_pothole,0.09414358566011732,0.6342671401939888,0.27158927414589384,0.6342671401939888
783bde8f-img-622.jpg,655,300,minor_pothole,439,26,462,37,23,11,253,0.0351145038167938,0.0366666666666666,0.0012875318066157,2,2.090909090909091,5.537334267018537,medium_pothole,0.10856961138945756,0.6505928413349047,0.24083754727563775,0.6505928413349047
783bde8f-img-622.jpg,655,300,major_pothole,271,23,316,35,45,12,540,0.0687022900763358,0.04,0.0027480916030534,0,3.75,6.293419278846481,medium_pothole,0.2093789419783129,0.6380473946650616,0.15257366335662562,0.6380473946650616
783bde8f-img-622.jpg,655,300,medium_pothole,408,7,434,22,26,15,390,0.0396946564885496,0.05,0.0019847328244274,1,1.7333333333333334,5.968707559985366,medium_pothole,0.09984969535953235,0.64753195959599,0.2526183450444776,0.64753195959599
783bde8f-img-622.jpg,655,300,medium_pothole,359,0,401,12,42,12,504,0.0641221374045801,0.04,0.0025648854961832,1,3.5,6.22455842927536,medium_pothole,0.19970440427103053,0.630215796411393,0.170079799317576,0.630215796411393
783bde8f-img-622.jpg,655,300,minor_pothole,281,248,339,295,58,47,2726,0.0885496183206106,0.1566666666666666,0.0138727735368956,2,1.2340425531914894,7.910957382845589,medium_pothole,0.17983213827912817,0.6149147126291978,0.20525314909167422,0.6149147126291978
img-623.jpg,534,300,major_pothole,94,51,414,267,320,216,69120,0.599250936329588,0.72,0.4314606741573034,0,1.4814814814814814,11.143613870965876,major_pothole,0.7891123805881998,0.12659336636284393,0.08429425304895623,0.7891123805881998
img-624.jpg,427,300,major_pothole,71,166,159,201,88,35,3080,0.2060889929742388,0.1166666666666666,0.0240437158469945,0,2.5142857142857142,8.033009498596668,medium_pothole,0.36577472050915866,0.5620521256314942,0.07217315385934708,0.5620521256314942
img-624.jpg,427,300,major_pothole,178,195,247,230,69,35,2415,0.1615925058548009,0.1166666666666666,0.0188524590163934,0,1.9714285714285715,7.789868559054706,medium_pothole,0.2505472480654076,0.6399679613077046,0.10948479062688775,0.6399679613077046
img-624.jpg,427,300,medium_pothole,126,239,185,286,59,47,2773,0.1381733021077283,0.1566666666666666,0.0216471506635441,1,1.2553191489361701,7.928045600874777,medium_pothole,0.2030518796749976,0.6636771791083476,0.1332709412166549,0.6636771791083476
img-624.jpg,427,300,medium_pothole,291,282,339,300,48,18,864,0.1124121779859484,0.06,0.0067447306791569,1,2.6666666666666665,6.762729506931879,medium_pothole,0.18704986643488294,0.6576537154650826,0.15529641810003464,0.6576537154650826
img-624.jpg,427,300,major_pothole,60,143,94,160,34,17,578,0.0796252927400468,0.0566666666666666,0.0045120999219359,0,2.0,6.361302477572996,medium_pothole,0.1234514928442935,0.6614110171758966,0.21513748997980997,0.6614110171758966
img-624.jpg,427,300,major_pothole,20,136,57,151,37,15,555,0.0866510538641686,0.05,0.0043325526932084,0,2.466666666666667,6.320768294250582,medium_pothole,0.15301123863880545,0.6536612334830189,0.19332752787817553,0.6536612334830189
img-624.jpg,427,300,medium_pothole,128,127,184,143,56,16,896,0.1311475409836065,0.0533333333333333,0.0069945355191256,1,3.5,6.799055862058796,medium_pothole,0.21440862532507782,0.6763052820329458,0.10928609264197664,0.6763052820329458
img-624.jpg,427,300,major_pothole,92,129,125,140,33,11,363,0.0772833723653395,0.0366666666666666,0.0028337236533957,0,3.0,5.8971538676367405,medium_pothole,0.16864257635280805,0.6570510786036516,0.17430634504354017,0.6570510786036516
img-624.jpg,427,300,medium_pothole,93,117,112,126,19,9,171,0.0444964871194379,0.03,0.0013348946135831,1,2.111111111111111,5.147494476813453,medium_pothole,0.10526556759019726,0.6761397513072039,0.2185946811025988,0.6761397513072039
img-624.jpg,427,300,minor_pothole,305,147,343,157,38,10,380,0.0889929742388758,0.0333333333333333,0.0029664324746291,2,3.8,5.942799375126701,medium_pothole,0.1995010109913045,0.6749328751516501,0.12556611385704586,0.6749328751516501
img-624.jpg,427,300,medium_pothole,398,149,427,171,29,22,638,0.0679156908665105,0.0733333333333333,0.0049804839968774,1,1.3181818181818181,6.459904454377535,medium_pothole,0.09154181181641413,0.6804925667523475,0.22796562143123814,0.6804925667523475
b8f567ca-img-625.jpg,533,300,major_pothole,72,128,460,196,388,68,26384,0.7279549718574109,0.2266666666666666,0.1650031269543464,0,5.705882352941177,10.180550945839768,major_pothole,0.8008559724115853,0.16379215288645302,0.03535187470196165,0.8008559724115853
b8f567ca-img-625.jpg,533,300,medium_pothole,72,200,232,271,160,71,11360,0.300187617260788,0.2366666666666666,0.0710444027517198,1,2.2535211267605635,9.337941716569905,major_pothole,0.7323304696291529,0.2009259738576818,0.06674355651316533,0.7323304696291529
b8f567ca-img-625.jpg,533,300,medium_pothole,254,201,472,280,218,79,17222,0.4090056285178236,0.2633333333333333,0.1077048155096935,1,2.759493670886076,9.754000978835746,major_pothole,0.7394327170295295,0.18231626955353297,0.07825101341693778,0.7394327170295295
img-626.jpg,450,300,major_pothole,114,101,310,157,196,56,10976,0.4355555555555555,0.1866666666666666,0.0813037037037037,0,3.5,9.303557453687317,major_pothole,0.7830894886076671,0.1618621892530873,0.05504832213924575,0.7830894886076671
img-626.jpg,450,300,minor_pothole,414,76,450,90,36,14,504,0.08,0.0466666666666666,0.0037333333333333,2,2.5714285714285716,6.22455842927536,medium_pothole,0.15426790607272167,0.6490458896374688,0.19668620428980896,0.6490458896374688
img-627.jpg,600,300,major_pothole,85,198,214,252,129,54,6966,0.215,0.18,0.0387,0,2.388888888888889,8.848939995030118,major_pothole,0.5925006098220807,0.3396029589300315,0.06789643124788751,0.5925006098220807
img-627.jpg,600,300,medium_pothole,383,231,482,262,99,31,3069,0.165,0.1033333333333333,0.01705,1,3.193548387096774,8.029432840581244,medium_pothole,0.34760785078873446,0.5493337935419086,0.10305835566935712,0.5493337935419086
img-628.jpg,447,300,major_pothole,114,59,330,220,216,161,34776,0.4832214765100671,0.5366666666666666,0.2593288590604027,0,1.3416149068322982,10.456711527718735,major_pothole,0.7729539121910592,0.20761621541547357,0.019429872393467353,0.7729539121910592
img-629.jpg,400,300,major_pothole,93,56,279,204,186,148,27528,0.465,0.4933333333333333,0.2294,0,1.2567567567567568,10.222995273466749,major_pothole,0.7794463595136234,0.20032809932031798,0.020225541166058694,0.7794463595136234
img-63.jpg,720,720,medium_pothole,270,259,471,390,201,131,26331,0.2791666666666667,0.1819444444444444,0.050792824074074,1,1.534351145038168,10.178540208587767,medium_pothole,0.12443119296119859,0.6846656935509611,0.19090311348784006,0.6846656935509611
img-630.jpg,450,300,major_pothole,32,164,306,283,274,119,32606,0.6088888888888889,0.3966666666666666,0.2415259259259259,0,2.302521008403361,10.392282268231297,major_pothole,0.7650838208591338,0.20642538976057442,0.028490789380291794,0.7650838208591338
img-630.jpg,450,300,major_pothole,257,123,359,157,102,34,3468,0.2266666666666666,0.1133333333333333,0.0256888888888888,0,3.0,8.15162164696975,medium_pothole,0.45241586394500927,0.48483063025289497,0.06275350580209577,0.48483063025289497
img-631.jpg,452,300,major_pothole,351,26,452,86,101,60,6060,0.2234513274336283,0.2,0.0446902654867256,0,1.6833333333333333,8.709630081951286,major_pothole,0.48956057547261483,0.44898404611899584,0.061455378408389556,0.48956057547261483
img-631.jpg,452,300,medium_pothole,84,82,177,111,93,29,2697,0.2057522123893805,0.0966666666666666,0.0198893805309734,1,3.206896551724138,7.900266036767701,medium_pothole,0.3766257715541164,0.5495295215265356,0.07384470691934794,0.5495295215265356
img-631.jpg,452,300,major_pothole,2,92,452,297,450,205,92250,0.995575221238938,0.6833333333333333,0.6803097345132744,0,2.1951219512195124,11.43226840195242,major_pothole,0.7848484615773292,0.11863282124393118,0.09651871717873918,0.7848484615773292
img-632.jpg,450,300,major_pothole,41,227,132,256,91,29,2639,0.2022222222222222,0.0966666666666666,0.0195481481481481,0,3.1379310344827585,7.878534196140362,medium_pothole,0.3642679845854917,0.5601795784256917,0.07555243698881692,0.5601795784256917
img-633.jpg,399,300,major_pothole,57,74,367,184,310,110,34100,0.7769423558897243,0.3666666666666666,0.2848788638262322,0,2.8181818181818183,10.43708198835482,major_pothole,0.786959709818376,0.178198603289537,0.03484168689208693,0.786959709818376
img-634.jpg,450,300,major_pothole,212,76,250,100,38,24,912,0.0844444444444444,0.08,0.0067555555555555,0,1.5833333333333333,6.816735880594968,medium_pothole,0.11591816092235331,0.6558140246314009,0.2282678144462457,0.6558140246314009
img-634.jpg,450,300,major_pothole,254,57,276,73,22,16,352,0.0488888888888888,0.0533333333333333,0.0026074074074074,0,1.375,5.8664680569332965,medium_pothole,0.08939465888268333,0.6839327425338035,0.22667259858351305,0.6839327425338035
img-634.jpg,450,300,major_pothole,244,112,277,142,33,30,990,0.0733333333333333,0.1,0.0073333333333333,0,1.1,6.898714534329988,medium_pothole,0.09075914008771367,0.6782213711733994,0.23101948873888667,0.6782213711733994
img-634.jpg,450,300,major_pothole,191,161,236,177,45,16,720,0.1,0.0533333333333333,0.0053333333333333,0,2.8125,6.580639137284949,medium_pothole,0.1835392589671305,0.6526438184826827,0.16381692255018648,0.6526438184826827
img-634.jpg,450,300,minor_pothole,208,151,240,160,32,9,288,0.0711111111111111,0.03,0.0021333333333333,2,3.5555555555555554,5.666426688112432,medium_pothole,0.1880495266007026,0.6583547117060898,0.15359576169320757,0.6583547117060898
img-634.jpg,450,300,medium_pothole,320,170,345,204,25,34,850,0.0555555555555555,0.1133333333333333,0.0062962962962962,1,0.7352941176470589,6.7464121285733745,medium_pothole,0.07335233382928553,0.7083653484229226,0.21828231774779153,0.7083653484229226
img-634.jpg,450,300,medium_pothole,330,213,369,258,39,45,1755,0.0866666666666666,0.15,0.013,1,0.8666666666666667,7.470793774195062,medium_pothole,0.10927620520147747,0.6854918073015299,0.2052319874969927,0.6854918073015299
img-634.jpg,450,300,medium_pothole,305,116,325,137,20,21,420,0.0444444444444444,0.07,0.0031111111111111,1,0.9523809523809523,6.042632833682381,medium_pothole,0.08004980248669498,0.6949685933815137,0.22498160413179105,0.6949685933815137
img-634.jpg,450,300,medium_pothole,287,75,313,99,26,24,624,0.0577777777777777,0.08,0.0046222222222222,1,1.0833333333333333,6.437751649736401,medium_pothole,0.08263453663687893,0.6859406992978637,0.2314247640652575,0.6859406992978637
img-634.jpg,450,300,medium_pothole,205,110,223,119,18,9,162,0.04,0.03,0.0012,1,2.0,5.093750200806762,medium_pothole,0.10119174264654683,0.6753473338648565,0.22346092348859653,0.6753473338648565
img-634.jpg,450,300,medium_pothole,201,122,219,128,18,6,108,0.04,0.02,0.0008,1,3.0,4.6913478822291435,medium_pothole,0.13146568937162753,0.6424960397823165,0.226038270846056,0.6424960397823165
img-634.jpg,450,300,medium_pothole,215,101,228,108,13,7,91,0.0288888888888888,0.0233333333333333,0.000674074074074,1,1.8571428571428572,4.5217885770490405,medium_pothole,0.09155343113276969,0.6618700653432233,0.24657650352400662,0.6618700653432233
img-634.jpg,450,300,medium_pothole,229,47,245,54,16,7,112,0.0355555555555555,0.0233333333333333,0.0008296296296296,1,2.2857142857142856,4.727387818712341,medium_pothole,0.10520050676049277,0.6617948899003739,0.23300460333913306,0.6617948899003739
img-635.jpg,300,300,major_pothole,1,85,300,240,299,155,46345,0.9966666666666668,0.5166666666666667,0.5149444444444444,0,1.929032258064516,10.743890267377827,major_pothole,0.7321588412746102,0.17549783011797537,0.09234332860741429,0.7321588412746102
img-636.jpg,450,300,major_pothole,132,158,288,188,156,30,4680,0.3466666666666667,0.1,0.0346666666666666,0,5.2,8.45126704130007,major_pothole,0.7534849965504797,0.18487722402224566,0.06163777942727454,0.7534849965504797
img-636.jpg,450,300,major_pothole,201,128,290,144,89,16,1424,0.1977777777777777,0.0533333333333333,0.0105481481481481,0,5.5625,7.261927092702751,major_pothole,0.5032092461141751,0.4213314165307572,0.07545933735506788,0.5032092461141751
img-636.jpg,450,300,medium_pothole,243,110,272,119,29,9,261,0.0644444444444444,0.03,0.0019333333333333,1,3.2222222222222223,5.568344503761097,medium_pothole,0.17043522841455994,0.6514582067653176,0.1781065648201228,0.6514582067653176
img-636.jpg,450,300,medium_pothole,322,108,381,129,59,21,1239,0.1311111111111111,0.07,0.0091777777777777,1,2.8095238095238093,7.122866658599083,medium_pothole,0.2128483639020541,0.6566441437267369,0.13050749237120893,0.6566441437267369
img-636.jpg,450,300,major_pothole,379,147,450,184,71,37,2627,0.1577777777777777,0.1233333333333333,0.0194592592592592,0,1.9189189189189189,7.873978379604501,medium_pothole,0.25654268628773275,0.6308454566158723,0.11261185709639457,0.6308454566158723
img-636.jpg,450,300,major_pothole,1,226,149,282,148,56,8288,0.3288888888888889,0.1866666666666666,0.0613925925925925,0,2.642857142857143,9.022684613591526,major_pothole,0.7490117018918722,0.20600950654278746,0.04497879156534029,0.7490117018918722
img-636.jpg,450,300,medium_pothole,302,75,317,85,15,10,150,0.0333333333333333,0.0333333333333333,0.0011111111111111,1,1.5,5.017279836814924,medium_pothole,0.08850317838330027,0.6831460428392255,0.2283507787774739,0.6831460428392255
img-637.jpg,464,300,major_pothole,143,57,191,68,48,11,528,0.1034482758620689,0.0366666666666666,0.0037931034482758,0,4.363636363636363,6.270988431858299,medium_pothole,0.22987064129400017,0.6650573439969015,0.10507201470909841,0.6650573439969015
img-637.jpg,464,300,medium_pothole,100,232,157,255,57,23,1311,0.1228448275862068,0.0766666666666666,0.0094181034482758,1,2.4782608695652173,7.179307969504034,medium_pothole,0.20366126782724744,0.6439190095767742,0.1524197225959784,0.6439190095767742
img-638.jpg,533,300,major_pothole,22,27,489,272,467,245,114415,0.8761726078799249,0.8166666666666667,0.7155409631019387,0,1.9061224489795918,11.647596208288178,major_pothole,0.778190254790029,0.12963240270139734,0.0921773425085736,0.778190254790029
img-639.jpg,534,300,major_pothole,92,28,383,103,291,75,21825,0.5449438202247191,0.25,0.1362359550561797,0,3.88,9.990857198673035,major_pothole,0.7375540736769979,0.22046578106707476,0.04198014525592736,0.7375540736769979
img-64.jpg,720,720,medium_pothole,209,333,456,476,247,143,35321,0.3430555555555555,0.1986111111111111,0.0681346450617284,1,1.7272727272727273,10.472261278256317,medium_pothole,0.18747154508170086,0.6693077657006341,0.14322068921766498,0.6693077657006341
img-640.jpg,400,300,major_pothole,66,131,303,242,237,111,26307,0.5925,0.37,0.219225,0,2.135135135135135,10.177628354421241,major_pothole,0.7716264248893494,0.19411097073465228,0.03426260437599825,0.7716264248893494
img-641.jpg,464,300,medium_pothole,13,87,202,173,189,86,16254,0.4073275862068966,0.2866666666666667,0.1167672413793103,1,2.197674418604651,9.696155832738006,major_pothole,0.7458670846000903,0.18233658675710568,0.07179632864280396,0.7458670846000903
img-642.jpg,300,400,major_pothole,86,135,173,159,87,24,2088,0.29,0.06,0.0174,0,3.625,7.644440761556566,medium_pothole,0.404538967829839,0.526037680481241,0.06942335168892023,0.526037680481241
img-642.jpg,300,400,major_pothole,77,209,247,301,170,92,15640,0.5666666666666667,0.23,0.1303333333333333,0,1.8478260869565217,9.657650950674242,major_pothole,0.7671767979558757,0.17158311579621444,0.06124008624790998,0.7671767979558757
img-642.jpg,300,400,medium_pothole,218,330,294,381,76,51,3876,0.2533333333333333,0.1275,0.0323,1,1.4901960784313726,8.262816937670928,medium_pothole,0.2696740497923281,0.6200914159260061,0.1102345342816655,0.6200914159260061
img-643.jpg,400,300,major_pothole,170,169,315,215,145,46,6670,0.3625,0.1533333333333333,0.0555833333333333,0,3.152173913043478,8.805525052709516,major_pothole,0.7750147114936049,0.1901231149422147,0.03486217356418036,0.7750147114936049
img-644.jpg,300,399,major_pothole,101,28,244,64,143,36,5148,0.4766666666666667,0.0902255639097744,0.0430075187969924,0,3.9722222222222223,8.546557800046141,major_pothole,0.7688369525376183,0.18993122253104217,0.041231824931339325,0.7688369525376183
img-644.jpg,300,399,major_pothole,104,83,196,138,92,55,5060,0.3066666666666666,0.137844611528822,0.0422723475355054,0,1.6727272727272726,8.529319371214077,medium_pothole,0.39998626653131136,0.5245216233661641,0.07549211010252466,0.5245216233661641
img-644.jpg,300,399,major_pothole,29,163,248,361,219,198,43362,0.73,0.4962406015037593,0.3622556390977444,0,1.106060606060606,10.677361821912017,major_pothole,0.7492885301423007,0.2039782822854567,0.04673318757224253,0.7492885301423007
img-645.jpg,451,300,medium_pothole,171,227,384,289,213,62,13206,0.4722838137472284,0.2066666666666666,0.0976053215077605,1,3.435483870967742,9.488502271043805,major_pothole,0.7666859158309123,0.17477417199113934,0.05853991217794836,0.7666859158309123
img-646.jpg,534,300,major_pothole,143,174,397,244,254,70,17780,0.4756554307116105,0.2333333333333333,0.1109862671660424,0,3.6285714285714286,9.785885750455948,major_pothole,0.7370343445085563,0.2042835370572041,0.058682118434239594,0.7370343445085563
img-647.jpg,533,300,major_pothole,189,83,386,265,197,182,35854,0.3696060037523452,0.6066666666666667,0.2242276422764227,0,1.0824175824175823,10.487238306316675,major_pothole,0.8142321303344175,0.17000920639052475,0.015758663275057726,0.8142321303344175
img-648.jpg,720,266,major_pothole,262,231,419,262,157,31,4867,0.2180555555555555,0.1165413533834586,0.0254124895572264,0,5.064516129032258,8.490438454107418,major_pothole,0.630404949172512,0.28646956311092026,0.08312548771656776,0.630404949172512
img-648.jpg,720,266,major_pothole,144,213,240,237,96,24,2304,0.1333333333333333,0.0902255639097744,0.0120300751879699,0,4.0,7.742835955430749,medium_pothole,0.3412617417709691,0.569188595252458,0.08954966297657294,0.569188595252458
img-648.jpg,720,266,medium_pothole,228,200,384,215,156,15,2340,0.2166666666666666,0.056390977443609,0.0122180451127819,1,10.4,7.75833346749091,medium_pothole,0.2146394127194254,0.6810764702117538,0.10428411706882057,0.6810764702117538
img-648.jpg,720,266,major_pothole,347,180,428,193,81,13,1053,0.1125,0.0488721804511278,0.0054981203007518,0,6.230769230769231,6.960347729101308,major_pothole,0.5136055656689723,0.40535339462609277,0.08104103970493483,0.5136055656689723
img-648.jpg,720,266,major_pothole,244,153,307,162,63,9,567,0.0875,0.0338345864661654,0.0029605263157894,0,7.0,6.342121418721152,major_pothole,0.5744634415305471,0.3445364567535511,0.08100010171590168,0.5744634415305471
img-648.jpg,720,266,medium_pothole,1,194,88,248,87,54,4698,0.1208333333333333,0.2030075187969924,0.0245300751879699,1,1.6111111111111112,8.455104999102815,medium_pothole,0.381806420269953,0.5382147452072492,0.07997883452279753,0.5382147452072492
img-648.jpg,720,266,major_pothole,159,128,217,141,58,13,754,0.0805555555555555,0.0488721804511278,0.0039369256474519,0,4.461538461538462,6.626717749249025,medium_pothole,0.256944035472694,0.6387393596567266,0.10431660487057924,0.6387393596567266
img-648.jpg,720,266,major_pothole,326,124,378,134,52,10,520,0.0722222222222222,0.037593984962406,0.0027151211361737,0,5.2,6.255750041753367,medium_pothole,0.3125645755634933,0.5949552630655393,0.0924801613709674,0.5949552630655393
img-648.jpg,720,266,medium_pothole,512,197,557,209,45,12,540,0.0625,0.0451127819548872,0.0028195488721804,1,3.75,6.293419278846481,medium_pothole,0.2174199403287273,0.6489205287676196,0.13365953090365293,0.6489205287676196
img-648.jpg,720,266,medium_pothole,501,172,546,182,45,10,450,0.0625,0.037593984962406,0.0023496240601503,1,4.5,6.111467339502679,medium_pothole,0.24750692778662653,0.6427212177497276,0.10977185446364573,0.6427212177497276
img-648.jpg,720,266,major_pothole,459,158,515,170,56,12,672,0.0777777777777777,0.0451127819548872,0.0035087719298245,0,4.666666666666667,6.511745329644728,medium_pothole,0.2684510840639367,0.6306779869543755,0.10087092898168787,0.6306779869543755
img-648.jpg,720,266,medium_pothole,560,232,720,266,160,34,5440,0.2222222222222222,0.1278195488721804,0.0284043441938178,1,4.705882352941177,8.601718146485926,major_pothole,0.6510951185337751,0.2735140850386141,0.07539079642761067,0.6510951185337751
8d4997e8-img-649.jpg,532,300,major_pothole,151,71,359,175,208,104,21632,0.3909774436090225,0.3466666666666667,0.1355388471177945,0,2.0,9.981975205584869,major_pothole,0.742665683102731,0.19383050575763539,0.06350381113963362,0.742665683102731
8d4997e8-img-649.jpg,532,300,medium_pothole,359,208,510,299,151,91,13741,0.2838345864661654,0.3033333333333333,0.0860964912280701,1,1.6593406593406594,9.528212115591021,major_pothole,0.7097368782935823,0.21734316173659515,0.07291995996982269,0.7097368782935823
img-65.jpg,720,720,medium_pothole,233,357,492,504,259,147,38073,0.3597222222222222,0.2041666666666666,0.073443287037037,1,1.7619047619047619,10.547286913465735,medium_pothole,0.19966764479293647,0.6772711796561174,0.12306117555094556,0.6772711796561174
img-650.jpg,435,300,medium_pothole,206,193,269,218,63,25,1575,0.1448275862068965,0.0833333333333333,0.0120689655172413,1,2.52,7.362645270417825,medium_pothole,0.22474210839528688,0.6524297904841814,0.1228281011205319,0.6524297904841814
img-650.jpg,435,300,medium_pothole,139,212,214,258,75,46,3450,0.1724137931034483,0.1533333333333333,0.0264367816091954,1,1.6304347826086956,8.146419323098003,medium_pothole,0.2857119594067491,0.6196785404123949,0.09460950018085591,0.6196785404123949
img-651.jpg,400,300,major_pothole,128,118,306,214,178,96,17088,0.445,0.32,0.1424,0,1.8541666666666667,9.746190260646909,major_pothole,0.7544938965511463,0.18624307166327883,0.05926303178557498,0.7544938965511463
img-652.jpg,450,300,major_pothole,133,195,423,297,290,102,29580,0.6444444444444445,0.34,0.2191111111111111,0,2.843137254901961,10.294887542319458,major_pothole,0.7607776032165035,0.2062170964481739,0.03300530033532229,0.7607776032165035
img-652.jpg,450,300,major_pothole,1,150,194,229,193,79,15247,0.4288888888888889,0.2633333333333333,0.1129407407407407,0,2.4430379746835444,9.632203625893982,major_pothole,0.7547786937032585,0.17585560856874183,0.06936569772799968,0.7547786937032585
img-652.jpg,450,300,major_pothole,1,107,111,142,110,35,3850,0.2444444444444444,0.1166666666666666,0.0285185185185185,0,3.142857142857143,8.25608813381491,major_pothole,0.5162109538144927,0.42789459031186877,0.05589445587363838,0.5162109538144927
img-653.jpg,450,300,medium_pothole,1,57,87,126,86,69,5934,0.1911111111111111,0.23,0.0439555555555555,1,1.2463768115942029,8.688622307043769,medium_pothole,0.39187871962535725,0.5322772637917503,0.0758440165828924,0.5322772637917503
img-653.jpg,450,300,minor_pothole,60,1,124,14,64,13,832,0.1422222222222222,0.0433333333333333,0.0061629629629629,2,4.923076923076923,6.725033642166843,medium_pothole,0.309024171718274,0.6037778071139582,0.08719802116776779,0.6037778071139582
img-653.jpg,450,300,major_pothole,52,80,379,259,327,179,58533,0.7266666666666667,0.5966666666666667,0.4335777777777778,0,1.8268156424581006,10.977363060971824,major_pothole,0.7410727399992153,0.18639717850381232,0.07253008149697251,0.7410727399992153
img-654.jpg,450,300,medium_pothole,238,179,381,221,143,42,6006,0.3177777777777777,0.14,0.0444888888888888,1,3.4047619047619047,8.700680734850161,major_pothole,0.7244742652798818,0.2323873286149891,0.043138406105128826,0.7244742652798818
img-654.jpg,450,300,minor_pothole,270,169,290,177,20,8,160,0.0444444444444444,0.0266666666666666,0.0011851851851851,2,2.5,5.081404364984463,medium_pothole,0.11790010348620597,0.6634343020863774,0.21866559442741645,0.6634343020863774
img-654.jpg,450,300,medium_pothole,43,43,80,52,37,9,333,0.0822222222222222,0.03,0.0024666666666666,1,4.111111111111111,5.811140992976701,medium_pothole,0.20922215042739986,0.6695345423432378,0.121243307229362,0.6695345423432378
c0a58e21-img-655.jpg,534,300,major_pothole,0,190,165,273,165,83,13695,0.3089887640449438,0.2766666666666666,0.0854868913857677,0,1.9879518072289157,9.524859098381523,major_pothole,0.7283928893945016,0.19621162266592285,0.07539548793957546,0.7283928893945016
c0a58e21-img-655.jpg,534,300,major_pothole,370,170,533,276,163,106,17278,0.3052434456928839,0.3533333333333333,0.1078526841448189,0,1.5377358490566038,9.757247170313121,major_pothole,0.7288181606126466,0.20173406602787058,0.06944777335948296,0.7288181606126466
c0a58e21-img-655.jpg,534,300,major_pothole,103,86,282,145,179,59,10561,0.3352059925093633,0.1966666666666666,0.0659238451935081,0,3.0338983050847457,9.26501793326688,major_pothole,0.7547023742931344,0.17911528887570805,0.06618233683115743,0.7547023742931344
c0a58e21-img-655.jpg,534,300,major_pothole,297,88,452,139,155,51,7905,0.2902621722846442,0.17,0.0493445692883895,0,3.0392156862745097,8.97537724385663,major_pothole,0.717139873297571,0.22590543480193942,0.05695469190048964,0.717139873297571
c0a58e21-img-655.jpg,534,300,major_pothole,17,56,146,102,129,46,5934,0.2415730337078651,0.1533333333333333,0.0370411985018726,0,2.8043478260869565,8.688622307043769,major_pothole,0.6046490150761556,0.3364238685263014,0.058927116397542924,0.6046490150761556
c0a58e21-img-655.jpg,534,300,medium_pothole,0,51,17,83,17,32,544,0.0318352059925093,0.1066666666666666,0.0033957553058676,1,0.53125,6.300785794663244,medium_pothole,0.06842178505007815,0.7233791317950246,0.20819908315489705,0.7233791317950246
c0a58e21-img-655.jpg,534,300,medium_pothole,171,44,239,72,68,28,1904,0.1273408239700374,0.0933333333333333,0.0118851435705368,1,2.4285714285714284,7.552237287560802,medium_pothole,0.23147508377164686,0.6206525760720369,0.14787234015631606,0.6206525760720369
c0a58e21-img-655.jpg,534,300,medium_pothole,297,0,363,13,66,13,858,0.1235955056179775,0.0433333333333333,0.0053558052434456,1,5.076923076923077,6.755768921984255,medium_pothole,0.31778515322952094,0.5882698332839944,0.09394501348648482,0.5882698332839944
c0a58e21-img-655.jpg,534,300,minor_pothole,481,49,533,106,52,57,2964,0.097378277153558,0.19,0.018501872659176,2,0.9122807017543859,7.994632311431825,medium_pothole,0.16913156321408157,0.6597106541224674,0.17115778266345125,0.6597106541224674
c0a58e21-img-655.jpg,534,300,medium_pothole,525,126,534,143,9,17,153,0.0168539325842696,0.0566666666666666,0.0009550561797752,1,0.5294117647058824,5.0369526024136295,medium_pothole,0.07072266483981166,0.7073803160881929,0.22189701907199547,0.7073803160881929
img-656.jpg,300,440,major_pothole,76,199,234,295,158,96,15168,0.5266666666666666,0.2181818181818181,0.1149090909090909,0,1.6458333333333333,9.627009150591672,major_pothole,0.7234129323955194,0.20522447881316552,0.07136258879131524,0.7234129323955194
img-656.jpg,300,440,medium_pothole,145,52,171,58,26,6,156,0.0866666666666666,0.0136363636363636,0.0011818181818181,1,4.333333333333333,5.056245805348308,medium_pothole,0.18836135475293822,0.6607008712107594,0.1509377740363024,0.6607008712107594
img-657.jpg,400,300,major_pothole,7,76,383,232,376,156,58656,0.94,0.52,0.4888,0,2.41025641025641,10.97946219904839,major_pothole,0.727690861007803,0.19031932410693686,0.08198981488525979,0.727690861007803
img-658.jpg,300,400,medium_pothole,224,175,283,226,59,51,3009,0.1966666666666666,0.1275,0.025075,1,1.1568627450980393,8.009695357742922,medium_pothole,0.18239167589166197,0.6380814100563768,0.1795269140519614,0.6380814100563768
img-658.jpg,300,400,medium_pothole,88,168,130,188,42,20,840,0.14,0.05,0.007,1,2.1,6.734591659972948,medium_pothole,0.1419046613251606,0.6361252458156204,0.22197009285921912,0.6361252458156204
img-658.jpg,300,400,major_pothole,66,240,229,314,163,74,12062,0.5433333333333333,0.185,0.1005166666666666,0,2.2027027027027026,9.397898195565384,major_pothole,0.7518793859435257,0.18905804544729296,0.0590625686091814,0.7518793859435257
img-658.jpg,300,400,medium_pothole,136,63,182,82,46,19,874,0.1533333333333333,0.0475,0.0072833333333333,1,2.4210526315789473,6.774223886357614,medium_pothole,0.1663672571318705,0.6484108195181169,0.1852219233500125,0.6484108195181169
img-659.jpg,533,300,major_pothole,93,173,462,243,369,70,25830,0.6923076923076923,0.2333333333333333,0.1615384615384615,0,5.271428571428571,10.159330600013353,major_pothole,0.7899141093661971,0.1776832264932133,0.03240266414058936,0.7899141093661971
img-66.jpg,720,720,major_pothole,244,198,485,467,241,269,64829,0.3347222222222222,0.3736111111111111,0.1250559413580247,0,0.895910780669145,11.07952373816904,medium_pothole,0.1662033661641977,0.6481502234941066,0.18564641034169574,0.6481502234941066
img-66.jpg,720,720,medium_pothole,414,212,504,306,90,94,8460,0.125,0.1305555555555555,0.0163194444444444,1,0.9574468085106383,9.0432226489245,minor_pothole,0.06394477568054717,0.347102158844144,0.5889530654753085,0.5889530654753085
img-66.jpg,720,720,minor_pothole,374,27,435,66,61,39,2379,0.0847222222222222,0.0541666666666666,0.0045891203703703,2,1.564102564102564,7.77485576666552,minor_pothole,0.0413685181077725,0.18748852095191693,0.7711429609403102,0.7711429609403102
img-66.jpg,720,720,minor_pothole,59,30,122,52,63,22,1386,0.0875,0.0305555555555555,0.0026736111111111,2,2.8636363636363638,7.234898420314831,minor_pothole,0.10429923126104897,0.3056685475250796,0.5900322212138714,0.5900322212138714
img-66.jpg,720,720,minor_pothole,137,47,207,119,70,72,5040,0.0972222222222222,0.1,0.0097222222222222,2,0.9722222222222222,8.525359754082631,minor_pothole,0.04449093888905499,0.2092001800378618,0.746308881073083,0.746308881073083
img-66.jpg,720,720,minor_pothole,287,160,320,185,33,25,825,0.0458333333333333,0.0347222222222222,0.0015914351851851,2,1.32,6.716594773520978,minor_pothole,0.04244390759496033,0.31258871887626577,0.6449673735287741,0.6449673735287741
img-660.jpg,450,300,medium_pothole,212,226,288,274,76,48,3648,0.1688888888888889,0.16,0.0270222222222222,1,1.5833333333333333,8.202208436436448,medium_pothole,0.28971480997958937,0.6140720203791011,0.09621316964130894,0.6140720203791011
img-661.jpg,533,300,major_pothole,113,125,531,300,418,175,73150,0.7842401500938087,0.5833333333333334,0.457473420888055,0,2.388571428571429,11.200281076894816,major_pothole,0.7690527147563021,0.15613365572870191,0.07481362951499596,0.7690527147563021
img-662.jpg,452,300,major_pothole,169,205,239,233,70,28,1960,0.1548672566371681,0.0933333333333333,0.0144542772861356,0,2.5,7.581209826196346,medium_pothole,0.24871932010270262,0.6384257841563378,0.11285489574095976,0.6384257841563378
img-662.jpg,452,300,major_pothole,216,241,260,267,44,26,1144,0.0973451327433628,0.0866666666666666,0.0084365781710914,0,1.6923076923076923,7.0431599159883405,medium_pothole,0.13953175482436078,0.6447942467745503,0.21567399840108875,0.6447942467745503
img-662.jpg,452,300,major_pothole,293,244,337,277,44,33,1452,0.0973451327433628,0.11,0.0107079646017699,0,1.3333333333333333,7.2813856635702825,medium_pothole,0.1304439559813216,0.6543246514854588,0.2152313925332197,0.6543246514854588
img-662.jpg,452,300,medium_pothole,260,166,306,183,46,17,782,0.1017699115044247,0.0566666666666666,0.0057669616519174,1,2.7058823529411766,6.663132695990803,medium_pothole,0.18244986563069493,0.6496344476003932,0.16791568676891194,0.6496344476003932
img-662.jpg,452,300,medium_pothole,157,144,180,153,23,9,207,0.0508849557522123,0.03,0.0015265486725663,1,2.5555555555555554,5.337538079701318,medium_pothole,0.12560448132202393,0.6618014886520222,0.21259403002595395,0.6618014886520222
cd8b432e-img-663.jpg,335,300,medium_pothole,142,171,190,207,48,36,1728,0.1432835820895522,0.12,0.0171940298507462,1,1.3333333333333333,7.455298485683291,medium_pothole,0.16546330264642842,0.691984728528068,0.14255196882550342,0.691984728528068
cd8b432e-img-663.jpg,335,300,medium_pothole,118,51,145,62,27,11,297,0.0805970149253731,0.0366666666666666,0.002955223880597,1,2.4545454545454546,5.697093486505405,medium_pothole,0.1326055958108482,0.6842500295152089,0.1831443746739433,0.6842500295152089
cd8b432e-img-663.jpg,335,300,minor_pothole,222,128,247,141,25,13,325,0.0746268656716417,0.0433333333333333,0.0032338308457711,2,1.9230769230769231,5.786897381366708,medium_pothole,0.10734915241488527,0.6972832272707972,0.1953676203143177,0.6972832272707972
cd8b432e-img-663.jpg,335,300,minor_pothole,177,76,208,91,31,15,465,0.0925373134328358,0.05,0.0046268656716417,2,2.066666666666667,6.144185634125646,medium_pothole,0.12533604256951314,0.6883983992671489,0.18626555816333817,0.6883983992671489
cd8b432e-img-663.jpg,335,300,minor_pothole,110,75,150,84,40,9,360,0.1194029850746268,0.03,0.0035820895522388,2,4.444444444444445,5.8888779583328805,medium_pothole,0.22134935878931544,0.6865161546101737,0.09213448660051103,0.6865161546101737
cd8b432e-img-663.jpg,335,300,minor_pothole,79,112,121,124,42,12,504,0.1253731343283582,0.04,0.0050149253731343,2,3.5,6.22455842927536,medium_pothole,0.1939346710374372,0.7022061806023266,0.1038591483602363,0.7022061806023266
cd8b432e-img-663.jpg,335,300,minor_pothole,191,57,206,69,15,12,180,0.044776119402985,0.04,0.0017910447761194,2,1.25,5.198497031265826,medium_pothole,0.08346321615635542,0.7055476491534329,0.2109891346902114,0.7055476491534329
cd8b432e-img-663.jpg,335,300,minor_pothole,197,37,211,51,14,14,196,0.0417910447761194,0.0466666666666666,0.0019502487562189,2,1.0,5.2832037287379885,medium_pothole,0.07869351088619467,0.7107221587885151,0.21058433032529034,0.7107221587885151
cd8b432e-img-663.jpg,335,300,major_pothole,52,232,157,276,105,44,4620,0.3134328358208955,0.1466666666666666,0.0459701492537313,0,2.3863636363636362,8.438366410870266,major_pothole,0.6185111753029204,0.3492454276854788,0.032243397011600866,0.6185111753029204
cd8b432e-img-663.jpg,335,300,medium_pothole,69,153,123,181,54,28,1512,0.1611940298507462,0.0933333333333333,0.0150447761194029,1,1.9285714285714286,7.321849713788356,medium_pothole,0.20133332443744673,0.6849334319065615,0.11373324365599198,0.6849334319065615
cd8b432e-img-663.jpg,335,300,major_pothole,29,125,126,149,97,24,2328,0.2895522388059701,0.08,0.0231641791044776,0,4.041666666666667,7.753194269884341,major_pothole,0.5606163899424706,0.3983225105022026,0.04106109955532668,0.5606163899424706
cd8b432e-img-663.jpg,335,300,major_pothole,268,72,318,99,50,27,1350,0.1492537313432835,0.09,0.0134328358208955,0,1.8518518518518519,7.208600337960199,medium_pothole,0.18464631730175332,0.6841598340383389,0.13119384865990777,0.6841598340383389
cd8b432e-img-663.jpg,335,300,medium_pothole,262,64,294,74,32,10,320,0.0955223880597015,0.0333333333333333,0.00318407960199,1,3.2,5.771441123130016,medium_pothole,0.17477604402550978,0.6842391381163154,0.14098481785817477,0.6842391381163154
cd8b432e-img-663.jpg,335,300,medium_pothole,257,54,283,64,26,10,260,0.0776119402985074,0.0333333333333333,0.0025870646766169,1,2.6,5.564520407322694,medium_pothole,0.13673938429742355,0.6814313608509869,0.18182925485158977,0.6814313608509869
cd8b432e-img-663.jpg,335,300,medium_pothole,248,48,271,56,23,8,184,0.0686567164179104,0.0266666666666666,0.0018308457711442,1,2.875,5.220355825078324,medium_pothole,0.14122511983913275,0.67387537611272,0.18489950404814695,0.67387537611272
cd8b432e-img-663.jpg,335,300,minor_pothole,244,42,261,50,17,8,136,0.0507462686567164,0.0266666666666666,0.0013532338308457,2,2.125,4.919980925828125,medium_pothole,0.10283843405828293,0.686661367192813,0.2105001987489038,0.686661367192813
cd8b432e-img-663.jpg,335,300,medium_pothole,232,21,252,28,20,7,140,0.0597014925373134,0.0233333333333333,0.0013930348258706,1,2.857142857142857,4.948759890378168,medium_pothole,0.13207937777928047,0.6697185385407108,0.19820208368000852,0.6697185385407108
img-664.jpg,400,300,major_pothole,1,57,377,227,376,170,63920,0.94,0.5666666666666667,0.5326666666666666,0,2.211764705882353,11.065403224873476,major_pothole,0.7471253662896479,0.16757699469787254,0.08529763901247962,0.7471253662896479
img-665.jpg,452,300,major_pothole,114,129,284,197,170,68,11560,0.3761061946902654,0.2266666666666666,0.0852507374631268,0,2.5,9.355392643675321,major_pothole,0.7687205912713466,0.1725618349479637,0.05871757378068965,0.7687205912713466
img-666.jpg,750,1000,major_pothole,162,366,551,578,389,212,82468,0.5186666666666667,0.212,0.1099573333333333,0,1.8349056603773586,11.320177744132447,medium_pothole,0.20873023465146082,0.681168615781047,0.1101011495674921,0.681168615781047
img-667.jpg,1000,750,major_pothole,415,394,616,522,201,128,25728,0.201,0.1706666666666666,0.034304,0,1.5703125,10.155374039382549,medium_pothole,0.09220023478737394,0.704916771770975,0.20288299344165092,0.704916771770975
img-667.jpg,1000,750,medium_pothole,228,483,286,552,58,69,4002,0.058,0.092,0.005336,1,0.8405797101449275,8.294799358992574,minor_pothole,0.025324264684982317,0.15223782171220426,0.8224379136028138,0.8224379136028138
img-667.jpg,1000,750,medium_pothole,98,453,175,482,77,29,2233,0.077,0.0386666666666666,0.0029773333333333,1,2.6551724137931036,7.711548979629146,minor_pothole,0.06594257316281599,0.19158347344146046,0.7424739533957235,0.7424739533957235
img-667.jpg,1000,750,medium_pothole,659,451,722,493,63,42,2646,0.063,0.056,0.003528,1,1.5,7.881182202227102,minor_pothole,0.02995966205364888,0.14102152044728275,0.8290188174990684,0.8290188174990684
img-668.jpg,750,1000,major_pothole,350,483,471,549,121,66,7986,0.1613333333333333,0.066,0.010648,0,1.8333333333333333,8.985570498917388,minor_pothole,0.04143623332310012,0.20505597545761417,0.7535077912192853,0.7535077912192853
img-669.jpg,408,306,major_pothole,264,96,351,159,87,63,5481,0.213235294117647,0.2058823529411764,0.0439013840830449,0,1.380952380952381,8.60922527686273,medium_pothole,0.39398955343070774,0.5349041002904393,0.07110634627885255,0.5349041002904393
img-67.jpg,720,720,medium_pothole,160,282,379,449,219,167,36573,0.3041666666666666,0.2319444444444444,0.0705497685185185,1,1.311377245508982,10.507092884434579,medium_pothole,0.18021548159083095,0.6536463850811035,0.16613813332806576,0.6536463850811035
img-67.jpg,720,720,major_pothole,445,169,622,320,177,151,26727,0.2458333333333333,0.2097222222222222,0.0515567129629629,0,1.1721854304635762,10.193466984036592,medium_pothole,0.11566898380772847,0.6870769773651989,0.19725403882707265,0.6870769773651989
img-67.jpg,720,720,minor_pothole,552,0,705,47,153,47,7191,0.2125,0.0652777777777777,0.0138715277777777,2,3.25531914893617,8.880724576151456,minor_pothole,0.10323408393300568,0.38384644224764897,0.5129194738193452,0.5129194738193452
img-670.jpg,116,116,medium_pothole,38,17,44,22,6,5,30,0.0517241379310344,0.043103448275862,0.0022294887039239,1,1.2,3.4339872044851463,medium_pothole,0.08206090830346516,0.6798441987597241,0.23809489293681046,0.6798441987597241
img-670.jpg,116,116,medium_pothole,37,24,45,27,8,3,24,0.0689655172413793,0.0258620689655172,0.0017835909631391,1,2.6666666666666665,3.2188758248682006,medium_pothole,0.10632912656622873,0.6024416245770565,0.2912292488567148,0.6024416245770565
img-670.jpg,116,116,medium_pothole,31,32,39,36,8,4,32,0.0689655172413793,0.0344827586206896,0.0023781212841854,1,2.0,3.4965075614664802,medium_pothole,0.09912126403058114,0.682684821672053,0.218193914297366,0.682684821672053
img-670.jpg,116,116,medium_pothole,21,50,31,58,10,8,80,0.0862068965517241,0.0689655172413793,0.0059453032104637,1,1.25,4.394449154672439,medium_pothole,0.08829084861913386,0.827864203617987,0.08384494776287924,0.827864203617987
img-670.jpg,116,116,medium_pothole,20,59,25,63,5,4,20,0.043103448275862,0.0344827586206896,0.0014863258026159,1,1.25,3.044522437723423,medium_pothole,0.08498421213322645,0.5644657642263772,0.3505500236403966,0.5644657642263772
img-670.jpg,116,116,minor_pothole,18,63,21,66,3,3,9,0.0258620689655172,0.0258620689655172,0.0006688466111771,2,1.0,2.302585092994046,minor_pothole,0.10353651556255189,0.3106682240605373,0.5857952603769108,0.5857952603769108
img-670.jpg,116,116,minor_pothole,62,22,66,24,4,2,8,0.0344827586206896,0.0172413793103448,0.0005945303210463,2,2.0,2.1972245773362196,minor_pothole,0.09958778303590368,0.2758819795116683,0.6245302374524274,0.6245302374524274
img-670.jpg,116,116,minor_pothole,60,18,64,20,4,2,8,0.0344827586206896,0.0172413793103448,0.0005945303210463,2,2.0,2.1972245773362196,minor_pothole,0.09958778303590368,0.2758819795116683,0.6245302374524274,0.6245302374524274
img-670.jpg,116,116,medium_pothole,56,9,61,12,5,3,15,0.043103448275862,0.0258620689655172,0.0011147443519619,1,1.6666666666666667,2.772588722239781,medium_pothole,0.09154756137641484,0.4700604009522883,0.4383920376712968,0.4700604009522883
img-670.jpg,116,116,medium_pothole,1,59,15,69,14,10,140,0.1206896551724138,0.0862068965517241,0.0104042806183115,1,1.4,4.948759890378168,medium_pothole,0.10899325179010685,0.8371739306772273,0.05383281753266574,0.8371739306772273
img-670.jpg,116,116,medium_pothole,0,68,26,81,26,13,338,0.2241379310344827,0.1120689655172413,0.0251189060642092,1,2.0,5.82600010738045,medium_pothole,0.21278107229870963,0.7788874829080614,0.008331444793228749,0.7788874829080614
img-670.jpg,116,116,medium_pothole,0,98,6,105,6,7,42,0.0517241379310344,0.0603448275862069,0.0031212841854934,1,0.8571428571428571,3.7612001156935624,medium_pothole,0.0761523313995418,0.7581551319983652,0.16569253660209307,0.7581551319983652
img-670.jpg,116,116,minor_pothole,26,38,35,43,9,5,45,0.0775862068965517,0.043103448275862,0.0033442330558858,2,1.8,3.828641396489095,medium_pothole,0.09769169521741973,0.7494766061145779,0.15283169866800234,0.7494766061145779
img-670.jpg,116,116,minor_pothole,22,41,26,47,4,6,24,0.0344827586206896,0.0517241379310344,0.0017835909631391,2,0.6666666666666666,3.2188758248682006,medium_pothole,0.07560269815320653,0.6285972632855318,0.2958000385612619,0.6285972632855318
img-670.jpg,116,116,minor_pothole,123,75,130,81,7,6,42,0.0603448275862069,0.0517241379310344,0.0031212841854934,2,1.1666666666666667,3.7612001156935624,medium_pothole,0.08284010461712218,0.7507389188123347,0.16642097657054306,0.7507389188123347
img-670.jpg,116,116,minor_pothole,128,50,140,53,12,3,36,0.1034482758620689,0.0258620689655172,0.0026753864447086,2,4.0,3.6109179126442243,medium_pothole,0.1451496226756508,0.6635869846403563,0.1912633926839928,0.6635869846403563
img-671.jpg,116,116,major_pothole,0,21,78,115,78,94,7332,0.6724137931034483,0.8103448275862069,0.5448870392390012,0,0.8297872340425532,8.9001399880938,major_pothole,0.707467784729784,0.18422438088501517,0.10830783438520082,0.707467784729784
img-672.jpg,731,409,major_pothole,63,92,511,225,448,133,59584,0.612859097127223,0.3251833740831296,0.1992915890413708,0,3.3684210526315788,10.995159143524907,major_pothole,0.7179830063028475,0.24405333506106391,0.03796365863608841,0.7179830063028475
img-673.jpg,450,337,major_pothole,164,182,274,237,110,55,6050,0.2444444444444444,0.1632047477744807,0.0398944939004286,0,2.0,8.707978826622321,major_pothole,0.47843587522578335,0.44274227787997394,0.07882184689424258,0.47843587522578335
img-673.jpg,450,337,minor_pothole,337,291,383,313,46,22,1012,0.1022222222222222,0.0652818991097922,0.0066732607978898,2,2.090909090909091,6.920671504248683,medium_pothole,0.14606904527772804,0.6062489425974461,0.2476820121248259,0.6062489425974461
img-674.jpg,427,352,major_pothole,206,97,280,125,74,28,2072,0.1733021077283372,0.0795454545454545,0.0137853949329359,0,2.642857142857143,7.636752112435779,medium_pothole,0.24091073233841684,0.6133201867409106,0.14576908092067223,0.6133201867409106
img-676.jpg,424,310,major_pothole,163,138,360,211,197,73,14381,0.4646226415094339,0.2354838709677419,0.1094111381618989,0,2.6986301369863015,9.57373270366244,major_pothole,0.7550479187813068,0.17874490299939175,0.06620717821930146,0.7550479187813068
img-676.jpg,424,344,major_pothole,61,14,259,86,198,72,14256,0.4669811320754717,0.2093023255813953,0.0977402369460289,0,2.75,9.56500329315396,major_pothole,0.7137405221273271,0.21074541995525065,0.07551405791742223,0.7137405221273271
img-677.jpg,425,407,major_pothole,44,147,407,345,363,198,71874,0.8541176470588235,0.4864864864864865,0.415516693163752,0,1.8333333333333333,11.182683778099651,major_pothole,0.7208235210386132,0.20069603681933593,0.07848044214205063,0.7208235210386132
img-678.jpg,800,480,major_pothole,357,240,486,301,129,61,7869,0.16125,0.1270833333333333,0.0204921875,0,2.1147540983606556,8.970813341411448,medium_pothole,0.20821869734381127,0.41719434091585683,0.3745869617403316,0.41719434091585683
img-678.jpg,800,480,medium_pothole,514,157,554,175,40,18,720,0.05,0.0375,0.001875,1,2.2222222222222223,6.580639137284949,medium_pothole,0.08850298070208093,0.4522771374177793,0.45921988188013996,0.45921988188013996
img-679.jpg,2554,1916,major_pothole,558,912,1722,1534,1164,622,724008,0.4557556773688332,0.3246346555323591,0.1479540873295481,0,1.8713826366559485,13.492559102229816,major_pothole,0.7086490327709907,0.17561589628055976,0.11573507094844972,0.7086490327709907
img-68.jpg,720,720,medium_pothole,331,255,564,404,233,149,34717,0.3236111111111111,0.2069444444444444,0.0669695216049382,1,1.563758389261745,10.455013563428494,medium_pothole,0.17877102443683526,0.6621875175179761,0.1590414580451886,0.6621875175179761
img-68.jpg,720,720,medium_pothole,206,156,379,191,173,35,6055,0.2402777777777777,0.0486111111111111,0.0116801697530864,1,4.942857142857143,8.708804795117285,medium_pothole,0.1410176918737622,0.4984654351841985,0.3605168729420391,0.4984654351841985
img-680.jpg,484,369,medium_pothole,74,82,429,212,355,130,46150,0.7334710743801653,0.3523035230352303,0.2584044435485677,1,2.730769230769231,10.739673908168612,major_pothole,0.6640936104382886,0.2988438310866435,0.03706255847506805,0.6640936104382886
img-681.jpg,1200,900,major_pothole,398,400,917,634,519,234,121446,0.4325,0.26,0.11245,0,2.217948717948718,11.70723323260197,major_pothole,0.7161255373023635,0.2024378680947308,0.08143659460290605,0.7161255373023635
img-682.jpg,714,502,major_pothole,323,352,621,456,298,104,30992,0.4173669467787115,0.2071713147410358,0.0864664590935976,0,2.8653846153846154,10.341516651517555,medium_pothole,0.4123894531801935,0.5051406100492484,0.08246993677055811,0.5051406100492484
img-683.jpg,1147,522,major_pothole,379,317,756,505,377,188,70876,0.3286835222319093,0.3601532567049808,0.1183764409570861,0,2.00531914893617,11.168701259326799,major_pothole,0.7858504798435942,0.14433123144146456,0.06981828871494097,0.7858504798435942
img-684.jpg,684,451,major_pothole,334,208,446,444,112,236,26432,0.1637426900584795,0.5232815964523282,0.0856835362611999,0,0.4745762711864407,10.18236850853484,major_pothole,0.7144147057625775,0.20093628412735745,0.0846490101100652,0.7144147057625775
img-684.jpg,684,451,medium_pothole,369,99,396,124,27,25,675,0.0394736842105263,0.0554323725055432,0.002188119967324,1,1.08,6.516193076042964,medium_pothole,0.0612091744716312,0.48866127833233686,0.45012954719603193,0.48866127833233686
img-684.jpg,684,451,medium_pothole,371,139,396,151,25,12,300,0.0365497076023391,0.0266075388026607,0.0009724977632551,1,2.0833333333333335,5.707110264748875,medium_pothole,0.09255511138261792,0.5729745989785701,0.3344702896388123,0.5729745989785701
img-684.jpg,684,451,medium_pothole,366,175,391,193,25,18,450,0.0365497076023391,0.0399113082039911,0.0014587466448827,1,1.3888888888888888,6.111467339502679,medium_pothole,0.07223710017845289,0.533173234166863,0.39458966565468406,0.533173234166863
img-685.jpg,327,523,major_pothole,104,174,281,291,177,117,20709,0.5412844036697247,0.2237093690248566,0.1210903924079499,0,1.5128205128205128,9.93837195438963,major_pothole,0.6651457981207639,0.2563309405697527,0.07852326130948355,0.6651457981207639
img-686.jpg,624,383,major_pothole,160,153,524,252,364,99,36036,0.5833333333333334,0.2584856396866841,0.1507832898172323,0,3.676767676767677,10.492301467414055,major_pothole,0.6790109166156867,0.2870678593735797,0.03392122401073366,0.6790109166156867
img-687.jpg,724,359,medium_pothole,463,195,616,346,153,151,23103,0.2113259668508287,0.4206128133704735,0.0888864094553625,1,1.0132450331125828,10.047761041692553,major_pothole,0.7073865063702304,0.20857773015995323,0.08403576346981641,0.7073865063702304
img-688.jpg,723,603,medium_pothole,260,168,276,183,16,15,240,0.0221300138312586,0.0248756218905472,0.0005504978564989,1,1.0666666666666667,5.484796933490655,medium_pothole,0.06807454066124172,0.5389839550391221,0.3929415042996359,0.5389839550391221
img-689.jpg,805,522,medium_pothole,40,261,63,277,23,16,368,0.0285714285714285,0.0306513409961685,0.0008757525998905,1,1.4375,5.910796644040527,medium_pothole,0.07101183961083986,0.512136612909571,0.4168515474795893,0.512136612909571
img-69.jpg,720,720,medium_pothole,330,332,441,437,111,105,11655,0.1541666666666666,0.1458333333333333,0.0224826388888888,1,1.0571428571428572,9.363576347875041,medium_pothole,0.07639359653235867,0.48084070397954215,0.4427656994880994,0.48084070397954215
img-69.jpg,720,720,minor_pothole,154,35,271,105,117,70,8190,0.1625,0.0972222222222222,0.0157986111111111,2,1.6714285714285715,9.010791269515602,minor_pothole,0.08326196881823766,0.3105784593345868,0.6061595718471756,0.6061595718471756
img-690.jpg,1000,563,major_pothole,305,253,387,278,82,25,2050,0.082,0.0444049733570159,0.0036412078152753,0,3.28,7.62608275807238,minor_pothole,0.1354790113969661,0.3178580300614741,0.5466629585415598,0.5466629585415598
img-691.jpg,368,491,major_pothole,78,100,260,222,182,122,22204,0.4945652173913043,0.2484725050916497,0.1228858584964137,0,1.4918032786885247,10.008072767726203,major_pothole,0.6270957554110261,0.28771711564802416,0.08518712894094962,0.6270957554110261
img-692.jpg,834,471,major_pothole,213,151,511,348,298,197,58706,0.3573141486810551,0.4182590233545648,0.1494498668581058,0,1.5126903553299493,10.980314249132315,major_pothole,0.6942995800082706,0.24941007325991782,0.05629034673181184,0.6942995800082706
img-692.jpg,834,471,minor_pothole,678,93,740,123,62,30,1860,0.0743405275779376,0.0636942675159235,0.004735065450824,2,2.066666666666667,7.528869256642251,minor_pothole,0.09642387757905581,0.343507964860221,0.5600681575607233,0.5600681575607233
img-692.jpg,834,471,medium_pothole,777,220,833,307,56,87,4872,0.0671462829736211,0.1847133757961783,0.012402816600223,1,0.6436781609195402,8.491465042843506,minor_pothole,0.09357509842922712,0.4378552639154293,0.4685696376553434,0.4685696376553434
img-693.jpg,417,426,medium_pothole,251,252,334,271,83,19,1577,0.1990407673860911,0.0446009389671361,0.0088774051181589,1,4.368421052631579,7.363913501405819,medium_pothole,0.2893020242532445,0.5777006129097741,0.1329973628369814,0.5777006129097741
img-693.jpg,417,426,medium_pothole,1,225,24,250,23,25,575,0.0551558752997601,0.0586854460093896,0.0032368471420047,1,0.92,6.3561076606958915,medium_pothole,0.06440683313523102,0.5742963725041738,0.3612967943605951,0.5742963725041738
img-693.jpg,417,426,medium_pothole,74,154,98,159,24,5,120,0.0575539568345323,0.0117370892018779,0.0006755159252879,1,4.8,4.795790545596741,medium_pothole,0.20868187566648777,0.6247115922256912,0.16660653210782117,0.6247115922256912
img-693.jpg,417,426,medium_pothole,23,149,40,157,17,8,136,0.0407673860911271,0.0187793427230046,0.0007655847153263,1,2.125,4.919980925828125,medium_pothole,0.09449868521877784,0.6405301722863533,0.2649711424948687,0.6405301722863533
img-693.jpg,417,426,minor_pothole,362,308,414,333,52,25,1300,0.1247002398081534,0.0586854460093896,0.0073180891906193,2,2.08,7.170888478512505,medium_pothole,0.1414434313102095,0.5312938185527871,0.3272627501370033,0.5312938185527871
img-693.jpg,417,426,medium_pothole,3,168,32,180,29,12,348,0.0695443645083932,0.028169014084507,0.001958996183335,1,2.4166666666666665,5.855071922202427,medium_pothole,0.11259601672773525,0.6125769632168507,0.2748270200554141,0.6125769632168507
img-693.jpg,417,426,medium_pothole,39,204,87,222,48,18,864,0.1151079136690647,0.0422535211267605,0.0048637146620731,1,2.6666666666666665,6.762729506931879,medium_pothole,0.1584344358822229,0.5728610727632942,0.2687044913544829,0.5728610727632942
img-693.jpg,417,426,medium_pothole,453,269,489,283,36,14,504,0.0863309352517985,0.0328638497652582,0.0028371668862093,1,2.5714285714285716,6.22455842927536,medium_pothole,0.13099832565572417,0.5924416262995609,0.27656004804471473,0.5924416262995609
img-693.jpg,417,426,minor_pothole,28,311,87,345,59,34,2006,0.1414868105515587,0.0798122065727699,0.0112923745510633,2,1.7352941176470589,7.604396348796338,medium_pothole,0.15089758854289342,0.51631175137955,0.33279066007755653,0.51631175137955
img-693.jpg,417,426,minor_pothole,443,297,469,298,26,1,26,0.0623501199040767,0.0023474178403755,0.0001463617838123,2,26.0,3.295836866004329,minor_pothole,0.16131630731250135,0.15818056928344484,0.6805031234040541,0.6805031234040541
img-693.jpg,417,426,medium_pothole,57,160,83,166,26,6,156,0.0623501199040767,0.0140845070422535,0.0008781707028743,1,4.333333333333333,5.056245805348308,medium_pothole,0.1962163867571604,0.6340147605715797,0.16976885267126002,0.6340147605715797
img-694.jpg,563,1000,major_pothole,0,222,439,627,439,405,177795,0.7797513321492007,0.405,0.3157992895204263,0,1.0839506172839506,12.088392104621024,major_pothole,0.8058429203211652,0.13922685673170263,0.05493022294713202,0.8058429203211652
img-695.jpg,1000,750,medium_pothole,729,333,853,379,124,46,5704,0.124,0.0613333333333333,0.0076053333333333,1,2.6956521739130435,8.649098262296176,minor_pothole,0.058772648402639203,0.19596547121476873,0.7452618803825917,0.7452618803825917
img-695.jpg,1000,750,medium_pothole,251,357,586,412,335,55,18425,0.335,0.0733333333333333,0.0245666666666666,1,6.090909090909091,9.821517989668877,medium_pothole,0.1839489127105744,0.6746000973103117,0.14145098997911368,0.6746000973103117
img-696.jpg,1000,750,major_pothole,478,504,656,569,178,65,11570,0.178,0.0866666666666666,0.0154266666666666,0,2.7384615384615385,9.356257246876337,minor_pothole,0.06271488163229787,0.403297229946153,0.5339878884215493,0.5339878884215493
img-697.jpg,795,1000,medium_pothole,378,86,683,226,305,140,42700,0.3836477987421384,0.14,0.0537106918238993,1,2.1785714285714284,10.661977618146238,medium_pothole,0.10654279123880026,0.7960863911750178,0.09737081758618187,0.7960863911750178
img-697.jpg,795,1000,major_pothole,386,369,794,576,408,207,84456,0.5132075471698113,0.207,0.1062339622641509,0,1.9710144927536233,11.343997808084419,medium_pothole,0.28052474919138504,0.6169530278121945,0.10252222299642016,0.6169530278121945
img-698.jpg,779,1000,major_pothole,61,276,569,636,508,360,182880,0.6521181001283697,0.36,0.2347625160462131,0,1.4111111111111112,12.11659094708018,major_pothole,0.7492136282566774,0.18944197557834067,0.061344396164981906,0.7492136282566774
img-699.jpg,768,501,medium_pothole,420,308,505,329,85,21,1785,0.1106770833333333,0.0419161676646706,0.0046391591816367,1,4.0476190476190474,7.487733761436444,medium_pothole,0.20357294501806814,0.4711114484251041,0.3253156065568277,0.4711114484251041
img-699.jpg,768,501,medium_pothole,471,414,534,436,63,22,1386,0.08203125,0.0439121756487025,0.0036021706586826,1,2.8636363636363638,7.234898420314831,minor_pothole,0.13909837343285522,0.3936282925097185,0.4672733340574263,0.4672733340574263
img-699.jpg,768,501,minor_pothole,513,291,577,310,64,19,1216,0.0833333333333333,0.0379241516966067,0.0031603459747172,2,3.3684210526315788,7.104144092987527,minor_pothole,0.1703981422585102,0.44466641783544875,0.384935439906041,0.44466641783544875
img-699.jpg,768,501,minor_pothole,399,347,474,392,75,45,3375,0.09765625,0.0898203592814371,0.0087715194610778,2,1.6666666666666667,8.124446855715847,minor_pothole,0.10257810643354952,0.3069476300707663,0.5904742634956841,0.5904742634956841
img-699.jpg,768,501,minor_pothole,455,398,519,416,64,18,1152,0.0833333333333333,0.0359281437125748,0.0029940119760479,2,3.5555555555555554,7.050122520269059,medium_pothole,0.1813827202855513,0.4644612345490036,0.354156045165445,0.4644612345490036
img-7.jpg,720,720,major_pothole,140,198,512,373,372,175,65100,0.5166666666666667,0.2430555555555555,0.1255787037037037,0,2.125714285714286,11.083695189061785,medium_pothole,0.23668601080626375,0.6792652547256924,0.08404873446804385,0.6792652547256924
img-70.jpg,720,720,medium_pothole,255,250,456,356,201,106,21306,0.2791666666666667,0.1472222222222222,0.041099537037037,1,1.8962264150943395,9.966790936205367,medium_pothole,0.11573961795492577,0.6715053108300375,0.21275507121503692,0.6715053108300375
img-70.jpg,720,720,minor_pothole,456,287,545,350,89,63,5607,0.1236111111111111,0.0875,0.0108159722222222,2,1.4126984126984128,8.631949428714426,minor_pothole,0.062340448864177625,0.21638927707508557,0.7212702740607371,0.7212702740607371
img-700.jpg,768,622,medium_pothole,461,369,502,396,41,27,1107,0.0533854166666666,0.0434083601286173,0.0023173733922829,1,1.5185185185185186,7.010311867307229,minor_pothole,0.04609694889722015,0.3009496282161587,0.6529534228866208,0.6529534228866208
img-701.jpg,768,907,medium_pothole,266,363,316,393,50,30,1500,0.0651041666666666,0.0330760749724366,0.0021533902976846,1,1.6666666666666667,7.313886831633462,minor_pothole,0.031520429027117755,0.17918843419720445,0.7892911367756775,0.7892911367756775
img-702.jpg,768,1024,medium_pothole,312,301,438,344,126,43,5418,0.1640625,0.0419921875,0.0068893432617187,1,2.9302325581395348,8.597666575566114,minor_pothole,0.051023041947377695,0.19554054518539074,0.7534364128672316,0.7534364128672316
img-703.jpg,768,939,major_pothole,394,224,574,305,180,81,14580,0.234375,0.0862619808306709,0.0202176517571885,0,2.2222222222222223,9.587474590316285,medium_pothole,0.055646513800655904,0.5341497545821784,0.41020373161716556,0.5341497545821784
img-703.jpg,768,939,medium_pothole,572,373,694,454,122,81,9882,0.1588541666666666,0.0862619808306709,0.0137030750798722,1,1.5061728395061729,9.198571388376184,minor_pothole,0.044160978255116896,0.2852799156564624,0.6705591060884206,0.6705591060884206
img-703.jpg,768,939,medium_pothole,475,475,641,577,166,102,16932,0.2161458333333333,0.108626198083067,0.0234791001064962,1,1.6274509803921569,9.737019659665341,medium_pothole,0.05466345397570137,0.6050319347833566,0.340304611240942,0.6050319347833566
img-703.jpg,768,939,minor_pothole,415,686,602,790,187,104,19448,0.2434895833333333,0.1107561235356762,0.026967962371317,2,1.7980769230769231,9.875550933843105,medium_pothole,0.057920466210312396,0.6763674092851542,0.2657121245045337,0.6763674092851542
img-704.jpg,436,361,major_pothole,107,194,230,239,123,45,5535,0.2821100917431192,0.1246537396121883,0.0351660779181173,0,2.7333333333333334,8.619027497297505,major_pothole,0.520636856252446,0.39983072544964043,0.07953241829791338,0.520636856252446
img-705.jpg,998,449,major_pothole,32,124,827,240,795,116,92220,0.7965931863727455,0.2583518930957684,0.205801357726589,0,6.853448275862069,11.431943149336691,major_pothole,0.75381140687868,0.14001859570150332,0.10616999741981689,0.75381140687868
img-705.jpg,998,449,minor_pothole,861,165,997,231,136,66,8976,0.1362725450901803,0.1469933184855233,0.0200311536212737,2,2.0606060606060606,9.10242102975669,medium_pothole,0.2245121917142772,0.4189756502832865,0.3565121580024362,0.4189756502832865
img-706.jpg,960,540,major_pothole,308,192,601,391,293,199,58307,0.3052083333333333,0.3685185185185185,0.1124749228395061,0,1.4723618090452262,10.973494584193903,major_pothole,0.6095792049652671,0.3171442690522216,0.07327652598251123,0.6095792049652671
img-707.jpg,1512,2016,medium_pothole,609,751,676,976,67,225,15075,0.0443121693121693,0.1116071428571428,0.0049455546107331,1,0.29777777777777775,9.620859354387026,medium_pothole,0.029040362948053212,0.6954849494428433,0.2754746876091035,0.6954849494428433
img-707.jpg,1512,2016,minor_pothole,502,1095,564,1349,62,254,15748,0.041005291005291,0.1259920634920635,0.0051663412278491,2,0.2440944881889764,9.664532150174582,medium_pothole,0.03104875136570976,0.6855730052127504,0.2833782434215399,0.6855730052127504
img-708.jpg,1512,2016,medium_pothole,688,564,761,885,73,321,23433,0.0482804232804232,0.1592261904761904,0.0076875078735197,1,0.22741433021806853,10.061943238228102,medium_pothole,0.028824992571433533,0.5416408669092576,0.4295341405193085,0.5416408669092576
img-708.jpg,1512,2016,minor_pothole,609,1089,704,1518,95,429,40755,0.0628306878306878,0.212797619047619,0.0133702207734945,2,0.22144522144522144,10.615358347094176,minor_pothole,0.09385960564054299,0.21560644765937315,0.6905339467000838,0.6905339467000838
img-709.jpg,1512,2016,medium_pothole,604,813,677,1027,73,214,15622,0.0482804232804232,0.1061507936507936,0.0051250052490131,1,0.3411214953271028,9.656499466411903,medium_pothole,0.027766054205769865,0.7028176814615605,0.2694162643326696,0.7028176814615605
img-709.jpg,1512,2016,minor_pothole,496,1123,563,1433,67,310,20770,0.0443121693121693,0.1537698412698412,0.0068138752414546,2,0.2161290322580645,9.941313062076109,medium_pothole,0.02997829501881168,0.5688247281703022,0.4011969768108862,0.5688247281703022
img-71.jpg,720,720,medium_pothole,290,327,435,443,145,116,16820,0.2013888888888889,0.1611111111111111,0.0324459876543209,1,1.25,9.730383384791782,medium_pothole,0.092784820825613,0.6221009697538535,0.2851142094205336,0.6221009697538535
img-71.jpg,720,720,minor_pothole,638,541,720,590,82,49,4018,0.1138888888888888,0.0680555555555555,0.0077507716049382,2,1.6734693877551021,8.2987883944492,minor_pothole,0.05864578709735262,0.1877172253238066,0.7536369875788409,0.7536369875788409
img-710.jpg,1512,2016,medium_pothole,615,768,914,869,299,101,30199,0.1977513227513227,0.0500992063492063,0.009907184324347,1,2.9603960396039604,10.31559720336296,medium_pothole,0.022268883363016197,0.7572635462393545,0.22046757039762907,0.7572635462393545
img-710.jpg,1512,2016,minor_pothole,1140,897,1484,992,344,95,32680,0.2275132275132275,0.0471230158730158,0.0107211094314268,2,3.6210526315789475,10.394549148260978,medium_pothole,0.03778472917365152,0.766313018880349,0.19590225194599944,0.766313018880349
img-711.jpg,1200,1600,medium_pothole,363,752,699,886,336,134,45024,0.28,0.08375,0.02345,1,2.5074626865671643,10.714973170044157,medium_pothole,0.07919144285630172,0.7961630346184797,0.12464552252521889,0.7961630346184797
img-712.jpg,1200,1600,medium_pothole,340,667,765,805,425,138,58650,0.3541666666666667,0.08625,0.030546875,1,3.079710144927536,10.979359904234647,medium_pothole,0.21574419054441552,0.6846178406538264,0.09963796880175806,0.6846178406538264
img-713.jpg,1200,1600,medium_pothole,304,596,662,708,358,112,40096,0.2983333333333333,0.07,0.0208833333333333,1,3.1964285714285716,10.59905679752845,medium_pothole,0.0756633007730761,0.7936369741655082,0.13069972506141586,0.7936369741655082
img-714.jpg,1200,1600,medium_pothole,484,766,672,927,188,161,30268,0.1566666666666666,0.100625,0.0157645833333333,1,1.1677018633540373,10.317879365460813,medium_pothole,0.02347493262877863,0.8420098391598392,0.1345152282113824,0.8420098391598392
img-715.jpg,1600,1200,medium_pothole,608,393,1041,708,433,315,136395,0.270625,0.2625,0.0710390625,1,1.3746031746031746,11.823317698448301,medium_pothole,0.21528588727179213,0.681129865715614,0.10358424701259433,0.681129865715614
img-716.jpg,1200,1600,medium_pothole,497,851,662,998,165,147,24255,0.1375,0.091875,0.0126328125,1,1.1224489795918366,10.096419288442098,medium_pothole,0.023960549640941225,0.7680193147775646,0.208020135581494,0.7680193147775646
img-717.jpg,1200,1600,medium_pothole,667,878,725,913,58,35,2030,0.0483333333333333,0.021875,0.0010572916666666,1,1.6571428571428573,7.616283561580385,minor_pothole,0.013426122615917403,0.07156764455750451,0.915006232826578,0.915006232826578
img-72.jpg,720,720,medium_pothole,260,287,493,433,233,146,34018,0.3236111111111111,0.2027777777777777,0.0656211419753086,1,1.595890410958904,10.434674471043987,medium_pothole,0.17512572807383428,0.6638564978885866,0.16101777403757922,0.6638564978885866
img-73.jpg,720,720,medium_pothole,236,325,474,516,238,191,45458,0.3305555555555555,0.2652777777777778,0.0876890432098765,1,1.2460732984293195,10.724566099804273,medium_pothole,0.20970787517367198,0.666168847254009,0.1241232775723192,0.666168847254009
img-73.jpg,720,720,major_pothole,249,82,404,137,155,55,8525,0.2152777777777778,0.0763888888888889,0.0164448302469135,0,2.8181818181818183,9.050875597325156,minor_pothole,0.1000515670557156,0.3932337083649957,0.5067147245792883,0.5067147245792883
img-74.jpg,720,720,medium_pothole,311,322,415,378,104,56,5824,0.1444444444444444,0.0777777777777777,0.0112345679012345,1,1.8571428571428572,8.669914278433902,minor_pothole,0.07818049871454508,0.23236643807641494,0.6894530632090399,0.6894530632090399
img-75.jpg,720,720,medium_pothole,285,291,418,398,133,107,14231,0.1847222222222222,0.1486111111111111,0.027451774691358,1,1.2429906542056075,9.563248229345671,medium_pothole,0.08758378961897056,0.5585494860213219,0.35386672435970745,0.5585494860213219
img-76.jpg,720,720,medium_pothole,194,211,377,359,183,148,27084,0.2541666666666666,0.2055555555555555,0.0522453703703703,1,1.2364864864864864,10.206735348092,medium_pothole,0.11883802667439829,0.6859547007418001,0.19520727258380147,0.6859547007418001
img-76.jpg,720,720,medium_pothole,319,323,461,486,142,163,23146,0.1972222222222222,0.2263888888888889,0.0446489197530864,1,0.8711656441717791,10.04962046148409,medium_pothole,0.09909402173185745,0.6849849163286186,0.21592106193952376,0.6849849163286186
img-77.jpg,720,720,medium_pothole,257,359,407,471,150,112,16800,0.2083333333333333,0.1555555555555555,0.0324074074074074,1,1.3392857142857142,9.729193687429403,medium_pothole,0.09489903106876313,0.6181627753966014,0.2869381935346355,0.6181627753966014
img-77.jpg,720,720,medium_pothole,162,256,353,413,191,157,29987,0.2652777777777778,0.2180555555555555,0.0578452932098765,1,1.21656050955414,10.308552580622953,medium_pothole,0.13107997512178182,0.6768471649631256,0.19207285991509274,0.6768471649631256
img-77.jpg,720,720,medium_pothole,253,15,329,49,76,34,2584,0.1055555555555555,0.0472222222222222,0.0049845679012345,1,2.235294117647059,7.85748078694253,minor_pothole,0.07091663811254911,0.21110236409914102,0.7179809977883098,0.7179809977883098
img-77.jpg,720,720,medium_pothole,470,351,720,720,250,369,92250,0.3472222222222222,0.5125,0.1779513888888889,1,0.6775067750677507,11.43226840195242,medium_pothole,0.1430829032452219,0.6484899045762874,0.20842719217849068,0.6484899045762874
img-78.jpg,720,720,medium_pothole,284,272,485,443,201,171,34371,0.2791666666666667,0.2375,0.0663020833333333,1,1.1754385964912282,10.444997558433114,medium_pothole,0.15708050527692238,0.6576232624391013,0.18529623228397624,0.6576232624391013
img-78.jpg,720,720,minor_pothole,146,171,202,251,56,80,4480,0.0777777777777777,0.1111111111111111,0.0086419753086419,2,0.7,8.407601514786142,minor_pothole,0.03468506459135775,0.2146278920186704,0.7506870433899718,0.7506870433899718
img-79.jpg,720,720,major_pothole,106,236,609,449,503,213,107139,0.6986111111111111,0.2958333333333333,0.2066724537037037,0,2.3615023474178405,11.58189166943495,medium_pothole,0.22400356664974228,0.6676461534126895,0.1083502799375684,0.6676461534126895
img-8.jpg,720,720,medium_pothole,196,311,387,449,191,138,26358,0.2652777777777778,0.1916666666666666,0.0508449074074074,1,1.3840579710144927,10.179565051629774,medium_pothole,0.12044693124986698,0.6856966965746178,0.193856372175515,0.6856966965746178
img-8.jpg,720,720,medium_pothole,383,273,498,391,115,118,13570,0.1597222222222222,0.1638888888888889,0.0261766975308642,1,0.9745762711864406,9.51569044208137,medium_pothole,0.07894212482789432,0.5583245016832576,0.36273337348884827,0.5583245016832576
img-80.jpg,720,720,medium_pothole,216,226,449,421,233,195,45435,0.3236111111111111,0.2708333333333333,0.0876446759259259,1,1.1948717948717948,10.724060021351312,medium_pothole,0.20840605628326644,0.6635167095358243,0.1280772341809089,0.6635167095358243
img-81.jpg,720,720,medium_pothole,235,327,526,464,291,137,39867,0.4041666666666667,0.1902777777777777,0.0769039351851851,1,2.124087591240876,10.593329276087347,medium_pothole,0.20155916637107907,0.7027366878721721,0.09570414575674861,0.7027366878721721
img-81.jpg,720,720,minor_pothole,237,243,378,325,141,82,11562,0.1958333333333333,0.1138888888888888,0.0223032407407407,2,1.7195121951219512,9.355565624128962,medium_pothole,0.09225360987948146,0.45212406030359675,0.4556223298169218,0.4556223298169218
img-82.jpg,720,720,medium_pothole,221,182,470,395,249,213,53037,0.3458333333333333,0.2958333333333333,0.1023090277777777,1,1.1690140845070423,10.878763916758155,medium_pothole,0.21253776145985007,0.6726410940329287,0.11482114450722149,0.6726410940329287
img-82.jpg,720,720,minor_pothole,453,85,514,121,61,36,2196,0.0847222222222222,0.05,0.0042361111111111,2,1.6944444444444444,7.69484807238461,minor_pothole,0.04466752069116049,0.19624233106175906,0.7590901482470807,0.7590901482470807
img-83.jpg,720,720,medium_pothole,276,263,468,474,192,211,40512,0.2666666666666666,0.2930555555555555,0.0781481481481481,1,0.909952606635071,10.609378189243436,medium_pothole,0.17698130111491087,0.6439684857181812,0.17905021316690806,0.6439684857181812
img-84.jpg,720,720,medium_pothole,209,235,351,340,142,105,14910,0.1972222222222222,0.1458333333333333,0.028761574074074,1,1.3523809523809525,9.609854474590907,medium_pothole,0.09184671138062632,0.5728077880134098,0.33534550060596385,0.5728077880134098
img-84.jpg,720,720,medium_pothole,269,344,385,438,116,94,10904,0.1611111111111111,0.1305555555555555,0.0210339506172839,1,1.2340425531914894,9.29697667863573,minor_pothole,0.07949466838185218,0.43542188765130563,0.485083443966842,0.485083443966842
img-84.jpg,720,720,minor_pothole,74,603,223,716,149,113,16837,0.2069444444444444,0.1569444444444444,0.0324787808641975,2,1.3185840707964602,9.73139351589761,medium_pothole,0.09450004386597226,0.6196345546882843,0.2858654014457434,0.6196345546882843
img-85.jpg,720,720,medium_pothole,231,289,383,381,152,92,13984,0.2111111111111111,0.1277777777777777,0.0269753086419753,1,1.6521739130434783,9.54574060563606,medium_pothole,0.09622504136831497,0.5389081423832717,0.3648668162484134,0.5389081423832717
img-85.jpg,720,720,minor_pothole,441,292,510,357,69,65,4485,0.0958333333333333,0.0902777777777777,0.0086516203703703,2,1.0615384615384615,8.408716715080153,minor_pothole,0.04255347566846444,0.1919237001114871,0.7655228242200484,0.7655228242200484
img-86.jpg,720,720,major_pothole,230,282,395,395,165,113,18645,0.2291666666666666,0.1569444444444444,0.0359664351851851,0,1.4601769911504425,9.833386924856638,medium_pothole,0.1023169693796516,0.6446820418210008,0.25300098879934757,0.6446820418210008
img-86.jpg,720,720,medium_pothole,357,378,514,464,157,86,13502,0.2180555555555555,0.1194444444444444,0.026045524691358,1,1.8255813953488371,9.510667161961042,medium_pothole,0.09825624581026744,0.5243944398406774,0.3773493143490552,0.5243944398406774
img-87.jpg,720,720,major_pothole,235,265,440,530,205,265,54325,0.2847222222222222,0.3680555555555556,0.1047935956790123,0,0.7735849056603774,10.902758212686457,medium_pothole,0.17540999318513645,0.6515988159729158,0.17299119084194756,0.6515988159729158
img-88.jpg,720,720,medium_pothole,263,314,391,486,128,172,22016,0.1777777777777777,0.2388888888888889,0.0424691358024691,1,0.7441860465116279,9.999570161213173,medium_pothole,0.09416011444478055,0.6769382454694648,0.22890164008575437,0.6769382454694648
img-89.jpg,720,720,medium_pothole,228,249,438,387,210,138,28980,0.2916666666666667,0.1916666666666666,0.0559027777777777,1,1.5217391304347827,10.274395721835582,medium_pothole,0.13702979756775402,0.6786844153527822,0.18428578707946358,0.6786844153527822
img-89.jpg,720,720,minor_pothole,573,466,648,550,75,84,6300,0.1041666666666666,0.1166666666666666,0.0121527777777777,2,0.8928571428571429,8.748463629942055,minor_pothole,0.05119925922016911,0.2583162715574403,0.6904844692223909,0.6904844692223909
img-9.jpg,720,720,medium_pothole,264,289,480,416,216,127,27432,0.3,0.1763888888888889,0.0529166666666666,1,1.7007874015748032,10.219501947254944,medium_pothole,0.13415724439619342,0.6828824988397969,0.1829602567640097,0.6828824988397969
img-9.jpg,720,720,medium_pothole,388,37,498,84,110,47,5170,0.1527777777777778,0.0652777777777777,0.0099729938271604,1,2.3404255319148937,8.550821372396221,minor_pothole,0.08915499519169383,0.2400263665274181,0.6708186382808883,0.6708186382808883
img-90.jpg,720,720,medium_pothole,264,337,476,491,212,154,32648,0.2944444444444444,0.2138888888888888,0.0629783950617283,1,1.3766233766233766,10.393569506364171,medium_pothole,0.15527239804877785,0.6644715816926222,0.1802560202585998,0.6644715816926222
img-91.jpg,720,720,medium_pothole,296,315,386,421,90,106,9540,0.125,0.1472222222222222,0.0184027777777777,1,0.8490566037735849,9.163353580751846,minor_pothole,0.06457148133324452,0.41267463928885784,0.5227538793778977,0.5227538793778977
img-92.jpg,720,720,medium_pothole,171,279,524,493,353,214,75542,0.4902777777777777,0.2972222222222222,0.1457214506172839,1,1.6495327102803738,11.232457309536642,medium_pothole,0.21237420381847025,0.6746513727534796,0.11297442342804968,0.6746513727534796
img-93.jpg,720,720,medium_pothole,2,37,139,114,137,77,10549,0.1902777777777777,0.1069444444444444,0.0203491512345679,1,1.7792207792207793,9.263881138904212,minor_pothole,0.09123738347199864,0.4115386038509585,0.49722401267704264,0.49722401267704264
img-93.jpg,720,720,medium_pothole,0,141,141,261,141,120,16920,0.1958333333333333,0.1666666666666666,0.0326388888888888,1,1.175,9.736310733068626,medium_pothole,0.09117631566627292,0.6273917160382654,0.28143196829546185,0.6273917160382654
img-93.jpg,720,720,medium_pothole,158,284,483,464,325,180,58500,0.4513888888888889,0.25,0.1128472222222222,1,1.8055555555555556,10.97679912709094,medium_pothole,0.22058037635388975,0.689491618719604,0.08992800492650661,0.689491618719604
img-94.jpg,720,720,medium_pothole,180,305,509,426,329,121,39809,0.4569444444444444,0.1680555555555555,0.0767920524691358,1,2.71900826446281,10.591873415994362,medium_pothole,0.20012660845381333,0.7227368391748391,0.07713655237134746,0.7227368391748391
img-95.jpg,720,720,medium_pothole,288,233,440,366,152,133,20216,0.2111111111111111,0.1847222222222222,0.0389969135802469,1,1.1428571428571428,9.914279113614327,medium_pothole,0.09867633235182288,0.6702227861374465,0.23110088151073055,0.6702227861374465
img-95.jpg,720,720,minor_pothole,110,180,259,345,149,165,24585,0.2069444444444444,0.2291666666666666,0.0474247685185185,2,0.9030303030303031,10.109932454227286,medium_pothole,0.10330555333340721,0.6864668155081584,0.2102276311584341,0.6864668155081584
img-96.jpg,720,720,medium_pothole,257,306,382,409,125,103,12875,0.1736111111111111,0.1430555555555555,0.0248360339506172,1,1.2135922330097086,9.463120392418698,medium_pothole,0.0836310712293559,0.5154797963970171,0.40088913237362706,0.5154797963970171
img-97.jpg,720,720,major_pothole,245,263,477,348,232,85,19720,0.3222222222222222,0.1180555555555555,0.0380401234567901,0,2.7294117647058824,9.889439336810069,medium_pothole,0.12181330833361186,0.6836441253831061,0.19454256628328198,0.6836441253831061
img-97.jpg,720,720,medium_pothole,188,166,312,184,124,18,2232,0.1722222222222222,0.025,0.0043055555555555,1,6.888888888888889,7.711101251840158,major_pothole,0.3672726198773162,0.40249492498713246,0.23023245513555152,0.40249492498713246
img-97.jpg,720,720,medium_pothole,151,87,237,127,86,40,3440,0.1194444444444444,0.0555555555555555,0.0066358024691358,1,2.15,8.14351740579748,minor_pothole,0.07319326290429395,0.20249091313084341,0.7243158239648627,0.7243158239648627
img-98.jpg,720,720,minor_pothole,505,44,585,101,80,57,4560,0.1111111111111111,0.0791666666666666,0.0087962962962962,2,1.4035087719298245,8.4252971767117,minor_pothole,0.053692073735936305,0.19104119563926816,0.755266730624796,0.755266730624796
img-98.jpg,720,720,medium_pothole,234,243,492,426,258,183,47214,0.3583333333333333,0.2541666666666666,0.0910763888888888,1,1.4098360655737705,10.76246691769717,medium_pothole,0.21327150060222716,0.6771849592875463,0.10954354011022649,0.6771849592875463
img-98.jpg,720,720,medium_pothole,547,272,720,394,173,122,21106,0.2402777777777777,0.1694444444444444,0.0407137345679012,1,1.4180327868852458,9.957360018000617,medium_pothole,0.10743381380325111,0.6703103213300847,0.22225586486666435,0.6703103213300847
img-98.jpg,720,720,medium_pothole,653,345,720,420,67,75,5025,0.0930555555555555,0.1041666666666666,0.009693287037037,1,0.8933333333333333,8.522379718103538,minor_pothole,0.0424059363393628,0.21340145793883367,0.7441926057218036,0.7441926057218036
img-99.jpg,720,720,medium_pothole,228,269,478,474,250,205,51250,0.3472222222222222,0.2847222222222222,0.0988618827160493,1,1.2195121951219512,10.844490409005417,medium_pothole,0.21311844622789913,0.6738771531586433,0.1130044006134575,0.6738771531586433
