filename,predicted_severity,probability_minor,probability_medium,probability_major,prediction_confidence,uncertainty,priority_score,priority_category,recommendation,bbox_width,bbox_height,bbox_area,rel_bbox_width,rel_bbox_height,rel_bbox_area,bbox_aspect_ratio,log_bbox_area,review_required,Low Cost_Estimate,Baseline Cost_Estimate,High Cost_Estimate
img-1.jpg,medium_pothole,0.0859035252546467,0.7079185175785226,0.2061779571668304,0.7079185175785226,0.2920814824214773,2.120274431912183,HIGH,schedule inspection and maintenance planning,312,138,43056,0.4333333333333333,0.1916666666666666,0.0830555555555555,2.260869565217391,10.670280098263682,False,81.22916666666666,162.45833333333331,324.91666666666663
img-10.jpg,medium_pothole,0.2132064511491283,0.6831539134545033,0.1036396353963684,0.6831539134545033,0.3168460865454967,1.89043318424724,MEDIUM,schedule inspection and maintenance planning,159,141,22419,0.2208333333333333,0.1958333333333333,0.0432465277777777,1.127659574468085,10.017708696626151,False,78.24348958333331,156.48697916666663,312.97395833333326
img-100.jpg,medium_pothole,0.2024947233537297,0.6801143875147556,0.1173908891315148,0.6801143875147556,0.3198856124852444,1.9148961657777848,MEDIUM,schedule inspection and maintenance planning,199,116,23084,0.2763888888888889,0.1611111111111111,0.0445293209876543,1.7155172413793105,10.046938334941087,False,78.33969907407408,156.67939814814815,313.3587962962963
img-101.jpg,medium_pothole,0.2198727051023445,0.6750012209827297,0.1051260739149258,0.6750012209827297,0.3249987790172702,1.8852533688125808,MEDIUM,schedule inspection and maintenance planning,166,129,21414,0.2305555555555555,0.1791666666666666,0.0413078703703703,1.2868217054263569,9.971846890049472,False,78.09809027777777,156.19618055555554,312.3923611111111
img-101.jpg,medium_pothole,0.3399142880111535,0.5618161567856975,0.0982695552031489,0.5618161567856975,0.4381838432143025,1.758355267191995,MEDIUM,schedule inspection and maintenance planning,157,94,14758,0.2180555555555555,0.1305555555555555,0.0284683641975308,1.6702127659574468,9.599608345181776,False,77.13512731481481,154.27025462962962,308.54050925925924
img-102.jpg,medium_pothole,0.2336533237695965,0.653551600525976,0.1127950757044275,0.653551600525976,0.3464483994740239,1.8791417519348312,MEDIUM,schedule inspection and maintenance planning,262,304,79648,0.3638888888888889,0.4222222222222222,0.153641975308642,0.8618421052631579,11.285384760331572,False,86.52314814814815,173.0462962962963,346.0925925925926
img-103.jpg,medium_pothole,0.1888851838579228,0.6852981198885236,0.1258166962535536,0.6852981198885236,0.3147018801114764,1.936931512395631,MEDIUM,schedule inspection and maintenance planning,215,115,24725,0.2986111111111111,0.1597222222222222,0.0476948302469135,1.8695652173913044,10.115610600566871,False,78.57711226851852,157.15422453703704,314.3084490740741
img-104.jpg,medium_pothole,0.1255592047891056,0.6674693247322077,0.2069714704786864,0.6674693247322077,0.3325306752677923,2.08141226568958,HIGH,schedule inspection and maintenance planning,245,171,41895,0.3402777777777778,0.2375,0.0808159722222222,1.432748538011696,10.642945635959324,False,81.06119791666666,162.12239583333331,324.24479166666663
img-104.jpg,minor_pothole,0.7817397607683342,0.1797663849297445,0.0384938543019216,0.7817397607683342,0.2182602392316658,1.256754093533588,LOW,monitor and include in routine maintenance review,65,59,3835,0.0902777777777777,0.0819444444444444,0.007397762345679,1.1016949152542372,8.252185436003328,False,50.36988811728394,100.73977623456788,201.47955246913577
img-105.jpg,medium_pothole,0.2812905813422929,0.6232028718122994,0.0955065468454073,0.6232028718122994,0.3767971281877006,1.8142159655031127,MEDIUM,schedule inspection and maintenance planning,151,113,17063,0.2097222222222222,0.1569444444444444,0.0329147376543209,1.336283185840708,9.744726260151186,False,77.46860532407406,154.93721064814812,309.87442129629625
img-105.jpg,minor_pothole,0.7576348019889323,0.2122173608569193,0.0301478371541484,0.7576348019889323,0.2423651980110677,1.272513035165216,LOW,monitor and include in routine maintenance review,43,37,1591,0.0597222222222222,0.0513888888888888,0.0030690586419753,1.162162162162162,7.372746366404328,False,50.153452932098766,100.30690586419753,200.61381172839506
img-106.jpg,medium_pothole,0.0892416786719668,0.6669675638557145,0.2437907574723187,0.6669675638557145,0.3330324361442854,2.1545490788003523,HIGH,schedule inspection and maintenance planning,367,307,112669,0.5097222222222222,0.4263888888888889,0.2173398919753086,1.1954397394136809,11.632218471158213,False,91.30049189814815,182.6009837962963,365.2019675925926
img-106.jpg,medium_pothole,0.2546005541260235,0.6601859376319341,0.0852135082420422,0.6601859376319341,0.3398140623680659,1.8306129541160183,MEDIUM,schedule inspection and maintenance planning,113,164,18532,0.1569444444444444,0.2277777777777777,0.0357484567901234,0.6890243902439024,9.82730820579731,False,77.68113425925925,155.3622685185185,310.724537037037
img-107.jpg,medium_pothole,0.1510484826879476,0.6545978845273897,0.1943536327846628,0.6545978845273897,0.3454021154726103,2.043305150096715,HIGH,schedule inspection and maintenance planning,226,173,39098,0.3138888888888889,0.2402777777777777,0.075420524691358,1.30635838150289,10.57385217019883,False,80.65653935185185,161.3130787037037,322.6261574074074
img-108.jpg,medium_pothole,0.2147987982666402,0.6771945671959523,0.1080066345374074,0.6771945671959523,0.3228054328040477,1.893207836270767,MEDIUM,schedule inspection and maintenance planning,172,128,22016,0.2388888888888889,0.1777777777777777,0.0424691358024691,1.34375,9.999570161213173,False,78.18518518518519,156.37037037037038,312.74074074074076
img-108.jpg,minor_pothole,0.7527565673357122,0.2006880559177441,0.0465553767465434,0.7527565673357122,0.2472434326642878,1.2937988094108306,LOW,monitor and include in routine maintenance review,73,67,4891,0.1013888888888888,0.0930555555555555,0.009434799382716,1.0895522388059702,8.495356496807062,False,50.4717399691358,100.9434799382716,201.8869598765432
img-108.jpg,minor_pothole,0.7378021730567932,0.2136256334035351,0.0485721935396717,0.7378021730567932,0.2621978269432068,1.3107700204828785,LOW,monitor and include in routine maintenance review,59,32,1888,0.0819444444444444,0.0444444444444444,0.0036419753086419,1.84375,7.543802867501509,False,50.182098765432094,100.36419753086419,200.72839506172838
img-108.jpg,medium_pothole,0.3360634930268292,0.583086100260747,0.0808504067124238,0.583086100260747,0.4169138997392529,1.744786913685595,MEDIUM,schedule inspection and maintenance planning,118,122,14396,0.1638888888888889,0.1694444444444444,0.027770061728395,0.9672131147540984,9.574775130526357,False,77.08275462962962,154.16550925925924,308.3310185185185
img-108.jpg,minor_pothole,0.7906514467817042,0.1829104318819024,0.0264381213363935,0.7906514467817042,0.2093485532182958,1.2357866745546895,LOW,monitor and include in routine maintenance review,48,63,3024,0.0666666666666666,0.0875,0.0058333333333333,0.7619047619047619,8.014666370464942,False,50.29166666666667,100.58333333333334,201.16666666666669
img-109.jpg,minor_pothole,0.498736451093433,0.4227492786042677,0.0785142703022991,0.498736451093433,0.501263548906567,1.5797778192088656,MEDIUM,schedule inspection and maintenance planning,114,93,10602,0.1583333333333333,0.1291666666666666,0.0204513888888888,1.2258064516129032,9.268892258925796,False,51.02256944444444,102.04513888888889,204.09027777777777
img-109.jpg,medium_pothole,0.1995402534165447,0.6824910528426564,0.1179686937407987,0.6824910528426564,0.3175089471573435,1.9184284403242533,MEDIUM,schedule inspection and maintenance planning,172,166,28552,0.2388888888888889,0.2305555555555555,0.0550771604938271,1.036144578313253,10.259517288372871,False,79.13078703703704,158.26157407407408,316.52314814814815
img-109.jpg,medium_pothole,0.308738018388105,0.5896951563857611,0.1015668252261338,0.5896951563857611,0.4103048436142389,1.7928288068380287,MEDIUM,schedule inspection and maintenance planning,168,94,15792,0.2333333333333333,0.1305555555555555,0.0304629629629629,1.7872340425531914,9.667322082870054,False,77.28472222222221,154.56944444444443,309.13888888888886
img-11.jpg,medium_pothole,0.1416691952490695,0.6569911413172553,0.201339663433675,0.6569911413172553,0.3430088586827446,2.059670468184605,HIGH,schedule inspection and maintenance planning,243,244,59292,0.3375,0.3388888888888889,0.114375,0.9959016393442623,10.990246534173238,False,83.57812499999999,167.15624999999997,334.31249999999994
img-110.jpg,medium_pothole,0.072548798659475,0.651201188618296,0.2762500127222289,0.651201188618296,0.348798811381704,2.203701214062753,HIGH,schedule inspection and maintenance planning,414,121,50094,0.575,0.1680555555555555,0.0966319444444444,3.4214876033057853,10.821676481693364,False,82.24739583333333,164.49479166666666,328.9895833333333
img-110.jpg,minor_pothole,0.5375904015769394,0.3243606799679538,0.1380489184551065,0.5375904015769394,0.4624095984230606,1.6004585168781666,MEDIUM,schedule inspection and maintenance planning,98,27,2646,0.1361111111111111,0.0375,0.0051041666666666,3.6296296296296298,7.881182202227102,False,50.255208333333336,100.51041666666667,201.02083333333334
img-111.jpg,minor_pothole,0.7380619233804727,0.1987385537396203,0.063199522879907,0.7380619233804727,0.2619380766195273,1.3251375994994343,LOW,monitor and include in routine maintenance review,88,54,4752,0.1222222222222222,0.075,0.0091666666666666,1.6296296296296295,8.46653127661401,False,50.45833333333333,100.91666666666666,201.83333333333331
img-111.jpg,medium_pothole,0.2026681626532425,0.6877959301153507,0.1095359072314066,0.6877959301153507,0.3122040698846493,1.906867744578164,MEDIUM,schedule inspection and maintenance planning,165,152,25080,0.2291666666666666,0.2111111111111111,0.0483796296296296,1.0855263157894737,10.129865866360268,False,78.62847222222221,157.25694444444443,314.51388888888886
img-111.jpg,minor_pothole,0.5545683838177885,0.386330091082928,0.0591015250992833,0.5545683838177885,0.4454316161822115,1.5045331412814944,MEDIUM,schedule inspection and maintenance planning,81,107,8667,0.1125,0.1486111111111111,0.01671875,0.7570093457943925,9.067393362656247,False,50.83593749999999,101.67187499999999,203.34374999999997
img-112.jpg,medium_pothole,0.0779985986337733,0.7098918061185897,0.2121095952476369,0.7098918061185897,0.2901081938814103,2.134110996613864,HIGH,schedule inspection and maintenance planning,337,130,43810,0.4680555555555555,0.1805555555555555,0.0845100308641975,2.5923076923076924,10.687640206386288,False,81.33825231481481,162.67650462962962,325.35300925925924
img-113.jpg,major_pothole,0.0393702541068956,0.1950134044275478,0.7656163414655565,0.7656163414655565,0.2343836585344435,2.7262460873586605,CRITICAL,prioritize inspection/maintenance review,505,317,160085,0.7013888888888888,0.4402777777777777,0.3088059413580247,1.5930599369085174,11.98346644981458,False,196.3208912037037,392.6417824074074,785.2835648148148
img-114.jpg,medium_pothole,0.3303859261749102,0.5823159558228724,0.087298118002217,0.5823159558228724,0.4176840441771275,1.756912191827306,MEDIUM,schedule inspection and maintenance planning,132,113,14916,0.1833333333333333,0.1569444444444444,0.0287731481481481,1.168141592920354,9.61025678115393,False,77.15798611111111,154.31597222222223,308.63194444444446
img-115.jpg,medium_pothole,0.179625840570522,0.6854147418810789,0.134959417548399,0.6854147418810789,0.3145852581189211,1.9553335769778768,MEDIUM,schedule inspection and maintenance planning,224,119,26656,0.3111111111111111,0.1652777777777777,0.0514197530864197,1.8823529411764703,10.190807059268902,False,78.85648148148148,157.71296296296296,315.4259259259259
img-116.jpg,medium_pothole,0.1583306717457839,0.6639965184479834,0.1776728098062326,0.6639965184479834,0.3360034815520166,2.0193421380604484,HIGH,schedule inspection and maintenance planning,235,146,34310,0.3263888888888889,0.2027777777777777,0.0661844135802469,1.6095890410958904,10.443221281449327,False,79.96383101851852,159.92766203703704,319.8553240740741
img-116.jpg,minor_pothole,0.5795913547485365,0.3557446534839974,0.064663991767466,0.5795913547485365,0.4204086452514635,1.485072637018929,MEDIUM,monitor and include in routine maintenance review,91,95,8645,0.1263888888888888,0.1319444444444444,0.016676311728395,0.9578947368421052,9.064852065227576,False,50.83381558641975,101.6676311728395,203.335262345679
img-117.jpg,medium_pothole,0.2793804848664474,0.6004166735137858,0.1202028416197667,0.6004166735137858,0.3995833264862142,1.840822356753319,MEDIUM,schedule inspection and maintenance planning,124,247,30628,0.1722222222222222,0.3430555555555555,0.0590817901234567,0.5020242914979757,10.329702551562889,False,79.43113425925924,158.86226851851848,317.72453703703695
img-117.jpg,minor_pothole,0.6425956904135233,0.2556671427403031,0.1017371668461734,0.6425956904135233,0.3574043095864767,1.4591414764326496,MEDIUM,monitor and include in routine maintenance review,108,38,4104,0.15,0.0527777777777777,0.0079166666666666,2.8421052631578947,8.31996102188653,False,50.39583333333333,100.79166666666666,201.58333333333331
img-118.jpg,major_pothole,0.0336930631777264,0.1980107815604932,0.7682961552617802,0.7682961552617802,0.2317038447382198,2.7346030920840536,CRITICAL,prioritize inspection/maintenance review,349,444,154956,0.4847222222222222,0.6166666666666667,0.298912037037037,0.786036036036036,11.950902938058675,False,194.83680555555557,389.67361111111114,779.3472222222223
img-119.jpg,medium_pothole,0.1762097725798612,0.6510736874054939,0.1727165400146451,0.6510736874054939,0.3489263125945061,1.9965067674347845,MEDIUM,schedule inspection and maintenance planning,207,177,36639,0.2875,0.2458333333333333,0.0706770833333333,1.1694915254237288,10.508895818788067,False,80.30078124999999,160.60156249999997,321.20312499999994
img-119.jpg,medium_pothole,0.2410678815322358,0.658702835559458,0.1002292829083063,0.658702835559458,0.341297164440542,1.8591614013760709,MEDIUM,schedule inspection and maintenance planning,158,123,19434,0.2194444444444444,0.1708333333333333,0.0374884259259259,1.2845528455284554,9.874830843286324,False,77.81163194444444,155.62326388888889,311.24652777777777
img-12.jpg,medium_pothole,0.189521750797602,0.6436062534058385,0.1668719957965594,0.6436062534058385,0.3563937465941614,1.977350244998957,MEDIUM,schedule inspection and maintenance planning,257,266,68362,0.3569444444444444,0.3694444444444444,0.1318711419753086,0.9661654135338346,11.132587021579644,False,84.89033564814815,169.7806712962963,339.5613425925926
img-120.jpg,medium_pothole,0.1631002739956915,0.7016727778319116,0.1352269481723968,0.7016727778319116,0.2983272221680884,1.9721266741767047,MEDIUM,schedule inspection and maintenance planning,250,94,23500,0.3472222222222222,0.1305555555555555,0.0453317901234567,2.6595744680851063,10.064798252418376,False,78.39988425925925,156.7997685185185,313.599537037037
img-121.jpg,medium_pothole,0.2234755547726801,0.6695799764896079,0.1069444687377121,0.6695799764896079,0.3304200235103921,1.883468913965032,MEDIUM,schedule inspection and maintenance planning,172,122,20984,0.2388888888888889,0.1694444444444444,0.0404783950617283,1.4098360655737705,9.951563175767692,False,78.03587962962962,156.07175925925924,312.1435185185185
img-121.jpg,medium_pothole,0.1434414531478717,0.6564120405342961,0.200146506317832,0.6564120405342961,0.3435879594657038,2.05670505316996,HIGH,schedule inspection and maintenance planning,228,179,40812,0.3166666666666666,0.2486111111111111,0.0787268518518518,1.2737430167597763,10.616755937092288,False,80.90451388888889,161.80902777777777,323.61805555555554
img-121.jpg,minor_pothole,0.7897682752120672,0.1782683092900991,0.0319634154978337,0.7897682752120672,0.2102317247879328,1.2421951402857665,LOW,monitor and include in routine maintenance review,57,60,3420,0.0791666666666666,0.0833333333333333,0.0065972222222222,0.95,8.137688184977605,False,50.32986111111111,100.65972222222221,201.31944444444443
img-122.jpg,medium_pothole,0.17983021112387,0.6724678688862544,0.1477019199898755,0.6724678688862544,0.3275321311137456,1.9678717088660047,MEDIUM,schedule inspection and maintenance planning,216,142,30672,0.3,0.1972222222222222,0.0591666666666666,1.5211267605633805,10.33113806777952,False,79.4375,158.875,317.75
img-123.jpg,medium_pothole,0.196614504023473,0.6740265531797262,0.1293589427968007,0.6740265531797262,0.3259734468202738,1.932744438773328,MEDIUM,schedule inspection and maintenance planning,182,169,30758,0.2527777777777777,0.2347222222222222,0.059332561728395,1.0769230769230769,10.3339379133382,False,79.44994212962963,158.89988425925927,317.79976851851853
img-124.jpg,minor_pothole,0.7033647276294333,0.2170528954311688,0.0795823769393977,0.7033647276294333,0.2966352723705667,1.376217649309964,LOW,monitor and include in routine maintenance review,100,48,4800,0.1388888888888889,0.0666666666666666,0.0092592592592592,2.083333333333333,8.476579508530941,False,50.46296296296296,100.92592592592592,201.85185185185185
img-124.jpg,medium_pothole,0.1869285797183625,0.6373341290496504,0.1757372912319873,0.6373341290496504,0.3626658709503496,1.988808711513625,MEDIUM,schedule inspection and maintenance planning,291,256,74496,0.4041666666666667,0.3555555555555555,0.1437037037037037,1.13671875,11.21851413510048,False,85.77777777777777,171.55555555555554,343.1111111111111
img-124.jpg,medium_pothole,0.3369338334245707,0.5817953193640535,0.0812708472113758,0.5817953193640535,0.4182046806359465,1.744337013786805,MEDIUM,schedule inspection and maintenance planning,119,121,14399,0.1652777777777777,0.1680555555555555,0.0277758487654321,0.9834710743801652,9.574983485564092,False,77.0831886574074,154.1663773148148,308.3327546296296
img-124.jpg,minor_pothole,0.7072673609661865,0.255179658284881,0.0375529807489325,0.7072673609661865,0.2927326390338135,1.330285619782746,LOW,monitor and include in routine maintenance review,41,29,1189,0.0569444444444444,0.0402777777777777,0.0022935956790123,1.4137931034482758,7.081708586105575,False,50.11467978395061,100.22935956790123,200.45871913580245
img-124.jpg,minor_pothole,0.4930064646699615,0.4430601496865359,0.0639333856435021,0.4930064646699615,0.5069935353300385,1.5709269209735397,MEDIUM,schedule inspection and maintenance planning,88,113,9944,0.1222222222222222,0.1569444444444444,0.019182098765432,0.7787610619469026,9.204825191288071,False,50.95910493827161,101.91820987654322,203.83641975308643
img-124.jpg,minor_pothole,0.7265857641804091,0.2094908329112023,0.0639234029083887,0.7265857641804091,0.2734142358195909,1.3373376387279796,LOW,monitor and include in routine maintenance review,90,59,5310,0.125,0.0819444444444444,0.0102430555555555,1.5254237288135593,8.577535420422398,False,50.51215277777777,101.02430555555554,202.0486111111111
img-124.jpg,minor_pothole,0.6565313936455895,0.3008300161907185,0.0426385901636917,0.6565313936455895,0.3434686063544104,1.3861071965181018,LOW,monitor and include in routine maintenance review,36,25,900,0.05,0.0347222222222222,0.0017361111111111,1.44,6.803505257608338,False,50.08680555555556,100.17361111111111,200.34722222222223
img-125.jpg,medium_pothole,0.2610449965369887,0.6358568490814076,0.1030981543816039,0.6358568490814076,0.3641431509185924,1.842053157844616,MEDIUM,schedule inspection and maintenance planning,168,108,18144,0.2333333333333333,0.15,0.035,1.5555555555555556,9.806150319647172,False,77.625,155.25,310.5
img-125.jpg,minor_pothole,0.6658915055158816,0.23762793284108,0.096480561643038,0.6658915055158816,0.3341084944841184,1.4305890561271557,MEDIUM,monitor and include in routine maintenance review,92,34,3128,0.1277777777777777,0.0472222222222222,0.0060339506172839,2.7058823529411766,8.048468743668883,False,50.301697530864196,100.60339506172839,201.20679012345678
img-125.jpg,minor_pothole,0.6921818576963625,0.2210094908920172,0.0868086514116201,0.6921818576963625,0.3078181423036374,1.3946267937152572,LOW,monitor and include in routine maintenance review,95,39,3705,0.1319444444444444,0.0541666666666666,0.0071469907407407,2.435897435897436,8.217708406845306,False,50.35734953703703,100.71469907407406,201.42939814814812
img-126.jpg,medium_pothole,0.1658197864961406,0.6741394321976867,0.1600407813061729,0.6741394321976867,0.3258605678023133,1.994220994810033,MEDIUM,schedule inspection and maintenance planning,235,132,31020,0.3263888888888889,0.1833333333333333,0.0598379629629629,1.7803030303030305,10.3424196734772,False,79.48784722222221,158.97569444444443,317.95138888888886
img-126.jpg,minor_pothole,0.7406134360849884,0.2051216345697769,0.0542649293452345,0.7406134360849884,0.2593865639150116,1.3136514932602457,LOW,monitor and include in routine maintenance review,81,64,5184,0.1125,0.0888888888888888,0.01,1.265625,8.553525120663627,False,50.5,101.0,202.0
img-126.jpg,minor_pothole,0.6887510399381752,0.2629202818245315,0.0483286782372933,0.6887510399381752,0.3112489600618248,1.359577638299118,LOW,monitor and include in routine maintenance review,48,26,1248,0.0666666666666666,0.0361111111111111,0.0024074074074074,1.8461538461538465,7.130098510125578,False,50.120370370370374,100.24074074074075,200.4814814814815
img-127.jpg,medium_pothole,0.2850074767392057,0.6087571169730397,0.1062354062877546,0.6087571169730397,0.3912428830269603,1.8212279295485487,MEDIUM,schedule inspection and maintenance planning,180,92,16560,0.25,0.1277777777777777,0.0319444444444444,1.9565217391304348,9.714805812589493,False,77.39583333333333,154.79166666666666,309.5833333333333
img-127.jpg,minor_pothole,0.5946010109048614,0.331186168870788,0.0742128202243501,0.5946010109048614,0.4053989890951386,1.4796118093194877,MEDIUM,monitor and include in routine maintenance review,105,82,8610,0.1458333333333333,0.1138888888888888,0.0166087962962962,1.2804878048780488,9.060795734696166,False,50.83043981481481,101.66087962962962,203.32175925925924
img-127.jpg,medium_pothole,0.1996484080897148,0.6860690464852475,0.1142825454250376,0.6860690464852475,0.3139309535147525,1.9146341373353224,MEDIUM,schedule inspection and maintenance planning,183,135,24705,0.2541666666666666,0.1875,0.04765625,1.3555555555555556,10.11480140809676,False,78.57421875,157.1484375,314.296875
img-128.jpg,medium_pothole,0.2083495540900539,0.6605024434463169,0.1311480024636293,0.6605024434463169,0.3394975565536831,1.922798448373576,MEDIUM,schedule inspection and maintenance planning,168,196,32928,0.2333333333333333,0.2722222222222222,0.0635185185185185,0.8571428571428571,10.402109007463212,False,79.76388888888889,159.52777777777777,319.05555555555554
img-129.jpg,minor_pothole,0.5650844949365516,0.3624378737263748,0.0724776313370734,0.5650844949365516,0.4349155050634484,1.5073931364005215,MEDIUM,schedule inspection and maintenance planning,103,89,9167,0.1430555555555555,0.1236111111111111,0.0176832561728395,1.1573033707865168,9.12347443895452,False,50.884162808641975,101.76832561728395,203.5366512345679
img-129.jpg,minor_pothole,0.7104303253511733,0.2154423106116888,0.0741273640371378,0.7104303253511733,0.2895696746488266,1.3636970386859644,LOW,monitor and include in routine maintenance review,98,53,5194,0.1361111111111111,0.0736111111111111,0.0100192901234567,1.849056603773585,8.555451903533328,False,50.50096450617283,101.00192901234566,202.0038580246913
img-13.jpg,medium_pothole,0.1576339995711898,0.6646692783241477,0.1776967221046619,0.6646692783241477,0.3353307216758523,2.020062722533471,HIGH,schedule inspection and maintenance planning,236,145,34220,0.3277777777777778,0.2013888888888889,0.0660108024691358,1.6275862068965516,10.440594769696007,False,79.95081018518518,159.90162037037035,319.8032407407407
img-13.jpg,medium_pothole,0.2170110199594193,0.6630250385090948,0.1199639415314856,0.6630250385090948,0.3369749614909052,1.9029529215720653,MEDIUM,schedule inspection and maintenance planning,230,69,15870,0.3194444444444444,0.0958333333333333,0.0306134259259259,3.333333333333333,9.67224882350756,False,77.29600694444444,154.59201388888889,309.18402777777777
img-13.jpg,minor_pothole,0.6563343074403972,0.2451781716691546,0.0984875208904479,0.6563343074403972,0.3436656925596028,1.4421532134500503,MEDIUM,monitor and include in routine maintenance review,104,38,3952,0.1444444444444444,0.0527777777777777,0.0076234567901234,2.736842105263158,8.282230063296685,False,50.38117283950617,100.76234567901234,201.52469135802468
img-13.jpg,minor_pothole,0.659915207752216,0.2495537961374197,0.0905309961103641,0.659915207752216,0.340084792247784,1.4306157883581476,MEDIUM,monitor and include in routine maintenance review,74,28,2072,0.1027777777777777,0.0388888888888888,0.0039969135802469,2.642857142857143,7.636752112435779,False,50.19984567901234,100.39969135802468,200.79938271604937
img-130.jpg,minor_pothole,0.5539370934569974,0.3560629517557626,0.0899999547872396,0.5539370934569974,0.4460629065430026,1.5360628613302414,MEDIUM,schedule inspection and maintenance planning,131,70,9170,0.1819444444444444,0.0972222222222222,0.0176890432098765,1.871428571428572,9.123801610558944,False,50.88445216049382,101.76890432098764,203.5378086419753
img-130.jpg,minor_pothole,0.7556680913684346,0.2103018888821267,0.0340300197494388,0.7556680913684346,0.2443319086315654,1.2783619283810044,LOW,monitor and include in routine maintenance review,48,35,1680,0.0666666666666666,0.0486111111111111,0.0032407407407407,1.3714285714285714,7.427144133408616,False,50.16203703703703,100.32407407407406,200.64814814814812
img-131.jpg,minor_pothole,0.5705601410894092,0.3569090398502229,0.0725308190603678,0.5705601410894092,0.4294398589105908,1.5019706779709583,MEDIUM,schedule inspection and maintenance planning,103,88,9064,0.1430555555555555,0.1222222222222222,0.0174845679012345,1.1704545454545454,9.112176123188952,False,50.87422839506173,101.74845679012346,203.4969135802469
img-132.jpg,medium_pothole,0.1095135301541821,0.6763111090346388,0.2141753608111792,0.6763111090346388,0.3236888909653612,2.104661830656997,HIGH,schedule inspection and maintenance planning,487,212,103244,0.6763888888888889,0.2944444444444444,0.1991589506172839,2.297169811320755,11.544860083500572,False,89.93692129629629,179.87384259259258,359.74768518518516
img-132.jpg,minor_pothole,0.7743545624086164,0.1971440422349334,0.0285013953564498,0.7743545624086164,0.2256454375913835,1.2541468329478327,LOW,monitor and include in routine maintenance review,45,41,1845,0.0625,0.0569444444444444,0.0035590277777777,1.0975609756097562,7.520776415062797,False,50.177951388888886,100.35590277777777,200.71180555555554
img-133.jpg,minor_pothole,0.5870280392495649,0.3208240801109561,0.0921478806394785,0.5870280392495649,0.4129719607504351,1.5051198413899125,MEDIUM,schedule inspection and maintenance planning,131,61,7991,0.1819444444444444,0.0847222222222222,0.0154147376543209,2.1475409836065573,8.98619632032839,False,50.77073688271605,101.5414737654321,203.0829475308642
img-134.jpg,medium_pothole,0.2867661226925715,0.6249773161070634,0.0882565612003648,0.6249773161070634,0.3750226838929366,1.8014904385077928,MEDIUM,schedule inspection and maintenance planning,132,125,16500,0.1833333333333333,0.1736111111111111,0.0318287037037037,1.056,9.711176264112805,False,77.38715277777779,154.77430555555557,309.54861111111114
img-134.jpg,minor_pothole,0.6588202973435208,0.27790551535656,0.0632741872999193,0.6588202973435208,0.3411797026564792,1.4044538899563983,MEDIUM,monitor and include in routine maintenance review,90,80,7200,0.125,0.1111111111111111,0.0138888888888888,1.125,8.881975184248867,False,50.69444444444444,101.38888888888889,202.77777777777777
img-135.jpg,medium_pothole,0.0946557649393736,0.6813440827811617,0.2240001522794645,0.6813440827811617,0.3186559172188383,2.1293443873400903,HIGH,schedule inspection and maintenance planning,371,196,72716,0.5152777777777777,0.2722222222222222,0.140270061728395,1.8928571428571428,11.194330473874974,False,85.52025462962962,171.04050925925924,342.0810185185185
img-135.jpg,minor_pothole,0.6143598751677861,0.3110795087289225,0.0745606161032913,0.6143598751677861,0.3856401248322139,1.460200740935505,MEDIUM,monitor and include in routine maintenance review,105,78,8190,0.1458333333333333,0.1083333333333333,0.0157986111111111,1.3461538461538465,9.010791269515602,False,50.78993055555555,101.5798611111111,203.1597222222222
img-135.jpg,medium_pothole,0.2333756385274877,0.6509979148910903,0.1156264465814219,0.6509979148910903,0.3490020851089097,1.882250808053934,MEDIUM,schedule inspection and maintenance planning,207,89,18423,0.2875,0.1236111111111111,0.0355381944444444,2.3258426966292136,9.82140944150052,False,77.66536458333333,155.33072916666666,310.6614583333333
img-135.jpg,minor_pothole,0.7487623407512465,0.1902149000020573,0.061022759246696,0.7487623407512465,0.2512376592487535,1.3122604184954492,LOW,monitor and include in routine maintenance review,84,49,4116,0.1166666666666666,0.0680555555555555,0.0079398148148148,1.7142857142857142,8.322880021769905,False,50.39699074074074,100.79398148148148,201.58796296296296
img-136.jpg,medium_pothole,0.3346513199887464,0.5878058361375887,0.0775428438736648,0.5878058361375887,0.4121941638624112,1.7428915238849183,MEDIUM,schedule inspection and maintenance planning,110,129,14190,0.1527777777777778,0.1791666666666666,0.0273726851851851,0.8527131782945736,9.560363239834537,False,77.05295138888889,154.10590277777777,308.21180555555554
img-137.jpg,medium_pothole,0.2097579186321787,0.6848003946977866,0.1054416866700346,0.6848003946977866,0.3151996053022133,1.895683768037856,MEDIUM,schedule inspection and maintenance planning,162,142,23004,0.225,0.1972222222222222,0.044375,1.1408450704225352,10.043466862589568,False,78.328125,156.65625,313.3125
img-138.jpg,minor_pothole,0.6572194880622275,0.257127923233829,0.0856525887039432,0.6572194880622275,0.3427805119377725,1.428433100641715,MEDIUM,monitor and include in routine maintenance review,114,56,6384,0.1583333333333333,0.0777777777777777,0.0123148148148148,2.0357142857142856,8.76170676846664,False,50.61574074074075,101.2314814814815,202.462962962963
img-139.jpg,medium_pothole,0.2264032866400786,0.6747899474804817,0.0988067658794397,0.6747899474804817,0.3252100525195183,1.872403479239361,MEDIUM,schedule inspection and maintenance planning,151,137,20687,0.2097222222222222,0.1902777777777777,0.0399054783950617,1.102189781021898,9.93730910101164,False,77.99291087962962,155.98582175925924,311.9716435185185
img-14.jpg,medium_pothole,0.0725359259833694,0.5295662506594164,0.3978978233572141,0.5295662506594164,0.4704337493405836,2.325361897373845,HIGH,schedule inspection and maintenance planning,492,278,136776,0.6833333333333333,0.3861111111111111,0.2638425925925926,1.7697841726618706,11.82610714138041,False,94.78819444444446,189.5763888888889,379.1527777777778
img-14.jpg,minor_pothole,0.6680442566449676,0.2534205125345151,0.0785352308205171,0.6680442566449676,0.3319557433550324,1.410490974175549,MEDIUM,monitor and include in routine maintenance review,107,62,6634,0.1486111111111111,0.0861111111111111,0.0127970679012345,1.7258064516129032,8.800113946766308,False,50.63985339506173,101.27970679012346,202.5594135802469
img-140.jpg,medium_pothole,0.1879413339770126,0.6774603463147771,0.13459831970821,0.6774603463147771,0.3225396536852228,1.946656985731197,MEDIUM,schedule inspection and maintenance planning,201,147,29547,0.2791666666666667,0.2041666666666666,0.0569965277777777,1.3673469387755102,10.293771338648629,False,79.27473958333333,158.54947916666666,317.0989583333333
img-140.jpg,medium_pothole,0.1499573064132362,0.6906193454382782,0.1594233481484856,0.6906193454382782,0.3093806545617218,2.009466041735249,HIGH,schedule inspection and maintenance planning,255,114,29070,0.3541666666666667,0.1583333333333333,0.0560763888888888,2.236842105263158,10.277496392686066,False,79.20572916666667,158.41145833333334,316.8229166666667
img-141.jpg,minor_pothole,0.6132658368211821,0.3129398833201625,0.0737942798586551,0.6132658368211821,0.3867341631788179,1.4605284430374723,MEDIUM,monitor and include in routine maintenance review,104,79,8216,0.1444444444444444,0.1097222222222222,0.0158487654320987,1.3164556962025316,9.013960457931187,False,50.79243827160494,101.58487654320987,203.16975308641975
img-141.jpg,medium_pothole,0.3295079013410465,0.5777166113758468,0.0927754872831064,0.5777166113758468,0.4222833886241531,1.7632675859420597,MEDIUM,schedule inspection and maintenance planning,144,105,15120,0.2,0.1458333333333333,0.0291666666666666,1.3714285714285714,9.623839785112668,False,77.18749999999999,154.37499999999997,308.74999999999994
img-141.jpg,minor_pothole,0.5169826712052716,0.4018160368710889,0.0812012919236391,0.5169826712052716,0.4830173287947283,1.5642186207183668,MEDIUM,schedule inspection and maintenance planning,118,87,10266,0.1638888888888889,0.1208333333333333,0.0198032407407407,1.3563218390804597,9.236690147298964,False,50.99016203703704,101.98032407407408,203.96064814814815
img-141.jpg,medium_pothole,0.3130933154178276,0.5953300487663455,0.0915766358158265,0.5953300487663455,0.4046699512336544,1.7784833203979984,MEDIUM,schedule inspection and maintenance planning,141,111,15651,0.1958333333333333,0.1541666666666666,0.0301909722222222,1.2702702702702702,9.658353983330302,False,77.26432291666667,154.52864583333334,309.0572916666667
img-142.jpg,medium_pothole,0.0646493039827546,0.7266106980812311,0.2087399979360144,0.7266106980812311,0.2733893019187688,2.14409069395326,HIGH,schedule inspection and maintenance planning,357,98,34986,0.4958333333333333,0.1361111111111111,0.0674884259259259,3.642857142857143,10.462731842903445,False,80.06163194444444,160.12326388888889,320.24652777777777
img-143.jpg,medium_pothole,0.2650188411224398,0.6328008092355073,0.1021803496420529,0.6328008092355073,0.3671991907644927,1.837161508519613,MEDIUM,schedule inspection and maintenance planning,166,108,17928,0.2305555555555555,0.15,0.0345833333333333,1.537037037037037,9.794174792595427,False,77.59375,155.1875,310.375
img-144.jpg,medium_pothole,0.251817427911314,0.6439226508001752,0.1042599212885109,0.6439226508001752,0.3560773491998248,1.8524424933771968,MEDIUM,schedule inspection and maintenance planning,170,110,18700,0.2361111111111111,0.1527777777777778,0.0360725308641975,1.5454545454545454,9.83633227734872,False,77.70543981481482,155.41087962962965,310.8217592592593
img-144.jpg,minor_pothole,0.7706068421764576,0.1802629314782201,0.0491302263453224,0.7706068421764576,0.2293931578235424,1.278523384168865,LOW,monitor and include in routine maintenance review,72,45,3240,0.1,0.0625,0.00625,1.6,8.083637203141548,False,50.31250000000001,100.62500000000001,201.25000000000003
img-145.jpg,medium_pothole,0.386482838182322,0.519351432522123,0.0941657292955547,0.519351432522123,0.480648567477877,1.707682891113232,MEDIUM,schedule inspection and maintenance planning,147,91,13377,0.2041666666666666,0.1263888888888888,0.0258043981481481,1.6153846153846154,9.501366845678351,False,76.93532986111111,153.87065972222223,307.74131944444446
img-146.jpg,medium_pothole,0.0971606097842867,0.6889806350744085,0.2138587551413049,0.6889806350744085,0.3110193649255914,2.1166981453570184,HIGH,schedule inspection and maintenance planning,286,168,48048,0.3972222222222222,0.2333333333333333,0.0926851851851851,1.7023809523809523,10.779976602527348,False,81.95138888888889,163.90277777777777,327.80555555555554
img-147.jpg,medium_pothole,0.4209598610935442,0.5090222240869887,0.0700179148194667,0.5090222240869887,0.4909777759130113,1.6490580537259216,MEDIUM,schedule inspection and maintenance planning,98,119,11662,0.1361111111111111,0.1652777777777777,0.0224961419753086,0.8235294117647058,9.36417671669105,False,76.68721064814815,153.3744212962963,306.7488425925926
img-147.jpg,minor_pothole,0.781342304091554,0.1792564690598838,0.0394012268485621,0.781342304091554,0.2186576959084459,1.2580589227570078,LOW,monitor and include in routine maintenance review,66,58,3828,0.0916666666666666,0.0805555555555555,0.0073842592592592,1.137931034482759,8.250358951477294,False,50.36921296296296,100.73842592592592,201.47685185185185
img-148.jpg,medium_pothole,0.2581803860525407,0.6533584404941621,0.0884611734532968,0.6533584404941621,0.3466415595058378,1.830280787400756,MEDIUM,schedule inspection and maintenance planning,131,137,17947,0.1819444444444444,0.1902777777777777,0.0346199845679012,0.9562043795620438,9.795233967095871,False,77.59649884259258,155.19299768518516,310.3859953703703
img-148.jpg,minor_pothole,0.7768153410280709,0.1865085447997539,0.036676114172175,0.7768153410280709,0.223184658971929,1.2598607731441036,LOW,monitor and include in routine maintenance review,57,40,2280,0.0791666666666666,0.0555555555555555,0.0043981481481481,1.425,7.732369222284388,False,50.219907407407405,100.43981481481481,200.87962962962962
img-149.jpg,medium_pothole,0.0840488378127733,0.7240878591395069,0.1918633030477192,0.7240878591395069,0.2759121408604931,2.1078144652349446,HIGH,schedule inspection and maintenance planning,311,118,36698,0.4319444444444444,0.1638888888888889,0.0707908950617283,2.635593220338983,10.510504785715026,False,80.30931712962962,160.61863425925924,321.2372685185185
img-15.jpg,medium_pothole,0.1935814459913608,0.6836304818404927,0.1227880721681464,0.6836304818404927,0.3163695181595073,1.9292066261767853,MEDIUM,schedule inspection and maintenance planning,213,111,23643,0.2958333333333333,0.1541666666666666,0.0456076388888888,1.9189189189189189,10.07086466194426,False,78.42057291666666,156.84114583333331,313.68229166666663
img-150.jpg,medium_pothole,0.07410717224417,0.7167950847801403,0.2090977429756897,0.7167950847801403,0.2832049152198597,2.13499057073152,HIGH,schedule inspection and maintenance planning,343,121,41503,0.4763888888888888,0.1680555555555555,0.080059799382716,2.834710743801653,10.63354508711617,False,81.0044849537037,162.0089699074074,324.0179398148148
img-151.jpg,medium_pothole,0.1815520512415653,0.6751772483274916,0.1432707004309433,0.6751772483274916,0.3248227516725084,1.9617186491893783,MEDIUM,schedule inspection and maintenance planning,214,140,29960,0.2972222222222222,0.1944444444444444,0.0577932098765432,1.5285714285714285,10.307651814911244,False,79.33449074074075,158.6689814814815,317.337962962963
img-152.jpg,minor_pothole,0.7472245870734445,0.1902652899240557,0.0625101230024997,0.7472245870734445,0.2527754129265555,1.3152855359290552,LOW,monitor and include in routine maintenance review,82,44,3608,0.1138888888888888,0.0611111111111111,0.0069598765432098,1.8636363636363635,8.19118600464279,False,50.34799382716049,100.69598765432097,201.39197530864195
img-152.jpg,medium_pothole,0.3715862125221161,0.5200888834627458,0.1083249040151378,0.5200888834627458,0.4799111165372541,1.7367386914930212,MEDIUM,schedule inspection and maintenance planning,187,56,10472,0.2597222222222222,0.0777777777777777,0.0202006172839506,3.3392857142857144,9.256555795773146,False,76.51504629629629,153.03009259259258,306.06018518518516
img-152.jpg,minor_pothole,0.6209461511640116,0.2896246082429902,0.0894292405929981,0.6209461511640116,0.3790538488359883,1.4684830894289864,MEDIUM,monitor and include in routine maintenance review,123,59,7257,0.1708333333333333,0.0819444444444444,0.0139988425925925,2.0847457627118646,8.889859587773016,False,50.699942129629626,101.39988425925925,202.7997685185185
img-152.jpg,minor_pothole,0.5438222642241207,0.3768880772429741,0.079289658532905,0.5438222642241207,0.4561777357758793,1.535467394308784,MEDIUM,schedule inspection and maintenance planning,114,85,9690,0.1583333333333333,0.1180555555555555,0.0186921296296296,1.3411764705882352,9.17895289873455,False,50.93460648148148,101.86921296296296,203.73842592592592
img-152.jpg,minor_pothole,0.7353850094032877,0.20032356613345,0.0642914244632621,0.7353850094032877,0.2646149905967123,1.328906415059974,LOW,monitor and include in routine maintenance review,89,54,4806,0.1236111111111111,0.075,0.0092708333333333,1.648148148148148,8.47782846789396,False,50.463541666666664,100.92708333333333,201.85416666666666
img-153.jpg,medium_pothole,0.4610822611085848,0.4531087887156538,0.0858089501757612,0.4610822611085848,0.5389177388914153,1.624726689067176,MEDIUM,schedule inspection and maintenance planning,128,90,11520,0.1777777777777777,0.125,0.0222222222222222,1.4222222222222225,9.351926736038054,False,76.66666666666666,153.33333333333331,306.66666666666663
img-154.jpg,major_pothole,0.0429113446630776,0.1186911002457424,0.8383975550911799,0.8383975550911799,0.1616024449088201,2.7954862104281024,CRITICAL,prioritize inspection/maintenance review,445,400,178000,0.6180555555555556,0.5555555555555556,0.3433641975308642,1.1125,12.08954444723597,False,201.50462962962965,403.0092592592593,806.0185185185186
img-155.jpg,medium_pothole,0.2218722516881859,0.6743536113690067,0.1037741369428072,0.6743536113690067,0.3256463886309932,1.881901885254621,MEDIUM,schedule inspection and maintenance planning,163,130,21190,0.2263888888888889,0.1805555555555555,0.0408757716049382,1.2538461538461538,9.961331842220568,False,78.06568287037037,156.13136574074073,312.26273148148147
img-155.jpg,medium_pothole,0.2755224915625314,0.6380583596160473,0.0864191488214212,0.6380583596160473,0.3619416403839527,1.8108966572588896,MEDIUM,schedule inspection and maintenance planning,126,134,16884,0.175,0.1861111111111111,0.0325694444444444,0.9402985074626866,9.734180932819667,False,77.44270833333333,154.88541666666666,309.7708333333333
img-155.jpg,minor_pothole,0.7805862700791871,0.1832815238727497,0.0361322060480627,0.7805862700791871,0.2194137299208128,1.2555459359688743,LOW,monitor and include in routine maintenance review,62,63,3906,0.0861111111111111,0.0875,0.0075347222222222,0.984126984126984,8.27052509505507,False,50.37673611111111,100.75347222222221,201.50694444444443
img-156.jpg,medium_pothole,0.1225917243089549,0.669596931831954,0.2078113438590907,0.669596931831954,0.330403068168046,2.085219619550135,HIGH,schedule inspection and maintenance planning,248,170,42160,0.3444444444444444,0.2361111111111111,0.0813271604938271,1.4588235294117646,10.649250902099034,False,81.09953703703702,162.19907407407405,324.3981481481481
img-156.jpg,minor_pothole,0.6219835319607967,0.2816192005192162,0.0963972675199871,0.6219835319607967,0.3780164680392033,1.4744137355591904,MEDIUM,monitor and include in routine maintenance review,125,48,6000,0.1736111111111111,0.0666666666666666,0.011574074074074,2.6041666666666665,8.699681400989514,False,50.578703703703695,101.15740740740739,202.31481481481478
img-157.jpg,medium_pothole,0.2041258607555315,0.6800988357878082,0.1157753034566604,0.6800988357878082,0.3199011642121918,1.911649442701129,MEDIUM,schedule inspection and maintenance planning,194,119,23086,0.2694444444444444,0.1652777777777777,0.0445331790123456,1.630252100840336,10.047024967532325,False,78.33998842592591,156.67997685185182,313.35995370370364
img-157.jpg,minor_pothole,0.7445075712002037,0.2037916564318597,0.0517007723679366,0.7445075712002037,0.2554924287997963,1.307193201167733,LOW,monitor and include in routine maintenance review,64,34,2176,0.0888888888888888,0.0472222222222222,0.0041975308641975,1.8823529411764703,7.685703061234547,False,50.20987654320987,100.41975308641975,200.8395061728395
img-158.jpg,medium_pothole,0.2432057626567697,0.6539608757811919,0.1028333615620383,0.6539608757811919,0.3460391242188081,1.8596275989052684,MEDIUM,schedule inspection and maintenance planning,165,117,19305,0.2291666666666666,0.1625,0.0372395833333333,1.4102564102564104,9.86817120740856,False,77.79296874999999,155.58593749999997,311.17187499999994
img-158.jpg,minor_pothole,0.4621605436193041,0.448374963100843,0.0894644932798529,0.4621605436193041,0.5378394563806959,1.6273039496605488,MEDIUM,schedule inspection and maintenance planning,135,85,11475,0.1875,0.1180555555555555,0.0221354166666666,1.588235294117647,9.348013177101256,False,51.10677083333333,102.21354166666666,204.42708333333331
img-159.jpg,medium_pothole,0.3731075228811275,0.5393354647506254,0.0875570123682471,0.5393354647506254,0.4606645352493745,1.7144494894871198,MEDIUM,schedule inspection and maintenance planning,133,103,13699,0.1847222222222222,0.1430555555555555,0.0264255401234567,1.2912621359223302,9.525151111816216,False,76.98191550925925,153.9638310185185,307.927662037037
img-159.jpg,minor_pothole,0.7837752881961325,0.1805191375013845,0.0357055743024833,0.7837752881961325,0.2162247118038675,1.2519302861063517,LOW,monitor and include in routine maintenance review,58,43,2494,0.0805555555555555,0.0597222222222222,0.0048109567901234,1.3488372093023255,7.822044008185619,False,50.24054783950616,100.48109567901233,200.96219135802465
img-159.jpg,minor_pothole,0.5108003751321293,0.4063494656223205,0.0828501592455501,0.5108003751321293,0.4891996248678707,1.5720497841134204,MEDIUM,schedule inspection and maintenance planning,121,86,10406,0.1680555555555555,0.1194444444444444,0.0200733024691358,1.4069767441860466,9.25023393563786,False,51.003665123456784,102.00733024691357,204.01466049382714
img-16.jpg,medium_pothole,0.1891538287932099,0.6547408551633616,0.1561053160434283,0.6547408551633616,0.3452591448366384,1.966951487250218,MEDIUM,schedule inspection and maintenance planning,194,181,35114,0.2694444444444444,0.2513888888888889,0.0677353395061728,1.0718232044198894,10.46638366859312,False,80.08015046296296,160.16030092592592,320.32060185185185
img-160.jpg,medium_pothole,0.1919679182491437,0.6704394988065286,0.137592582944328,0.6704394988065286,0.3295605011934713,1.945624664695185,MEDIUM,schedule inspection and maintenance planning,192,164,31488,0.2666666666666666,0.2277777777777777,0.0607407407407407,1.170731707317073,10.357393557477783,False,79.55555555555556,159.11111111111111,318.22222222222223
img-160.jpg,medium_pothole,0.2225894357750986,0.6777587790501874,0.099651785174714,0.6777587790501874,0.3222412209498125,1.877062349399616,MEDIUM,schedule inspection and maintenance planning,152,139,21128,0.2111111111111111,0.1930555555555555,0.0407561728395061,1.0935251798561152,9.95840178341352,False,78.05671296296295,156.1134259259259,312.2268518518518
img-160.jpg,medium_pothole,0.1831887890214815,0.6725918439485901,0.1442193670299282,0.6725918439485901,0.3274081560514099,1.961030578008446,MEDIUM,schedule inspection and maintenance planning,210,146,30660,0.2916666666666667,0.2027777777777777,0.0591435185185185,1.4383561643835616,10.330746767679962,False,79.43576388888889,158.87152777777777,317.74305555555554
img-160.jpg,medium_pothole,0.4610862819562366,0.4619107017756654,0.0770030162680981,0.4619107017756654,0.5380892982243346,1.615916734311862,MEDIUM,schedule inspection and maintenance planning,112,101,11312,0.1555555555555555,0.1402777777777777,0.0218209876543209,1.108910891089109,9.333707785926467,False,76.63657407407408,153.27314814814815,306.5462962962963
img-161.jpg,medium_pothole,0.3986564093921168,0.5107646094366864,0.0905789811711969,0.5107646094366864,0.4892353905633135,1.6919225717790805,MEDIUM,schedule inspection and maintenance planning,139,94,13066,0.1930555555555555,0.1305555555555555,0.0252044753086419,1.4787234042553192,9.477845246989146,False,76.89033564814815,153.7806712962963,307.5613425925926
img-162.jpg,medium_pothole,0.1279694969157756,0.6782381287152397,0.1937923743689846,0.6782381287152397,0.3217618712847603,2.0658228774532086,HIGH,schedule inspection and maintenance planning,259,140,36260,0.3597222222222222,0.1944444444444444,0.0699459876543209,1.85,10.498498062527569,False,80.24594907407406,160.49189814814812,320.98379629629625
img-163.jpg,medium_pothole,0.1083103910304399,0.6774004490998091,0.2142891598697512,0.6774004490998091,0.3225995509001909,2.105978768839312,HIGH,schedule inspection and maintenance planning,260,205,53300,0.3611111111111111,0.2847222222222222,0.1028163580246913,1.2682926829268293,10.883710371704016,False,82.71122685185185,165.4224537037037,330.8449074074074
img-163.jpg,minor_pothole,0.7925025060980045,0.1743724745557184,0.0331250193462771,0.7925025060980045,0.2074974939019954,1.2406225132482729,LOW,monitor and include in routine maintenance review,58,51,2958,0.0805555555555555,0.0708333333333333,0.0057060185185185,1.1372549019607845,7.99260665240021,False,50.285300925925924,100.57060185185185,201.1412037037037
img-164.jpg,medium_pothole,0.1160595394172663,0.6869152170536454,0.1970252435290884,0.6869152170536454,0.3130847829463545,2.080965704111822,HIGH,schedule inspection and maintenance planning,269,138,37122,0.3736111111111111,0.1916666666666666,0.0716087962962963,1.9492753623188408,10.521992002599978,False,80.37065972222223,160.74131944444446,321.4826388888889
img-165.jpg,medium_pothole,0.1287627607326334,0.6810528745392852,0.1901843647280813,0.6810528745392852,0.3189471254607148,2.061421603995448,HIGH,schedule inspection and maintenance planning,261,135,35235,0.3625,0.1875,0.06796875,1.933333333333333,10.469823566229689,False,80.09765625,160.1953125,320.390625
img-166.jpg,medium_pothole,0.1754173421308655,0.6629484243230571,0.1616342335460774,0.6629484243230571,0.3370515756769429,1.986216891415212,MEDIUM,schedule inspection and maintenance planning,218,152,33136,0.3027777777777777,0.2111111111111111,0.0639197530864197,1.4342105263157894,10.408405761837653,False,79.79398148148148,159.58796296296296,319.1759259259259
img-166.jpg,minor_pothole,0.7943048844213924,0.1750280642233475,0.0306670513552603,0.7943048844213924,0.2056951155786076,1.2363621669338682,LOW,monitor and include in routine maintenance review,55,53,2915,0.0763888888888889,0.0736111111111111,0.0056230709876543,1.0377358490566038,7.977968093128549,False,50.281153549382715,100.56230709876543,201.12461419753086
img-167.jpg,medium_pothole,0.1924945184431793,0.6842593529328851,0.1232461286239354,0.6842593529328851,0.3157406470671149,1.930751610180756,MEDIUM,schedule inspection and maintenance planning,191,144,27504,0.2652777777777778,0.2,0.0530555555555555,1.3263888888888888,10.222123085309558,False,78.97916666666666,157.95833333333331,315.91666666666663
img-167.jpg,medium_pothole,0.3325388687873947,0.5699746091404981,0.0974865220721073,0.5699746091404981,0.4300253908595018,1.7649476532847128,MEDIUM,schedule inspection and maintenance planning,155,97,15035,0.2152777777777778,0.1347222222222222,0.0290027006172839,1.597938144329897,9.618202604684068,False,77.17520254629629,154.35040509259258,308.70081018518516
img-167.jpg,minor_pothole,0.659915207752216,0.2495537961374197,0.0905309961103641,0.659915207752216,0.340084792247784,1.4306157883581476,MEDIUM,monitor and include in routine maintenance review,74,28,2072,0.1027777777777777,0.0388888888888888,0.0039969135802469,2.642857142857143,7.636752112435779,False,50.19984567901234,100.39969135802468,200.79938271604937
img-168.jpg,medium_pothole,0.1831220380442973,0.6905462972523658,0.1263316647033368,0.6905462972523658,0.3094537027476342,1.9432096266590395,MEDIUM,schedule inspection and maintenance planning,233,96,22368,0.3236111111111111,0.1333333333333333,0.0431481481481481,2.427083333333333,10.015431350758112,False,78.23611111111111,156.47222222222223,312.94444444444446
img-168.jpg,minor_pothole,0.776974604470422,0.1789909074114739,0.0440344881181037,0.776974604470422,0.223025395529578,1.267059883647681,LOW,monitor and include in routine maintenance review,67,44,2948,0.0930555555555555,0.0611111111111111,0.0056867283950617,1.5227272727272727,7.989221408815276,False,50.28433641975308,100.56867283950616,201.13734567901233
img-169.jpg,medium_pothole,0.0895979901414407,0.69512955789027,0.2152724519682892,0.69512955789027,0.30487044210973,2.1256744618268484,HIGH,schedule inspection and maintenance planning,311,159,49449,0.4319444444444444,0.2208333333333333,0.0953877314814814,1.955974842767296,10.808717337050858,False,82.15407986111111,164.30815972222223,328.61631944444446
img-17.jpg,medium_pothole,0.0975963023987486,0.685799317186928,0.2166043804143232,0.685799317186928,0.314200682813072,2.119008078015574,HIGH,schedule inspection and maintenance planning,292,194,56648,0.4055555555555555,0.2694444444444444,0.1092746913580246,1.5051546391752575,10.944629614049688,False,83.19560185185185,166.3912037037037,332.7824074074074
img-17.jpg,medium_pothole,0.2592950631252546,0.6434941690317706,0.0972107678429744,0.6434941690317706,0.3565058309682294,1.837915704717719,MEDIUM,schedule inspection and maintenance planning,153,119,18207,0.2125,0.1652777777777777,0.0351215277777777,1.2857142857142858,9.809616336926055,False,77.63411458333333,155.26822916666666,310.5364583333333
img-170.jpg,minor_pothole,0.7063797032219377,0.2150317601994427,0.0785885365786195,0.7063797032219377,0.2936202967780623,1.3722088333566815,LOW,monitor and include in routine maintenance review,99,48,4752,0.1375,0.0666666666666666,0.0091666666666666,2.0625,8.46653127661401,False,50.45833333333333,100.91666666666666,201.83333333333331
img-170.jpg,medium_pothole,0.3714353337088944,0.5344707699945161,0.0940938962965891,0.5344707699945161,0.4655292300054838,1.722658562587694,MEDIUM,schedule inspection and maintenance planning,147,94,13818,0.2041666666666666,0.1305555555555555,0.0266550925925925,1.5638297872340423,9.533799735803484,False,76.99913194444444,153.99826388888889,307.99652777777777
img-171.jpg,medium_pothole,0.14179372845982,0.6633217175331196,0.1948845540070603,0.6633217175331196,0.3366782824668803,2.05309082554724,HIGH,schedule inspection and maintenance planning,241,156,37596,0.3347222222222222,0.2166666666666666,0.0725231481481481,1.544871794871795,10.534679538960772,False,80.4392361111111,160.8784722222222,321.7569444444444
img-172.jpg,medium_pothole,0.3650755168195428,0.5305557677312922,0.1043687154491651,0.5305557677312922,0.4694442322687078,1.7392931986296225,MEDIUM,schedule inspection and maintenance planning,176,74,13024,0.2444444444444444,0.1027777777777777,0.0251234567901234,2.3783783783783785,9.474625866621569,False,76.88425925925925,153.7685185185185,307.537037037037
img-172.jpg,minor_pothole,0.6077901794384459,0.3270670052434244,0.0651428153181296,0.6077901794384459,0.392209820561554,1.4573526358796836,MEDIUM,monitor and include in routine maintenance review,92,89,8188,0.1277777777777777,0.1236111111111111,0.0157947530864197,1.0337078651685394,9.010547069270189,False,50.78973765432099,101.57947530864197,203.15895061728395
img-172.jpg,minor_pothole,0.7579746857582522,0.1917870686798906,0.0502382455618574,0.7579746857582522,0.2420253142417477,1.2922635598036056,LOW,monitor and include in routine maintenance review,77,60,4620,0.1069444444444444,0.0833333333333333,0.008912037037037,1.2833333333333334,8.438366410870266,False,50.44560185185185,100.8912037037037,201.7824074074074
img-172.jpg,minor_pothole,0.5513084011230447,0.3373715262027061,0.1113200726742492,0.5513084011230447,0.4486915988769553,1.5600116715512045,MEDIUM,schedule inspection and maintenance planning,133,38,5054,0.1847222222222222,0.0527777777777777,0.0097492283950617,3.5,8.528133131454572,False,50.48746141975309,100.97492283950618,201.94984567901236
img-172.jpg,medium_pothole,0.1161289233713321,0.6729325136294432,0.2109385629992244,0.6729325136294432,0.3270674863705568,2.094809639627892,HIGH,schedule inspection and maintenance planning,353,216,76248,0.4902777777777777,0.3,0.1470833333333333,1.6342592592592593,11.24175957962956,False,86.03124999999999,172.06249999999997,344.12499999999994
img-173.jpg,medium_pothole,0.14339212503988,0.6980216463541249,0.1585862286059952,0.6980216463541249,0.3019783536458751,2.0151941035661154,HIGH,schedule inspection and maintenance planning,262,108,28296,0.3638888888888889,0.15,0.0545833333333333,2.425925925925926,10.250511070945045,False,79.09374999999999,158.18749999999997,316.37499999999994
img-173.jpg,medium_pothole,0.1006916851270629,0.7312521274513069,0.1680561874216302,0.7312521274513069,0.2687478725486931,2.067364502294568,HIGH,schedule inspection and maintenance planning,298,93,27714,0.4138888888888888,0.1291666666666666,0.0534606481481481,3.204301075268817,10.229729061853906,False,79.00954861111111,158.01909722222223,316.03819444444446
img-174.jpg,medium_pothole,0.1128107628845424,0.6924157358110479,0.1947735013044098,0.6924157358110479,0.3075842641889521,2.081962738419868,HIGH,schedule inspection and maintenance planning,274,133,36442,0.3805555555555555,0.1847222222222222,0.0702970679012345,2.0601503759398496,10.503504675098268,False,80.27228009259258,160.54456018518516,321.0891203703703
img-175.jpg,medium_pothole,0.1310670583738395,0.6618293606581169,0.2071035809680436,0.6618293606581169,0.3381706393418831,2.076036522594204,HIGH,schedule inspection and maintenance planning,227,208,47216,0.3152777777777777,0.2888888888888888,0.0910802469135802,1.0913461538461535,10.76250927621971,False,81.83101851851852,163.66203703703704,327.3240740740741
img-175.jpg,medium_pothole,0.2216504535524976,0.6708297089437633,0.1075198375037389,0.6708297089437633,0.3291702910562367,1.885869383951241,MEDIUM,schedule inspection and maintenance planning,143,192,27456,0.1986111111111111,0.2666666666666666,0.0529629629629629,0.7447916666666666,10.22037642353585,False,78.97222222222221,157.94444444444443,315.88888888888886
img-175.jpg,minor_pothole,0.697368084920924,0.2464352793918573,0.0561966356872184,0.697368084920924,0.302631915079076,1.3588285507662938,LOW,monitor and include in routine maintenance review,82,77,6314,0.1138888888888888,0.1069444444444444,0.0121797839506172,1.0649350649350648,8.750683034784592,False,50.60898919753086,101.21797839506172,202.43595679012344
img-176.jpg,medium_pothole,0.2023597073264159,0.6806610585484416,0.1169792341251427,0.6806610585484416,0.3193389414515584,1.9146195267987272,MEDIUM,schedule inspection and maintenance planning,197,118,23246,0.2736111111111111,0.1638888888888889,0.0448418209876543,1.6694915254237288,10.05393137043206,False,78.36313657407406,156.72627314814812,313.45254629629625
img-176.jpg,minor_pothole,0.6313468062868061,0.2896907172406829,0.0789624764725109,0.6313468062868061,0.3686531937131939,1.4476156701857046,MEDIUM,monitor and include in routine maintenance review,110,70,7700,0.1527777777777778,0.0972222222222222,0.0148533950617283,1.5714285714285714,8.94910546953925,False,50.74266975308641,101.48533950617282,202.97067901234564
img-177.jpg,medium_pothole,0.2101943155876917,0.6766079967188161,0.113197687693492,0.6766079967188161,0.3233920032811839,1.9030033721058,MEDIUM,schedule inspection and maintenance planning,189,118,22302,0.2625,0.1638888888888889,0.0430208333333333,1.6016949152542372,10.012476477547958,False,78.2265625,156.453125,312.90625
img-178.jpg,medium_pothole,0.2330483290611404,0.6544390052178624,0.1125126657209971,0.6544390052178624,0.3455609947821376,1.8794643366598565,MEDIUM,schedule inspection and maintenance planning,192,102,19584,0.2666666666666666,0.1416666666666666,0.0377777777777777,1.8823529411764703,9.882519246099932,False,77.83333333333333,155.66666666666666,311.3333333333333
img-178.jpg,medium_pothole,0.4335839450304907,0.4701572393535594,0.0962588156159498,0.4701572393535594,0.5298427606464406,1.6626748705854588,MEDIUM,schedule inspection and maintenance planning,151,79,11929,0.2097222222222222,0.1097222222222222,0.0230111882716049,1.9113924050632911,9.386811515091962,False,76.72583912037037,153.45167824074073,306.90335648148147
img-178.jpg,minor_pothole,0.748210788642613,0.2015005604067969,0.05028865095059,0.748210788642613,0.2517892113573869,1.3020778623079767,LOW,monitor and include in routine maintenance review,77,65,5005,0.1069444444444444,0.0902777777777777,0.0096547067901234,1.1846153846153846,8.518392471991719,False,50.48273533950617,100.96547067901234,201.93094135802468
img-179.jpg,medium_pothole,0.2160011181940647,0.6447690394425682,0.1392298423633669,0.6447690394425682,0.3552309605574317,1.9232287241693016,MEDIUM,schedule inspection and maintenance planning,162,219,35478,0.225,0.3041666666666666,0.0684375,0.7397260273972602,10.476696251133417,False,80.1328125,160.265625,320.53125
img-179.jpg,medium_pothole,0.2983025260503684,0.6242718683320543,0.0774256056175772,0.6242718683320543,0.3757281316679457,1.7791230795672086,MEDIUM,schedule inspection and maintenance planning,95,162,15390,0.1319444444444444,0.225,0.0296875,0.5864197530864198,9.641538201979952,False,77.2265625,154.453125,308.90625
img-179.jpg,medium_pothole,0.2821449968197467,0.6336194158115016,0.0842355873687518,0.6336194158115016,0.3663805841884984,1.8020905905490048,MEDIUM,schedule inspection and maintenance planning,121,136,16456,0.1680555555555555,0.1888888888888888,0.0317438271604938,0.8897058823529411,9.708506197595383,False,77.38078703703702,154.76157407407405,309.5231481481481
img-179.jpg,medium_pothole,0.4158240234121738,0.5097525547036117,0.0744234218842151,0.5097525547036117,0.4902474452963883,1.6585993984720424,MEDIUM,schedule inspection and maintenance planning,107,113,12091,0.1486111111111111,0.1569444444444444,0.0233236882716049,0.9469026548672568,9.40029935589935,False,76.74927662037037,153.49855324074073,306.99710648148147
img-179.jpg,minor_pothole,0.6763062739794513,0.2517333463834479,0.0719603796371006,0.6763062739794513,0.3236937260205487,1.3956541056576488,LOW,monitor and include in routine maintenance review,100,67,6700,0.1388888888888889,0.0930555555555555,0.0129243827160493,1.492537313432836,8.81001204797317,False,50.64621913580246,101.29243827160492,202.58487654320984
img-18.jpg,medium_pothole,0.4528802380373247,0.4573211309930706,0.0897986309696046,0.4573211309930706,0.5426788690069294,1.6369183929322797,MEDIUM,schedule inspection and maintenance planning,136,86,11696,0.1888888888888888,0.1194444444444444,0.0225617283950617,1.5813953488372092,9.367087677650709,False,76.69212962962962,153.38425925925924,306.7685185185185
img-18.jpg,medium_pothole,0.3007147858448522,0.5942084151900926,0.1050767989650551,0.5942084151900926,0.4057915848099074,1.8043620131202027,MEDIUM,schedule inspection and maintenance planning,178,89,15842,0.2472222222222222,0.1236111111111111,0.0305594135802469,2.0,9.670483041375045,False,77.29195601851852,154.58391203703704,309.1678240740741
img-18.jpg,minor_pothole,0.7426938890145343,0.1996373064469056,0.0576688045385601,0.7426938890145343,0.2573061109854657,1.3149749155240258,LOW,monitor and include in routine maintenance review,84,59,4956,0.1166666666666666,0.0819444444444444,0.0095601851851851,1.423728813559322,8.508555998020574,False,50.47800925925926,100.95601851851852,201.91203703703704
img-18.jpg,minor_pothole,0.7201869436311904,0.2047305095535889,0.0750825468152211,0.7201869436311904,0.2798130563688096,1.3548956031840316,LOW,monitor and include in routine maintenance review,92,44,4048,0.1277777777777777,0.0611111111111111,0.0078086419753086,2.090909090909091,8.30622521603216,False,50.39043209876542,100.78086419753085,201.5617283950617
img-18.jpg,minor_pothole,0.7342979672848655,0.2235779514034472,0.0421240813116872,0.7342979672848655,0.2657020327151345,1.3078261140268217,LOW,monitor and include in routine maintenance review,52,31,1612,0.0722222222222222,0.0430555555555555,0.0031095679012345,1.6774193548387095,7.385851078125209,False,50.15547839506173,100.31095679012346,200.6219135802469
img-180.jpg,medium_pothole,0.0964414990373687,0.6993097102107619,0.2042487907518693,0.6993097102107619,0.300690289789238,2.1078072917145003,HIGH,schedule inspection and maintenance planning,289,142,41038,0.4013888888888889,0.1972222222222222,0.0791628086419753,2.035211267605634,10.62227811307605,False,80.93721064814815,161.8744212962963,323.7488425925926
img-181.jpg,medium_pothole,0.2198847718753789,0.6716991048117289,0.1084161233128921,0.6716991048117289,0.3283008951882711,1.888531351437513,MEDIUM,schedule inspection and maintenance planning,175,122,21350,0.2430555555555555,0.1694444444444444,0.0411844135802469,1.4344262295081966,9.968853855967382,False,78.0888310185185,156.177662037037,312.355324074074
img-182.jpg,medium_pothole,0.2059825139928029,0.6879432426305826,0.1060742433766142,0.6879432426305826,0.3120567573694174,1.9000917293838109,MEDIUM,schedule inspection and maintenance planning,158,155,24490,0.2194444444444444,0.2152777777777778,0.047241512345679,1.0193548387096774,10.106060982105628,False,78.54311342592594,157.08622685185188,314.17245370370375
img-182.jpg,minor_pothole,0.5475887687161508,0.3826116984173762,0.069799532866473,0.5475887687161508,0.4524112312838492,1.5222107641503222,MEDIUM,schedule inspection and maintenance planning,99,95,9405,0.1375,0.1319444444444444,0.0181423611111111,1.0421052631578946,9.149103062504992,False,50.90711805555556,101.81423611111111,203.62847222222223
img-182.jpg,minor_pothole,0.5286775247728175,0.3806649003965713,0.0906575748306112,0.5286775247728175,0.4713224752271825,1.5619800500577936,MEDIUM,schedule inspection and maintenance planning,134,73,9782,0.1861111111111111,0.1013888888888888,0.018869598765432,1.8356164383561644,9.18840146445743,False,50.943479938271594,101.88695987654319,203.77391975308637
img-183.jpg,medium_pothole,0.1614002611530581,0.6456403429566606,0.1929593958902812,0.6456403429566606,0.3543596570433394,2.031559134737223,HIGH,schedule inspection and maintenance planning,314,242,75988,0.4361111111111111,0.3361111111111111,0.1465817901234568,1.2975206611570247,11.238343871950976,False,85.99363425925925,171.9872685185185,343.974537037037
img-184.jpg,medium_pothole,0.3663617792885894,0.5200765445240442,0.1135616761873665,0.5200765445240442,0.4799234554759558,1.7471998968987772,MEDIUM,schedule inspection and maintenance planning,29,10,290,0.0402777777777777,0.0138888888888888,0.0005594135802469,2.9,5.673323267171493,False,75.04195601851852,150.08391203703704,300.1678240740741
img-184.jpg,minor_pothole,0.6211171043166207,0.329810940993164,0.0490719546902152,0.6211171043166207,0.3788828956833793,1.4279548503735944,MEDIUM,monitor and include in routine maintenance review,36,22,792,0.05,0.0305555555555555,0.0015277777777777,1.6363636363636365,6.675823221634848,False,50.07638888888889,100.15277777777779,200.30555555555557
img-184.jpg,minor_pothole,0.6587812151418522,0.2760180215282213,0.0652007633299262,0.6587812151418522,0.3412187848581478,1.4064195481880737,MEDIUM,monitor and include in routine maintenance review,54,24,1296,0.075,0.0333333333333333,0.0025,2.25,7.167809184316444,False,50.125,100.25,200.5
img-184.jpg,medium_pothole,0.3433642009409078,0.5162027828677974,0.1404330161912945,0.5162027828677974,0.4837972171322026,1.7970688152503862,MEDIUM,schedule inspection and maintenance planning,33,10,330,0.0458333333333333,0.0138888888888888,0.000636574074074,3.3,5.802118375377063,False,75.04774305555554,150.0954861111111,300.1909722222222
img-184.jpg,medium_pothole,0.3967402890299024,0.5119311272018203,0.0913285837682774,0.5119311272018203,0.4880688727981797,1.6945882947383752,MEDIUM,schedule inspection and maintenance planning,27,11,297,0.0375,0.0152777777777777,0.0005729166666666,2.4545454545454546,5.697093486505405,False,75.04296875,150.0859375,300.171875
img-184.jpg,medium_pothole,0.3259475333589047,0.5173908187507938,0.1566616478903013,0.5173908187507938,0.4826091812492061,1.8307141145313963,MEDIUM,schedule inspection and maintenance planning,35,10,350,0.0486111111111111,0.0138888888888888,0.0006751543209876,3.5,5.860786223465865,False,75.05063657407406,150.10127314814812,300.20254629629625
img-184.jpg,medium_pothole,0.1873443494483745,0.5630740915760315,0.2495815589755939,0.5630740915760315,0.4369259084239685,2.0622372095272192,HIGH,schedule inspection and maintenance planning,23,4,92,0.0319444444444444,0.0055555555555555,0.0001774691358024,5.75,4.532599493153256,False,75.01331018518518,150.02662037037035,300.0532407407407
img-184.jpg,medium_pothole,0.3619324503081097,0.5615049012004575,0.0765626484914324,0.5615049012004575,0.4384950987995425,1.714630198183322,MEDIUM,schedule inspection and maintenance planning,16,10,160,0.0222222222222222,0.0138888888888888,0.0003086419753086,1.6,5.081404364984463,False,75.02314814814815,150.0462962962963,300.0925925925926
img-184.jpg,minor_pothole,0.6954814007487043,0.2377672605542096,0.066751338697086,0.6954814007487043,0.3045185992512956,1.3712699379483817,LOW,monitor and include in routine maintenance review,94,67,6298,0.1305555555555555,0.0930555555555555,0.0121489197530864,1.4029850746268655,8.74814616962193,False,50.60744598765432,101.21489197530865,202.4297839506173
img-184.jpg,minor_pothole,0.54715918070787,0.3974346932644232,0.055406126027707,0.54715918070787,0.45284081929213,1.5082469453198373,MEDIUM,schedule inspection and maintenance planning,28,19,532,0.0388888888888888,0.0263888888888888,0.0010262345679012,1.4736842105263157,6.278521424165844,False,50.05131172839506,100.10262345679013,200.20524691358025
img-184.jpg,minor_pothole,0.7396201681414033,0.2284460296707608,0.0319338021878359,0.7396201681414033,0.2603798318585967,1.2923136340464327,LOW,monitor and include in routine maintenance review,41,34,1394,0.0569444444444444,0.0472222222222222,0.0026890432098765,1.2058823529411764,7.240649694255466,False,50.13445216049382,100.26890432098764,200.5378086419753
img-185.jpg,medium_pothole,0.1369853938242331,0.6583830381748168,0.2046315680009497,0.6583830381748168,0.3416169618251832,2.067646174176716,HIGH,schedule inspection and maintenance planning,222,207,45954,0.3083333333333333,0.2875,0.0886458333333333,1.072463768115942,10.73541793579221,False,81.6484375,163.296875,326.59375
img-186.jpg,medium_pothole,0.0963854429455327,0.7022202316421193,0.201394325412348,0.7022202316421193,0.2977797683578806,2.1050088824668154,HIGH,schedule inspection and maintenance planning,290,137,39730,0.4027777777777778,0.1902777777777777,0.0766396604938271,2.116788321167883,10.589887018388692,False,80.74797453703704,161.49594907407408,322.99189814814815
img-186.jpg,medium_pothole,0.1610280665475029,0.6820518349513138,0.1569200985011831,0.6820518349513138,0.3179481650486861,1.99589203195368,MEDIUM,schedule inspection and maintenance planning,243,122,29646,0.3375,0.1694444444444444,0.0571875,1.9918032786885247,10.297116218868338,False,79.2890625,158.578125,317.15625
img-187.jpg,medium_pothole,0.1580783690951562,0.6692974893223733,0.1726241415824708,0.6692974893223733,0.3307025106776267,2.0145457724873155,HIGH,schedule inspection and maintenance planning,239,138,32982,0.3319444444444444,0.1916666666666666,0.0636226851851851,1.7318840579710144,10.403747556197336,False,79.77170138888889,159.54340277777777,319.08680555555554
img-188.jpg,medium_pothole,0.3428154898608587,0.5644589760083164,0.0927255341308248,0.5644589760083164,0.4355410239916836,1.7499100442699658,MEDIUM,schedule inspection and maintenance planning,144,102,14688,0.2,0.1416666666666666,0.0283333333333333,1.411764705882353,9.594854193331416,False,77.125,154.25,308.5
img-188.jpg,medium_pothole,0.4552305387526402,0.4574749154739186,0.0872945457734409,0.4574749154739186,0.5425250845260814,1.6320640070208,MEDIUM,schedule inspection and maintenance planning,131,89,11659,0.1819444444444444,0.1236111111111111,0.0224903549382716,1.4719101123595506,9.363919459904483,False,76.68677662037037,153.37355324074073,306.74710648148147
img-188.jpg,medium_pothole,0.3521093699997062,0.5500396733713876,0.097850956628906,0.5500396733713876,0.4499603266286124,1.7457415866291994,MEDIUM,schedule inspection and maintenance planning,156,92,14352,0.2166666666666666,0.1277777777777777,0.0276851851851851,1.6956521739130437,9.57171425857138,False,77.07638888888889,154.15277777777777,308.30555555555554
img-189.jpg,medium_pothole,0.1866846313848268,0.6822206646916378,0.1310947039235352,0.6822206646916378,0.3177793353083622,1.944410072538708,MEDIUM,schedule inspection and maintenance planning,207,134,27738,0.2875,0.1861111111111111,0.0535069444444444,1.544776119402985,10.230594644192363,False,79.01302083333334,158.02604166666669,316.05208333333337
img-19.jpg,medium_pothole,0.2941076207290727,0.6125081411095568,0.0933842381613705,0.6125081411095568,0.3874918588904432,1.7992766174322978,MEDIUM,schedule inspection and maintenance planning,147,112,16464,0.2041666666666666,0.1555555555555555,0.0317592592592592,1.3125,9.708992194810463,False,77.38194444444444,154.76388888888889,309.52777777777777
img-19.jpg,medium_pothole,0.4291785676804958,0.4818732104391066,0.0889482218803975,0.4818732104391066,0.5181267895608934,1.6597696541999014,MEDIUM,schedule inspection and maintenance planning,135,91,12285,0.1875,0.1263888888888888,0.0236979166666666,1.4835164835164836,9.416215681723871,False,76.77734375,153.5546875,307.109375
img-190.jpg,medium_pothole,0.0937433678346532,0.6880417857191593,0.2182148464461873,0.6880417857191593,0.3119582142808407,2.1244714786115337,HIGH,schedule inspection and maintenance planning,311,190,59090,0.4319444444444444,0.2638888888888889,0.1139853395061728,1.636842105263158,10.986833907533804,False,83.54890046296296,167.09780092592592,334.19560185185185
img-190.jpg,medium_pothole,0.3692041773848188,0.5321660927966282,0.0986297298185532,0.5321660927966282,0.4678339072033718,1.7294255524337347,MEDIUM,schedule inspection and maintenance planning,158,87,13746,0.2194444444444444,0.1208333333333333,0.0265162037037037,1.8160919540229885,9.52857589747142,False,76.98871527777777,153.97743055555554,307.9548611111111
img-191.jpg,medium_pothole,0.1899770009197544,0.6715564922725403,0.138466506807705,0.6715564922725403,0.3284435077274596,1.94848950588795,MEDIUM,schedule inspection and maintenance planning,196,159,31164,0.2722222222222222,0.2208333333333333,0.0601157407407407,1.2327044025157232,10.34705094924295,False,79.50868055555554,159.0173611111111,318.0347222222222
img-191.jpg,minor_pothole,0.6255809459951207,0.2863394106633197,0.0880796433415594,0.6255809459951207,0.3744190540048793,1.4624986973464384,MEDIUM,monitor and include in routine maintenance review,121,60,7260,0.1680555555555555,0.0833333333333333,0.0140046296296296,2.0166666666666666,8.890272839380247,False,50.70023148148148,101.40046296296296,202.80092592592592
img-191.jpg,minor_pothole,0.7688989731143747,0.1812602578433944,0.0498407690422307,0.7688989731143747,0.2311010268856252,1.2809417959278555,LOW,monitor and include in routine maintenance review,72,44,3168,0.1,0.0611111111111111,0.0061111111111111,1.6363636363636365,8.06117135969092,False,50.30555555555556,100.61111111111111,201.22222222222223
img-192.jpg,medium_pothole,0.3536202725840222,0.5559643518288793,0.0904153755870985,0.5559643518288793,0.4440356481711207,1.7367951030030762,MEDIUM,schedule inspection and maintenance planning,139,103,14317,0.1930555555555555,0.1430555555555555,0.0276176697530864,1.3495145631067962,9.56927276595613,False,77.07132523148148,154.14265046296296,308.2853009259259
img-193.jpg,minor_pothole,0.7359608311222938,0.1993420756771029,0.0646970932006035,0.7359608311222938,0.2640391688777062,1.32873626207831,LOW,monitor and include in routine maintenance review,89,53,4717,0.1236111111111111,0.0736111111111111,0.0090991512345679,1.679245283018868,8.45914025996762,False,50.4549575617284,100.9099151234568,201.8198302469136
img-193.jpg,minor_pothole,0.7508614219382554,0.1927349793413281,0.0564035987204167,0.7508614219382554,0.2491385780617445,1.3055421767821618,LOW,monitor and include in routine maintenance review,72,38,2736,0.1,0.0527777777777777,0.0052777777777777,1.894736842105263,7.914617709040679,False,50.263888888888886,100.52777777777777,201.05555555555554
img-194.jpg,medium_pothole,0.187455216768139,0.6838338913688932,0.1287108918629679,0.6838338913688932,0.3161661086311068,1.9412556750948289,MEDIUM,schedule inspection and maintenance planning,208,129,26832,0.2888888888888888,0.1791666666666666,0.0517592592592592,1.6124031007751938,10.197387752301138,False,78.88194444444444,157.76388888888889,315.52777777777777
img-195.jpg,medium_pothole,0.4365638126192114,0.4642275048938702,0.0992086824869182,0.4642275048938702,0.5357724951061298,1.6626448698677063,MEDIUM,schedule inspection and maintenance planning,159,72,11448,0.2208333333333333,0.1,0.0220833333333333,2.208333333333333,9.345657668923812,False,76.65624999999999,153.31249999999997,306.62499999999994
img-195.jpg,medium_pothole,0.1129264729824052,0.6739703645393753,0.2131031624782194,0.6739703645393753,0.3260296354606247,2.100176689495814,HIGH,schedule inspection and maintenance planning,255,215,54825,0.3541666666666667,0.2986111111111111,0.1057581018518518,1.186046511627907,10.911919812973826,False,82.93185763888889,165.86371527777777,331.72743055555554
img-196.jpg,medium_pothole,0.1880264110258392,0.6855220517443597,0.1264515372298011,0.6855220517443597,0.3144779482556403,1.9384251262039616,MEDIUM,schedule inspection and maintenance planning,216,115,24840,0.3,0.1597222222222222,0.0479166666666666,1.8782608695652168,10.12025079288605,False,78.59375,157.1875,314.375
img-196.jpg,minor_pothole,0.7629799149837897,0.1899955464153175,0.0470245386008926,0.7629799149837897,0.2370200850162103,1.2840446236171026,LOW,monitor and include in routine maintenance review,65,38,2470,0.0902777777777777,0.0527777777777777,0.0047646604938271,1.7105263157894737,7.81237820598861,False,50.23823302469136,100.47646604938272,200.95293209876544
img-196.jpg,medium_pothole,0.4108933003953003,0.4893484844796142,0.0997582151250853,0.4893484844796142,0.5106515155203858,1.6888649147297847,MEDIUM,schedule inspection and maintenance planning,161,76,12236,0.2236111111111111,0.1055555555555555,0.0236033950617283,2.1184210526315788,9.412219427985669,False,76.77025462962962,153.54050925925924,307.0810185185185
img-197.jpg,medium_pothole,0.3568601791370985,0.5490804446494565,0.0940593762134448,0.5490804446494565,0.4509195553505435,1.7371991970763458,MEDIUM,schedule inspection and maintenance planning,147,97,14259,0.2041666666666666,0.1347222222222222,0.027505787037037,1.5154639175257731,9.565213693968287,False,77.06293402777777,154.12586805555554,308.2517361111111
img-197.jpg,minor_pothole,0.7572473493853142,0.1886804831524975,0.054072167462188,0.7572473493853142,0.2427526506146857,1.296824818076873,LOW,monitor and include in routine maintenance review,80,55,4400,0.1111111111111111,0.0763888888888889,0.0084876543209876,1.4545454545454546,8.38958706681109,False,50.42438271604938,100.84876543209876,201.69753086419752
img-197.jpg,medium_pothole,0.2374688770104468,0.6616662258228292,0.1008648971667235,0.6616662258228292,0.3383337741771708,1.863396020156276,MEDIUM,schedule inspection and maintenance planning,159,124,19716,0.2208333333333333,0.1722222222222222,0.0380324074074074,1.282258064516129,9.889236486766269,False,77.85243055555556,155.70486111111111,311.40972222222223
img-198.jpg,minor_pothole,0.5085619260223327,0.3908000704985919,0.1006380034790748,0.5085619260223327,0.4914380739776672,1.592076077456741,MEDIUM,schedule inspection and maintenance planning,155,53,8215,0.2152777777777778,0.0736111111111111,0.015846836419753,2.9245283018867925,9.013838751608397,False,50.79234182098765,101.5846836419753,203.1693672839506
img-198.jpg,medium_pothole,0.2055273295952728,0.6748795802561115,0.1195930901486158,0.6748795802561115,0.3251204197438885,1.9140657605533435,MEDIUM,schedule inspection and maintenance planning,227,83,18841,0.3152777777777777,0.1152777777777777,0.0363445216049382,2.7349397590361444,9.843843699608612,False,77.72583912037037,155.45167824074073,310.90335648148147
img-198.jpg,minor_pothole,0.7762426261534894,0.1922647162085037,0.0314926576380069,0.7762426261534894,0.2237573738465106,1.2552500314845174,LOW,monitor and include in routine maintenance review,50,40,2000,0.0694444444444444,0.0555555555555555,0.003858024691358,1.25,7.601402334583733,False,50.1929012345679,100.3858024691358,200.7716049382716
img-198.jpg,medium_pothole,0.1806063037429701,0.6898178658967733,0.1295758303602564,0.6898178658967733,0.3101821341032267,1.948969526617286,MEDIUM,schedule inspection and maintenance planning,230,105,24150,0.3194444444444444,0.1458333333333333,0.0465856481481481,2.1904761904761907,10.092081066090932,False,78.49392361111111,156.98784722222223,313.97569444444446
img-199.jpg,medium_pothole,0.1843807414426739,0.6417754123795244,0.1738438461778017,0.6417754123795244,0.3582245876204756,1.989463104735128,MEDIUM,schedule inspection and maintenance planning,182,240,43680,0.2527777777777777,0.3333333333333333,0.0842592592592592,0.7583333333333333,10.684668503929622,False,81.31944444444444,162.63888888888889,325.27777777777777
img-199.jpg,minor_pothole,0.5129902066866978,0.4112997932308088,0.0757100000824932,0.5129902066866978,0.4870097933133022,1.562719793395795,MEDIUM,schedule inspection and maintenance planning,109,94,10246,0.1513888888888888,0.1305555555555555,0.0197646604938271,1.1595744680851063,9.234740258799718,False,50.988233024691354,101.97646604938271,203.95293209876542
img-2.jpg,medium_pothole,0.3730190619253309,0.531154159256543,0.0958267788181261,0.531154159256543,0.468845840743457,1.722807716892795,MEDIUM,schedule inspection and maintenance planning,151,91,13741,0.2097222222222222,0.1263888888888888,0.0265065586419753,1.6593406593406594,9.52821211559102,False,76.98799189814814,153.97598379629628,307.95196759259255
img-2.jpg,minor_pothole,0.6121626038968659,0.3177343850870787,0.0701030110160556,0.6121626038968659,0.387837396103134,1.4579404071191902,MEDIUM,monitor and include in routine maintenance review,99,83,8217,0.1375,0.1152777777777777,0.0158506944444444,1.1927710843373494,9.014082149443356,False,50.792534722222214,101.58506944444443,203.17013888888886
img-2.jpg,minor_pothole,0.7279285548334252,0.2285519776632574,0.0435194675033174,0.7279285548334252,0.2720714451665748,1.3155909126698924,LOW,monitor and include in routine maintenance review,67,80,5360,0.0930555555555555,0.1111111111111111,0.0103395061728395,0.8375,8.586905803827538,False,50.516975308641975,101.03395061728395,202.0679012345679
img-20.jpg,minor_pothole,0.6354796944941775,0.2819302547742932,0.0825900507315294,0.6354796944941775,0.3645203055058225,1.447110356237352,MEDIUM,monitor and include in routine maintenance review,114,65,7410,0.1583333333333333,0.0902777777777777,0.0142939814814814,1.7538461538461538,8.910720661951359,False,50.71469907407406,101.42939814814812,202.85879629629625
img-20.jpg,minor_pothole,0.7828104080941959,0.1783515131052937,0.0388380788005102,0.7828104080941959,0.2171895919058041,1.2560276707063138,LOW,monitor and include in routine maintenance review,62,44,2728,0.0861111111111111,0.0611111111111111,0.0052623456790123,1.4090909090909092,7.911690520708339,False,50.26311728395062,100.52623456790124,201.05246913580248
img-20.jpg,medium_pothole,0.2346489458607331,0.6619645724788216,0.1033864816604456,0.6619645724788216,0.3380354275211784,1.868737535799713,MEDIUM,schedule inspection and maintenance planning,165,121,19965,0.2291666666666666,0.1680555555555555,0.0385127314814814,1.3636363636363635,9.90178610589637,False,77.88845486111111,155.77690972222223,311.55381944444446
img-200.jpg,minor_pothole,0.7389745684674968,0.1944226779710705,0.0666027535614325,0.7389745684674968,0.2610254315325032,1.327628185093935,LOW,monitor and include in routine maintenance review,86,45,3870,0.1194444444444444,0.0625,0.0074652777777777,1.9111111111111112,8.261268150577648,False,50.373263888888886,100.74652777777777,201.49305555555554
img-200.jpg,minor_pothole,0.5325278396588954,0.3772128130671047,0.090259347274,0.5325278396588954,0.4674721603411046,1.5577315076151046,MEDIUM,schedule inspection and maintenance planning,133,73,9709,0.1847222222222222,0.1013888888888888,0.0187287808641975,1.821917808219178,9.18091156128537,False,50.93643904320988,101.87287808641976,203.74575617283952
img-200.jpg,minor_pothole,0.6663958060383075,0.2592181798462276,0.074386014115465,0.6663958060383075,0.3336041939616925,1.4079902080771576,MEDIUM,monitor and include in routine maintenance review,103,67,6901,0.1430555555555555,0.0930555555555555,0.0133121141975308,1.537313432835821,8.839566503657949,False,50.66560570987654,101.33121141975307,202.66242283950615
img-200.jpg,minor_pothole,0.7866595787063403,0.182481625293529,0.0308587960001305,0.7866595787063403,0.2133404212936597,1.2441992172937897,LOW,monitor and include in routine maintenance review,55,64,3520,0.0763888888888889,0.0888888888888888,0.0067901234567901,0.859375,8.166500319155052,False,50.339506172839506,100.67901234567901,201.35802469135803
img-201.jpg,medium_pothole,0.1073203336166491,0.6778994719027496,0.2147801944806013,0.6778994719027496,0.3221005280972504,2.107459860863952,HIGH,schedule inspection and maintenance planning,370,292,108040,0.5138888888888888,0.4055555555555555,0.2084104938271604,1.2671232876712328,11.59026606369489,False,90.63078703703704,181.26157407407408,362.52314814814815
img-202.jpg,minor_pothole,0.7033995131500187,0.2421902943043707,0.0544101925456103,0.7033995131500187,0.2966004868499813,1.351010679395591,LOW,monitor and include in routine maintenance review,80,77,6160,0.1111111111111111,0.1069444444444444,0.0118827160493827,1.0389610389610389,8.725994381014571,False,50.59413580246913,101.18827160493827,202.37654320987653
img-202.jpg,minor_pothole,0.5357390885114196,0.3796080971469067,0.0846528143416739,0.5357390885114196,0.4642609114885804,1.5489137258302548,MEDIUM,schedule inspection and maintenance planning,123,80,9840,0.1708333333333333,0.1111111111111111,0.0189814814814814,1.5375,9.194312610898985,False,50.949074074074076,101.89814814814815,203.7962962962963
img-202.jpg,minor_pothole,0.6670812313459512,0.2492919483042915,0.0836268203497569,0.6670812313459512,0.3329187686540488,1.416545589003805,MEDIUM,monitor and include in routine maintenance review,111,56,6216,0.1541666666666666,0.0777777777777777,0.0119907407407407,1.9821428571428568,8.735042754269337,False,50.59953703703704,101.19907407407408,202.39814814814815
img-202.jpg,minor_pothole,0.5121480657576859,0.425271825827651,0.0625801084146629,0.5121480657576859,0.4878519342423141,1.5504320426569764,MEDIUM,schedule inspection and maintenance planning,86,111,9546,0.1194444444444444,0.1541666666666666,0.0184143518518518,0.7747747747747747,9.163982247998034,False,50.92071759259259,101.84143518518518,203.68287037037035
img-202.jpg,minor_pothole,0.7949277872362737,0.176497344001158,0.0285748687625683,0.7949277872362737,0.2050722127637263,1.2336470815262943,LOW,monitor and include in routine maintenance review,52,55,2860,0.0722222222222222,0.0763888888888889,0.0055169753086419,0.9454545454545454,7.95892649305011,False,50.275848765432094,100.55169753086419,201.10339506172838
img-202.jpg,minor_pothole,0.6437169174701068,0.3136677831368546,0.0426152993930387,0.6437169174701068,0.3562830825298931,1.398898381922932,LOW,monitor and include in routine maintenance review,56,108,6048,0.0777777777777777,0.15,0.0116666666666666,0.5185185185185185,8.707648248106914,False,50.58333333333332,101.16666666666664,202.3333333333333
img-202.jpg,minor_pothole,0.7721995400124181,0.1792092310288371,0.0485912289587446,0.7721995400124181,0.2278004599875819,1.276391688946326,LOW,monitor and include in routine maintenance review,73,48,3504,0.1013888888888888,0.0666666666666666,0.0067592592592592,1.5208333333333333,8.16194579946869,False,50.337962962962955,100.67592592592591,201.35185185185182
img-203.jpg,medium_pothole,0.169323893050992,0.6925164160967443,0.1381596908522637,0.6925164160967443,0.3074835839032557,1.968835797801272,MEDIUM,schedule inspection and maintenance planning,240,107,25680,0.3333333333333333,0.1486111111111111,0.049537037037037,2.242990654205608,10.153506697855692,False,78.71527777777777,157.43055555555554,314.8611111111111
img-203.jpg,minor_pothole,0.774496337306072,0.1866901887149032,0.0388134739790245,0.774496337306072,0.2255036626939279,1.264317136672952,LOW,monitor and include in routine maintenance review,65,64,4160,0.0902777777777777,0.0888888888888888,0.0080246913580246,1.015625,8.333510708982942,False,50.401234567901234,100.80246913580247,201.60493827160494
img-203.jpg,medium_pothole,0.2343597116252581,0.6511712184062353,0.1144690699685063,0.6511712184062353,0.3488287815937647,1.8801093583432475,MEDIUM,schedule inspection and maintenance planning,201,94,18894,0.2791666666666667,0.1305555555555555,0.0364467592592592,2.1382978723404253,9.84665261578359,False,77.73350694444444,155.46701388888889,310.93402777777777
img-204.jpg,medium_pothole,0.2065392202029261,0.6851288854777012,0.1083318943193726,0.6851288854777012,0.3148711145222987,1.9017926741164464,MEDIUM,schedule inspection and maintenance planning,168,140,23520,0.2333333333333333,0.1944444444444444,0.0453703703703703,1.2,10.065648918115544,False,78.40277777777777,156.80555555555554,313.6111111111111
img-204.jpg,medium_pothole,0.2097191567779719,0.6834818292438247,0.1067990139782033,0.6834818292438247,0.3165181707561753,1.8970798572002312,MEDIUM,schedule inspection and maintenance planning,166,138,22908,0.2305555555555555,0.1916666666666666,0.0441898148148148,1.2028985507246377,10.039285125433349,False,78.31423611111111,156.62847222222223,313.25694444444446
img-205.jpg,medium_pothole,0.116025409124277,0.6853587565785106,0.1986158342972122,0.6853587565785106,0.3146412434214893,2.082590425172935,HIGH,schedule inspection and maintenance planning,441,218,96138,0.6125,0.3027777777777777,0.1854513888888889,2.022935779816514,11.47355033989604,False,88.90885416666667,177.81770833333334,355.6354166666667
img-205.jpg,medium_pothole,0.0937251306254871,0.6870821512928871,0.2191927180816259,0.6870821512928871,0.3129178487071129,2.125467587456139,HIGH,schedule inspection and maintenance planning,326,195,63570,0.4527777777777778,0.2708333333333333,0.1226273148148148,1.671794871794872,11.059912670497306,False,84.1970486111111,168.3940972222222,336.7881944444444
img-206.jpg,medium_pothole,0.1033710061281107,0.6833015616094829,0.2133274322624062,0.6833015616094829,0.3166984383905171,2.109956426134295,HIGH,schedule inspection and maintenance planning,271,173,46883,0.3763888888888889,0.2402777777777777,0.0904378858024691,1.5664739884393064,10.75543174484307,False,81.78284143518518,163.56568287037035,327.1313657407407
img-206.jpg,minor_pothole,0.4666810287254992,0.4330494852296978,0.1002694860448029,0.4666810287254992,0.5333189712745008,1.6335884573193034,MEDIUM,schedule inspection and maintenance planning,161,62,9982,0.2236111111111111,0.0861111111111111,0.0192554012345679,2.596774193548387,9.208638925336423,False,50.96277006172839,101.92554012345678,203.85108024691357
img-207.jpg,medium_pothole,0.1471439938656806,0.6618760895030672,0.1909799166312525,0.6618760895030672,0.3381239104969328,2.0438359227655725,HIGH,schedule inspection and maintenance planning,371,234,86814,0.5152777777777777,0.325,0.1674652777777777,1.5854700854700854,11.371534696778236,False,87.55989583333333,175.11979166666666,350.2395833333333
img-207.jpg,medium_pothole,0.2032785769717135,0.687720433272456,0.1090009897558304,0.687720433272456,0.312279566727544,1.9057224127841168,MEDIUM,schedule inspection and maintenance planning,165,150,24750,0.2291666666666666,0.2083333333333333,0.0477430555555555,1.1,10.11662117122102,False,78.58072916666667,157.16145833333334,314.3229166666667
img-208.jpg,medium_pothole,0.2184301147771797,0.6788312191183644,0.1027386661044558,0.6788312191183644,0.3211687808816356,1.884308551327276,MEDIUM,schedule inspection and maintenance planning,159,136,21624,0.2208333333333333,0.1888888888888888,0.0417129629629629,1.1691176470588236,9.98160533180008,False,78.12847222222221,156.25694444444443,312.51388888888886
img-208.jpg,medium_pothole,0.2729656556440857,0.6430659178329363,0.0839684265229779,0.6430659178329363,0.3569340821670637,1.811002770878892,MEDIUM,schedule inspection and maintenance planning,118,143,16874,0.1638888888888889,0.1986111111111111,0.0325501543209876,0.8251748251748252,9.733588515740731,False,77.44126157407408,154.88252314814815,309.7650462962963
img-208.jpg,medium_pothole,0.2186692034658714,0.6823227843990411,0.0990080121350875,0.6823227843990411,0.3176772156009588,1.8803388086692163,MEDIUM,schedule inspection and maintenance planning,148,147,21756,0.2055555555555555,0.2041666666666666,0.0419675925925925,1.0068027210884354,9.987690823818202,False,78.14756944444443,156.29513888888886,312.5902777777777
img-209.jpg,medium_pothole,0.1614624360892645,0.6485475337542205,0.1899900301565148,0.6485475337542205,0.3514524662457795,2.02852759406725,HIGH,schedule inspection and maintenance planning,210,193,40530,0.2916666666666667,0.2680555555555555,0.0781828703703703,1.0880829015544042,10.609822392399646,False,80.86371527777779,161.72743055555557,323.45486111111114
img-21.jpg,medium_pothole,0.2021764749552044,0.644399858379621,0.1534236666651744,0.644399858379621,0.355600141620379,1.9512471917099696,MEDIUM,schedule inspection and maintenance planning,260,272,70720,0.3611111111111111,0.3777777777777777,0.1364197530864197,0.9558823529411764,11.166497837483046,False,85.23148148148148,170.46296296296296,340.9259259259259
img-21.jpg,medium_pothole,0.2405178457585417,0.6596118235231975,0.099870330718261,0.6596118235231975,0.3403881764768025,1.85935248495972,MEDIUM,schedule inspection and maintenance planning,157,124,19468,0.2180555555555555,0.1722222222222222,0.037554012345679,1.2661290322580645,9.87657873597891,False,77.81655092592592,155.63310185185185,311.2662037037037
img-210.jpg,medium_pothole,0.1044625768072736,0.640526562619645,0.2550108605730816,0.640526562619645,0.359473437380355,2.1505482837658088,HIGH,schedule inspection and maintenance planning,324,332,107568,0.45,0.4611111111111111,0.2075,0.9759036144578314,11.585887781110646,False,90.5625,181.125,362.25
img-210.jpg,minor_pothole,0.5051934343324465,0.4120741556546265,0.0827324100129271,0.5051934343324465,0.4948065656675535,1.5775389756804807,MEDIUM,schedule inspection and maintenance planning,121,87,10527,0.1680555555555555,0.1208333333333333,0.0203067129629629,1.3908045977011494,9.261793653565098,False,51.01533564814814,102.03067129629628,204.06134259259255
img-211.jpg,medium_pothole,0.0942156341204981,0.6893329720708317,0.21645139380867,0.6893329720708317,0.3106670279291683,2.122235759688172,HIGH,schedule inspection and maintenance planning,298,176,52448,0.4138888888888888,0.2444444444444444,0.1011728395061728,1.693181818181818,10.86759654786576,False,82.58796296296296,165.17592592592592,330.35185185185185
img-212.jpg,medium_pothole,0.1792211731236762,0.6487668175089265,0.172012009367397,0.6487668175089265,0.3512331824910735,1.99279083624372,MEDIUM,schedule inspection and maintenance planning,201,186,37386,0.2791666666666667,0.2583333333333333,0.0721180555555555,1.0806451612903225,10.529078329395084,False,80.40885416666666,160.81770833333331,321.63541666666663
img-213.jpg,medium_pothole,0.1313939245571048,0.6614813694436329,0.2071247059992622,0.6614813694436329,0.3385186305563671,2.0757307814421573,HIGH,schedule inspection and maintenance planning,228,202,46056,0.3166666666666666,0.2805555555555555,0.0888425925925926,1.1287128712871286,10.737635038817514,False,81.66319444444444,163.32638888888889,326.65277777777777
img-214.jpg,medium_pothole,0.2795952869241672,0.6269915079674848,0.0934132051083477,0.6269915079674848,0.3730084920325152,1.81381791818418,MEDIUM,schedule inspection and maintenance planning,146,117,17082,0.2027777777777777,0.1625,0.0329513888888888,1.247863247863248,9.745839095947058,False,77.47135416666666,154.94270833333331,309.88541666666663
img-215.jpg,medium_pothole,0.2058303090651061,0.6846390322539821,0.1095306586809113,0.6846390322539821,0.3153609677460178,1.9037003496158045,MEDIUM,schedule inspection and maintenance planning,158,171,27018,0.2194444444444444,0.2375,0.0521180555555555,0.9239766081871345,10.204295601206814,False,78.90885416666667,157.81770833333334,315.6354166666667
img-216.jpg,medium_pothole,0.2809345232111326,0.6118040505650008,0.1072614262238666,0.6118040505650008,0.3881959494349992,1.826326903012734,MEDIUM,schedule inspection and maintenance planning,183,91,16653,0.2541666666666666,0.1263888888888888,0.0321238425925925,2.010989010989011,9.720405706795765,False,77.40928819444444,154.81857638888889,309.63715277777777
img-216.jpg,medium_pothole,0.4142299433493595,0.4922661488411339,0.0935039078095064,0.4922661488411339,0.507733851158866,1.6792739644601464,MEDIUM,schedule inspection and maintenance planning,145,87,12615,0.2013888888888889,0.1208333333333333,0.0243344907407407,1.6666666666666667,9.442721128642876,False,76.82508680555556,153.65017361111111,307.30034722222223
img-216.jpg,minor_pothole,0.7127619630190062,0.2145949147716098,0.0726431222093836,0.7127619630190062,0.2872380369809938,1.3598811591903766,LOW,monitor and include in routine maintenance review,97,54,5238,0.1347222222222222,0.075,0.0101041666666666,1.7962962962962965,8.56388591940822,False,50.50520833333333,101.01041666666666,202.02083333333331
img-217.jpg,minor_pothole,0.5187808248099745,0.4137902360176453,0.0674289391723801,0.5187808248099745,0.4812191751900255,1.5486481143624051,MEDIUM,schedule inspection and maintenance planning,95,103,9785,0.1319444444444444,0.1430555555555555,0.0188753858024691,0.9223300970873788,9.188708071849067,False,50.943769290123456,101.88753858024691,203.77507716049382
img-217.jpg,minor_pothole,0.6957788918098773,0.2455415370514096,0.0586795711387129,0.6957788918098773,0.3042211081901227,1.3629006793288352,LOW,monitor and include in routine maintenance review,85,75,6375,0.1180555555555555,0.1041666666666666,0.0122974537037037,1.1333333333333333,8.760296220470051,False,50.61487268518518,101.22974537037037,202.45949074074073
img-218.jpg,medium_pothole,0.2058303090651061,0.6846390322539821,0.1095306586809113,0.6846390322539821,0.3153609677460178,1.9037003496158045,MEDIUM,schedule inspection and maintenance planning,158,171,27018,0.2194444444444444,0.2375,0.0521180555555555,0.9239766081871345,10.204295601206814,False,78.90885416666667,157.81770833333334,315.6354166666667
img-218.jpg,minor_pothole,0.7152818050973458,0.2092381949528672,0.0754799999497868,0.7152818050973458,0.2847181949026541,1.3601981948524406,LOW,monitor and include in routine maintenance review,96,48,4608,0.1333333333333333,0.0666666666666666,0.0088888888888888,2.0,8.435766192720509,False,50.444444444444436,100.88888888888887,201.77777777777774
img-219.jpg,medium_pothole,0.0896382223268295,0.7063168962209668,0.2040448814522037,0.7063168962209668,0.2936831037790331,2.1144066591253745,HIGH,schedule inspection and maintenance planning,302,138,41676,0.4194444444444444,0.1916666666666666,0.0803935185185185,2.188405797101449,10.637704696869411,False,81.02951388888889,162.05902777777777,324.11805555555554
img-22.jpg,medium_pothole,0.2073010246749997,0.633944155336258,0.158754819988742,0.633944155336258,0.3660558446637419,1.9514537953137416,MEDIUM,schedule inspection and maintenance planning,165,254,41910,0.2291666666666666,0.3527777777777778,0.0808449074074074,0.6496062992125984,10.643303601288238,False,81.06336805555556,162.12673611111111,324.25347222222223
img-220.jpg,medium_pothole,0.1037881371609111,0.6828092736436006,0.2134025891954883,0.6828092736436006,0.3171907263563994,2.109614452034577,HIGH,schedule inspection and maintenance planning,270,174,46980,0.375,0.2416666666666666,0.090625,1.5517241379310345,10.757498543639835,False,81.796875,163.59375,327.1875
img-220.jpg,medium_pothole,0.388955946419105,0.509365824597893,0.1016782289830018,0.509365824597893,0.4906341754021069,1.7127222825638966,MEDIUM,schedule inspection and maintenance planning,167,76,12692,0.2319444444444444,0.1055555555555555,0.024483024691358,2.1973684210526314,9.448805939388178,False,76.83622685185186,153.67245370370372,307.34490740740745
img-221.jpg,minor_pothole,0.4757852383192638,0.4370728272786863,0.0871419344020495,0.4757852383192638,0.5242147616807362,1.6113566960827848,MEDIUM,schedule inspection and maintenance planning,130,86,11180,0.1805555555555555,0.1194444444444444,0.0215663580246913,1.5116279069767442,9.321971188147367,False,51.07831790123456,102.15663580246913,204.31327160493825
img-221.jpg,minor_pothole,0.7576348019889323,0.2122173608569193,0.0301478371541484,0.7576348019889323,0.2423651980110677,1.272513035165216,LOW,monitor and include in routine maintenance review,43,37,1591,0.0597222222222222,0.0513888888888888,0.0030690586419753,1.162162162162162,7.372746366404328,False,50.153452932098766,100.30690586419753,200.61381172839506
img-222.jpg,medium_pothole,0.1860840092558143,0.650694516378191,0.1632214743659947,0.650694516378191,0.349305483621809,1.9771374651101803,MEDIUM,schedule inspection and maintenance planning,191,275,52525,0.2652777777777778,0.3819444444444444,0.1013213734567901,0.6945454545454546,10.86906356408504,False,82.59910300925927,165.19820601851853,330.39641203703707
img-223.jpg,medium_pothole,0.4081928629381173,0.516320334031239,0.0754868030306439,0.516320334031239,0.483679665968761,1.667293940092527,MEDIUM,schedule inspection and maintenance planning,109,113,12317,0.1513888888888888,0.1569444444444444,0.0237596450617283,0.9646017699115044,9.418816886246988,False,76.78197337962962,153.56394675925924,307.1278935185185
img-224.jpg,medium_pothole,0.1803130144179333,0.6547733281744406,0.1649136574076258,0.6547733281744406,0.3452266718255594,1.984600642989692,MEDIUM,schedule inspection and maintenance planning,206,171,35226,0.2861111111111111,0.2375,0.0679513888888889,1.2046783625730997,10.469568113011716,False,80.09635416666667,160.19270833333334,320.3854166666667
img-225.jpg,minor_pothole,0.5967260082027129,0.3468500952689664,0.0564238965283205,0.5967260082027129,0.403273991797287,1.459697888325607,MEDIUM,monitor and include in routine maintenance review,38,20,760,0.0527777777777777,0.0277777777777777,0.001466049382716,1.9,6.634633357861686,False,50.073302469135804,100.14660493827161,200.29320987654322
img-225.jpg,minor_pothole,0.6344916131740501,0.2928799584038282,0.0726284284221217,0.6344916131740501,0.3655083868259499,1.4381368152480716,MEDIUM,monitor and include in routine maintenance review,102,76,7752,0.1416666666666666,0.1055555555555555,0.0149537037037037,1.3421052631578947,8.955835144218959,False,50.74768518518519,101.49537037037038,202.99074074074076
img-225.jpg,minor_pothole,0.7155826868650121,0.2248149087617752,0.0596024043732126,0.7155826868650121,0.2844173131349878,1.3440197175082005,LOW,monitor and include in routine maintenance review,63,30,1890,0.0875,0.0416666666666666,0.0036458333333333,2.1,7.544861068658458,False,50.182291666666664,100.36458333333333,200.72916666666666
img-225.jpg,minor_pothole,0.5565058030524934,0.3880299969462784,0.0554642000012283,0.5565058030524934,0.4434941969475066,1.498958396948735,MEDIUM,monitor and include in routine maintenance review,30,19,570,0.0416666666666666,0.0263888888888888,0.001099537037037,1.5789473684210529,6.3473892096560105,False,50.05497685185185,100.1099537037037,200.2199074074074
img-226.jpg,medium_pothole,0.1260731071908481,0.6682845766838126,0.2056423161253392,0.6682845766838126,0.3317154233161874,2.079569208934491,HIGH,schedule inspection and maintenance planning,247,166,41002,0.3430555555555555,0.2305555555555555,0.0790933641975308,1.4879518072289155,10.621400513741303,False,80.93200231481481,161.86400462962962,323.72800925925924
img-227.jpg,medium_pothole,0.1251252027606991,0.6882049356730178,0.1866698615662831,0.6882049356730178,0.3117950643269822,2.061544658805584,HIGH,schedule inspection and maintenance planning,267,128,34176,0.3708333333333333,0.1777777777777777,0.0659259259259259,2.0859375,10.439308182191418,False,79.94444444444444,159.88888888888889,319.77777777777777
img-227.jpg,major_pothole,0.1057374491347201,0.1867322676207227,0.707530283244557,0.707530283244557,0.292469716755443,2.601792834109837,CRITICAL,prioritize inspection/maintenance review,694,181,125614,0.9638888888888888,0.2513888888888889,0.2423109567901234,3.834254143646409,11.740976952637022,False,186.3466435185185,372.693287037037,745.386574074074
img-228.jpg,medium_pothole,0.1304037835821901,0.6620539978435612,0.2075422185742485,0.6620539978435612,0.3379460021564388,2.077138434992058,HIGH,schedule inspection and maintenance planning,230,198,45540,0.3194444444444444,0.275,0.0878472222222222,1.1616161616161615,10.726368298094252,False,81.58854166666666,163.17708333333331,326.35416666666663
img-229.jpg,minor_pothole,0.5951593391068586,0.3199405285915161,0.0849001323016252,0.5951593391068586,0.4048406608931414,1.4897407931947664,MEDIUM,monitor and include in routine maintenance review,120,70,8400,0.1666666666666666,0.0972222222222222,0.0162037037037037,1.7142857142857142,9.036106025364846,False,50.81018518518518,101.62037037037037,203.24074074074073
img-229.jpg,medium_pothole,0.251817427911314,0.6439226508001752,0.1042599212885109,0.6439226508001752,0.3560773491998248,1.8524424933771968,MEDIUM,schedule inspection and maintenance planning,170,110,18700,0.2361111111111111,0.1527777777777778,0.0360725308641975,1.5454545454545454,9.83633227734872,False,77.70543981481482,155.41087962962965,310.8217592592593
img-229.jpg,medium_pothole,0.3172455567283456,0.5992346328842921,0.0835198103873619,0.5992346328842921,0.4007653671157078,1.7662742536590157,MEDIUM,schedule inspection and maintenance planning,123,123,15129,0.1708333333333333,0.1708333333333333,0.0291840277777777,1.0,9.624434806782402,False,77.18880208333333,154.37760416666666,308.7552083333333
img-23.jpg,medium_pothole,0.0783785163306936,0.6367403972105008,0.2848810864588053,0.6367403972105008,0.3632596027894992,2.206502570128111,HIGH,schedule inspection and maintenance planning,432,149,64368,0.6,0.2069444444444444,0.1241666666666666,2.8993288590604025,11.07238742973879,False,84.31249999999999,168.62499999999997,337.24999999999994
img-23.jpg,minor_pothole,0.6863045102387565,0.2567534560864154,0.0569420336748279,0.6863045102387565,0.3136954897612435,1.370637523436071,LOW,monitor and include in routine maintenance review,54,26,1404,0.075,0.0361111111111111,0.0027083333333333,2.076923076923077,7.247792581767846,False,50.135416666666664,100.27083333333333,200.54166666666666
img-23.jpg,minor_pothole,0.7672164686162098,0.1855063927379531,0.0472771386458372,0.7672164686162098,0.2327835313837901,1.2800606700296275,LOW,monitor and include in routine maintenance review,67,40,2680,0.0930555555555555,0.0555555555555555,0.0051697530864197,1.675,7.893945138235959,False,50.25848765432098,100.51697530864196,201.03395061728392
img-23.jpg,medium_pothole,0.1996269038571241,0.6863775526637595,0.1139955434791164,0.6863775526637595,0.3136224473362404,1.9143686396219923,MEDIUM,schedule inspection and maintenance planning,170,160,27200,0.2361111111111111,0.2222222222222222,0.0524691358024691,1.0625,10.211009016314168,False,78.93518518518519,157.87037037037038,315.74074074074076
img-23.jpg,minor_pothole,0.4921018862203418,0.4057235833919853,0.1021745303876729,0.4921018862203418,0.5078981137796582,1.6100726441673312,MEDIUM,schedule inspection and maintenance planning,159,51,8109,0.2208333333333333,0.0708333333333333,0.0156423611111111,3.117647058823529,9.000853147109458,False,50.78211805555556,101.56423611111111,203.12847222222223
img-230.jpg,medium_pothole,0.178951991660266,0.6844882737550405,0.1365597345846933,0.6844882737550405,0.3155117262449595,1.957607742924427,MEDIUM,schedule inspection and maintenance planning,224,121,27104,0.3111111111111111,0.1680555555555555,0.0522839506172839,1.851239669421488,10.207473491694438,False,78.92129629629629,157.84259259259258,315.68518518518516
img-230.jpg,minor_pothole,0.6774054932563924,0.2315553934510091,0.0910391132925983,0.6774054932563924,0.3225945067436075,1.4136336200362054,MEDIUM,monitor and include in routine maintenance review,86,33,2838,0.1194444444444444,0.0458333333333333,0.005474537037037,2.606060606060606,7.951207156472972,False,50.273726851851855,100.54745370370371,201.09490740740742
img-230.jpg,minor_pothole,0.5987808716066452,0.2906485191091628,0.1105706092841921,0.5987808716066452,0.4012191283933548,1.511789737677547,MEDIUM,schedule inspection and maintenance planning,71,24,1704,0.0986111111111111,0.0333333333333333,0.003287037037037,2.958333333333333,7.4413203897176174,False,50.164351851851855,100.32870370370371,200.65740740740742
img-231.jpg,medium_pothole,0.1346821180058709,0.6621321861045051,0.2031856958896239,0.6621321861045051,0.3378678138954949,2.068503577883753,HIGH,schedule inspection and maintenance planning,238,171,40698,0.3305555555555555,0.2375,0.0785069444444444,1.391812865497076,10.613958801104268,False,80.88802083333333,161.77604166666666,323.5520833333333
img-231.jpg,minor_pothole,0.6417484003354975,0.2542889266875343,0.1039626729769679,0.6417484003354975,0.3582515996645025,1.4622142726414695,MEDIUM,monitor and include in routine maintenance review,86,30,2580,0.1194444444444444,0.0416666666666666,0.0049768518518518,2.8666666666666667,7.855932199718614,False,50.24884259259259,100.49768518518518,200.99537037037035
img-232.jpg,minor_pothole,0.6658683267453308,0.2685032719482898,0.0656284013063793,0.6658683267453308,0.3341316732546692,1.3997600745610483,LOW,monitor and include in routine maintenance review,93,76,7068,0.1291666666666666,0.1055555555555555,0.0136342592592592,1.2236842105263157,8.863474306170954,False,50.681712962962955,101.36342592592591,202.72685185185182
img-232.jpg,medium_pothole,0.2007588841714554,0.6815885417869805,0.1176525740415638,0.6815885417869805,0.3184114582130195,1.916893689870108,MEDIUM,schedule inspection and maintenance planning,170,169,28730,0.2361111111111111,0.2347222222222222,0.055420524691358,1.0059171597633136,10.265731958189727,False,79.15653935185185,158.3130787037037,316.6261574074074
img-232.jpg,minor_pothole,0.6939810950704031,0.2642642500356453,0.0417546548939512,0.6939810950704031,0.3060189049295969,1.3477735598235472,LOW,monitor and include in routine maintenance review,43,27,1161,0.0597222222222222,0.0375,0.0022395833333333,1.5925925925925926,7.057897937411856,False,50.111979166666664,100.22395833333333,200.44791666666666
img-232.jpg,minor_pothole,0.7716004526725543,0.1832555763457633,0.0451439709816825,0.7716004526725543,0.2283995473274457,1.2735435183091284,LOW,monitor and include in routine maintenance review,66,41,2706,0.0916666666666666,0.0569444444444444,0.0052199074074074,1.6097560975609757,7.903596289614301,False,50.26099537037037,100.52199074074073,201.04398148148147
img-233.jpg,medium_pothole,0.1881759728937203,0.6743542710464474,0.1374697560598323,0.6743542710464474,0.3256457289535526,1.949293783166112,MEDIUM,schedule inspection and maintenance planning,200,152,30400,0.2777777777777778,0.2111111111111111,0.0586419753086419,1.3157894736842106,10.322230781590136,False,79.39814814814815,158.7962962962963,317.5925925925926
img-233.jpg,minor_pothole,0.776658925236657,0.1812242148336572,0.0421168599296856,0.776658925236657,0.2233410747633429,1.265457934693028,LOW,monitor and include in routine maintenance review,64,42,2688,0.0888888888888888,0.0583333333333333,0.0051851851851851,1.5238095238095235,7.896924656268864,False,50.25925925925926,100.51851851851852,201.03703703703704
img-234.jpg,minor_pothole,0.5781512799305907,0.3430943746766758,0.0787543453927335,0.5781512799305907,0.4218487200694093,1.5006030654621427,MEDIUM,schedule inspection and maintenance planning,112,80,8960,0.1555555555555555,0.1111111111111111,0.0172839506172839,1.4,9.10063710688422,False,50.864197530864196,101.72839506172839,203.45679012345678
img-235.jpg,medium_pothole,0.2021289566773907,0.639294055001676,0.1585769883209334,0.639294055001676,0.360705944998324,1.9564480316435429,MEDIUM,schedule inspection and maintenance planning,275,267,73425,0.3819444444444444,0.3708333333333333,0.1416377314814814,1.0299625468164797,11.20403337531354,False,85.6228298611111,171.2456597222222,342.4913194444444
img-236.jpg,medium_pothole,0.2418960900468984,0.6559655810448191,0.1021383289082826,0.6559655810448191,0.3440344189551809,1.8602422388613844,MEDIUM,schedule inspection and maintenance planning,163,119,19397,0.2263888888888889,0.1652777777777777,0.0374170524691358,1.369747899159664,9.872925246953487,False,77.80627893518518,155.61255787037035,311.2251157407407
img-236.jpg,minor_pothole,0.5914009790868893,0.3273805096490665,0.0812185112640442,0.5914009790868893,0.4085990209131107,1.4898175321771547,MEDIUM,monitor and include in routine maintenance review,115,75,8625,0.1597222222222222,0.1041666666666666,0.0166377314814814,1.5333333333333334,9.062536177207788,False,50.83188657407407,101.66377314814814,203.32754629629628
img-236.jpg,medium_pothole,0.1428643613727478,0.6552704206592513,0.2018652179680008,0.6552704206592513,0.3447295793407486,2.0590008565952527,HIGH,schedule inspection and maintenance planning,221,196,43316,0.3069444444444444,0.2722222222222222,0.0835570987654321,1.1275510204081634,10.67630044663933,False,81.26678240740742,162.53356481481484,325.0671296296297
img-237.jpg,medium_pothole,0.1092914113108189,0.676651897557532,0.2140566911316491,0.676651897557532,0.323348102442468,2.10476527982083,HIGH,schedule inspection and maintenance planning,258,206,53148,0.3583333333333333,0.2861111111111111,0.1025231481481481,1.2524271844660195,10.880854568917648,False,82.68923611111111,165.37847222222223,330.75694444444446
img-237.jpg,minor_pothole,0.5367101258755096,0.3804265352056598,0.0828633389188306,0.5367101258755096,0.4632898741244904,1.5461532130433209,MEDIUM,schedule inspection and maintenance planning,120,82,9840,0.1666666666666666,0.1138888888888888,0.0189814814814814,1.4634146341463414,9.194312610898985,False,50.949074074074076,101.89814814814815,203.7962962962963
img-237.jpg,minor_pothole,0.7776835608415291,0.1798173485992524,0.042499090559218,0.7776835608415291,0.2223164391584708,1.264815529717688,LOW,monitor and include in routine maintenance review,65,43,2795,0.0902777777777777,0.0597222222222222,0.0053915895061728,1.5116279069767442,7.935945103353701,False,50.26957947530863,100.53915895061726,201.07831790123453
img-237.jpg,minor_pothole,0.5070314373088778,0.42146325142801,0.0715053112631119,0.5070314373088778,0.4929685626911222,1.5644738739542334,MEDIUM,schedule inspection and maintenance planning,102,100,10200,0.1416666666666666,0.1388888888888889,0.0196759259259259,1.02,9.23024103368252,False,50.98379629629629,101.96759259259258,203.93518518518516
img-237.jpg,minor_pothole,0.743306124450319,0.2342416727018074,0.0224522028478734,0.743306124450319,0.256693875549681,1.279146078397554,LOW,monitor and include in routine maintenance review,32,89,2848,0.0444444444444444,0.1236111111111111,0.0054938271604938,0.3595505617977528,7.954723334497908,False,50.27469135802469,100.54938271604938,201.09876543209876
img-238.jpg,medium_pothole,0.1140593541698975,0.6982097140678062,0.187730931762296,0.6982097140678062,0.3017902859321938,2.073671577592398,HIGH,schedule inspection and maintenance planning,277,124,34348,0.3847222222222222,0.1722222222222222,0.0662577160493827,2.2338709677419355,10.444328185145215,False,79.9693287037037,159.9386574074074,319.8773148148148
img-239.jpg,medium_pothole,0.1767981968010396,0.6774803944941463,0.1457214087048143,0.6774803944941463,0.3225196055058537,1.9689232119037752,MEDIUM,schedule inspection and maintenance planning,223,132,29436,0.3097222222222222,0.1833333333333333,0.0567824074074074,1.6893939393939394,10.29000766547652,False,79.25868055555556,158.51736111111111,317.03472222222223
img-24.jpg,medium_pothole,0.3461334521198392,0.5657731365620657,0.0880934113180949,0.5657731365620657,0.4342268634379342,1.7419599591982553,MEDIUM,schedule inspection and maintenance planning,134,108,14472,0.1861111111111111,0.15,0.0279166666666666,1.2407407407407407,9.580040123637604,False,77.09375,154.1875,308.375
img-24.jpg,minor_pothole,0.691996845630192,0.2338144108219576,0.0741887435478502,0.691996845630192,0.3080031543698079,1.3821918979176575,LOW,monitor and include in routine maintenance review,101,60,6060,0.1402777777777777,0.0833333333333333,0.0116898148148148,1.6833333333333331,8.709630081951286,False,50.58449074074074,101.16898148148148,202.33796296296296
img-240.jpg,medium_pothole,0.2014669729781139,0.6445207073323743,0.1540123196895119,0.6445207073323743,0.3554792926676257,1.9525453467113985,MEDIUM,schedule inspection and maintenance planning,175,214,37450,0.2430555555555555,0.2972222222222222,0.072241512345679,0.8177570093457944,10.53078869085856,False,80.41811342592592,160.83622685185185,321.6724537037037
img-240.jpg,minor_pothole,0.6809896188653891,0.2811962394495007,0.0378141416851103,0.6809896188653891,0.3190103811346109,1.356824522819721,LOW,monitor and include in routine maintenance review,35,28,980,0.0486111111111111,0.0388888888888888,0.0018904320987654,1.25,6.888572459565364,False,50.09452160493827,100.18904320987654,200.3780864197531
img-240.jpg,minor_pothole,0.4944306417637615,0.4248995241541277,0.0806698340821109,0.4944306417637615,0.5055693582362385,1.5862391923183496,MEDIUM,schedule inspection and maintenance planning,36,15,540,0.05,0.0208333333333333,0.0010416666666666,2.4,6.293419278846481,False,50.05208333333333,100.10416666666666,200.20833333333331
img-240.jpg,minor_pothole,0.5810027764716185,0.3573140597646554,0.0616831637637257,0.5810027764716185,0.4189972235283815,1.4806803872921064,MEDIUM,monitor and include in routine maintenance review,39,19,741,0.0541666666666666,0.0263888888888888,0.0014293981481481,2.0526315789473686,6.60934924316738,False,50.071469907407405,100.14293981481481,200.28587962962962
img-241.jpg,minor_pothole,0.707959242728441,0.2209233224401502,0.0711174348314087,0.707959242728441,0.292040757271559,1.3631581921029676,LOW,monitor and include in routine maintenance review,97,58,5626,0.1347222222222222,0.0805555555555555,0.0108526234567901,1.6724137931034482,8.635331719433278,False,50.542631172839506,101.08526234567901,202.17052469135803
img-241.jpg,medium_pothole,0.2611868633809254,0.6368614152243579,0.1019517213947168,0.6368614152243579,0.3631385847756421,1.840764858013792,MEDIUM,schedule inspection and maintenance planning,165,110,18150,0.2291666666666666,0.1527777777777778,0.035011574074074,1.5,9.806480934593978,False,77.62586805555554,155.2517361111111,310.5034722222222
img-241.jpg,medium_pothole,0.4271670432341695,0.4770473922084524,0.0957855645573782,0.4770473922084524,0.5229526077915476,1.6686185213232088,MEDIUM,schedule inspection and maintenance planning,150,81,12150,0.2083333333333333,0.1125,0.0234375,1.851851851851852,9.405166749908611,False,76.7578125,153.515625,307.03125
img-241.jpg,minor_pothole,0.7472210579081039,0.1974438956386459,0.0553350464532501,0.7472210579081039,0.2527789420918961,1.3081139885451458,LOW,monitor and include in routine maintenance review,69,36,2484,0.0958333333333333,0.05,0.0047916666666666,1.9166666666666667,7.818027938530729,False,50.23958333333333,100.47916666666666,200.95833333333331
img-241.jpg,medium_pothole,0.1996753968065813,0.6859622523537603,0.1143623508396584,0.6859622523537603,0.3140377476462397,1.914686954033077,MEDIUM,schedule inspection and maintenance planning,170,161,27370,0.2361111111111111,0.2236111111111111,0.0527970679012345,1.0559006211180124,10.21723933772096,False,78.95978009259258,157.91956018518516,315.8391203703703
img-241.jpg,minor_pothole,0.5036497322616629,0.4064594642046302,0.0898908035337066,0.5036497322616629,0.4963502677383371,1.586241071272043,MEDIUM,schedule inspection and maintenance planning,134,78,10452,0.1861111111111111,0.1083333333333333,0.020162037037037,1.7179487179487178,9.254644297532709,False,51.00810185185185,102.0162037037037,204.0324074074074
img-241.jpg,medium_pothole,0.3275754649965894,0.5982013717341363,0.0742231632692741,0.5982013717341363,0.4017986282658636,1.7466476982726844,MEDIUM,schedule inspection and maintenance planning,99,142,14058,0.1375,0.1972222222222222,0.0271180555555555,0.6971830985915493,9.551018039079908,False,77.03385416666666,154.06770833333331,308.13541666666663
img-242.jpg,medium_pothole,0.1046231512382686,0.6863400597531617,0.2090367890085696,0.6863400597531617,0.3136599402468383,2.1044136377703007,HIGH,schedule inspection and maintenance planning,273,157,42861,0.3791666666666666,0.2180555555555555,0.0826793981481481,1.7388535031847134,10.66574093149462,False,81.20095486111111,162.40190972222223,324.80381944444446
img-243.jpg,medium_pothole,0.2398061444487846,0.6425802616409582,0.117613593910257,0.6425802616409582,0.3574197383590418,1.877807449461472,MEDIUM,schedule inspection and maintenance planning,220,70,15400,0.3055555555555556,0.0972222222222222,0.0297067901234567,3.142857142857143,9.642187721358466,False,77.22800925925925,154.4560185185185,308.912037037037
img-244.jpg,medium_pothole,0.1437275761827787,0.6555375114021058,0.2007349124151154,0.6555375114021058,0.3444624885978942,2.057007336232336,HIGH,schedule inspection and maintenance planning,225,185,41625,0.3125,0.2569444444444444,0.0802951388888889,1.2162162162162162,10.636480251018195,False,81.02213541666666,162.04427083333331,324.08854166666663
img-244.jpg,medium_pothole,0.3028006313611149,0.6050441243898707,0.0921552442490143,0.6050441243898707,0.3949558756101293,1.789354612887899,MEDIUM,schedule inspection and maintenance planning,142,113,16046,0.1972222222222222,0.1569444444444444,0.0309529320987654,1.2566371681415929,9.68327719519936,False,77.3214699074074,154.6429398148148,309.2858796296296
img-245.jpg,medium_pothole,0.2489216325060521,0.649334352303715,0.1017440151902331,0.649334352303715,0.350665647696285,1.8528223826841808,MEDIUM,schedule inspection and maintenance planning,163,116,18908,0.2263888888888889,0.1611111111111111,0.0364737654320987,1.4051724137931034,9.84739327818122,False,77.7355324074074,155.4710648148148,310.9421296296296
img-245.jpg,minor_pothole,0.5650844949365516,0.3624378737263748,0.0724776313370734,0.5650844949365516,0.4349155050634484,1.5073931364005215,MEDIUM,schedule inspection and maintenance planning,103,89,9167,0.1430555555555555,0.1236111111111111,0.0176832561728395,1.1573033707865168,9.12347443895452,False,50.884162808641975,101.76832561728395,203.5366512345679
img-246.jpg,medium_pothole,0.1418037133458054,0.6710615594004801,0.1871347272537143,0.6710615594004801,0.3289384405995199,2.0453310139079086,HIGH,schedule inspection and maintenance planning,249,141,35109,0.3458333333333333,0.1958333333333333,0.0677256944444444,1.7659574468085106,10.466241269162476,False,80.07942708333333,160.15885416666666,320.3177083333333
img-246.jpg,medium_pothole,0.2542214986056296,0.6454830701960811,0.1002954311982892,0.6454830701960811,0.3545169298039189,1.8460739325926592,MEDIUM,schedule inspection and maintenance planning,160,116,18560,0.2222222222222222,0.1611111111111111,0.0358024691358024,1.3793103448275863,9.8288178841991,False,77.68518518518518,155.37037037037035,310.7407407407407
img-247.jpg,medium_pothole,0.2065033078712324,0.6799003420992981,0.1135963500294694,0.6799003420992981,0.3200996579007019,1.9070930421582368,MEDIUM,schedule inspection and maintenance planning,188,122,22936,0.2611111111111111,0.1694444444444444,0.0442438271604938,1.540983606557377,10.040506606194215,False,78.31828703703702,156.63657407407405,313.2731481481481
img-248.jpg,medium_pothole,0.0858003119722761,0.6870479515082517,0.2271517365194725,0.6870479515082517,0.3129520484917483,2.1413514245471967,HIGH,schedule inspection and maintenance planning,350,174,60900,0.4861111111111111,0.2416666666666666,0.1174768518518518,2.011494252873564,11.017004873924424,False,83.81076388888889,167.62152777777777,335.24305555555554
img-248.jpg,minor_pothole,0.5686144460272556,0.3351279016438339,0.0962576523289104,0.5686144460272556,0.4313855539727443,1.5276432063016547,MEDIUM,schedule inspection and maintenance planning,139,56,7784,0.1930555555555555,0.0777777777777777,0.0150154320987654,2.482142857142857,8.959954084268098,False,50.75077160493827,101.50154320987654,203.0030864197531
img-248.jpg,minor_pothole,0.6035817601648006,0.2899040159948607,0.1065142238403388,0.6035817601648006,0.3964182398351994,1.5029324636755383,MEDIUM,schedule inspection and maintenance planning,121,39,4719,0.1680555555555555,0.0541666666666666,0.0091030092592592,3.102564102564102,8.459564078579602,False,50.45515046296296,100.91030092592592,201.82060185185185
img-249.jpg,medium_pothole,0.1122281652060233,0.6748259131112607,0.2129459216827159,0.6748259131112607,0.3251740868887393,2.1007177564766923,HIGH,schedule inspection and maintenance planning,253,187,47311,0.3513888888888888,0.2597222222222222,0.0912635030864197,1.3529411764705883,10.76451924209226,False,81.84476273148148,163.68952546296296,327.3790509259259
img-25.jpg,medium_pothole,0.1319527963526551,0.6693100083838296,0.1987371952635152,0.6693100083838296,0.3306899916161704,2.06678439891086,HIGH,schedule inspection and maintenance planning,382,224,85568,0.5305555555555556,0.3111111111111111,0.1650617283950617,1.7053571428571428,11.357078347005144,False,87.37962962962963,174.75925925925927,349.51851851851853
img-250.jpg,medium_pothole,0.1102533570311698,0.6686014412893305,0.2211452016794996,0.6686014412893305,0.3313985587106695,2.1108918446483296,HIGH,schedule inspection and maintenance planning,490,207,101430,0.6805555555555556,0.2875,0.1956597222222222,2.367149758454106,11.527134043337512,False,89.67447916666667,179.34895833333334,358.6979166666667
img-251.jpg,medium_pothole,0.1455933506587272,0.6604812900810035,0.1939253592602689,0.6604812900810035,0.3395187099189964,2.048332008601541,HIGH,schedule inspection and maintenance planning,364,232,84448,0.5055555555555555,0.3222222222222222,0.1629012345679012,1.5689655172413792,11.343903080839608,False,87.2175925925926,174.4351851851852,348.8703703703704
img-252.jpg,medium_pothole,0.2743030385224552,0.6158678817601972,0.1098290797173472,0.6158678817601972,0.3841321182398027,1.835526041194892,MEDIUM,schedule inspection and maintenance planning,192,86,16512,0.2666666666666666,0.1194444444444444,0.0318518518518518,2.232558139534884,9.711903228462988,False,77.38888888888889,154.77777777777777,309.55555555555554
img-252.jpg,minor_pothole,0.5782185842516726,0.3369521027392399,0.0848293130090877,0.5782185842516726,0.4217814157483274,1.5066107287574155,MEDIUM,schedule inspection and maintenance planning,121,73,8833,0.1680555555555555,0.1013888888888888,0.0170389660493827,1.6575342465753424,9.086363192156472,False,50.85194830246913,101.70389660493827,203.40779320987653
img-252.jpg,medium_pothole,0.2115489371398936,0.6769360619126761,0.1115150009474302,0.6769360619126761,0.3230639380873239,1.8999660638075364,MEDIUM,schedule inspection and maintenance planning,184,121,22264,0.2555555555555555,0.1680555555555555,0.0429475308641975,1.5206611570247934,10.010771217755805,False,78.22106481481482,156.44212962962965,312.8842592592593
img-253.jpg,medium_pothole,0.0634592147563029,0.7250022212972872,0.2115385639464099,0.7250022212972872,0.2749977787027128,2.148079349190107,HIGH,schedule inspection and maintenance planning,359,94,33746,0.4986111111111111,0.1305555555555555,0.0650964506172839,3.8191489361702127,10.426646803460937,False,79.8822337962963,159.7644675925926,319.5289351851852
img-254.jpg,medium_pothole,0.1394585953635528,0.6701909342017992,0.1903504704346479,0.6701909342017992,0.3298090657982008,2.050891875071095,HIGH,schedule inspection and maintenance planning,249,144,35856,0.3458333333333333,0.2,0.0691666666666666,1.7291666666666667,10.487294084986926,False,80.1875,160.375,320.75
img-255.jpg,minor_pothole,0.5761612134333304,0.3281159620296256,0.0957228245370442,0.5761612134333304,0.4238387865666696,1.5195616111037142,MEDIUM,schedule inspection and maintenance planning,137,56,7672,0.1902777777777777,0.0777777777777777,0.0147993827160493,2.446428571428572,8.945462952177666,False,50.73996913580247,101.47993827160494,202.95987654320987
img-256.jpg,medium_pothole,0.2115327101607584,0.6704682392210938,0.1179990506181477,0.6704682392210938,0.3295317607789062,1.9064663404573887,MEDIUM,schedule inspection and maintenance planning,159,190,30210,0.2208333333333333,0.2638888888888889,0.0582754629629629,0.8368421052631579,10.315961375454853,False,79.37065972222221,158.74131944444443,317.48263888888886
img-256.jpg,minor_pothole,0.5428439557949281,0.389213489925782,0.0679425542792893,0.5428439557949281,0.4571560442050719,1.52509859848436,MEDIUM,schedule inspection and maintenance planning,96,98,9408,0.1333333333333333,0.1361111111111111,0.0181481481481481,0.979591836734694,9.149421957006766,False,50.907407407407405,101.81481481481481,203.62962962962962
img-257.jpg,medium_pothole,0.216269043944057,0.6677050704406305,0.1160258856153124,0.6677050704406305,0.3322949295593694,1.899756841671256,MEDIUM,schedule inspection and maintenance planning,154,195,30030,0.2138888888888888,0.2708333333333333,0.0579282407407407,0.7897435897435897,10.30998546045624,False,79.34461805555554,158.6892361111111,317.3784722222222
img-257.jpg,minor_pothole,0.7540968173067706,0.1998521332307528,0.0460510494624765,0.7540968173067706,0.2459031826932294,1.2919542321557056,LOW,monitor and include in routine maintenance review,61,35,2135,0.0847222222222222,0.0486111111111111,0.0041184413580246,1.7428571428571429,7.666690200080086,False,50.205922067901234,100.41184413580247,200.82368827160494
img-258.jpg,medium_pothole,0.2090257003610302,0.6738723504525511,0.117101949186419,0.6738723504525511,0.3261276495474489,1.9080762488253893,MEDIUM,schedule inspection and maintenance planning,205,105,21525,0.2847222222222222,0.1458333333333333,0.0415219907407407,1.9523809523809523,9.977016785824244,False,78.11414930555556,156.22829861111111,312.45659722222223
img-259.jpg,medium_pothole,0.1697141801902792,0.6526744488141734,0.1776113709955472,0.6526744488141734,0.3473255511858266,2.0078971908052674,HIGH,schedule inspection and maintenance planning,215,170,36550,0.2986111111111111,0.2361111111111111,0.0705054012345679,1.2647058823529411,10.506463824584774,False,80.28790509259258,160.57581018518516,321.1516203703703
img-259.jpg,minor_pothole,0.7854642196838807,0.1778181874364888,0.0367175928796304,0.7854642196838807,0.2145357803161193,1.2512533731957496,LOW,monitor and include in routine maintenance review,63,58,3654,0.0875,0.0805555555555555,0.0070486111111111,1.0862068965517242,8.203851372183879,False,50.35243055555555,100.7048611111111,201.4097222222222
img-26.jpg,medium_pothole,0.2861154563146238,0.6206964612338055,0.0931880824515709,0.6206964612338055,0.3793035387661945,1.807072626136948,MEDIUM,schedule inspection and maintenance planning,146,115,16790,0.2027777777777777,0.1597222222222222,0.0323881172839506,1.2695652173913043,9.72859830755947,False,77.4291087962963,154.8582175925926,309.7164351851852
img-26.jpg,minor_pothole,0.7915629476046045,0.1749171224408703,0.033519929954525,0.7915629476046045,0.2084370523953954,1.24195698234992,LOW,monitor and include in routine maintenance review,58,49,2842,0.0805555555555555,0.0680555555555555,0.0054822530864197,1.183673469387755,7.952615111651,False,50.27411265432099,100.54822530864197,201.09645061728395
img-260.jpg,medium_pothole,0.1564891424061554,0.6961705510528218,0.1473403065410226,0.6961705510528218,0.3038294489471782,1.9908511641348667,MEDIUM,schedule inspection and maintenance planning,252,106,26712,0.35,0.1472222222222222,0.0515277777777777,2.3773584905660377,10.192905617280958,False,78.86458333333331,157.72916666666663,315.45833333333326
img-261.jpg,medium_pothole,0.1065904558277748,0.6844633695874137,0.2089461745848115,0.6844633695874137,0.3155366304125863,2.1023557187570368,HIGH,schedule inspection and maintenance planning,270,158,42660,0.375,0.2194444444444444,0.0822916666666666,1.7088607594936709,10.661040432913284,False,81.171875,162.34375,324.6875
img-262.jpg,minor_pothole,0.589083685386751,0.3395728678029143,0.0713434468103347,0.589083685386751,0.4109163146132489,1.4822597614235835,MEDIUM,monitor and include in routine maintenance review,101,86,8686,0.1402777777777777,0.1194444444444444,0.0167554012345679,1.1744186046511629,9.06958293425992,False,50.83777006172839,101.67554012345678,203.35108024691357
img-263.jpg,medium_pothole,0.1850227850871846,0.6850085135169799,0.1299687013958353,0.6850085135169799,0.3149914864830201,1.9449459163086504,MEDIUM,schedule inspection and maintenance planning,216,121,26136,0.3,0.1680555555555555,0.0504166666666666,1.7851239669421488,10.171107213950854,False,78.78124999999999,157.56249999999997,315.12499999999994
img-264.jpg,medium_pothole,0.0978966851701181,0.6860210406887253,0.2160822741411569,0.6860210406887253,0.3139789593112747,2.118185588971039,HIGH,schedule inspection and maintenance planning,286,186,53196,0.3972222222222222,0.2583333333333333,0.1026157407407407,1.5376344086021505,10.881757282762262,False,82.69618055555554,165.3923611111111,330.7847222222222
img-265.jpg,minor_pothole,0.7592708399217268,0.1935182229674447,0.0472109371108286,0.7592708399217268,0.2407291600782731,1.287940097189102,LOW,monitor and include in routine maintenance review,74,63,4662,0.1027777777777777,0.0875,0.0089930555555555,1.1746031746031746,8.44741429680832,False,50.44965277777778,100.89930555555556,201.79861111111111
img-265.jpg,medium_pothole,0.1621332092200719,0.6820424669769546,0.1558243238029734,0.6820424669769546,0.3179575330230454,1.993691114582901,MEDIUM,schedule inspection and maintenance planning,242,122,29524,0.3361111111111111,0.1694444444444444,0.0569521604938271,1.9836065573770487,10.292992641065563,False,79.27141203703702,158.54282407407405,317.0856481481481
img-265.jpg,medium_pothole,0.2878425954129883,0.6130961404404007,0.0990612641466106,0.6130961404404007,0.3869038595595993,1.8112186687336216,MEDIUM,schedule inspection and maintenance planning,160,105,16800,0.2222222222222222,0.1458333333333333,0.0324074074074074,1.5238095238095235,9.729193687429404,False,77.43055555555556,154.86111111111111,309.72222222222223
img-266.jpg,medium_pothole,0.1462208394893916,0.6608185987312902,0.192960561779318,0.6608185987312902,0.3391814012687097,2.046739722289926,HIGH,schedule inspection and maintenance planning,237,158,37446,0.3291666666666666,0.2194444444444444,0.0722337962962963,1.5,10.530681878927563,False,80.41753472222221,160.83506944444443,321.67013888888886
img-266.jpg,minor_pothole,0.7892733412465968,0.1758424087276802,0.034884250025723,0.7892733412465968,0.2107266587534032,1.2456109087791265,LOW,monitor and include in routine maintenance review,59,47,2773,0.0819444444444444,0.0652777777777777,0.0053491512345679,1.25531914893617,7.928045600874777,False,50.26745756172839,100.53491512345678,201.06983024691357
img-267.jpg,minor_pothole,0.5951350138224154,0.3242276422943026,0.080637343883282,0.5951350138224154,0.4048649861775846,1.4855023300608663,MEDIUM,monitor and include in routine maintenance review,114,75,8550,0.1583333333333333,0.1041666666666666,0.0164930555555555,1.52,9.053803514155955,False,50.82465277777778,101.64930555555556,203.29861111111111
img-267.jpg,medium_pothole,0.2392472468387936,0.67123854530013,0.0895142078610761,0.67123854530013,0.3287614546998699,1.850266961022282,MEDIUM,schedule inspection and maintenance planning,122,164,20008,0.1694444444444444,0.2277777777777777,0.0385956790123456,0.7439024390243902,9.903937451316493,False,77.89467592592592,155.78935185185185,311.5787037037037
img-267.jpg,medium_pothole,0.1915187410469372,0.6838062889574469,0.1246749699956157,0.6838062889574469,0.3161937110425531,1.933156228948678,MEDIUM,schedule inspection and maintenance planning,194,142,27548,0.2694444444444444,0.1972222222222222,0.0531404320987654,1.3661971830985915,10.223721516281632,False,78.9855324074074,157.9710648148148,315.9421296296296
img-267.jpg,minor_pothole,0.5995874504193089,0.2877157145573757,0.1126968350233151,0.5995874504193089,0.400412549580691,1.5131093846040056,MEDIUM,schedule inspection and maintenance planning,113,35,3955,0.1569444444444444,0.0486111111111111,0.0076292438271604,3.2285714285714286,8.282988692742602,False,50.38146219135802,100.76292438271604,201.52584876543207
img-268.jpg,medium_pothole,0.1237705863843877,0.6667994284759902,0.2094299851396217,0.6667994284759902,0.3332005715240098,2.085659398755233,HIGH,schedule inspection and maintenance planning,236,219,51684,0.3277777777777778,0.3041666666666666,0.099699074074074,1.0776255707762556,10.852922883002584,False,82.47743055555554,164.9548611111111,329.9097222222222
img-269.jpg,medium_pothole,0.4171075601295227,0.5079797005512066,0.0749127393192704,0.5079797005512066,0.4920202994487934,1.657805179189747,MEDIUM,schedule inspection and maintenance planning,108,112,12096,0.15,0.1555555555555555,0.0233333333333333,0.9642857142857144,9.400712766959847,False,76.74999999999999,153.49999999999997,306.99999999999994
img-269.jpg,minor_pothole,0.7911390657027888,0.1754258868426226,0.0334350474545884,0.7911390657027888,0.2088609342972112,1.2422959817517991,LOW,monitor and include in routine maintenance review,59,56,3304,0.0819444444444444,0.0777777777777777,0.0063734567901234,1.0535714285714286,8.103191752285786,False,50.31867283950617,100.63734567901234,201.27469135802468
img-27.jpg,minor_pothole,0.6342742723699104,0.300000851996477,0.0657248756336125,0.6342742723699104,0.3657257276300896,1.431450603263702,MEDIUM,monitor and include in routine maintenance review,93,83,7719,0.1291666666666666,0.1152777777777777,0.0148900462962962,1.120481927710843,8.951569643018821,False,50.74450231481481,101.48900462962962,202.97800925925924
img-270.jpg,medium_pothole,0.3764043293089281,0.5294819493899678,0.094113721301104,0.5294819493899678,0.4705180506100321,1.7177093919921758,MEDIUM,schedule inspection and maintenance planning,147,93,13671,0.2041666666666666,0.1291666666666666,0.0263715277777777,1.5806451612903225,9.523105224795426,False,76.97786458333333,153.95572916666666,307.9114583333333
img-270.jpg,minor_pothole,0.5863073890526401,0.3177316885393231,0.0959609224080369,0.5863073890526401,0.4136926109473599,1.5096535333553969,MEDIUM,schedule inspection and maintenance planning,135,54,7290,0.1875,0.075,0.0140625,2.5,8.89439598980643,False,50.70312500000001,101.40625000000001,202.81250000000003
img-271.jpg,medium_pothole,0.0826049797707181,0.6823530541143216,0.2350419661149601,0.6823530541143216,0.3176469458856784,2.1524369863442416,HIGH,schedule inspection and maintenance planning,363,164,59532,0.5041666666666667,0.2277777777777777,0.1148379629629629,2.213414634146341,10.994286059636607,False,83.61284722222223,167.22569444444446,334.4513888888889
img-272.jpg,medium_pothole,0.1952284391379906,0.6833896863145553,0.1213818745474539,0.6833896863145553,0.3166103136854447,1.926153435409463,MEDIUM,schedule inspection and maintenance planning,206,117,24102,0.2861111111111111,0.1625,0.0464930555555555,1.7606837606837606,10.09009159305939,False,78.48697916666667,156.97395833333334,313.9479166666667
img-272.jpg,minor_pothole,0.4779411585988914,0.4289091549826647,0.0931496864184439,0.4779411585988914,0.5220588414011086,1.6152085278195525,MEDIUM,schedule inspection and maintenance planning,142,77,10934,0.1972222222222222,0.1069444444444444,0.0210918209876543,1.844155844155844,9.299723933110869,False,51.054591049382715,102.10918209876543,204.21836419753086
img-273.jpg,minor_pothole,0.4964262646109862,0.4057800345529425,0.0977937008360713,0.4964262646109862,0.5035737353890137,1.6013674362250852,MEDIUM,schedule inspection and maintenance planning,152,64,9728,0.2111111111111111,0.0888888888888888,0.0187654320987654,2.375,9.182866394975427,False,50.938271604938265,101.87654320987653,203.75308641975306
img-273.jpg,medium_pothole,0.1028319821339969,0.4789434747989274,0.4182245430670757,0.4789434747989274,0.5210565252010726,2.3153925609330788,HIGH,schedule inspection and maintenance planning,559,142,79378,0.7763888888888889,0.1972222222222222,0.1531211419753086,3.936619718309859,11.28198912862606,False,86.48408564814815,172.9681712962963,345.9363425925926
img-274.jpg,minor_pothole,0.6265969490059101,0.2840807629511528,0.0893222880429369,0.6265969490059101,0.3734030509940899,1.4627253390370265,MEDIUM,monitor and include in routine maintenance review,122,58,7076,0.1694444444444444,0.0805555555555555,0.0136496913580246,2.103448275862069,8.864605368075784,False,50.682484567901234,101.36496913580247,202.72993827160494
img-274.jpg,medium_pothole,0.2001659189245021,0.6792190891545674,0.1206149919209305,0.6792190891545674,0.3207809108454326,1.9204490729964283,MEDIUM,schedule inspection and maintenance planning,230,83,19090,0.3194444444444444,0.1152777777777777,0.0368248456790123,2.7710843373493974,9.85697229879466,False,77.76186342592592,155.52372685185185,311.0474537037037
img-274.jpg,medium_pothole,0.4454906037084886,0.4549040955445551,0.0996053007469565,0.4549040955445551,0.5450959044554449,1.654114697038468,MEDIUM,schedule inspection and maintenance planning,160,69,11040,0.2222222222222222,0.0958333333333333,0.0212962962962962,2.318840579710145,9.309370895439136,False,76.59722222222221,153.19444444444443,306.38888888888886
img-275.jpg,medium_pothole,0.0902137207966834,0.6923122863446376,0.2174739928586789,0.6923122863446376,0.3076877136553624,2.127260272061996,HIGH,schedule inspection and maintenance planning,313,167,52271,0.4347222222222222,0.2319444444444444,0.1008314043209876,1.874251497005988,10.864216133840852,False,82.56235532407408,165.12471064814815,330.2494212962963
img-276.jpg,medium_pothole,0.1595845376746143,0.6516839719688973,0.1887314903564884,0.6516839719688973,0.3483160280311027,2.029146952681874,HIGH,schedule inspection and maintenance planning,219,176,38544,0.3041666666666666,0.2444444444444444,0.0743518518518518,1.244318181818182,10.559581668893362,False,80.57638888888889,161.15277777777777,322.30555555555554
img-277.jpg,minor_pothole,0.4624064842284813,0.444755820791766,0.0928376949797526,0.4624064842284813,0.5375935157715187,1.6304312107512713,MEDIUM,schedule inspection and maintenance planning,142,80,11360,0.1972222222222222,0.1111111111111111,0.0219135802469135,1.775,9.337941716569905,False,51.09567901234568,102.19135802469135,204.3827160493827
img-278.jpg,minor_pothole,0.4911656840605807,0.4433416698038837,0.0654926461355353,0.4911656840605807,0.5088343159394193,1.574326962074954,MEDIUM,schedule inspection and maintenance planning,91,111,10101,0.1263888888888888,0.1541666666666666,0.0194849537037037,0.8198198198198198,9.220488703027998,False,50.97424768518518,101.94849537037037,203.89699074074073
img-278.jpg,medium_pothole,0.4443745129158687,0.489300646722694,0.0663248403614373,0.489300646722694,0.510699353277306,1.6219503274455689,MEDIUM,schedule inspection and maintenance planning,91,120,10920,0.1263888888888888,0.1666666666666666,0.0210648148148148,0.7583333333333333,9.298442820197728,False,76.5798611111111,153.1597222222222,306.3194444444444
img-279.jpg,medium_pothole,0.2683264146606915,0.6407500295193056,0.0909235558200029,0.6407500295193056,0.3592499704806944,1.822597141159312,MEDIUM,schedule inspection and maintenance planning,139,126,17514,0.1930555555555555,0.175,0.0337847222222222,1.1031746031746033,9.770812935631588,False,77.53385416666667,155.06770833333334,310.1354166666667
img-28.jpg,medium_pothole,0.2178444108379196,0.6778757095231318,0.1042798796389484,0.6778757095231318,0.3221242904768682,1.8864354688010283,MEDIUM,schedule inspection and maintenance planning,163,133,21679,0.2263888888888889,0.1847222222222222,0.0418190586419753,1.2255639097744362,9.984145455553582,False,78.13642939814815,156.2728587962963,312.5457175925926
img-28.jpg,minor_pothole,0.7711293367934718,0.1882632542333747,0.0406074089731531,0.7711293367934718,0.2288706632065281,1.2694780721796806,LOW,monitor and include in routine maintenance review,67,64,4288,0.0930555555555555,0.0888888888888888,0.0082716049382716,1.046875,8.36380888451688,False,50.41358024691358,100.82716049382717,201.65432098765433
img-28.jpg,minor_pothole,0.7723702054217183,0.1796771488885384,0.0479526456897429,0.7723702054217183,0.2276297945782817,1.2755824402680238,LOW,monitor and include in routine maintenance review,71,45,3195,0.0986111111111111,0.0625,0.0061631944444444,1.5777777777777775,8.069655306886165,False,50.30815972222222,100.61631944444444,201.23263888888889
img-28.jpg,minor_pothole,0.7204352915422364,0.230545378115792,0.0490193303419715,0.7204352915422364,0.2795647084577636,1.3285840387997347,LOW,monitor and include in routine maintenance review,74,77,5698,0.1027777777777777,0.1069444444444444,0.010991512345679,0.961038961038961,8.648045999835,False,50.54957561728395,101.0991512345679,202.1983024691358
img-280.jpg,medium_pothole,0.1840783809601307,0.664942443946814,0.1509791750930551,0.664942443946814,0.335057556053186,1.966900794132924,MEDIUM,schedule inspection and maintenance planning,206,158,32548,0.2861111111111111,0.2194444444444444,0.0627854938271604,1.3037974683544304,10.39050192519858,False,79.70891203703702,159.41782407407405,318.8356481481481
img-281.jpg,medium_pothole,0.0792038661043527,0.6522698767341394,0.2685262571615079,0.6522698767341394,0.3477301232658606,2.189322391057156,HIGH,schedule inspection and maintenance planning,417,157,65469,0.5791666666666667,0.2180555555555555,0.1262905092592592,2.656050955414013,11.089347301435136,False,84.47178819444444,168.94357638888889,337.88715277777777
img-282.jpg,medium_pothole,0.2217435935686043,0.6770585209864796,0.1011978854449161,0.6770585209864796,0.3229414790135204,1.879454291876312,MEDIUM,schedule inspection and maintenance planning,156,136,21216,0.2166666666666666,0.1888888888888888,0.0409259259259259,1.1470588235294117,9.962558026113117,False,78.06944444444443,156.13888888888886,312.2777777777777
img-282.jpg,minor_pothole,0.6292059302440861,0.3079332202051254,0.0628608495507884,0.6292059302440861,0.3707940697559139,1.433654919306702,MEDIUM,monitor and include in routine maintenance review,89,87,7743,0.1236111111111111,0.1208333333333333,0.0149363425925925,1.0229885057471264,8.954673628956414,False,50.746817129629626,101.49363425925925,202.9872685185185
img-283.jpg,medium_pothole,0.1805064062459733,0.6653260246487144,0.1541675691053125,0.6653260246487144,0.3346739753512856,1.97366116285934,MEDIUM,schedule inspection and maintenance planning,212,153,32436,0.2944444444444444,0.2125,0.0625694444444444,1.3856209150326797,10.387055025531255,False,79.69270833333333,159.38541666666666,318.7708333333333
img-283.jpg,minor_pothole,0.7934309376660674,0.1754863473929282,0.0310827149410042,0.7934309376660674,0.2065690623339325,1.2376517772749365,LOW,monitor and include in routine maintenance review,55,50,2750,0.0763888888888889,0.0694444444444444,0.0053047839506172,1.1,7.919719760924575,False,50.26523919753087,100.53047839506173,201.06095679012347
img-283.jpg,minor_pothole,0.677228296412793,0.2351335864668407,0.0876381171203662,0.677228296412793,0.3227717035872069,1.410409820707573,MEDIUM,monitor and include in routine maintenance review,108,47,5076,0.15,0.0652777777777777,0.0097916666666666,2.297872340425532,8.532475814947395,False,50.48958333333333,100.97916666666666,201.95833333333331
img-284.jpg,medium_pothole,0.1869866025898532,0.6615597395958737,0.1514536578142731,0.6615597395958737,0.3384402604041263,1.96446705522442,MEDIUM,schedule inspection and maintenance planning,200,167,33400,0.2777777777777778,0.2319444444444444,0.064429012345679,1.1976047904191616,10.416341118636357,False,79.83217592592592,159.66435185185185,319.3287037037037
img-284.jpg,medium_pothole,0.3150742456313486,0.6082569641450475,0.0766687902236039,0.6082569641450475,0.3917430358549525,1.7615945445922554,MEDIUM,schedule inspection and maintenance planning,85,174,14790,0.1180555555555555,0.2416666666666666,0.0285300925925925,0.4885057471264368,9.60177416667137,False,77.13975694444443,154.27951388888886,308.5590277777777
img-285.jpg,medium_pothole,0.1483960831998649,0.6526518412802268,0.1989520755199082,0.6526518412802268,0.3473481587197732,2.050555992320043,HIGH,schedule inspection and maintenance planning,214,205,43870,0.2972222222222222,0.2847222222222222,0.0846257716049382,1.0439024390243905,10.689008788520937,False,81.34693287037035,162.6938657407407,325.3877314814814
img-286.jpg,medium_pothole,0.0600228861161332,0.5203957215547305,0.4195813923291362,0.5203957215547305,0.4796042784452695,2.359558506213003,HIGH,schedule inspection and maintenance planning,91,46,4186,0.2275,0.1533333333333333,0.0348833333333333,1.9782608695652173,8.339739766019143,False,77.61625000000001,155.23250000000002,310.46500000000003
img-286.jpg,medium_pothole,0.130270315009053,0.6661052037570306,0.2036244812339162,0.6661052037570306,0.3338947962429693,2.073354166224863,HIGH,schedule inspection and maintenance planning,55,22,1210,0.1375,0.0733333333333333,0.0100833333333333,2.5,7.099201743553092,False,75.75625,151.5125,303.025
img-286.jpg,medium_pothole,0.2174133977326295,0.6948813675140408,0.0877052347533296,0.6948813675140408,0.3051186324859591,1.8702918370207,MEDIUM,schedule inspection and maintenance planning,20,15,300,0.05,0.05,0.0025,1.3333333333333333,5.707110264748875,False,75.1875,150.375,300.75
img-287.jpg,major_pothole,0.081249929773991,0.1449885542220617,0.7737615160039472,0.7737615160039472,0.2262384839960528,2.692511586229956,CRITICAL,prioritize inspection/maintenance review,338,192,64896,0.8428927680798005,0.64,0.5394513715710724,1.7604166666666667,11.080556676662296,False,230.91770573566083,461.83541147132166,923.6708229426433
img-288.jpg,medium_pothole,0.1564584047237218,0.6199364546362786,0.2236051406399996,0.6199364546362786,0.3800635453637214,2.067146735916278,HIGH,schedule inspection and maintenance planning,66,40,2640,0.123827392120075,0.1333333333333333,0.0165103189493433,1.65,7.878912912297133,False,76.23827392120076,152.47654784240152,304.95309568480303
img-288.jpg,medium_pothole,0.1956568396274232,0.6173051807628389,0.1870379796097377,0.6173051807628389,0.3826948192371611,1.9913811399823145,MEDIUM,schedule inspection and maintenance planning,55,25,1375,0.1031894934333958,0.0833333333333333,0.0085991244527829,2.2,7.226936018493289,False,75.64493433395873,151.28986866791746,302.5797373358349
img-288.jpg,medium_pothole,0.2404827087985683,0.6508747677379338,0.1086425234634976,0.6508747677379338,0.3491252322620661,1.8681598146649288,MEDIUM,schedule inspection and maintenance planning,30,16,480,0.0562851782363977,0.0533333333333333,0.0030018761726078,1.875,6.175867270105761,False,75.22514071294559,150.45028142589118,300.90056285178235
img-288.jpg,medium_pothole,0.0886182938680633,0.5314152676842064,0.3799664384477302,0.5314152676842064,0.4685847323157935,2.291348144579666,HIGH,schedule inspection and maintenance planning,94,45,4230,0.1763602251407129,0.15,0.0264540337711069,2.088888888888889,8.350193650720067,False,76.98405253283302,153.96810506566604,307.9362101313321
img-288.jpg,major_pothole,0.0698562932140464,0.4390455869692543,0.4910981198166992,0.4910981198166992,0.5089018801833007,2.4212418266026527,HIGH,schedule inspection and maintenance planning,109,50,5450,0.2045028142589118,0.1666666666666666,0.0340838023764853,2.18,8.603554357064281,False,155.1125703564728,310.2251407129456,620.4502814258911
img-289.jpg,major_pothole,0.1005005961722607,0.3645043468937823,0.5349950569339568,0.5349950569339568,0.4650049430660432,2.434494460761696,HIGH,schedule inspection and maintenance planning,107,116,12412,0.3566666666666667,0.2624434389140271,0.093604826546003,0.9224137931034484,9.426499589515949,False,164.04072398190044,328.0814479638009,656.1628959276018
img-29.jpg,medium_pothole,0.26858692292208,0.6341849562823105,0.0972281207956092,0.6341849562823105,0.3658150437176894,1.8286411978735289,MEDIUM,schedule inspection and maintenance planning,154,115,17710,0.2138888888888888,0.1597222222222222,0.0341628086419753,1.3391304347826087,9.781941194456632,False,77.56221064814815,155.1244212962963,310.2488425925926
img-29.jpg,minor_pothole,0.7749824449357635,0.180672658812312,0.0443448962519243,0.7749824449357635,0.2250175550642364,1.2693624513161603,LOW,monitor and include in routine maintenance review,71,56,3976,0.0986111111111111,0.0777777777777777,0.0076697530864197,1.2678571428571428,8.28828304520769,False,50.38348765432098,100.76697530864196,201.53395061728392
img-290.jpg,major_pothole,0.0901341603379181,0.198100273856282,0.7117655658057999,0.7117655658057999,0.2882344341942001,2.6216314054678818,CRITICAL,prioritize inspection/maintenance review,532,146,77672,0.99812382739212,0.4866666666666667,0.4857535959974984,3.643835616438356,11.260262985619487,False,222.86303939962474,445.7260787992495,891.452157598499
img-291.jpg,major_pothole,0.0269016069972544,0.1944100050814567,0.7786883879212887,0.7786883879212887,0.2213116120787113,2.751786780924034,CRITICAL,prioritize inspection/maintenance review,323,112,36176,0.6026119402985075,0.3733333333333333,0.2249751243781094,2.883928571428572,10.496178836771705,False,183.74626865671638,367.49253731343276,734.9850746268655
img-292.jpg,major_pothole,0.0707881928638426,0.2017443613623201,0.7274674457738374,0.7274674457738374,0.2725325542261626,2.6566792529099947,CRITICAL,prioritize inspection/maintenance review,159,101,16059,0.53,0.2274774774774774,0.120563063063063,1.5742574257425743,9.684086987500752,False,168.08445945945945,336.1689189189189,672.3378378378378
img-292.jpg,medium_pothole,0.1992669245822817,0.6389446218801785,0.1617884535375394,0.6389446218801785,0.3610553781198214,1.962521528955257,MEDIUM,schedule inspection and maintenance planning,43,16,688,0.1433333333333333,0.036036036036036,0.0051651651651651,2.6875,6.535241271013659,False,75.38738738738739,150.77477477477478,301.54954954954957
img-292.jpg,medium_pothole,0.1005194193790939,0.6062580451963822,0.2932225354245241,0.6062580451963822,0.3937419548036178,2.1927031160454304,HIGH,schedule inspection and maintenance planning,39,7,273,0.13,0.0157657657657657,0.0020495495495495,5.571428571428571,5.613128106388071,False,75.15371621621621,150.30743243243242,300.61486486486484
img-293.jpg,major_pothole,0.0484934793141633,0.422433736948527,0.5290727837373098,0.5290727837373098,0.4709272162626902,2.4805793044231463,HIGH,schedule inspection and maintenance planning,103,50,5150,0.2575,0.1666666666666666,0.0429166666666666,2.06,8.546946149565585,False,156.4375,312.875,625.75
img-293.jpg,medium_pothole,0.1348435524031131,0.6736622771106807,0.1914941704862061,0.6736622771106807,0.3263377228893193,2.056650618083093,HIGH,schedule inspection and maintenance planning,47,16,752,0.1175,0.0533333333333333,0.0062666666666666,2.9375,6.6240652277998935,False,75.47,150.94,301.88
img-293.jpg,medium_pothole,0.1084205691620294,0.6735418240395217,0.218037606798449,0.6735418240395217,0.3264581759604783,2.1096170376364194,HIGH,schedule inspection and maintenance planning,59,20,1180,0.1475,0.0666666666666666,0.0098333333333333,2.95,7.074116816197362,False,75.7375,151.475,302.95
img-293.jpg,medium_pothole,0.0901083626804192,0.6388757772939834,0.2710158600255976,0.6388757772939834,0.3611242227060166,2.1809074973451787,HIGH,schedule inspection and maintenance planning,72,30,2160,0.18,0.1,0.018,2.4,7.678326356506885,False,76.35,152.7,305.4
img-294.jpg,medium_pothole,0.118871491989083,0.5973072572394856,0.2838212507714315,0.5973072572394856,0.4026927427605143,2.164949758782349,HIGH,schedule inspection and maintenance planning,79,40,3160,0.147940074906367,0.1333333333333333,0.0197253433208489,1.975,8.058643712215618,False,76.47940074906366,152.95880149812731,305.91760299625463
img-294.jpg,medium_pothole,0.2405786309706973,0.6367949514019706,0.1226264176273322,0.6367949514019706,0.3632050485980294,1.882047786656635,MEDIUM,schedule inspection and maintenance planning,36,18,648,0.0674157303370786,0.06,0.0040449438202247,2.0,6.47543271670409,False,75.30337078651687,150.60674157303373,301.21348314606746
img-294.jpg,medium_pothole,0.2333625335330676,0.6775351962493418,0.0891022702175906,0.6775351962493418,0.3224648037506582,1.855739736684523,MEDIUM,schedule inspection and maintenance planning,16,11,176,0.0299625468164794,0.0366666666666666,0.0010986267166042,1.4545454545454546,5.176149732573829,False,75.08239700374531,150.16479400749063,300.32958801498125
img-294.jpg,medium_pothole,0.2369825640183145,0.6640995056299414,0.0989179303517439,0.6640995056299414,0.3359004943700586,1.8619353663334288,MEDIUM,schedule inspection and maintenance planning,16,8,128,0.0299625468164794,0.0266666666666666,0.0007990012484394,2.0,4.859812404361672,False,75.05992509363296,150.1198501872659,300.2397003745318
img-295.jpg,major_pothole,0.0699032560915362,0.2036256770061554,0.7264710669023083,0.7264710669023083,0.2735289330976916,2.656567810810772,CRITICAL,prioritize inspection/maintenance review,398,158,62884,0.7467166979362101,0.5266666666666666,0.393270794246404,2.518987341772152,11.049062940481257,False,208.9906191369606,417.9812382739212,835.9624765478424
img-296.jpg,major_pothole,0.125281758965108,0.1991465440281621,0.6755716970067299,0.6755716970067299,0.3244283029932701,2.550289938041622,HIGH,prioritize inspection/maintenance review,495,281,139095,0.9099264705882352,0.9366666666666666,0.8522977941176471,1.7615658362989324,11.842919621207626,False,277.8446691176471,555.6893382352941,1111.3786764705883
img-297.jpg,medium_pothole,0.2399912708318057,0.6329236461708196,0.1270850829973748,0.6329236461708196,0.3670763538291803,1.8870938121655687,MEDIUM,schedule inspection and maintenance planning,38,19,722,0.0712945590994371,0.0633333333333333,0.0045153220762976,2.0,6.583409222158765,False,75.33864915572232,150.67729831144464,301.3545966228893
img-297.jpg,medium_pothole,0.2440857605577978,0.6446841902286894,0.1112300492135128,0.6446841902286894,0.3553158097713106,1.867144288655715,MEDIUM,schedule inspection and maintenance planning,33,18,594,0.0619136960600375,0.06,0.0037148217636022,1.8333333333333333,6.38856140554563,False,75.27861163227017,150.55722326454034,301.1144465290807
img-297.jpg,medium_pothole,0.1817382772307327,0.6359206315673671,0.1823410912019001,0.6359206315673671,0.3640793684326329,2.000602813971167,HIGH,schedule inspection and maintenance planning,42,14,588,0.0787992495309568,0.0466666666666666,0.0036772983114446,3.0,6.3784261836515865,False,75.27579737335834,150.5515947467167,301.1031894934334
img-297.jpg,major_pothole,0.0565177090082412,0.2472521233872991,0.6962301676044595,0.6962301676044595,0.3037698323955404,2.639712458596218,CRITICAL,prioritize inspection/maintenance review,150,47,7050,0.2814258911819887,0.1566666666666666,0.0440900562851782,3.191489361702128,8.860924729719041,False,156.61350844277675,313.2270168855535,626.454033771107
img-297.jpg,major_pothole,0.0309119871088514,0.2022776583144558,0.7668103545766923,0.7668103545766923,0.2331896454233076,2.73589836746784,CRITICAL,prioritize inspection/maintenance review,318,97,30846,0.5966228893058161,0.3233333333333333,0.1929080675422138,3.278350515463917,10.33679477987238,False,178.93621013133205,357.8724202626641,715.7448405253282
img-298.jpg,major_pothole,0.0487143480636315,0.3627616728042379,0.5885239791321303,0.5885239791321303,0.4114760208678697,2.539809631068498,HIGH,prioritize inspection/maintenance review,117,44,5148,0.2605790645879732,0.1466666666666666,0.038218262806236,2.659090909090909,8.546557800046141,False,155.7327394209354,311.4654788418708,622.9309576837416
img-298.jpg,medium_pothole,0.1224423339702268,0.6400284094921804,0.2375292565375928,0.6400284094921804,0.3599715905078195,2.1150869225673663,HIGH,schedule inspection and maintenance planning,67,30,2010,0.1492204899777283,0.1,0.0149220489977728,2.2333333333333334,7.606387389772652,False,76.11915367483296,152.23830734966592,304.47661469933183
img-299.jpg,major_pothole,0.0606822786291597,0.3173347927459181,0.6219829286249221,0.6219829286249221,0.3780170713750779,2.5613006499957622,HIGH,prioritize inspection/maintenance review,116,84,9744,0.2560706401766004,0.28,0.0716997792494481,1.380952380952381,9.184509611941662,False,160.7549668874172,321.5099337748344,643.0198675496688
img-299.jpg,major_pothole,0.0178789059440288,0.2009419268510382,0.781179167204933,0.781179167204933,0.218820832795067,2.763300261260904,CRITICAL,prioritize inspection/maintenance review,204,168,34272,0.4503311258278146,0.56,0.2521854304635761,1.2142857142857142,10.442113151159798,False,187.82781456953643,375.65562913907286,751.3112582781457
img-299.jpg,major_pothole,0.060231223055937,0.1831272578462702,0.7566415190977928,0.7566415190977928,0.2433584809022072,2.696410296041856,CRITICAL,prioritize inspection/maintenance review,163,73,11899,0.3598233995584989,0.2433333333333333,0.0875570272259014,2.232876712328767,9.38429367909962,False,163.1335540838852,326.2671081677704,652.5342163355408
img-3.jpg,medium_pothole,0.1354677496775624,0.659150040100658,0.2053822102217794,0.659150040100658,0.3408499598993419,2.069914460544217,HIGH,schedule inspection and maintenance planning,224,204,45696,0.3111111111111111,0.2833333333333333,0.0881481481481481,1.0980392156862746,10.729787929213312,False,81.6111111111111,163.2222222222222,326.4444444444444
img-30.jpg,medium_pothole,0.1745980537805297,0.6442227653427972,0.1811791808766729,0.6442227653427972,0.3557772346572028,2.0065811270961427,HIGH,schedule inspection and maintenance planning,190,231,43890,0.2638888888888889,0.3208333333333333,0.0846643518518518,0.8225108225108225,10.689464566656032,False,81.34982638888889,162.69965277777777,325.39930555555554
img-30.jpg,minor_pothole,0.7909094034879877,0.1846612255086301,0.0244293710033823,0.7909094034879877,0.2090905965120123,1.2335199675153947,LOW,monitor and include in routine maintenance review,44,61,2684,0.0611111111111111,0.0847222222222222,0.0051774691358024,0.7213114754098361,7.895436006942965,False,50.25887345679012,100.51774691358024,201.03549382716048
img-30.jpg,minor_pothole,0.7863851785482971,0.1854352126766261,0.0281796087750766,0.7863851785482971,0.2136148214517028,1.2417944302267792,LOW,monitor and include in routine maintenance review,48,45,2160,0.0666666666666666,0.0625,0.0041666666666666,1.0666666666666669,7.678326356506885,False,50.208333333333336,100.41666666666667,200.83333333333334
img-300.jpg,major_pothole,0.0502725369047632,0.1970150080247275,0.7527124550705092,0.7527124550705092,0.2472875449294908,2.702439918165746,CRITICAL,prioritize inspection/maintenance review,230,42,9660,0.7666666666666667,0.14,0.1073333333333333,5.476190476190476,9.17585244151751,False,166.1,332.2,664.4
img-300.jpg,major_pothole,0.0675369740278416,0.1303841169355451,0.8020789090366133,0.8020789090366133,0.1979210909633867,2.7345419350087714,CRITICAL,prioritize inspection/maintenance review,145,17,2465,0.4833333333333333,0.0566666666666666,0.0273888888888888,8.529411764705882,7.81035268372429,False,154.10833333333335,308.2166666666667,616.4333333333334
img-300.jpg,medium_pothole,0.0619194272921711,0.6318933440981536,0.3061872286096752,0.6318933440981536,0.3681066559018464,2.244267801317504,HIGH,schedule inspection and maintenance planning,63,15,945,0.21,0.05,0.0105,4.2,6.852242569051878,False,75.7875,151.575,303.15
img-300.jpg,major_pothole,0.0624479536928388,0.1095254337584038,0.8280266125487574,0.8280266125487574,0.1719733874512425,2.7655786588559184,CRITICAL,prioritize inspection/maintenance review,299,95,28405,0.9966666666666668,0.3166666666666666,0.3156111111111111,3.147368421052632,10.254355669441074,False,197.34166666666667,394.68333333333334,789.3666666666667
img-301.jpg,major_pothole,0.0633186318594018,0.2276203060188159,0.7090610621217821,0.7090610621217821,0.2909389378782179,2.64574243026238,CRITICAL,prioritize inspection/maintenance review,148,71,10508,0.2771535580524344,0.2366666666666666,0.0655930087390761,2.084507042253521,9.259987311865595,False,159.83895131086143,319.67790262172286,639.3558052434457
img-301.jpg,major_pothole,0.0686703685126191,0.4306153490806712,0.5007142824067095,0.5007142824067095,0.4992857175932905,2.43204391389409,HIGH,schedule inspection and maintenance planning,112,46,5152,0.2097378277153558,0.1533333333333333,0.0321598002496878,2.4347826086956523,8.547334348328224,False,154.8239700374532,309.6479400749064,619.2958801498128
img-301.jpg,medium_pothole,0.2099177371725895,0.6254915883044044,0.164590674523006,0.6254915883044044,0.3745084116955955,1.9546729373504164,MEDIUM,schedule inspection and maintenance planning,43,17,731,0.0805243445692883,0.0566666666666666,0.0045630461922596,2.5294117647058822,6.595780513961311,False,75.34222846441948,150.68445692883896,301.3689138576779
img-301.jpg,medium_pothole,0.2362423963637069,0.6268495256773636,0.1369080779589296,0.6268495256773636,0.3731504743226363,1.9006656815952228,MEDIUM,schedule inspection and maintenance planning,41,20,820,0.0767790262172284,0.0666666666666666,0.0051186017478152,2.05,6.710523109452428,False,75.38389513108615,150.7677902621723,301.5355805243446
img-301.jpg,medium_pothole,0.1243852579334413,0.6585595698248404,0.2170551722417183,0.6585595698248404,0.3414404301751595,2.092669914308277,HIGH,schedule inspection and maintenance planning,54,14,756,0.1011235955056179,0.0466666666666666,0.0047191011235955,3.857142857142857,6.6293632534374485,False,75.35393258426966,150.7078651685393,301.4157303370786
img-302.jpg,major_pothole,0.029171781114671,0.2180103951977603,0.7528178236875683,0.7528178236875683,0.2471821763124316,2.7236460425728968,CRITICAL,prioritize inspection/maintenance review,227,172,39044,0.5675,0.5733333333333334,0.3253666666666667,1.319767441860465,10.572470106096777,False,198.80499999999998,397.60999999999996,795.2199999999999
img-303.jpg,major_pothole,0.0523164433944161,0.1609750426348922,0.7867085139706915,0.7867085139706915,0.2132914860293084,2.7343920705762748,CRITICAL,prioritize inspection/maintenance review,195,44,8580,0.4276315789473684,0.1466666666666666,0.062719298245614,4.431818181818182,9.05730573580712,False,159.40789473684208,318.81578947368416,637.6315789473683
img-303.jpg,medium_pothole,0.0896271147307296,0.5987000851338811,0.3116728001353891,0.5987000851338811,0.4012999148661189,2.222045685404659,HIGH,schedule inspection and maintenance planning,78,58,4524,0.1710526315789473,0.1933333333333333,0.0330701754385964,1.3448275862068966,8.417372856134026,False,77.48026315789474,154.96052631578948,309.92105263157896
img-304.jpg,major_pothole,0.0225597646783207,0.205131588153295,0.7723086471683844,0.7723086471683844,0.2276913528316155,2.749748882490064,CRITICAL,prioritize inspection/maintenance review,239,141,33699,0.4751491053677932,0.47,0.2233200795228628,1.6950354609929077,10.425253116340452,False,183.4980119284294,366.9960238568588,733.9920477137176
img-304.jpg,major_pothole,0.0286120047862351,0.2016250593957104,0.7697629358180544,0.7697629358180544,0.2302370641819455,2.74115093103182,CRITICAL,prioritize inspection/maintenance review,248,178,44144,0.4930417495029821,0.5933333333333334,0.2925381047051027,1.3932584269662922,10.695234949335685,False,193.88071570576543,387.76143141153085,775.5228628230617
img-305.jpg,medium_pothole,0.2278836677674091,0.6162747502474479,0.155841581985143,0.6162747502474479,0.383725249752552,1.927957914217734,MEDIUM,schedule inspection and maintenance planning,52,35,1820,0.0905923344947735,0.1166666666666666,0.0105691056910569,1.4857142857142858,7.507141079727608,False,75.79268292682926,151.58536585365852,303.17073170731703
img-305.jpg,major_pothole,0.0768605171924049,0.4434265623158167,0.4797129204917781,0.4797129204917781,0.520287079508222,2.4028524032993723,HIGH,schedule inspection and maintenance planning,106,61,6466,0.1846689895470383,0.2033333333333333,0.0375493612078977,1.7377049180327868,8.774467601446593,False,155.63240418118465,311.2648083623693,622.5296167247386
img-306.jpg,major_pothole,0.019230605695533,0.1913511284761967,0.78941826582827,0.78941826582827,0.2105817341717299,2.7701876601327364,CRITICAL,prioritize inspection/maintenance review,237,159,37683,0.4446529080675422,0.53,0.2356660412757973,1.490566037735849,10.536990880168558,False,185.3499061913696,370.6998123827392,741.3996247654784
img-306.jpg,major_pothole,0.0629787631893993,0.2506180869715578,0.6864031498390427,0.6864031498390427,0.3135968501609573,2.623424386649643,CRITICAL,prioritize inspection/maintenance review,115,118,13570,0.2157598499061913,0.3933333333333333,0.0848655409631019,0.9745762711864406,9.51569044208137,False,162.72983114446527,325.45966228893053,650.9193245778611
img-307.jpg,major_pothole,0.1095107034957571,0.1922452240517611,0.6982440724524819,0.6982440724524819,0.3017559275475181,2.5887333689567247,HIGH,prioritize inspection/maintenance review,231,265,61215,0.404553415061296,0.8833333333333333,0.3573555166374781,0.8716981132075472,11.02216387223998,False,203.60332749562173,407.20665499124345,814.4133099824869
img-308.jpg,medium_pothole,0.0578722060812373,0.5008362931976817,0.4412915007210809,0.5008362931976817,0.4991637068023182,2.383419294639843,HIGH,schedule inspection and maintenance planning,93,50,4650,0.2325,0.1666666666666666,0.03875,1.86,8.444837529224097,False,77.90625,155.8125,311.625
img-309.jpg,major_pothole,0.0888968401446085,0.1888223984333467,0.7222807614220446,0.7222807614220446,0.2777192385779554,2.6333839212774355,CRITICAL,prioritize inspection/maintenance review,528,149,78672,0.9906191369606004,0.4966666666666666,0.4920075046904315,3.5436241610738257,11.27305530057358,False,223.80112570356474,447.6022514071295,895.204502814259
img-31.jpg,medium_pothole,0.1856792960245834,0.682611086834183,0.1317096171412336,0.682611086834183,0.3173889131658169,1.9460303211166503,MEDIUM,schedule inspection and maintenance planning,210,131,27510,0.2916666666666667,0.1819444444444444,0.0530671296296296,1.6030534351145038,10.22234120367599,False,78.98003472222223,157.96006944444446,315.9201388888889
img-310.jpg,major_pothole,0.0643358230014359,0.4309684877131158,0.5046956892854481,0.5046956892854481,0.4953043107145519,2.440359866284012,HIGH,schedule inspection and maintenance planning,108,25,2700,0.2394678492239468,0.0833333333333333,0.0199556541019955,4.32,7.901377353792616,False,152.9933481152993,305.9866962305986,611.9733924611972
img-310.jpg,medium_pothole,0.0910664004501718,0.631902872015401,0.2770307275344271,0.631902872015401,0.368097127984599,2.185964327084255,HIGH,schedule inspection and maintenance planning,73,18,1314,0.1618625277161862,0.06,0.0097117516629711,4.055555555555555,7.181591944611865,False,75.72838137472283,151.45676274944566,302.9135254988913
img-310.jpg,major_pothole,0.0302340668513876,0.2071876072075548,0.7625783259410577,0.7625783259410577,0.2374216740589423,2.73234425908967,CRITICAL,prioritize inspection/maintenance review,268,115,30820,0.5942350332594235,0.3833333333333333,0.227790096082779,2.3304347826086955,10.335951554811068,False,184.16851441241684,368.3370288248337,736.6740576496674
img-311.jpg,major_pothole,0.076305559230639,0.1217511702486668,0.8019432705206943,0.8019432705206943,0.1980567294793057,2.725637711290056,CRITICAL,prioritize inspection/maintenance review,336,206,69216,0.7466666666666667,0.6866666666666666,0.5127111111111111,1.6310679611650485,11.145001776175004,False,226.90666666666667,453.81333333333333,907.6266666666667
img-312.jpg,major_pothole,0.0795758313319284,0.2773527594335149,0.6430714092345564,0.6430714092345564,0.3569285907654436,2.563495577902627,HIGH,prioritize inspection/maintenance review,489,128,62592,0.9174484052532832,0.4266666666666667,0.3914446529080675,3.8203125,11.044408729749485,False,208.71669793621012,417.43339587242025,834.8667917448405
img-313.jpg,medium_pothole,0.1517454799081741,0.6685510044545048,0.1797035156373209,0.6685510044545048,0.3314489955454952,2.0279580357291462,HIGH,schedule inspection and maintenance planning,39,13,507,0.0975,0.0433333333333333,0.004225,3.0,6.230481447578482,False,75.316875,150.63375,301.2675
img-313.jpg,major_pothole,0.0879116208764523,0.1842704624979145,0.7278179166256328,0.7278179166256328,0.2721820833743672,2.63990629574918,CRITICAL,prioritize inspection/maintenance review,399,154,61446,0.9975,0.5133333333333333,0.51205,2.590909090909091,11.02593029362343,False,226.80749999999998,453.61499999999995,907.2299999999999
img-314.jpg,major_pothole,0.0175899649832095,0.1735771160004,0.8088329190163904,0.8088329190163904,0.1911670809836095,2.791242954033181,CRITICAL,prioritize inspection/maintenance review,164,203,33292,0.3644444444444444,0.6766666666666666,0.2466074074074074,0.8078817733990148,10.413102443661062,False,186.9911111111111,373.9822222222222,747.9644444444444
img-315.jpg,major_pothole,0.0682535097749872,0.1820519063054753,0.7496945839195376,0.7496945839195376,0.2503054160804624,2.6814410741445505,CRITICAL,prioritize inspection/maintenance review,174,83,14442,0.3866666666666666,0.2766666666666666,0.1069777777777777,2.0963855421686746,9.577965147101168,False,166.04666666666665,332.0933333333333,664.1866666666666
img-315.jpg,medium_pothole,0.2181263341566834,0.6471460666435251,0.1347275991997914,0.6471460666435251,0.3528539333564748,1.916601265043108,MEDIUM,schedule inspection and maintenance planning,43,26,1118,0.0955555555555555,0.0866666666666666,0.0082814814814814,1.6538461538461535,7.020190708311925,False,75.6211111111111,151.2422222222222,302.4844444444444
img-315.jpg,medium_pothole,0.0920994150181897,0.6369374509949718,0.2709631339868386,0.6369374509949718,0.3630625490050282,2.178863718968649,HIGH,schedule inspection and maintenance planning,66,15,990,0.1466666666666666,0.05,0.0073333333333333,4.4,6.898714534329988,False,75.54999999999998,151.09999999999997,302.19999999999993
img-315.jpg,medium_pothole,0.2136568802609397,0.6652822652530089,0.1210608544860513,0.6652822652530089,0.334717734746991,1.907403974225112,MEDIUM,schedule inspection and maintenance planning,24,10,240,0.0533333333333333,0.0333333333333333,0.0017777777777777,2.4,5.484796933490655,False,75.13333333333333,150.26666666666665,300.5333333333333
img-315.jpg,medium_pothole,0.1788488163202092,0.6469009590213883,0.1742502246584025,0.6469009590213883,0.3530990409786116,1.9954014083381928,MEDIUM,schedule inspection and maintenance planning,44,17,748,0.0977777777777777,0.0566666666666666,0.0055407407407407,2.588235294117647,6.618738983517219,False,75.41555555555554,150.83111111111108,301.66222222222217
img-316.jpg,major_pothole,0.0205938750870242,0.2097203933750084,0.7696857315379673,0.7696857315379673,0.2303142684620327,2.749091856450943,CRITICAL,prioritize inspection/maintenance review,229,155,35495,0.5,0.5166666666666667,0.2583333333333333,1.4774193548387098,10.477175293058746,False,188.75,377.5,755.0
img-317.jpg,major_pothole,0.0667387582596531,0.1959668804662838,0.737294361274063,0.737294361274063,0.262705638725937,2.6705556030144098,CRITICAL,prioritize inspection/maintenance review,162,90,14580,0.36,0.3,0.108,1.8,9.587474590316283,False,166.20000000000002,332.40000000000003,664.8000000000001
img-318.jpg,major_pothole,0.039366532701619,0.217323265306216,0.7433102019921649,0.7433102019921649,0.2566897980078351,2.703943669290546,CRITICAL,prioritize inspection/maintenance review,285,90,25650,0.5828220858895705,0.3,0.1748466257668711,3.1666666666666665,10.152337836193745,False,176.22699386503066,352.4539877300613,704.9079754601227
img-319.jpg,major_pothole,0.0558967625616895,0.1685771466642807,0.7755260907740297,0.7755260907740297,0.2244739092259703,2.71962932821234,CRITICAL,prioritize inspection/maintenance review,165,76,12540,0.55,0.2059620596205962,0.1132791327913279,2.171052631578948,9.43675855582405,False,166.99186991869917,333.98373983739833,667.9674796747967
img-32.jpg,medium_pothole,0.4214737331705424,0.485846745591253,0.0926795212382046,0.485846745591253,0.514153254408747,1.6712057880676623,MEDIUM,schedule inspection and maintenance planning,143,87,12441,0.1986111111111111,0.1208333333333333,0.0239988425925925,1.6436781609195403,9.428833125074965,False,76.79991319444444,153.59982638888889,307.19965277777777
img-32.jpg,medium_pothole,0.1182869000378173,0.6702528466166864,0.2114602533454963,0.6702528466166864,0.3297471533833136,2.09317335330768,HIGH,schedule inspection and maintenance planning,251,223,55973,0.3486111111111111,0.3097222222222222,0.1079726080246913,1.1255605381165918,10.932642576189016,False,83.09794560185185,166.1958912037037,332.3917824074074
img-320.jpg,major_pothole,0.0903177405043965,0.1975405966117451,0.7121416628838584,0.7121416628838584,0.2878583371161416,2.621823922379462,CRITICAL,prioritize inspection/maintenance review,610,127,77470,0.8866279069767442,0.4233333333333333,0.3753391472868217,4.803149606299213,11.257658951765176,False,206.30087209302326,412.6017441860465,825.203488372093
img-320.jpg,medium_pothole,0.1440956758918169,0.5689234756339976,0.2869808484741856,0.5689234756339976,0.4310765243660024,2.142885172582369,HIGH,schedule inspection and maintenance planning,86,35,3010,0.125,0.1166666666666666,0.0145833333333333,2.4571428571428573,8.010027528481734,False,76.09375,152.1875,304.375
img-321.jpg,major_pothole,0.0511711686250308,0.1556544634875622,0.7931743678874067,0.7931743678874067,0.2068256321125933,2.7420031992623755,CRITICAL,prioritize inspection/maintenance review,253,140,35420,0.8433333333333334,0.4666666666666667,0.3935555555555555,1.8071428571428567,10.47506014357522,False,209.0333333333333,418.0666666666666,836.1333333333332
img-322.jpg,major_pothole,0.0813857545926978,0.1902838533225458,0.7283303920847561,0.7283303920847561,0.2716696079152438,2.6469446374920573,CRITICAL,prioritize inspection/maintenance review,424,157,66568,0.93598233995585,0.5233333333333333,0.4898307579102281,2.700636942675159,11.10599428270034,False,223.4746136865342,446.9492273730684,893.8984547461368
img-323.jpg,major_pothole,0.0435306734328051,0.3180014024414776,0.6384679241257174,0.6384679241257174,0.3615320758742826,2.5949372506929125,HIGH,prioritize inspection/maintenance review,123,36,4428,0.2887323943661972,0.12,0.0346478873239436,3.4166666666666665,8.395929103923198,False,155.19718309859152,310.39436619718305,620.7887323943661
img-323.jpg,major_pothole,0.050139866765669,0.1977968719830842,0.7520632612512466,0.7520632612512466,0.2479367387487534,2.7019233944855774,CRITICAL,prioritize inspection/maintenance review,382,95,36290,0.8967136150234741,0.3166666666666666,0.2839593114241001,4.021052631578947,10.499325055627958,False,192.593896713615,385.18779342723,770.37558685446
img-323.jpg,medium_pothole,0.1063516258989044,0.6379726670042558,0.2556757070968399,0.6379726670042558,0.3620273329957442,2.1493240811979355,HIGH,schedule inspection and maintenance planning,70,35,2450,0.1643192488262911,0.1166666666666666,0.0191705790297339,2.0,7.804251383528112,False,76.43779342723003,152.87558685446007,305.75117370892013
img-323.jpg,medium_pothole,0.0803803784543515,0.5519741381812208,0.3676454833644275,0.5519741381812208,0.4480258618187792,2.287265104910075,HIGH,schedule inspection and maintenance planning,60,11,660,0.1408450704225352,0.0366666666666666,0.0051643192488262,5.454545454545454,6.493753839851686,False,75.38732394366197,150.77464788732394,301.5492957746479
img-323.jpg,major_pothole,0.1064137605440802,0.3098969462120726,0.5836892932438473,0.5836892932438473,0.4163107067561526,2.477275532699767,HIGH,schedule inspection and maintenance planning,81,9,729,0.1901408450704225,0.03,0.0057042253521126,9.0,6.593044534142437,False,150.8556338028169,301.7112676056338,603.4225352112676
img-324.jpg,major_pothole,0.0303560174223934,0.2036122161612176,0.7660317664163891,0.7660317664163891,0.2339682335836108,2.735675748993996,CRITICAL,prioritize inspection/maintenance review,187,132,24684,0.4155555555555555,0.44,0.1828444444444444,1.4166666666666667,10.113951050692965,False,177.42666666666665,354.8533333333333,709.7066666666666
img-325.jpg,medium_pothole,0.2334613537244532,0.6239331969236074,0.1426054493519397,0.6239331969236074,0.3760668030763926,1.909144095627487,MEDIUM,schedule inspection and maintenance planning,43,21,903,0.0806754221388367,0.07,0.0056472795497185,2.0476190476190474,6.806829360392176,False,75.42354596622889,150.84709193245777,301.69418386491554
img-325.jpg,medium_pothole,0.086281308507738,0.5236471229005966,0.3900715685916655,0.5236471229005966,0.4763528770994034,2.3037902600839275,HIGH,schedule inspection and maintenance planning,97,41,3977,0.1819887429643527,0.1366666666666666,0.0248717948717948,2.365853658536585,8.288534459413917,False,76.8653846153846,153.7307692307692,307.4615384615384
img-325.jpg,medium_pothole,0.1493122384469408,0.6491618874558189,0.2015258740972402,0.6491618874558189,0.350838112544181,2.0522136356503,HIGH,schedule inspection and maintenance planning,50,15,750,0.0938086303939962,0.05,0.0046904315196998,3.333333333333333,6.621405651764134,False,75.35178236397749,150.70356472795498,301.40712945590997
img-325.jpg,medium_pothole,0.2308760648616934,0.6200731835929374,0.1490507515453691,0.6200731835929374,0.3799268164070626,1.9181746866836755,MEDIUM,schedule inspection and maintenance planning,47,25,1175,0.0881801125703564,0.0833333333333333,0.0073483427141963,1.88,7.069874128458572,False,75.55112570356472,151.10225140712944,302.2045028142589
img-325.jpg,medium_pothole,0.2442364209760411,0.6311665342996731,0.124597044724286,0.6311665342996731,0.3688334657003269,1.880360623748245,MEDIUM,schedule inspection and maintenance planning,40,22,880,0.075046904315197,0.0733333333333333,0.0055034396497811,1.818181818181818,6.78105762593618,False,75.41275797373358,150.82551594746715,301.6510318949343
img-325.jpg,major_pothole,0.0706516565819431,0.3765230789047662,0.5528252645132908,0.5528252645132908,0.4471747354867091,2.4821736079313483,HIGH,schedule inspection and maintenance planning,109,81,8829,0.2045028142589118,0.27,0.0552157598499061,1.345679012345679,9.085910293598008,False,158.28236397748591,316.56472795497183,633.1294559099437
img-326.jpg,major_pothole,0.0199175216595308,0.2050268134867864,0.7750556648536825,0.7750556648536825,0.2249443351463175,2.755138143194151,CRITICAL,prioritize inspection/maintenance review,205,150,30750,0.4638009049773756,0.5,0.2319004524886878,1.3666666666666667,10.333677793031091,False,184.78506787330318,369.57013574660635,739.1402714932127
img-327.jpg,major_pothole,0.0807778116643094,0.4409129292694267,0.478309259066264,0.478309259066264,0.521690740933736,2.397531447401955,HIGH,schedule inspection and maintenance planning,117,40,4680,0.195,0.1333333333333333,0.026,2.925,8.45126704130007,False,153.9,307.8,615.6
img-327.jpg,major_pothole,0.0688664424080897,0.1598665939029601,0.7712669636889503,0.7712669636889503,0.2287330363110497,2.702400521280861,CRITICAL,prioritize inspection/maintenance review,337,179,60323,0.5616666666666666,0.5966666666666667,0.3351277777777778,1.88268156424581,11.007485313480576,False,200.26916666666665,400.5383333333333,801.0766666666666
img-328.jpg,medium_pothole,0.1463397006857051,0.6628157166086528,0.1908445827056421,0.6628157166086528,0.3371842833913472,2.044504882019937,HIGH,schedule inspection and maintenance planning,49,18,882,0.1172248803827751,0.06,0.0070334928229665,2.7222222222222223,6.78332520060396,False,75.52751196172248,151.05502392344496,302.1100478468899
img-328.jpg,medium_pothole,0.1643945438897518,0.6605559510675523,0.1750495050426956,0.6605559510675523,0.3394440489324477,2.010654961152943,HIGH,schedule inspection and maintenance planning,32,10,320,0.0765550239234449,0.0333333333333333,0.0025518341307814,3.2,5.771441123130016,False,75.1913875598086,150.3827751196172,300.7655502392344
img-328.jpg,major_pothole,0.0400881622073192,0.2442986555995501,0.715613182193131,0.715613182193131,0.284386817806869,2.675525019985812,CRITICAL,prioritize inspection/maintenance review,135,36,4860,0.3229665071770335,0.12,0.038755980861244,3.75,8.488999457045455,False,155.81339712918663,311.62679425837325,623.2535885167465
img-328.jpg,medium_pothole,0.1821402690963912,0.6549189072631092,0.1629408236404995,0.6549189072631092,0.3450810927368908,1.980800554544108,MEDIUM,schedule inspection and maintenance planning,40,16,640,0.0956937799043062,0.0533333333333333,0.0051036682615629,2.5,6.46302945692067,False,75.38277511961721,150.76555023923441,301.53110047846883
img-329.jpg,medium_pothole,0.2357046976604359,0.6391165867462995,0.1251787155932645,0.6391165867462995,0.3608834132537005,1.8894740179328284,MEDIUM,schedule inspection and maintenance planning,25,10,250,0.0374812593703148,0.0333333333333333,0.0012493753123438,2.5,5.525452939131784,False,75.09370314842577,150.18740629685155,300.3748125937031
img-329.jpg,medium_pothole,0.1728928296604168,0.6293577097883397,0.1977494605512431,0.6293577097883397,0.3706422902116603,2.0248566308908256,HIGH,schedule inspection and maintenance planning,33,9,297,0.0494752623688155,0.03,0.0014842578710644,3.6666666666666665,5.697093486505405,False,75.11131934032983,150.22263868065966,300.4452773613193
img-329.jpg,medium_pothole,0.2582239321457541,0.628310884812781,0.1134651830414646,0.628310884812781,0.371689115187219,1.85524125089571,MEDIUM,schedule inspection and maintenance planning,32,16,512,0.047976011994003,0.0533333333333333,0.0025587206396801,2.0,6.240275845170769,False,75.191904047976,150.383808095952,300.767616191904
img-329.jpg,medium_pothole,0.2265340648775924,0.608265769597659,0.1652001655247483,0.608265769597659,0.391734230402341,1.9386661006471555,MEDIUM,schedule inspection and maintenance planning,41,15,615,0.0614692653673163,0.05,0.0030734632683658,2.7333333333333334,6.423246963533519,False,75.23050974512743,150.46101949025487,300.92203898050974
img-329.jpg,medium_pothole,0.2479212556816219,0.6575412509933909,0.0945374933249871,0.6575412509933909,0.3424587490066091,1.846616237643365,MEDIUM,schedule inspection and maintenance planning,22,14,308,0.032983508245877,0.0466666666666666,0.0015392303848075,1.5714285714285714,5.733341276897746,False,75.11544227886056,150.2308845577211,300.4617691154422
img-329.jpg,medium_pothole,0.0866656801062519,0.4556101250791721,0.4577241948145759,0.4577241948145759,0.5422758051854242,2.371058514708324,HIGH,schedule inspection and maintenance planning,51,8,408,0.0764617691154422,0.0266666666666666,0.0020389805097451,6.375,6.013715156042802,False,75.15292353823088,150.30584707646176,300.6116941529235
img-33.jpg,medium_pothole,0.2641824017908959,0.6293490630579676,0.1064685351511364,0.6293490630579676,0.3706509369420324,1.8422861333602405,MEDIUM,schedule inspection and maintenance planning,178,100,17800,0.2472222222222222,0.1388888888888889,0.0343364197530864,1.78,9.787009914477434,False,77.57523148148148,155.15046296296296,310.3009259259259
img-33.jpg,minor_pothole,0.515847635271157,0.4053811663978195,0.0787711983310233,0.515847635271157,0.484152364728843,1.562923563059866,MEDIUM,schedule inspection and maintenance planning,114,90,10260,0.1583333333333333,0.125,0.0197916666666666,1.2666666666666666,9.236105579862208,False,50.989583333333336,101.97916666666667,203.95833333333334
img-330.jpg,major_pothole,0.052961719541778,0.2047253069079609,0.7423129735502608,0.7423129735502608,0.2576870264497392,2.689351254008482,CRITICAL,prioritize inspection/maintenance review,221,204,45084,0.7366666666666667,0.51,0.3757,1.0833333333333333,10.716304875934007,False,206.355,412.71,825.42
img-330.jpg,major_pothole,0.050007547914876,0.2391217595928434,0.7108706924922807,0.7108706924922807,0.2891293075077192,2.660863144577405,CRITICAL,prioritize inspection/maintenance review,137,63,8631,0.4566666666666666,0.1575,0.071925,2.1746031746031744,9.06323150693797,False,160.78875,321.5775,643.155
img-331.jpg,major_pothole,0.0507156776661805,0.451643986137969,0.4976403361958505,0.4976403361958505,0.5023596638041494,2.44692465852967,HIGH,schedule inspection and maintenance planning,95,61,5795,0.2595628415300546,0.2033333333333333,0.0527777777777777,1.5573770491803278,8.664923303440572,False,157.91666666666663,315.83333333333326,631.6666666666665
img-331.jpg,medium_pothole,0.0694271008250049,0.6204019214158313,0.3101709777591636,0.6204019214158313,0.3795980785841687,2.2407438769341583,HIGH,schedule inspection and maintenance planning,76,27,2052,0.2076502732240437,0.09,0.0186885245901639,2.814814814814815,7.627057417018934,False,76.40163934426228,152.80327868852456,305.6065573770491
img-331.jpg,medium_pothole,0.0754691133883591,0.6258205264345155,0.2987103601771252,0.6258205264345155,0.3741794735654845,2.2232412467887657,HIGH,schedule inspection and maintenance planning,66,15,990,0.180327868852459,0.05,0.0090163934426229,4.4,6.898714534329988,False,75.67622950819671,151.35245901639342,302.70491803278685
img-331.jpg,medium_pothole,0.1021016443605267,0.6946897578709041,0.2032085977685696,0.6946897578709041,0.3053102421290958,2.101106953408044,HIGH,schedule inspection and maintenance planning,45,12,540,0.1229508196721311,0.04,0.0049180327868852,3.75,6.293419278846481,False,75.3688524590164,150.7377049180328,301.4754098360656
img-331.jpg,medium_pothole,0.1083098128833571,0.6913399280919041,0.2003502590247387,0.6913399280919041,0.3086600719080958,2.092040446141381,HIGH,schedule inspection and maintenance planning,39,10,390,0.1065573770491803,0.0333333333333333,0.003551912568306,3.9,5.968707559985366,False,75.26639344262294,150.53278688524588,301.06557377049177
img-331.jpg,medium_pothole,0.1066279652192845,0.6807830094081091,0.2125890253726063,0.6807830094081091,0.3192169905918909,2.1059610601533216,HIGH,schedule inspection and maintenance planning,35,8,280,0.0956284153005464,0.0266666666666666,0.0025500910746812,4.375,5.638354669333745,False,75.19125683060109,150.38251366120218,300.76502732240436
img-331.jpg,medium_pothole,0.1854266131482856,0.665539816556398,0.1490335702953166,0.665539816556398,0.3344601834436019,1.963606957147032,MEDIUM,schedule inspection and maintenance planning,24,8,192,0.0655737704918032,0.0266666666666666,0.0017486338797814,3.0,5.262690188904886,False,75.1311475409836,150.2622950819672,300.5245901639344
img-331.jpg,medium_pothole,0.1163710070957802,0.6903343780786189,0.1932946148256009,0.6903343780786189,0.3096656219213811,2.0769236077298205,HIGH,schedule inspection and maintenance planning,45,14,630,0.1229508196721311,0.0466666666666666,0.0057377049180327,3.2142857142857144,6.447305862541213,False,75.43032786885246,150.86065573770492,301.72131147540983
img-331.jpg,medium_pothole,0.1749389331730582,0.6715101668696578,0.1535508999572839,0.6715101668696578,0.3284898331303422,1.9786119667842257,MEDIUM,schedule inspection and maintenance planning,32,12,384,0.087431693989071,0.04,0.0034972677595628,2.6666666666666665,5.953243334287785,False,75.26229508196721,150.52459016393442,301.04918032786884
img-331.jpg,medium_pothole,0.1752057551444621,0.6680790170223511,0.1567152278331871,0.6680790170223511,0.3319209829776489,1.9815094726887248,MEDIUM,schedule inspection and maintenance planning,27,9,243,0.0737704918032786,0.03,0.0022131147540983,3.0,5.497168225293202,False,75.16598360655736,150.33196721311472,300.66393442622945
img-331.jpg,medium_pothole,0.1431555730832177,0.6772876398975638,0.1795567870192185,0.6772876398975638,0.3227123601024362,2.036401213936001,HIGH,schedule inspection and maintenance planning,33,10,330,0.0901639344262295,0.0333333333333333,0.0030054644808743,3.3,5.802118375377063,False,75.22540983606558,150.45081967213116,300.9016393442623
img-331.jpg,medium_pothole,0.1974103092924209,0.6758352746759305,0.1267544160316486,0.6758352746759305,0.3241647253240695,1.929344106739228,MEDIUM,schedule inspection and maintenance planning,23,9,207,0.0628415300546448,0.03,0.0018852459016393,2.555555555555556,5.337538079701318,False,75.14139344262296,150.2827868852459,300.5655737704918
img-331.jpg,medium_pothole,0.1758607171866654,0.6742018117525909,0.1499374710607436,0.6742018117525909,0.3257981882474091,1.974076753874078,MEDIUM,schedule inspection and maintenance planning,45,30,1350,0.1229508196721311,0.1,0.0122950819672131,1.5,7.208600337960199,False,75.922131147541,151.844262295082,303.688524590164
img-332.jpg,major_pothole,0.049125240330994,0.1872352945206067,0.7636394651483991,0.7636394651483991,0.2363605348516009,2.714514224817404,CRITICAL,prioritize inspection/maintenance review,239,46,10994,0.4979166666666667,0.1533333333333333,0.0763472222222222,5.195652173913044,9.305195902988862,False,161.45208333333332,322.90416666666664,645.8083333333333
img-332.jpg,major_pothole,0.0849216306417457,0.2809921737737098,0.6340861955845445,0.6340861955845445,0.3659138044154555,2.5491645649427985,HIGH,prioritize inspection/maintenance review,89,13,1157,0.1854166666666666,0.0433333333333333,0.0080347222222222,6.846153846153846,7.05444965813294,False,151.20520833333333,302.41041666666666,604.8208333333333
img-332.jpg,medium_pothole,0.0982972312563875,0.6894344845113616,0.2122682842322505,0.6894344845113616,0.3105655154886384,2.113971052975862,HIGH,schedule inspection and maintenance planning,121,11,1331,0.2520833333333333,0.0366666666666666,0.0092430555555555,11.0,7.194436851100335,False,75.69322916666667,151.38645833333334,302.7729166666667
img-332.jpg,major_pothole,0.0953358348942895,0.2019109314365071,0.7027532336692034,0.7027532336692034,0.2972467663307966,2.607417398774914,CRITICAL,prioritize inspection/maintenance review,137,21,2877,0.2854166666666666,0.07,0.0199791666666666,6.523809523809524,7.964850887447313,False,152.996875,305.99375,611.9875
img-332.jpg,medium_pothole,0.0845181511688147,0.5483835210941528,0.3670983277370326,0.5483835210941528,0.4516164789058472,2.2825801765682185,HIGH,schedule inspection and maintenance planning,56,10,560,0.1166666666666666,0.0333333333333333,0.0038888888888888,5.6,6.329720905522696,False,75.29166666666666,150.58333333333331,301.16666666666663
img-333.jpg,medium_pothole,0.2273474696132005,0.6773260761865295,0.0953264542002695,0.6773260761865295,0.3226739238134705,1.867978984587068,MEDIUM,schedule inspection and maintenance planning,25,16,400,0.0554323725055432,0.0533333333333333,0.0029563932002956,1.5625,5.993961427306569,False,75.22172949002217,150.44345898004434,300.8869179600887
img-333.jpg,medium_pothole,0.0972846859130201,0.6554747573761527,0.247240556710827,0.6554747573761527,0.3445252426238473,2.1499558707978066,HIGH,schedule inspection and maintenance planning,54,12,648,0.1197339246119734,0.04,0.0047893569844789,4.5,6.47543271670409,False,75.3592017738359,150.7184035476718,301.4368070953436
img-333.jpg,medium_pothole,0.1598446967749347,0.6572061626526753,0.1829491405723898,0.6572061626526753,0.3427938373473247,2.023104443797455,HIGH,schedule inspection and maintenance planning,38,12,456,0.0842572062084257,0.04,0.003370288248337,3.1666666666666665,6.124683390894205,False,75.25277161862527,150.50554323725055,301.0110864745011
img-333.jpg,major_pothole,0.0468068460114325,0.3318727401483636,0.6213204138402038,0.6213204138402038,0.3786795861597962,2.574513567828771,HIGH,prioritize inspection/maintenance review,123,41,5043,0.2727272727272727,0.1366666666666666,0.0372727272727272,3.0,8.52595469708481,False,155.59090909090907,311.18181818181813,622.3636363636363
img-334.jpg,major_pothole,0.0595957543412824,0.2134695824534827,0.7269346632052347,0.7269346632052347,0.2730653367947653,2.667338908863952,CRITICAL,prioritize inspection/maintenance review,156,60,9360,0.291044776119403,0.2,0.0582089552238805,2.6,9.144307401371744,False,158.73134328358208,317.46268656716416,634.9253731343283
img-334.jpg,medium_pothole,0.1452210757386266,0.6267431381793879,0.2280357860819853,0.6267431381793879,0.3732568618206121,2.0828147103433583,HIGH,schedule inspection and maintenance planning,67,25,1675,0.125,0.0833333333333333,0.0104166666666666,2.68,7.424165281042028,False,75.78124999999999,151.56249999999997,303.12499999999994
img-334.jpg,medium_pothole,0.1362975263080477,0.6505476714463799,0.2131548022455724,0.6505476714463799,0.3494523285536201,2.076857275937525,HIGH,schedule inspection and maintenance planning,58,17,986,0.1082089552238805,0.0566666666666666,0.0061318407960199,3.411764705882353,6.894670039433482,False,75.45988805970148,150.91977611940297,301.83955223880594
img-334.jpg,major_pothole,0.0285219298265899,0.195453785345234,0.776024284828176,0.776024284828176,0.223975715171824,2.7475023550015862,CRITICAL,prioritize inspection/maintenance review,286,159,45474,0.5335820895522388,0.53,0.2827985074626866,1.79874213836478,10.724918003386325,False,192.419776119403,384.839552238806,769.679104477612
img-335.jpg,major_pothole,0.0465163283600006,0.386118011613841,0.5673656600261583,0.5673656600261583,0.4326343399738417,2.5208493316661573,HIGH,prioritize inspection/maintenance review,107,55,5885,0.2675,0.1833333333333333,0.0490416666666666,1.945454545454545,8.680331928793418,False,157.35625,314.7125,629.425
img-335.jpg,medium_pothole,0.1052669121448549,0.6531855428365929,0.2415475450185521,0.6531855428365929,0.3468144571634071,2.136280632873697,HIGH,schedule inspection and maintenance planning,66,30,1980,0.165,0.1,0.0165,2.2,7.591357046698551,False,76.2375,152.475,304.95
img-335.jpg,medium_pothole,0.160529123715583,0.6642756365538345,0.1751952397305826,0.6642756365538345,0.3357243634461655,2.014666116015,HIGH,schedule inspection and maintenance planning,41,15,615,0.1025,0.05,0.005125,2.7333333333333334,6.423246963533519,False,75.384375,150.76875,301.5375
img-335.jpg,major_pothole,0.0382855689912505,0.2352848785573297,0.7264295524514198,0.7264295524514198,0.2735704475485802,2.688143983460169,CRITICAL,prioritize inspection/maintenance review,132,57,7524,0.33,0.19,0.0627,2.3157894736842106,8.925986089617076,False,159.405,318.81,637.62
img-335.jpg,medium_pothole,0.1436109150163966,0.6597595343250352,0.1966295506585679,0.6597595343250352,0.3402404656749648,2.0530186356421707,HIGH,schedule inspection and maintenance planning,56,32,1792,0.14,0.1066666666666666,0.0149333333333333,1.75,7.491645473605133,False,76.11999999999999,152.23999999999998,304.47999999999996
img-336.jpg,medium_pothole,0.1240753001702366,0.6411823120893558,0.2347423877404078,0.6411823120893558,0.3588176879106441,2.110667087570172,HIGH,schedule inspection and maintenance planning,68,31,2108,0.2266666666666666,0.0769230769230769,0.0174358974358974,2.193548387096774,7.653969180478774,False,76.3076923076923,152.6153846153846,305.2307692307692
img-336.jpg,medium_pothole,0.1211135697511816,0.68014859420068,0.1987378360481383,0.68014859420068,0.31985140579932,2.077624266296956,HIGH,schedule inspection and maintenance planning,53,16,848,0.1766666666666666,0.0397022332506203,0.0070140612076095,3.3125,6.744059186311348,False,75.52605459057071,151.05210918114142,302.10421836228284
img-336.jpg,major_pothole,0.0362017174226283,0.1725572240417012,0.7912410585356703,0.7912410585356703,0.2087589414643297,2.7550393411130414,CRITICAL,prioritize inspection/maintenance review,236,167,39412,0.7866666666666666,0.4143920595533499,0.3259884201819685,1.4131736526946108,10.581850990103325,False,198.8982630272953,397.7965260545906,795.5930521091811
img-337.jpg,major_pothole,0.0742920702236932,0.1826905772397495,0.7430173525365571,0.7430173525365571,0.2569826474634429,2.6687252823128635,CRITICAL,prioritize inspection/maintenance review,193,86,16598,0.4004149377593361,0.2866666666666667,0.1147856154910096,2.244186046511628,9.71709773156622,False,167.21784232365144,334.4356846473029,668.8713692946058
0b360769-img-338.jpg,major_pothole,0.0707905913180195,0.2006537711088728,0.7285556375731075,0.7285556375731075,0.2714443624268925,2.657765046255088,CRITICAL,prioritize inspection/maintenance review,313,171,53523,0.7825,0.57,0.446025,1.8304093567251465,10.88788543042488,False,216.90375000000003,433.80750000000006,867.6150000000001
96d6e1f7-img-339.jpg,major_pothole,0.0680144900610428,0.236734085645885,0.6952514242930722,0.6952514242930722,0.3047485757069278,2.6272369342320294,CRITICAL,prioritize inspection/maintenance review,145,77,11165,0.2622061482820976,0.2566666666666666,0.0672995780590717,1.8831168831168832,9.320628725870304,False,160.09493670886076,320.1898734177215,640.379746835443
96d6e1f7-img-339.jpg,medium_pothole,0.2359281928191497,0.655403034090325,0.108668773090525,0.655403034090325,0.344596965909675,1.8727405802713744,MEDIUM,schedule inspection and maintenance planning,26,13,338,0.0470162748643761,0.0433333333333333,0.0020373719107896,2.0,5.82600010738045,False,75.15280289330921,150.30560578661843,300.61121157323686
96d6e1f7-img-339.jpg,medium_pothole,0.2367085135628928,0.6159336794860722,0.1473578069510348,0.6159336794860722,0.3840663205139277,1.9106492933881416,MEDIUM,schedule inspection and maintenance planning,47,25,1175,0.0849909584086799,0.0833333333333333,0.0070825798673899,1.88,7.069874128458572,False,75.53119349005425,151.0623869801085,302.124773960217
96d6e1f7-img-339.jpg,medium_pothole,0.101886672524108,0.5822377515465881,0.3158755759293036,0.5822377515465881,0.4177622484534119,2.2139889034051947,HIGH,schedule inspection and maintenance planning,91,27,2457,0.1645569620253164,0.09,0.0148101265822784,3.3703703703703702,7.80710329012598,False,76.11075949367088,152.22151898734177,304.44303797468353
96d6e1f7-img-339.jpg,medium_pothole,0.1186410694084979,0.598334326843945,0.2830246037475566,0.598334326843945,0.4016656731560549,2.164383534339058,HIGH,schedule inspection and maintenance planning,82,31,2542,0.1482820976491862,0.1033333333333333,0.0153224834237492,2.6451612903225805,7.841099765422119,False,76.14918625678119,152.29837251356238,304.59674502712477
img-34.jpg,major_pothole,0.0394977315443583,0.1471829079256481,0.8133193605299938,0.8133193605299938,0.1866806394700062,2.773821628985636,CRITICAL,prioritize inspection/maintenance review,512,326,166912,0.7111111111111111,0.4527777777777778,0.3219753086419753,1.5705521472392638,12.02522799756925,False,198.29629629629628,396.59259259259255,793.1851851851851
img-340.jpg,major_pothole,0.0595890280683274,0.1727917421907081,0.7676192297409646,0.7676192297409646,0.2323807702590353,2.7080302016726376,CRITICAL,prioritize inspection/maintenance review,210,63,13230,0.4666666666666667,0.21,0.098,3.333333333333333,9.490317840042412,False,164.70000000000002,329.40000000000003,658.8000000000001
img-340.jpg,major_pothole,0.044760208725603,0.1865353363011783,0.7687044549732185,0.7687044549732185,0.2312955450267815,2.723944246247615,CRITICAL,prioritize inspection/maintenance review,244,45,10980,0.5422222222222223,0.15,0.0813333333333333,5.422222222222223,9.303921785597714,False,162.2,324.4,648.8
img-341.jpg,major_pothole,0.0616939433458227,0.1931888039222748,0.7451172527319024,0.7451172527319024,0.2548827472680975,2.68342330938608,CRITICAL,prioritize inspection/maintenance review,205,96,19680,0.4525386313465783,0.32,0.144812362030905,2.1354166666666665,9.887408982323436,False,171.72185430463574,343.4437086092715,686.887417218543
img-341.jpg,medium_pothole,0.191162206684923,0.643703600985486,0.1651341923295912,0.643703600985486,0.356296399014514,1.9739719856446685,MEDIUM,schedule inspection and maintenance planning,51,33,1683,0.1125827814569536,0.11,0.0123841059602649,1.5454545454545454,7.428927194802272,False,75.92880794701988,151.85761589403975,303.7152317880795
img-341.jpg,medium_pothole,0.1162365727962998,0.6323875257169654,0.2513759014867344,0.6323875257169654,0.3676124742830345,2.135139328690434,HIGH,schedule inspection and maintenance planning,70,38,2660,0.1545253863134658,0.1266666666666666,0.0195732155997056,1.8421052631578947,7.886457270977689,False,76.46799116997792,152.93598233995584,305.8719646799117
img-342.jpg,major_pothole,0.0720634927729684,0.2083243059597521,0.7196122012672792,0.7196122012672792,0.2803877987327208,2.6475487084943103,CRITICAL,prioritize inspection/maintenance review,374,157,58718,0.8311111111111111,0.5233333333333333,0.4349481481481481,2.3821656050955413,10.980518633170634,False,215.2422222222222,430.4844444444444,860.9688888888888
img-343.jpg,major_pothole,0.0904876138938664,0.1416397278370493,0.7678726582690844,0.7678726582690844,0.2321273417309156,2.6773850443752183,CRITICAL,prioritize inspection/maintenance review,539,161,86779,0.998148148148148,0.5366666666666666,0.5356728395061728,3.347826086956522,11.37113145935234,False,230.35092592592594,460.70185185185187,921.4037037037037
img-344.jpg,medium_pothole,0.0762364048700693,0.4959163445281614,0.4278472506017692,0.4959163445281614,0.5040836554718386,2.3516108457317,HIGH,schedule inspection and maintenance planning,89,18,1602,0.198218262806236,0.06,0.0118930957683741,4.944444444444445,7.379632152609552,False,75.89198218262806,151.7839643652561,303.5679287305122
img-344.jpg,major_pothole,0.0774577631699997,0.3251935615998523,0.5973486752301478,0.5973486752301478,0.4026513247698522,2.519890912060148,HIGH,prioritize inspection/maintenance review,74,11,814,0.1648106904231625,0.0366666666666666,0.0060430586488492,6.727272727272728,6.703188113240863,False,150.90645879732736,301.8129175946547,603.6258351893094
img-344.jpg,medium_pothole,0.0754394051482709,0.553143091879898,0.371417502971831,0.553143091879898,0.446856908120102,2.29597809782356,HIGH,schedule inspection and maintenance planning,90,37,3330,0.2004454342984409,0.1233333333333333,0.0247216035634743,2.4324324324324325,8.11102783819368,False,76.85412026726057,153.70824053452114,307.4164810690423
img-344.jpg,major_pothole,0.0433416523614765,0.2570054014107429,0.6996529462277805,0.6996529462277805,0.3003470537722195,2.6563112938663043,CRITICAL,prioritize inspection/maintenance review,137,41,5617,0.3051224944320713,0.1366666666666666,0.0417000742390497,3.341463414634146,8.633731007664188,False,156.25501113585744,312.5100222717149,625.0200445434298
img-344.jpg,major_pothole,0.0455943528030139,0.2263190220343464,0.7280866251626397,0.7280866251626397,0.2719133748373603,2.6824922723596254,CRITICAL,prioritize inspection/maintenance review,141,59,8319,0.3140311804008908,0.1966666666666666,0.0617594654788418,2.389830508474576,9.026417533815254,False,159.26391982182628,318.52783964365256,637.0556792873051
img-345.jpg,major_pothole,0.0606145187113395,0.1908070982511101,0.7485783830375502,0.7485783830375502,0.2514216169624498,2.68796386432621,CRITICAL,prioritize inspection/maintenance review,320,39,12480,0.622568093385214,0.13,0.0809338521400778,8.205128205128204,9.431962766918454,False,162.14007782101166,324.2801556420233,648.5603112840466
img-345.jpg,medium_pothole,0.0855210723883775,0.5263698343524283,0.3881090932591942,0.5263698343524283,0.4736301656475716,2.3025880208708167,HIGH,schedule inspection and maintenance planning,97,22,2134,0.188715953307393,0.0733333333333333,0.0138391699092088,4.409090909090909,7.666221925662725,False,76.03793774319067,152.07587548638134,304.15175097276267
img-346.jpg,major_pothole,0.0583949266636831,0.200797413451213,0.7408076598851038,0.7408076598851038,0.2591923401148962,2.6824127332214203,CRITICAL,prioritize inspection/maintenance review,221,197,43537,0.6405797101449275,0.6566666666666666,0.4206473429951691,1.1218274111675126,10.68138939896088,False,213.09710144927539,426.19420289855077,852.3884057971015
img-346.jpg,medium_pothole,0.1120964870955994,0.6804134906585948,0.2074900222458058,0.6804134906585948,0.3195865093414052,2.0953935351502064,HIGH,schedule inspection and maintenance planning,56,29,1624,0.1623188405797101,0.0966666666666666,0.0156908212560386,1.9310344827586208,7.393263094763838,False,76.17681159420289,152.35362318840578,304.70724637681155
img-346.jpg,medium_pothole,0.1944860443719319,0.6880098169354284,0.1175041386926395,0.6880098169354284,0.3119901830645716,1.9230180943207071,MEDIUM,schedule inspection and maintenance planning,34,20,680,0.0985507246376811,0.0666666666666666,0.0065700483091787,1.7,6.523562306149512,False,75.49275362318839,150.98550724637678,301.97101449275357
img-346.jpg,medium_pothole,0.2068348564638301,0.705663215022781,0.0875019285133889,0.705663215022781,0.294336784977219,1.8806670720495584,MEDIUM,schedule inspection and maintenance planning,19,14,266,0.0550724637681159,0.0466666666666666,0.0025700483091787,1.3571428571428572,5.58724865840025,False,75.1927536231884,150.3855072463768,300.7710144927536
img-347.jpg,major_pothole,0.0586887613715176,0.1905673000903403,0.7507439385381421,0.7507439385381421,0.2492560614618578,2.6920551771666243,CRITICAL,prioritize inspection/maintenance review,169,98,16562,0.4225,0.3266666666666666,0.1380166666666666,1.7244897959183674,9.714926570952157,False,170.70250000000001,341.40500000000003,682.8100000000001
img-348.jpg,major_pothole,0.1145744342943926,0.1770263778374019,0.7083991878682055,0.7083991878682055,0.2916008121317944,2.5938247535738133,HIGH,prioritize inspection/maintenance review,294,279,82026,0.8121546961325967,0.93,0.7553038674033149,1.053763440860215,11.314803740342166,False,263.29558011049727,526.5911602209945,1053.182320441989
7f54daf5-img-349.jpg,major_pothole,0.0658291700324943,0.2035390634396378,0.730631766527868,0.730631766527868,0.269368233472132,2.664802596495373,CRITICAL,prioritize inspection/maintenance review,156,92,14352,0.3451327433628318,0.3066666666666666,0.1058407079646017,1.6956521739130437,9.57171425857138,False,165.87610619469027,331.75221238938053,663.5044247787611
7f54daf5-img-349.jpg,medium_pothole,0.1961914067367172,0.6445299388386587,0.1592786544246241,0.6445299388386587,0.3554700611613413,1.963087247687907,MEDIUM,schedule inspection and maintenance planning,41,17,697,0.0907079646017699,0.0566666666666666,0.0051401179941002,2.411764705882353,6.548219102762372,False,75.38550884955751,150.77101769911502,301.54203539823004
img-35.jpg,medium_pothole,0.4373258190934735,0.4667741463978012,0.0959000345087252,0.4667741463978012,0.5332258536021988,1.6585742154152514,MEDIUM,schedule inspection and maintenance planning,150,79,11850,0.2083333333333333,0.1097222222222222,0.0228587962962962,1.8987341772151896,9.380167531188448,False,76.71440972222221,153.42881944444443,306.85763888888886
img-350.jpg,medium_pothole,0.0889631466937991,0.6161597231165533,0.2948771301896475,0.6161597231165533,0.3838402768834467,2.205913983495848,HIGH,schedule inspection and maintenance planning,66,14,924,0.1460176991150442,0.0466666666666666,0.0068141592920353,4.714285714285714,6.829793737512425,False,75.51106194690264,151.0221238938053,302.0442477876106
img-350.jpg,major_pothole,0.0763707891166463,0.3539919144596036,0.5696372964237496,0.5696372964237496,0.4303627035762504,2.4932665073071023,HIGH,schedule inspection and maintenance planning,77,12,924,0.1703539823008849,0.04,0.0068141592920353,6.416666666666667,6.829793737512425,False,151.0221238938053,302.0442477876106,604.0884955752211
img-350.jpg,major_pothole,0.0247386658716083,0.215135498582165,0.7601258355462264,0.7601258355462264,0.2398741644537736,2.7353871696746173,CRITICAL,prioritize inspection/maintenance review,245,161,39445,0.5420353982300885,0.5366666666666666,0.2908923303834808,1.5217391304347827,10.582687926963448,False,193.6338495575221,387.2676991150442,774.5353982300884
img-350.jpg,major_pothole,0.0620181582938009,0.1559972576307195,0.7819845840754795,0.7819845840754795,0.2180154159245204,2.7199664257816787,CRITICAL,prioritize inspection/maintenance review,180,33,5940,0.3982300884955752,0.11,0.0438053097345132,5.454545454545454,8.689632748355741,False,156.57079646017698,313.14159292035396,626.2831858407079
img-350.jpg,medium_pothole,0.0871366751227538,0.6136662648146125,0.2991970600626336,0.6136662648146125,0.3863337351853875,2.21206038493988,HIGH,schedule inspection and maintenance planning,79,20,1580,0.1747787610619469,0.0666666666666666,0.0116519174041297,3.95,7.365812837209472,False,75.87389380530972,151.74778761061944,303.4955752212389
img-351.jpg,major_pothole,0.0751075473651884,0.0965923617311983,0.8283000909036132,0.8283000909036132,0.1716999090963867,2.753192543538425,CRITICAL,prioritize inspection/maintenance review,467,199,92933,0.8761726078799249,0.6633333333333333,0.5811944965603503,2.3467336683417086,11.439644842775811,False,237.1791744840525,474.358348968105,948.71669793621
img-352.jpg,major_pothole,0.0482458418390304,0.2191469695596667,0.7326071886013028,0.7326071886013028,0.2673928113986972,2.684361346762272,CRITICAL,prioritize inspection/maintenance review,274,166,45484,0.685,0.5533333333333333,0.3790333333333333,1.6506024096385543,10.72513788025616,False,206.855,413.71,827.42
img-352.jpg,medium_pothole,0.196266589091473,0.6629544059614019,0.1407790049471252,0.6629544059614019,0.3370455940385981,1.9445124158556524,MEDIUM,schedule inspection and maintenance planning,44,29,1276,0.11,0.0966666666666666,0.0106333333333333,1.5172413793103448,7.152268856032539,False,75.7975,151.595,303.19
img-353.jpg,medium_pothole,0.2136850294631348,0.6704061190592029,0.1159088514776622,0.6704061190592029,0.3295938809407971,1.902223822014527,MEDIUM,schedule inspection and maintenance planning,36,22,792,0.09,0.0733333333333333,0.0066,1.6363636363636365,6.675823221634848,False,75.49499999999999,150.98999999999998,301.97999999999996
img-353.jpg,medium_pothole,0.130270315009053,0.6661052037570306,0.2036244812339162,0.6661052037570306,0.3338947962429693,2.073354166224863,HIGH,schedule inspection and maintenance planning,55,22,1210,0.1375,0.0733333333333333,0.0100833333333333,2.5,7.099201743553092,False,75.75625,151.5125,303.025
img-353.jpg,medium_pothole,0.1347674570099258,0.6649777271830695,0.2002548158070045,0.6649777271830695,0.3350222728169305,2.0654873587970783,HIGH,schedule inspection and maintenance planning,54,22,1188,0.135,0.0733333333333333,0.0099,2.4545454545454546,7.080867896690782,False,75.7425,151.485,302.97
img-354.jpg,medium_pothole,0.1028141949162911,0.6699192489130384,0.2272665561706706,0.6699192489130384,0.3300807510869615,2.1244523612543795,HIGH,schedule inspection and maintenance planning,62,21,1302,0.155,0.07,0.01085,2.952380952380953,7.172424577124845,False,75.81375,151.6275,303.255
img-354.jpg,medium_pothole,0.0614703553775193,0.5386353653798838,0.3998942792425965,0.5386353653798838,0.4613646346201162,2.3384239238650766,HIGH,schedule inspection and maintenance planning,91,29,2639,0.2275,0.0966666666666666,0.0219916666666666,3.1379310344827585,7.878534196140362,False,76.64937499999999,153.29874999999998,306.59749999999997
img-354.jpg,medium_pothole,0.087982626195094,0.6356081009691475,0.2764092728357584,0.6356081009691475,0.3643918990308524,2.1884266466406643,HIGH,schedule inspection and maintenance planning,73,30,2190,0.1825,0.1,0.01825,2.433333333333333,7.692113339595466,False,76.36875,152.7375,305.475
img-354.jpg,medium_pothole,0.0695224840544143,0.472089613552457,0.4583879023931287,0.472089613552457,0.527910386447543,2.3888654183387144,HIGH,schedule inspection and maintenance planning,83,16,1328,0.2075,0.0533333333333333,0.0110666666666666,5.1875,7.192182058713246,False,75.83,151.66,303.32
img-354.jpg,medium_pothole,0.1269621592774764,0.6799690512082561,0.1930687895142671,0.6799690512082561,0.3200309487917439,2.06610663023679,HIGH,schedule inspection and maintenance planning,39,11,429,0.0975,0.0366666666666666,0.003575,3.5454545454545454,6.063785208687608,False,75.26812500000001,150.53625000000002,301.07250000000005
img-355.jpg,medium_pothole,0.2533758483166929,0.6133127369876601,0.1333114146956468,0.6133127369876601,0.3866872630123399,1.8799355663789536,MEDIUM,schedule inspection and maintenance planning,47,35,1645,0.1566666666666666,0.0875,0.0137083333333333,1.3428571428571427,7.406103381237015,False,76.02812499999999,152.05624999999998,304.11249999999995
img-356.jpg,major_pothole,0.0620213625724714,0.2483087326703647,0.6896699047571637,0.6896699047571637,0.3103300952428363,2.627648542184692,CRITICAL,prioritize inspection/maintenance review,141,71,10011,0.2645403377110694,0.2366666666666666,0.062607879924953,1.9859154929577465,9.211539652551664,False,159.39118198874294,318.7823639774859,637.5647279549718
img-357.jpg,major_pothole,0.0499693401268247,0.2097465972017484,0.740284062671427,0.740284062671427,0.259715937328573,2.6903147225446027,CRITICAL,prioritize inspection/maintenance review,250,87,21750,0.5518763796909493,0.29,0.1600441501103753,2.8735632183908044,9.987415012471414,False,174.0066225165563,348.0132450331126,696.0264900662252
img-358.jpg,medium_pothole,0.066093063647914,0.5518302140196547,0.3820767223324313,0.5518302140196547,0.4481697859803453,2.3159836586845173,HIGH,schedule inspection and maintenance planning,86,50,4300,0.215,0.1666666666666666,0.0358333333333333,1.72,8.366602832783736,False,77.6875,155.375,310.75
img-358.jpg,major_pothole,0.0417892341664857,0.195535377762958,0.7626753880705562,0.7626753880705562,0.2373246119294437,2.7208861539040705,CRITICAL,prioritize inspection/maintenance review,246,96,23616,0.615,0.32,0.1968,2.5625,10.069722070677152,False,179.52,359.04,718.08
img-359.jpg,major_pothole,0.0496921047585723,0.3050205617300839,0.6452873335113438,0.6452873335113438,0.3547126664886562,2.595595228752772,HIGH,prioritize inspection/maintenance review,129,33,4257,0.2866666666666667,0.11,0.0315333333333333,3.909090909090909,8.356554845453426,False,154.73000000000002,309.46000000000004,618.9200000000001
img-359.jpg,medium_pothole,0.20287933185725,0.6537533147233203,0.1433673534194297,0.6537533147233203,0.3462466852766797,1.94048802156218,MEDIUM,schedule inspection and maintenance planning,31,12,372,0.0688888888888888,0.04,0.0027555555555555,2.583333333333333,5.921578419643816,False,75.20666666666665,150.4133333333333,300.8266666666666
img-359.jpg,major_pothole,0.0530147939781848,0.215722043917401,0.7312631621044141,0.7312631621044141,0.2687368378955859,2.678248368126229,CRITICAL,prioritize inspection/maintenance review,386,120,46320,0.8577777777777778,0.4,0.3431111111111111,3.216666666666667,10.7433507009603,False,201.46666666666667,402.93333333333334,805.8666666666667
img-36.jpg,medium_pothole,0.2053846201625178,0.6844250568293475,0.1101903230081345,0.6844250568293475,0.3155749431706525,1.9048057028456165,MEDIUM,schedule inspection and maintenance planning,159,171,27189,0.2208333333333333,0.2375,0.0524479166666666,0.9298245614035088,10.210604537626516,False,78.93359375,157.8671875,315.734375
img-360.jpg,medium_pothole,0.0915145920803536,0.4982896292807334,0.410195778638913,0.4982896292807334,0.5017103707192666,2.3186811865585595,HIGH,schedule inspection and maintenance planning,98,74,7252,0.3266666666666666,0.167420814479638,0.0546907993966817,1.3243243243243243,8.889170455363413,False,79.10180995475112,158.20361990950224,316.4072398190045
img-360.jpg,medium_pothole,0.106969791611619,0.5943378818495118,0.298692326538869,0.5943378818495118,0.4056621181504882,2.191722534927249,HIGH,schedule inspection and maintenance planning,82,35,2870,0.2733333333333333,0.0791855203619909,0.0216440422322775,2.342857142857143,7.962415680121064,False,76.62330316742081,153.24660633484163,306.49321266968326
img-360.jpg,medium_pothole,0.135685098954016,0.620197211013227,0.2441176900327571,0.620197211013227,0.379802788986773,2.1084325910787416,HIGH,schedule inspection and maintenance planning,73,34,2482,0.2433333333333333,0.0769230769230769,0.0187179487179487,2.147058823529412,7.817222785508166,False,76.40384615384616,152.80769230769232,305.61538461538464
img-360.jpg,major_pothole,0.0749270962294689,0.3472401383113548,0.5778327654591764,0.5778327654591764,0.4221672345408236,2.502905669229708,HIGH,prioritize inspection/maintenance review,91,17,1547,0.3033333333333333,0.0384615384615384,0.0116666666666666,5.352941176470588,7.344719054149673,False,151.74999999999997,303.49999999999994,606.9999999999999
img-360.jpg,major_pothole,0.076772131689281,0.4263579535504084,0.4968699147603106,0.4968699147603106,0.5031300852396894,2.420097783071029,HIGH,schedule inspection and maintenance planning,88,18,1584,0.2933333333333333,0.0407239819004524,0.011945701357466,4.888888888888889,7.368339686311381,False,151.7918552036199,303.5837104072398,607.1674208144796
img-360.jpg,medium_pothole,0.105210311294413,0.6839047746416475,0.2108849140639396,0.6839047746416475,0.3160952253583525,2.105674602769527,HIGH,schedule inspection and maintenance planning,82,7,574,0.2733333333333333,0.0158371040723981,0.0043288084464555,11.714285714285714,6.354370040797351,False,75.32466063348416,150.64932126696831,301.29864253393663
img-360.jpg,medium_pothole,0.1115831864712265,0.672971444377449,0.215445369151324,0.672971444377449,0.3270285556225509,2.1038621826800967,HIGH,schedule inspection and maintenance planning,41,9,369,0.1366666666666666,0.0203619909502262,0.0027828054298642,4.555555555555555,5.91350300563827,False,75.20871040723982,150.41742081447964,300.8348416289593
img-361.jpg,major_pothole,0.0269002347699943,0.1905393593937703,0.7825604058362353,0.7825604058362353,0.2174395941637646,2.755660171066241,CRITICAL,prioritize inspection/maintenance review,247,180,44460,0.4634146341463415,0.6,0.2780487804878049,1.3722222222222222,10.702367679393,False,191.70731707317074,383.4146341463415,766.829268292683
img-362.jpg,major_pothole,0.063894505888704,0.4111403860924578,0.5249651080188383,0.5249651080188383,0.4750348919811616,2.461070602130135,HIGH,schedule inspection and maintenance planning,116,29,3364,0.2416666666666666,0.0966666666666666,0.0233611111111111,4.0,8.121183242078828,False,153.50416666666666,307.0083333333333,614.0166666666667
img-362.jpg,major_pothole,0.0726469594181369,0.2159097126498859,0.7114433279319771,0.7114433279319771,0.2885566720680229,2.63879636851384,CRITICAL,prioritize inspection/maintenance review,150,28,4200,0.3125,0.0933333333333333,0.0291666666666666,5.357142857142857,8.343077871169383,False,154.37499999999997,308.74999999999994,617.4999999999999
img-363.jpg,major_pothole,0.0208144017886151,0.1731721585559707,0.8060134396554143,0.8060134396554143,0.1939865603445857,2.785199037866799,CRITICAL,prioritize inspection/maintenance review,164,177,29028,0.5466666666666666,0.4425,0.2419,0.9265536723163842,10.276050609301697,False,186.285,372.57,745.14
img-364.jpg,major_pothole,0.0473717304171012,0.2033605184014921,0.7492677511814064,0.7492677511814064,0.2507322488185936,2.701896020764305,CRITICAL,prioritize inspection/maintenance review,224,104,23296,0.4966740576496674,0.3466666666666667,0.172180339985218,2.1538461538461537,10.056079875899302,False,175.8270509977827,351.6541019955654,703.3082039911308
img-365.jpg,medium_pothole,0.1270939619716228,0.6484334235956875,0.2244726144326895,0.6484334235956875,0.3515665764043125,2.097378652461066,HIGH,schedule inspection and maintenance planning,61,16,976,0.1068301225919439,0.0533333333333333,0.005697606538237,3.8125,6.884486652042782,False,75.42732049036778,150.85464098073555,301.7092819614711
img-365.jpg,major_pothole,0.0639804233973877,0.229223057098047,0.7067965195045652,0.7067965195045652,0.2932034804954347,2.642816096107177,CRITICAL,prioritize inspection/maintenance review,160,50,8000,0.2802101576182136,0.1666666666666666,0.0467016929363689,3.2,8.987321812850125,False,157.00525394045533,314.01050788091067,628.0210157618213
img-365.jpg,major_pothole,0.0257445431830388,0.1788064052668631,0.7954490515500979,0.7954490515500979,0.204550948449902,2.769704508367059,CRITICAL,prioritize inspection/maintenance review,347,107,37129,0.6077057793345009,0.3566666666666667,0.2167483946293053,3.242990654205608,10.522180547171123,False,182.5122591943958,365.0245183887916,730.0490367775832
img-365.jpg,major_pothole,0.0690514165678522,0.2511504129745976,0.67979817045755,0.67979817045755,0.32020182954245,2.610746753889697,CRITICAL,prioritize inspection/maintenance review,141,77,10857,0.2469352014010508,0.2566666666666666,0.0633800350262697,1.8311688311688312,9.292657414465396,False,159.50700525394043,319.01401050788087,638.0280210157617
img-366.jpg,major_pothole,0.0489397879927746,0.2170967707095398,0.7339634412976854,0.7339634412976854,0.2660365587023146,2.6850236533049103,CRITICAL,prioritize inspection/maintenance review,378,124,46872,0.8181818181818182,0.4133333333333333,0.3381818181818182,3.048387096774193,10.755197095695795,False,200.72727272727272,401.45454545454544,802.9090909090909
img-367.jpg,major_pothole,0.0486466074156487,0.2287757241069184,0.7225776684774329,0.7225776684774329,0.2774223315225671,2.673931061061784,CRITICAL,prioritize inspection/maintenance review,108,129,13932,0.2405345211581291,0.43,0.1034298440979955,0.8372093023255814,9.542015406113592,False,165.51447661469933,331.02895322939867,662.0579064587973
img-368.jpg,medium_pothole,0.2475460281730507,0.6341973271682547,0.1182566446586943,0.6341973271682547,0.3658026728317453,1.870710616485643,MEDIUM,schedule inspection and maintenance planning,41,27,1107,0.0769230769230769,0.09,0.0069230769230769,1.5185185185185186,7.010311867307229,False,75.51923076923076,151.03846153846152,302.07692307692304
img-368.jpg,medium_pothole,0.0808690231211348,0.5013839606588217,0.4177470162200433,0.5013839606588217,0.4986160393411782,2.336877993098908,HIGH,schedule inspection and maintenance planning,98,51,4998,0.1838649155722326,0.17,0.0312570356472795,1.9215686274509804,8.51699317141357,False,77.34427767354596,154.68855534709192,309.37711069418384
img-368.jpg,medium_pothole,0.0867727461960446,0.5250100163684321,0.388217237435523,0.5250100163684321,0.4749899836315678,2.301444491239478,HIGH,schedule inspection and maintenance planning,95,46,4370,0.1782363977485928,0.1533333333333333,0.0273295809881175,2.065217391304348,8.382747094863314,False,77.04971857410882,154.09943714821765,308.1988742964353
img-368.jpg,medium_pothole,0.2318659937145964,0.6645160630952933,0.10361794319011,0.6645160630952933,0.3354839369047067,1.871751949475513,MEDIUM,schedule inspection and maintenance planning,23,12,276,0.0431519699812382,0.04,0.0017260787992495,1.9166666666666667,5.6240175061873385,False,75.12945590994372,150.25891181988743,300.51782363977486
img-368.jpg,medium_pothole,0.1023852289144306,0.622002002421097,0.2756127686644721,0.622002002421097,0.3779979975789029,2.173227539750041,HIGH,schedule inspection and maintenance planning,41,8,328,0.0769230769230769,0.0266666666666666,0.002051282051282,5.125,5.796057750765372,False,75.15384615384615,150.3076923076923,300.6153846153846
img-369.jpg,major_pothole,0.0959056053326702,0.1396277838711356,0.7644666107961942,0.7644666107961942,0.2355333892038058,2.6685610054635243,CRITICAL,prioritize inspection/maintenance review,470,250,117500,0.8818011257035647,0.8333333333333334,0.7348342714196373,1.88,11.674202123168431,False,260.2251407129456,520.4502814258911,1040.9005628517823
img-37.jpg,medium_pothole,0.1988885975540499,0.6802922411429145,0.1208191613030353,0.6802922411429145,0.3197077588570854,1.921930563748985,MEDIUM,schedule inspection and maintenance planning,216,102,22032,0.3,0.1416666666666666,0.0425,2.117647058823529,10.000296608464188,False,78.1875,156.375,312.75
img-37.jpg,medium_pothole,0.2538913189487556,0.6246580243598253,0.121450656691419,0.6246580243598253,0.3753419756401747,1.8675593377426631,MEDIUM,schedule inspection and maintenance planning,220,58,12760,0.3055555555555556,0.0805555555555555,0.0246141975308641,3.793103448275862,9.454148923733976,False,76.8460648148148,153.6921296296296,307.3842592592592
img-37.jpg,minor_pothole,0.7350519687873088,0.1973323286891327,0.0676157025235585,0.7350519687873088,0.2649480312126911,1.3325637337362497,LOW,monitor and include in routine maintenance review,89,48,4272,0.1236111111111111,0.0666666666666666,0.0082407407407407,1.8541666666666667,8.360071435644025,False,50.41203703703704,100.82407407407408,201.64814814814815
img-370.jpg,major_pothole,0.0978037664749761,0.1861250635798987,0.7160711699451254,0.7160711699451254,0.2839288300548745,2.61826740347015,CRITICAL,prioritize inspection/maintenance review,181,80,14480,0.260431654676259,0.2666666666666666,0.0694484412470024,2.2625,9.580592724328602,False,160.41726618705036,320.8345323741007,641.6690647482014
img-371.jpg,medium_pothole,0.0882900303829483,0.4663906041165657,0.4453193655004857,0.4663906041165657,0.5336093958834343,2.3570293351175367,HIGH,schedule inspection and maintenance planning,91,86,7826,0.1516666666666666,0.2866666666666667,0.0434777777777777,1.058139534883721,8.965334573804839,False,78.26083333333332,156.52166666666665,313.0433333333333
img-372.jpg,major_pothole,0.0706841288928141,0.1952260982991862,0.7340897728079995,0.7340897728079995,0.2659102271920005,2.663405643915185,CRITICAL,prioritize inspection/maintenance review,169,94,15886,0.3528183716075156,0.3133333333333333,0.1105497564370215,1.797872340425532,9.673256443720025,False,166.58246346555322,333.16492693110644,666.3298538622129
img-373.jpg,major_pothole,0.0259159626977741,0.2100267800403732,0.7640572572618527,0.7640572572618527,0.2359427427381473,2.7381412945640786,CRITICAL,prioritize inspection/maintenance review,244,130,31720,0.5422222222222223,0.4333333333333333,0.2349629629629629,1.876923076923077,10.364734201103053,False,185.2444444444444,370.4888888888888,740.9777777777776
img-374.jpg,major_pothole,0.0596458235476735,0.1684517752241466,0.7719024012281798,0.7719024012281798,0.2280975987718202,2.7122565776805057,CRITICAL,prioritize inspection/maintenance review,177,80,14160,0.4621409921671018,0.2666666666666666,0.1232375979112271,2.2125,9.55824698622306,False,168.48563968668404,336.9712793733681,673.9425587467362
img-374.jpg,major_pothole,0.0770385880183469,0.1523471876457987,0.7706142243358544,0.7706142243358544,0.2293857756641456,2.693575636317507,CRITICAL,prioritize inspection/maintenance review,123,18,2214,0.3211488250652741,0.06,0.0192689295039164,6.833333333333333,7.703007682479236,False,152.89033942558746,305.7806788511749,611.5613577023498
img-374.jpg,medium_pothole,0.0912716726016316,0.6372926345526356,0.2714356928457326,0.6372926345526356,0.3627073654473643,2.1801640202441006,HIGH,schedule inspection and maintenance planning,41,8,328,0.1070496083550913,0.0266666666666666,0.0028546562228024,5.125,5.796057750765372,False,75.21409921671018,150.42819843342036,300.8563968668407
img-375.jpg,medium_pothole,0.0697519794079654,0.5279061321468479,0.4023418884451865,0.5279061321468479,0.4720938678531521,2.3325899090372206,HIGH,schedule inspection and maintenance planning,95,35,3325,0.2111111111111111,0.1166666666666666,0.0246296296296296,2.7142857142857144,8.109525659752872,False,76.84722222222221,153.69444444444443,307.38888888888886
img-375.jpg,medium_pothole,0.0971447991085804,0.6555623822018399,0.2472928186895797,0.6555623822018399,0.34443761779816,2.150148019580999,HIGH,schedule inspection and maintenance planning,54,12,648,0.12,0.04,0.0048,4.5,6.47543271670409,False,75.36,150.72,301.44
img-376.jpg,medium_pothole,0.1091942299752826,0.6280633649327708,0.2627424050919466,0.6280633649327708,0.3719366350672292,2.153548175116664,HIGH,schedule inspection and maintenance planning,77,21,1617,0.1452830188679245,0.07,0.0101698113207547,3.6666666666666665,7.388946097618437,False,75.7627358490566,151.5254716981132,303.0509433962264
img-376.jpg,medium_pothole,0.1433179768500689,0.6281866064451093,0.2284954167048218,0.6281866064451093,0.3718133935548907,2.085177439854753,HIGH,schedule inspection and maintenance planning,67,25,1675,0.1264150943396226,0.0833333333333333,0.0105345911949685,2.68,7.424165281042028,False,75.79009433962264,151.58018867924528,303.16037735849056
img-377.jpg,medium_pothole,0.0923144646082312,0.5833239243498716,0.324361611041897,0.5833239243498716,0.4166760756501284,2.232047146433665,HIGH,schedule inspection and maintenance planning,49,9,441,0.0917602996254681,0.03,0.002752808988764,5.444444444444445,6.091309882077698,False,75.2064606741573,150.4129213483146,300.8258426966292
img-377.jpg,major_pothole,0.0279718850214872,0.2028621154193536,0.7691659995591593,0.7691659995591593,0.2308340004408406,2.7411941145376724,CRITICAL,prioritize inspection/maintenance review,257,126,32382,0.4812734082397004,0.42,0.2021348314606741,2.0396825396825395,10.385388872723718,False,180.3202247191011,360.6404494382022,721.2808988764044
img-378.jpg,major_pothole,0.0548850071168308,0.201368620565261,0.7437463723179081,0.7437463723179081,0.2562536276820919,2.688861365201077,CRITICAL,prioritize inspection/maintenance review,157,105,16485,0.3925,0.35,0.137375,1.4952380952380953,9.710266814873172,False,170.60625000000002,341.21250000000003,682.4250000000001
img-379.jpg,major_pothole,0.043415729379599,0.1692931857431268,0.7872910848772742,0.7872910848772742,0.2127089151227258,2.743875355497675,CRITICAL,prioritize inspection/maintenance review,161,54,8694,0.3788235294117647,0.18,0.0681882352941176,2.9814814814814814,9.070503426788385,False,160.22823529411764,320.4564705882353,640.9129411764706
img-38.jpg,medium_pothole,0.1332948053655789,0.6615191931794212,0.2051860014549998,0.6615191931794212,0.3384808068205788,2.0718911960894206,HIGH,schedule inspection and maintenance planning,226,227,51302,0.3138888888888889,0.3152777777777777,0.0989621913580247,0.9955947136563876,10.845504508981165,False,82.42216435185186,164.84432870370372,329.68865740740745
img-38.jpg,minor_pothole,0.7776835608415291,0.1798173485992524,0.042499090559218,0.7776835608415291,0.2223164391584708,1.264815529717688,LOW,monitor and include in routine maintenance review,65,43,2795,0.0902777777777777,0.0597222222222222,0.0053915895061728,1.5116279069767442,7.935945103353701,False,50.26957947530863,100.53915895061726,201.07831790123453
img-380.jpg,major_pothole,0.0764132968028311,0.1252296805590662,0.7983570226381026,0.7983570226381026,0.2016429773618974,2.7219437258352714,CRITICAL,prioritize inspection/maintenance review,339,203,68817,0.7533333333333333,0.6766666666666666,0.5097555555555555,1.6699507389162562,11.1392206176098,False,226.46333333333334,452.9266666666667,905.8533333333334
img-381.jpg,major_pothole,0.0266653139769522,0.1863140899089257,0.7870205961141216,0.7870205961141216,0.2129794038858784,2.7603552821371684,CRITICAL,prioritize inspection/maintenance review,197,183,36051,0.6566666666666666,0.4575,0.300425,1.0765027322404372,10.4927176196763,False,195.06375,390.1275,780.255
img-382.jpg,major_pothole,0.0700388390645005,0.1594066021519013,0.7705545587835979,0.7705545587835979,0.2294454412164021,2.700515719719097,CRITICAL,prioritize inspection/maintenance review,168,29,4872,0.3725055432372505,0.0966666666666666,0.0360088691796008,5.793103448275862,8.491465042843506,False,155.4013303769401,310.8026607538802,621.6053215077604
img-382.jpg,major_pothole,0.0714799004569748,0.2977929901613487,0.6307271093816764,0.6307271093816764,0.3692728906183236,2.5592472089247016,HIGH,prioritize inspection/maintenance review,116,21,2436,0.2572062084257206,0.07,0.0180044345898004,5.523809523809524,7.798523053625206,False,152.70066518847008,305.40133037694017,610.8026607538803
img-382.jpg,major_pothole,0.0966786280902361,0.2819761951959575,0.6213451767138065,0.6213451767138065,0.3786548232861935,2.524666548623571,HIGH,prioritize inspection/maintenance review,64,8,512,0.1419068736141907,0.0266666666666666,0.0037841832963784,8.0,6.240275845170769,False,150.56762749445676,301.1352549889135,602.270509977827
img-383.jpg,medium_pothole,0.1219067353746157,0.6763949497934572,0.2016983148319268,0.6763949497934572,0.3236050502065428,2.0797915794573103,HIGH,schedule inspection and maintenance planning,50,15,750,0.1176470588235294,0.05,0.0058823529411764,3.333333333333333,6.621405651764134,False,75.44117647058823,150.88235294117646,301.7647058823529
img-383.jpg,medium_pothole,0.2023855796662161,0.6529883183015971,0.1446261020321868,0.6529883183015971,0.3470116816984029,1.942240522365971,MEDIUM,schedule inspection and maintenance planning,39,18,702,0.0917647058823529,0.06,0.0055058823529411,2.1666666666666665,6.555356891810665,False,75.41294117647058,150.82588235294116,301.65176470588233
img-383.jpg,medium_pothole,0.1353650189161523,0.6721624348653364,0.1924725462185111,0.6721624348653364,0.3278375651346635,2.0571075273023585,HIGH,schedule inspection and maintenance planning,43,13,559,0.1011764705882353,0.0433333333333333,0.0043843137254901,3.3076923076923075,6.327936783729195,False,75.32882352941176,150.65764705882353,301.31529411764706
img-383.jpg,medium_pothole,0.125973537191357,0.6695194041281546,0.2045070586804883,0.6695194041281546,0.3304805958718454,2.078533521489131,HIGH,schedule inspection and maintenance planning,54,18,972,0.1270588235294117,0.06,0.0076235294117647,3.0,6.880384082186005,False,75.57176470588236,151.14352941176472,302.28705882352943
img-383.jpg,major_pothole,0.0396351549467093,0.2092672600033717,0.7510975850499191,0.7510975850499191,0.2489024149500809,2.71146243010321,CRITICAL,prioritize inspection/maintenance review,145,40,5800,0.3411764705882353,0.1333333333333333,0.0454901960784313,3.625,8.665785595466064,False,156.8235294117647,313.6470588235294,627.2941176470588
img-383.jpg,medium_pothole,0.0953507377882599,0.6607808870624986,0.2438683751492413,0.6607808870624986,0.3392191129375014,2.1485176373609813,HIGH,schedule inspection and maintenance planning,50,11,550,0.1176470588235294,0.0366666666666666,0.004313725490196,4.545454545454546,6.311734809152915,False,75.3235294117647,150.6470588235294,301.2941176470588
img-383.jpg,medium_pothole,0.1552121677296543,0.6592200073989551,0.1855678248713904,0.6592200073989551,0.3407799926010448,2.030355657141736,HIGH,schedule inspection and maintenance planning,29,8,232,0.068235294117647,0.0266666666666666,0.0018196078431372,3.625,5.4510384535657,False,75.13647058823528,150.27294117647057,300.54588235294113
img-384.jpg,major_pothole,0.0211865791821873,0.2097079135555763,0.769105507262236,0.769105507262236,0.2308944927377639,2.747918928080048,CRITICAL,prioritize inspection/maintenance review,214,158,33812,0.5323383084577115,0.5266666666666666,0.2803648424543947,1.3544303797468351,10.428600622910189,False,192.0547263681592,384.1094527363184,768.2189054726368
img-384.jpg,major_pothole,0.0450326037403942,0.3117082161808236,0.6432591800787822,0.6432591800787822,0.3567408199212177,2.598226576338388,HIGH,prioritize inspection/maintenance review,117,64,7488,0.291044776119403,0.2133333333333333,0.0620895522388059,1.828125,8.921190556249368,False,159.3134328358209,318.6268656716418,637.2537313432836
img-385.jpg,major_pothole,0.0801608145407409,0.1066199507297395,0.8132192347295198,0.8132192347295198,0.1867807652704801,2.733058420188779,CRITICAL,prioritize inspection/maintenance review,408,205,83640,0.8927789934354485,0.6833333333333333,0.6100656455142232,1.9902439024390244,11.33428910947301,False,241.50984682713346,483.0196936542669,966.0393873085338
img-386.jpg,major_pothole,0.0716544765876142,0.1029211146622583,0.8254244087501273,0.8254244087501273,0.1745755912498726,2.753769932162513,CRITICAL,prioritize inspection/maintenance review,367,210,77070,0.742914979757085,0.7,0.5200404858299595,1.7476190476190476,11.252482353905195,False,228.00607287449395,456.0121457489879,912.0242914979758
img-387.jpg,major_pothole,0.059918542582028,0.1674498065863721,0.7726316508315998,0.7726316508315998,0.2273683491684002,2.7127131082495715,CRITICAL,prioritize inspection/maintenance review,195,72,14040,0.486284289276808,0.24,0.1167082294264339,2.708333333333333,9.549736900114642,False,167.50623441396507,335.01246882793015,670.0249376558603
img-387.jpg,medium_pothole,0.1120700520049027,0.6622502988353066,0.2256796491597905,0.6622502988353066,0.3377497011646934,2.113609597154888,HIGH,schedule inspection and maintenance planning,62,25,1550,0.1546134663341646,0.0833333333333333,0.012884455527847,2.48,7.346655163176539,False,75.96633416458852,151.93266832917703,303.86533665835407
img-388.jpg,medium_pothole,0.0770001956340866,0.5638003430605686,0.3591994613053446,0.5638003430605686,0.4361996569394314,2.2821992656712577,HIGH,schedule inspection and maintenance planning,77,76,5852,0.1925,0.2533333333333333,0.0487666666666666,1.013157894736842,8.67470962929122,False,78.6575,157.315,314.63
img-388.jpg,medium_pothole,0.2118459129771699,0.6837845670864225,0.1043695199364075,0.6837845670864225,0.3162154329135774,1.8925236069592373,MEDIUM,schedule inspection and maintenance planning,23,12,276,0.0575,0.04,0.0023,1.9166666666666667,5.6240175061873385,False,75.1725,150.345,300.69
27592eb4-img-389.jpg,major_pothole,0.0232057418986589,0.2087997206466961,0.7679945374546449,0.7679945374546449,0.2320054625453551,2.7447887955559853,CRITICAL,prioritize inspection/maintenance review,235,139,32665,0.4895833333333333,0.4633333333333333,0.2268402777777777,1.6906474820143884,10.394090060613085,False,184.02604166666669,368.05208333333337,736.1041666666667
27592eb4-img-389.jpg,medium_pothole,0.2247934544731098,0.6489513143013306,0.1262552312255597,0.6489513143013306,0.3510486856986694,1.9014617767524504,MEDIUM,schedule inspection and maintenance planning,34,16,544,0.0708333333333333,0.0533333333333333,0.0037777777777777,2.125,6.300785794663244,False,75.28333333333333,150.56666666666666,301.1333333333333
27592eb4-img-389.jpg,medium_pothole,0.0767265212645791,0.5351614289392124,0.3881120497962086,0.5351614289392124,0.4648385710607876,2.3113855285316296,HIGH,schedule inspection and maintenance planning,97,30,2910,0.2020833333333333,0.1,0.0202083333333333,3.2333333333333334,7.976251943745623,False,76.515625,153.03125,306.0625
27592eb4-img-389.jpg,major_pothole,0.0780812621965428,0.4266824407482184,0.4952362970552387,0.4952362970552387,0.5047637029447614,2.417155034858696,HIGH,schedule inspection and maintenance planning,68,11,748,0.1416666666666666,0.0366666666666666,0.0051944444444444,6.181818181818182,6.618738983517219,False,150.77916666666667,301.55833333333334,603.1166666666667
27592eb4-img-389.jpg,major_pothole,0.0793062585673741,0.2098512675448495,0.7108424738877764,0.7108424738877764,0.2891575261122235,2.6315362153204025,CRITICAL,prioritize inspection/maintenance review,148,26,3848,0.3083333333333333,0.0866666666666666,0.0267222222222222,5.6923076923076925,8.255568653283746,False,154.00833333333333,308.01666666666665,616.0333333333333
27592eb4-img-389.jpg,major_pothole,0.1182902846719564,0.3852037372952785,0.4965059780327651,0.4965059780327651,0.5034940219672349,2.3782156933608087,HIGH,schedule inspection and maintenance planning,39,5,195,0.08125,0.0166666666666666,0.0013541666666666,7.8,5.278114659230517,False,150.20312499999997,300.40624999999994,600.8124999999999
img-39.jpg,medium_pothole,0.2283279623516123,0.6503771747397338,0.1212948629086539,0.6503771747397338,0.3496228252602662,1.8929669005570413,MEDIUM,schedule inspection and maintenance planning,266,292,77672,0.3694444444444444,0.4055555555555555,0.1498302469135802,0.910958904109589,11.260262985619487,False,86.2372685185185,172.474537037037,344.949074074074
img-390.jpg,major_pothole,0.0997633797400062,0.165511875683448,0.7347247445765457,0.7347247445765457,0.2652752554234543,2.63496136483654,CRITICAL,prioritize inspection/maintenance review,187,298,55726,0.6233333333333333,0.745,0.4643833333333333,0.62751677852349,10.928220048143892,False,219.6575,439.315,878.63
img-391.jpg,medium_pothole,0.2027768459533386,0.6678691988801816,0.1293539551664798,0.6678691988801816,0.3321308011198184,1.9265771092131407,MEDIUM,schedule inspection and maintenance planning,42,30,1260,0.105,0.1,0.0105,1.4,7.13966033596492,False,75.7875,151.575,303.15
img-391.jpg,major_pothole,0.0582322024848451,0.1994063927614102,0.7423614047537445,0.7423614047537445,0.2576385952462555,2.684129202268899,CRITICAL,prioritize inspection/maintenance review,156,99,15444,0.39,0.33,0.1287,1.5757575757575757,9.645040605352682,False,169.305,338.61,677.22
img-391.jpg,medium_pothole,0.0811340853315411,0.6129472387004399,0.3059186759680189,0.6129472387004399,0.3870527612995601,2.2247845906364776,HIGH,schedule inspection and maintenance planning,77,36,2772,0.1925,0.12,0.0231,2.138888888888889,7.927685045615778,False,76.73249999999999,153.46499999999997,306.92999999999995
img-391.jpg,medium_pothole,0.2104594654134756,0.6671016945893058,0.1224388399972189,0.6671016945893058,0.3328983054106942,1.911979374583744,MEDIUM,schedule inspection and maintenance planning,38,23,874,0.095,0.0766666666666666,0.0072833333333333,1.6521739130434785,6.774223886357614,False,75.54625,151.0925,302.185
img-391.jpg,medium_pothole,0.217221398469239,0.6932765522559943,0.0895020492747667,0.6932765522559943,0.3067234477440057,1.872280650805528,MEDIUM,schedule inspection and maintenance planning,21,15,315,0.0525,0.05,0.002625,1.4,5.755742213586912,False,75.196875,150.39375,300.7875
58c33a05-img-392.jpg,medium_pothole,0.0944493638213179,0.6189309350502064,0.286619701128475,0.6189309350502064,0.3810690649497936,2.1921703373071555,HIGH,schedule inspection and maintenance planning,42,8,336,0.0935412026726058,0.0266666666666666,0.0024944320712694,5.25,5.820082930352362,False,75.18708240534521,150.37416481069042,300.74832962138083
58c33a05-img-392.jpg,major_pothole,0.1013928486393832,0.3501178665728937,0.5484892847877229,0.5484892847877229,0.4515107152122771,2.4470964361483394,HIGH,schedule inspection and maintenance planning,130,14,1820,0.289532293986637,0.0466666666666666,0.0135115070527097,9.285714285714286,7.507141079727608,False,152.02672605790644,304.0534521158129,608.1069042316258
58c33a05-img-392.jpg,medium_pothole,0.0981960709879811,0.6859247664122619,0.215879162599757,0.6859247664122619,0.3140752335877381,2.117683091611776,HIGH,schedule inspection and maintenance planning,193,17,3281,0.4298440979955457,0.0566666666666666,0.0243578322197475,11.352941176470589,8.096208271650037,False,76.82683741648107,153.65367483296214,307.3073496659243
58c33a05-img-392.jpg,medium_pothole,0.1983464078771095,0.6424199033940553,0.1592336887288348,0.6424199033940553,0.3575800966059447,1.9608872808517248,MEDIUM,schedule inspection and maintenance planning,44,20,880,0.0979955456570155,0.0666666666666666,0.0065330363771343,2.2,6.78105762593618,False,75.48997772828507,150.97995545657014,301.9599109131403
58c33a05-img-392.jpg,major_pothole,0.0474744396157092,0.3471014191343769,0.6054241412499137,0.6054241412499137,0.3945758587500863,2.5579497016342043,HIGH,prioritize inspection/maintenance review,120,42,5040,0.267260579064588,0.14,0.0374164810690423,2.857142857142857,8.525359754082631,False,155.61247216035633,311.22494432071267,622.4498886414253
img-393.jpg,major_pothole,0.0428470183942694,0.2467169362542436,0.710436045351487,0.710436045351487,0.289563954648513,2.6675890269572173,CRITICAL,prioritize inspection/maintenance review,139,43,5977,0.3088888888888889,0.1433333333333333,0.044274074074074,3.232558139534884,8.695841342843883,False,156.6411111111111,313.2822222222222,626.5644444444443
img-393.jpg,major_pothole,0.0467280370603971,0.2809820696351828,0.67228989330442,0.67228989330442,0.32771010669558,2.625561856244023,CRITICAL,prioritize inspection/maintenance review,128,59,7552,0.2844444444444444,0.1966666666666666,0.0559407407407407,2.169491525423729,8.929700114313448,False,158.3911111111111,316.7822222222222,633.5644444444443
img-394.jpg,major_pothole,0.0603731007503421,0.23495644201139,0.7046704572382679,0.7046704572382679,0.295329542761732,2.6442973564879257,CRITICAL,prioritize inspection/maintenance review,138,85,11730,0.3066666666666666,0.2833333333333333,0.0868888888888888,1.623529411764706,9.36999018950572,False,163.03333333333333,326.06666666666666,652.1333333333333
img-394.jpg,major_pothole,0.0317531531232936,0.2122447832383858,0.7560020636383206,0.7560020636383206,0.2439979363616794,2.724248910515027,CRITICAL,prioritize inspection/maintenance review,302,136,41072,0.6711111111111111,0.4533333333333333,0.304237037037037,2.2205882352941178,10.623106250301866,False,195.63555555555556,391.2711111111111,782.5422222222222
img-395.jpg,medium_pothole,0.1985314455211551,0.6529782514468846,0.1484903030319602,0.6529782514468846,0.3470217485531154,1.9499588575108049,MEDIUM,schedule inspection and maintenance planning,30,11,330,0.0665188470066518,0.0366666666666666,0.0024390243902439,2.727272727272727,5.802118375377063,False,75.1829268292683,150.3658536585366,300.7317073170732
img-395.jpg,medium_pothole,0.0822288189159896,0.5725627623884625,0.3452084186955482,0.5725627623884625,0.4274372376115375,2.262979599779559,HIGH,schedule inspection and maintenance planning,85,43,3655,0.188470066518847,0.1433333333333333,0.0270140428677014,1.976744186046512,8.204124932574041,False,77.02605321507761,154.05210643015522,308.10421286031044
img-395.jpg,major_pothole,0.0581201795915546,0.4495802996891585,0.4922995207192868,0.4922995207192868,0.5077004792807132,2.434179341127732,HIGH,schedule inspection and maintenance planning,105,42,4410,0.2328159645232816,0.14,0.0325942350332594,2.5,8.39185670010494,False,154.8891352549889,309.7782705099778,619.5565410199556
img-396.jpg,major_pothole,0.1006243228140154,0.1160953751670764,0.7832803020189082,0.7832803020189082,0.2167196979810918,2.6826559792048927,CRITICAL,prioritize inspection/maintenance review,532,207,110124,0.99812382739212,0.69,0.6887054409005628,2.570048309178744,11.60937136323848,False,253.30581613508443,506.61163227016885,1013.2232645403377
img-397.jpg,medium_pothole,0.1675288659277548,0.6228431944511837,0.2096279396210612,0.6228431944511837,0.3771568055488162,2.042099073693306,HIGH,schedule inspection and maintenance planning,61,25,1525,0.1144465290806754,0.0833333333333333,0.0095372107567229,2.44,7.330405211844402,False,75.71529080675421,151.43058161350842,302.86116322701685
img-397.jpg,medium_pothole,0.0859211310373574,0.4877179619188319,0.4263609070438106,0.4877179619188319,0.5122820380811681,2.340439776006453,HIGH,schedule inspection and maintenance planning,103,22,2266,0.1932457786116322,0.0733333333333333,0.0141713570981863,4.681818181818182,7.726212650507529,False,76.06285178236398,152.12570356472796,304.2514071294559
img-397.jpg,medium_pothole,0.1204653078787476,0.6118418583619722,0.26769283375928,0.6118418583619722,0.3881581416380277,2.147227525880532,HIGH,schedule inspection and maintenance planning,78,29,2262,0.1463414634146341,0.0966666666666666,0.0141463414634146,2.689655172413793,7.724446645633537,False,76.0609756097561,152.1219512195122,304.2439024390244
img-398.jpg,major_pothole,0.1151162229135534,0.1764415431032095,0.7084422339832368,0.7084422339832368,0.2915577660167632,2.5933260110696827,HIGH,prioritize inspection/maintenance review,576,260,149760,0.8421052631578947,0.8666666666666667,0.7298245614035088,2.2153846153846155,11.916795969039551,False,259.4736842105263,518.9473684210526,1037.8947368421052
img-399.jpg,medium_pothole,0.226160148348593,0.673291829141069,0.1005480225103377,0.673291829141069,0.326708170858931,1.8743878741617443,MEDIUM,schedule inspection and maintenance planning,27,16,432,0.0604026845637583,0.0533333333333333,0.0032214765100671,1.6875,6.07073772800249,False,75.24161073825503,150.48322147651007,300.96644295302013
img-399.jpg,major_pothole,0.0669695791731023,0.3508700577180513,0.5821603631088461,0.5821603631088461,0.4178396368911539,2.515190783935743,HIGH,prioritize inspection/maintenance review,112,22,2464,0.2505592841163311,0.0733333333333333,0.0183743475018642,5.090909090909091,7.80994708647679,False,152.75615212527964,305.5123042505593,611.0246085011186
img-399.jpg,major_pothole,0.0639229948500368,0.3602585669901195,0.5758184381598437,0.5758184381598437,0.4241815618401563,2.511895443309806,HIGH,prioritize inspection/maintenance review,106,87,9222,0.2371364653243848,0.29,0.0687695749440715,1.2183908045977012,9.12945564323572,False,160.31543624161074,320.6308724832215,641.261744966443
img-399.jpg,medium_pothole,0.1564817549010204,0.6921587623324397,0.1513594827665399,0.6921587623324397,0.3078412376675603,1.99487772786552,MEDIUM,schedule inspection and maintenance planning,45,63,2835,0.1006711409395973,0.21,0.0211409395973154,0.7142857142857143,7.950149887652018,False,76.58557046979865,153.1711409395973,306.3422818791946
img-399.jpg,major_pothole,0.0647883910081969,0.1844241933807729,0.7507874156110301,0.7507874156110301,0.2492125843889698,2.6859990246028334,CRITICAL,prioritize inspection/maintenance review,166,80,13280,0.3713646532438479,0.2666666666666666,0.0990305741983594,2.075,9.49408972140025,False,164.85458612975393,329.70917225950785,659.4183445190157
img-399.jpg,medium_pothole,0.2297537240594869,0.6605365743982198,0.1097097015422934,0.6605365743982198,0.3394634256017802,1.8799559774828067,MEDIUM,schedule inspection and maintenance planning,35,22,770,0.0782997762863534,0.0733333333333333,0.0057419835943325,1.5909090909090908,6.647688373563329,False,75.43064876957493,150.86129753914986,301.7225950782997
img-399.jpg,medium_pothole,0.1445246920977023,0.6482593843721186,0.2072159235301788,0.6482593843721186,0.3517406156278814,2.062691231432476,HIGH,schedule inspection and maintenance planning,58,24,1392,0.1297539149888143,0.08,0.0103803131991051,2.4166666666666665,7.239214973779806,False,75.77852348993288,151.55704697986576,303.1140939597315
img-399.jpg,medium_pothole,0.214855769917985,0.6652252667411332,0.1199189633408817,0.6652252667411332,0.3347747332588667,1.9050631934228963,MEDIUM,schedule inspection and maintenance planning,27,12,324,0.0604026845637583,0.04,0.0024161073825503,2.25,5.783825182329737,False,75.18120805369128,150.36241610738256,300.7248322147651
img-399.jpg,medium_pothole,0.2185991831314072,0.6682285630858275,0.1131722537827657,0.6682285630858275,0.3317714369141725,1.8945730706513595,MEDIUM,schedule inspection and maintenance planning,27,13,351,0.0604026845637583,0.0433333333333333,0.0026174496644295,2.076923076923077,5.863631175598097,False,75.19630872483222,150.39261744966444,300.7852348993289
img-399.jpg,medium_pothole,0.1656668442784432,0.647662676860209,0.1866704788613481,0.647662676860209,0.352337323139791,2.021003634582905,HIGH,schedule inspection and maintenance planning,50,20,1000,0.1118568232662192,0.0666666666666666,0.0074571215510812,2.5,6.90875477931522,False,75.5592841163311,151.1185682326622,302.2371364653244
img-399.jpg,medium_pothole,0.2187258225940626,0.67387058303589,0.1074035943700476,0.67387058303589,0.32612941696411,1.8886777717759853,MEDIUM,schedule inspection and maintenance planning,21,10,210,0.046979865771812,0.0333333333333333,0.001565995525727,2.1,5.351858133476067,False,75.11744966442953,150.23489932885906,300.4697986577181
img-399.jpg,medium_pothole,0.227949435548589,0.6792121499651238,0.0928384144862873,0.6792121499651238,0.3207878500348762,1.8648889789376983,MEDIUM,schedule inspection and maintenance planning,25,17,425,0.0559284116331096,0.0566666666666666,0.0031692766592095,1.4705882352941178,6.054439346269371,False,75.23769574944072,150.47539149888144,300.9507829977629
img-399.jpg,medium_pothole,0.229280813975414,0.6758409777586286,0.0948782082659571,0.6758409777586286,0.3241590222413714,1.8655973942905424,MEDIUM,schedule inspection and maintenance planning,27,18,486,0.0604026845637583,0.06,0.0036241610738255,1.5,6.18826412308259,False,75.2718120805369,150.5436241610738,301.0872483221476
img-399.jpg,major_pothole,0.0761556428456913,0.4380853279203002,0.4857590292340084,0.4857590292340084,0.5142409707659916,2.4096033863883166,HIGH,schedule inspection and maintenance planning,76,13,988,0.1700223713646532,0.0433333333333333,0.0073676360924683,5.846153846153846,6.8966943316227125,False,151.10514541387025,302.2102908277405,604.420581655481
img-4.jpg,medium_pothole,0.1122834336667679,0.6962312683551367,0.1914852979780951,0.6962312683551367,0.3037687316448633,2.079201864311327,HIGH,schedule inspection and maintenance planning,399,266,106134,0.5541666666666667,0.3694444444444444,0.2047337962962963,1.5,11.572467147678545,False,90.35503472222223,180.71006944444446,361.4201388888889
img-40.jpg,medium_pothole,0.1610301480013999,0.6520873527330815,0.1868824992655187,0.6520873527330815,0.3479126472669185,2.025852351264119,HIGH,schedule inspection and maintenance planning,208,253,52624,0.2888888888888888,0.3513888888888888,0.1015123456790123,0.8221343873517787,10.870946570984682,False,82.61342592592592,165.22685185185185,330.4537037037037
img-400.jpg,major_pothole,0.0758577542945888,0.168416654890378,0.7557255908150333,0.7557255908150333,0.2442744091849666,2.6798678365204447,CRITICAL,prioritize inspection/maintenance review,288,204,58752,0.5403377110694184,0.68,0.3674296435272045,1.411764705882353,10.98109749453248,False,205.11444652908065,410.2288930581613,820.4577861163226
img-401.jpg,major_pothole,0.0398152240510632,0.1912679152061144,0.7689168607428225,0.7689168607428225,0.2310831392571775,2.72910163669176,CRITICAL,prioritize inspection/maintenance review,311,50,15550,0.5834896810506567,0.1666666666666666,0.0972482801751094,6.22,9.651880224221337,False,164.5872420262664,329.1744840525328,658.3489681050656
img-402.jpg,major_pothole,0.0426760215900249,0.2082625106088724,0.7490614678011027,0.7490614678011027,0.2509385321988973,2.706385446211078,CRITICAL,prioritize inspection/maintenance review,116,133,15428,0.2583518930957684,0.4433333333333333,0.1145360059391239,0.8721804511278195,9.644004134443026,False,167.18040089086858,334.36080178173717,668.7216035634743
img-403.jpg,major_pothole,0.028123695041128,0.1919042134503183,0.7799720915085537,0.7799720915085537,0.2200279084914462,2.7518483964674263,CRITICAL,prioritize inspection/maintenance review,352,109,38368,0.6679316888045541,0.3633333333333333,0.2426818469323213,3.229357798165138,10.555005120873751,False,186.4022770398482,372.8045540796964,745.6091081593928
img-404.jpg,major_pothole,0.0226340943579207,0.2068701117457975,0.7704957938962816,0.7704957938962816,0.2295042061037183,2.747861699538361,CRITICAL,prioritize inspection/maintenance review,224,176,39424,0.4796573875802998,0.5866666666666667,0.2813990007137759,1.2727272727272727,10.58215541183124,False,192.2098501070664,384.4197002141328,768.8394004282655
img-404.jpg,medium_pothole,0.2104377368522477,0.6363912266772775,0.1531710364704746,0.6363912266772775,0.3636087733227224,1.9427332996182265,MEDIUM,schedule inspection and maintenance planning,46,24,1104,0.0985010706638115,0.08,0.0078800856531049,1.9166666666666667,7.007600613951853,False,75.59100642398288,151.18201284796575,302.3640256959315
img-404.jpg,medium_pothole,0.216280443763508,0.6410917374577847,0.142627818778707,0.6410917374577847,0.3589082625422153,1.9263473750151985,MEDIUM,schedule inspection and maintenance planning,46,29,1334,0.0985010706638115,0.0966666666666666,0.0095217701641684,1.5862068965517242,7.19668657083435,False,75.71413276231263,151.42826552462526,302.8565310492505
img-405.jpg,major_pothole,0.0586077186924482,0.2910754487728203,0.6503168325347314,0.6503168325347314,0.3496831674652686,2.591709113842283,HIGH,prioritize inspection/maintenance review,113,98,11074,0.2825,0.3266666666666666,0.0922833333333333,1.153061224489796,9.312445594913337,False,163.8425,327.685,655.37
img-405.jpg,major_pothole,0.0433171598480635,0.2439658194175093,0.7127170207344271,0.7127170207344271,0.2872829792655729,2.6693998608863634,CRITICAL,prioritize inspection/maintenance review,130,66,8580,0.325,0.22,0.0715,1.9696969696969693,9.05730573580712,False,160.725,321.45,642.9
img-405.jpg,medium_pothole,0.2055978422730812,0.665867555983061,0.128534601743858,0.665867555983061,0.334132444016939,1.9229367594707767,MEDIUM,schedule inspection and maintenance planning,41,27,1107,0.1025,0.09,0.009225,1.5185185185185186,7.010311867307229,False,75.691875,151.38375,302.7675
img-405.jpg,major_pothole,0.0479620073785993,0.3004045810385988,0.651633411582802,0.651633411582802,0.348366588417198,2.603671404204203,CRITICAL,prioritize inspection/maintenance review,118,71,8378,0.295,0.2366666666666666,0.0698166666666666,1.6619718309859155,9.033483854613287,False,160.4725,320.945,641.89
img-405.jpg,major_pothole,0.0444126081345945,0.3965684505516896,0.559018941313716,0.559018941313716,0.440981058686284,2.5146063331791217,HIGH,prioritize inspection/maintenance review,108,39,4212,0.27,0.13,0.0351,2.769230769230769,8.345930261979017,False,155.265,310.53,621.06
img-405.jpg,medium_pothole,0.1149649190643143,0.6708970064723533,0.2141380744633322,0.6708970064723533,0.3291029935276467,2.0991731553990176,HIGH,schedule inspection and maintenance planning,58,21,1218,0.145,0.07,0.01015,2.761904761904762,7.105786129481271,False,75.76125,151.5225,303.045
img-405.jpg,medium_pothole,0.1170867337723231,0.6810226543715828,0.201890611856094,0.6810226543715828,0.3189773456284172,2.0848038780837705,HIGH,schedule inspection and maintenance planning,51,16,816,0.1275,0.0533333333333333,0.0068,3.1875,6.705639094860003,False,75.50999999999999,151.01999999999998,302.03999999999996
img-405.jpg,medium_pothole,0.2160180289106333,0.6955309692533764,0.0884510018359904,0.6955309692533764,0.3044690307466235,1.8724329729253573,MEDIUM,schedule inspection and maintenance planning,32,32,1024,0.08,0.1066666666666666,0.0085333333333333,1.0,6.932447891572509,False,75.64,151.28,302.56
img-406.jpg,major_pothole,0.0845419750727231,0.1136196108413486,0.8018384140859283,0.8018384140859283,0.1981615859140717,2.717296439013205,CRITICAL,prioritize inspection/maintenance review,380,240,91200,0.8370044052863436,0.8,0.6696035242290749,1.5833333333333333,11.420821140914589,False,250.44052863436121,500.88105726872243,1001.7621145374449
img-407.jpg,medium_pothole,0.0791239131955477,0.5768942627601379,0.3439818240443142,0.5768942627601379,0.4231057372398621,2.2648579108487663,HIGH,schedule inspection and maintenance planning,62,12,744,0.155,0.04,0.0062,5.166666666666667,6.61338421837956,False,75.465,150.93,301.86
img-407.jpg,medium_pothole,0.0985391879784008,0.6599112677356835,0.2415495442859154,0.6599112677356835,0.3400887322643164,2.143010356307514,HIGH,schedule inspection and maintenance planning,66,24,1584,0.165,0.08,0.0132,2.75,7.368339686311381,False,75.99000000000001,151.98000000000002,303.96000000000004
img-407.jpg,major_pothole,0.0403878323824661,0.3103344659260102,0.6492777016915238,0.6492777016915238,0.3507222983084762,2.608889869309058,CRITICAL,prioritize inspection/maintenance review,118,54,6372,0.295,0.18,0.0531,2.185185185185185,8.759825595314295,False,157.96499999999997,315.92999999999995,631.8599999999999
img-407.jpg,medium_pothole,0.1103988801119129,0.6861941999305536,0.2034069199575335,0.6861941999305536,0.3138058000694463,2.0930080398456203,HIGH,schedule inspection and maintenance planning,45,12,540,0.1125,0.04,0.0045,3.75,6.293419278846481,False,75.33749999999999,150.67499999999998,301.34999999999997
img-407.jpg,medium_pothole,0.086840338715772,0.6488437738793906,0.2643158874048371,0.6488437738793906,0.3511562261206093,2.1774755486890647,HIGH,schedule inspection and maintenance planning,71,23,1633,0.1775,0.0766666666666666,0.0136083333333333,3.0869565217391304,7.3987862754199485,False,76.020625,152.04125,304.0825
img-407.jpg,medium_pothole,0.2041368101819369,0.6990273116434065,0.0968358781746564,0.6990273116434065,0.3009726883565935,1.8926990679927191,MEDIUM,schedule inspection and maintenance planning,35,40,1400,0.0875,0.1333333333333333,0.0116666666666666,0.875,7.244941546337007,False,75.87499999999999,151.74999999999997,303.49999999999994
img-407.jpg,medium_pothole,0.0740055559513722,0.5231562107153133,0.4028382333333146,0.5231562107153133,0.4768437892846867,2.3288326773819423,HIGH,schedule inspection and maintenance planning,73,14,1022,0.1825,0.0466666666666666,0.0085166666666666,5.214285714285714,6.930494765951626,False,75.63874999999999,151.27749999999997,302.55499999999995
img-407.jpg,medium_pothole,0.2059980294504551,0.675539941052958,0.1184620294965868,0.675539941052958,0.324460058947042,1.912464000046132,MEDIUM,schedule inspection and maintenance planning,25,11,275,0.0625,0.0366666666666666,0.0022916666666666,2.272727272727273,5.62040086571715,False,75.171875,150.34375,300.6875
img-407.jpg,medium_pothole,0.1216577611067751,0.6744987964520046,0.2038434424412204,0.6744987964520046,0.3255012035479954,2.0821856813344457,HIGH,schedule inspection and maintenance planning,33,8,264,0.0825,0.0266666666666666,0.0022,4.125,5.579729825986222,False,75.16499999999999,150.32999999999998,300.65999999999997
img-408.jpg,medium_pothole,0.0915583644882974,0.6332012187732274,0.275240416738475,0.6332012187732274,0.3667987812267725,2.183682052250177,HIGH,schedule inspection and maintenance planning,75,20,1500,0.1666666666666666,0.0666666666666666,0.0111111111111111,3.75,7.313886831633462,False,75.83333333333333,151.66666666666666,303.3333333333333
img-408.jpg,medium_pothole,0.1929203629304128,0.6515380499827647,0.1555415870868222,0.6515380499827647,0.3484619500172353,1.9626212241564087,MEDIUM,schedule inspection and maintenance planning,27,9,243,0.06,0.03,0.0018,3.0,5.497168225293202,False,75.135,150.27,300.54
img-408.jpg,major_pothole,0.0579858300926727,0.2242981406887161,0.717716029218611,0.717716029218611,0.282283970781389,2.659730199125938,CRITICAL,prioritize inspection/maintenance review,142,79,11218,0.3155555555555555,0.2633333333333333,0.0830962962962963,1.7974683544303798,9.325364048544964,False,162.46444444444444,324.9288888888889,649.8577777777778
img-409.jpg,medium_pothole,0.0678845272148202,0.5020544256099186,0.4300610471752611,0.5020544256099186,0.4979455743900813,2.3621765199604408,HIGH,schedule inspection and maintenance planning,95,53,5035,0.2087912087912088,0.1766666666666666,0.0368864468864468,1.7924528301886793,8.524367395164237,False,77.7664835164835,155.532967032967,311.065934065934
img-409.jpg,major_pothole,0.0549929948366828,0.2060030841936607,0.7390039209696564,0.7390039209696564,0.2609960790303436,2.684010926132973,CRITICAL,prioritize inspection/maintenance review,243,81,19683,0.5340659340659341,0.27,0.1441978021978022,3.0,9.887561401985868,False,171.62967032967032,343.25934065934064,686.5186813186813
img-409.jpg,medium_pothole,0.100389558411182,0.6315726281743129,0.2680378134145051,0.6315726281743129,0.3684273718256871,2.167648255003323,HIGH,schedule inspection and maintenance planning,68,69,4692,0.1494505494505494,0.23,0.0343736263736263,0.9855072463768116,8.453827315794417,False,77.57802197802197,155.15604395604393,310.31208791208786
img-41.jpg,medium_pothole,0.0810265867804443,0.6685504506795966,0.2504229625399591,0.6685504506795966,0.3314495493204034,2.169396375759515,HIGH,schedule inspection and maintenance planning,395,166,65570,0.5486111111111112,0.2305555555555555,0.1264853395061728,2.3795180722891565,11.090888804018295,False,84.48640046296295,168.9728009259259,337.9456018518518
img-41.jpg,medium_pothole,0.2328217668961757,0.6504962539911299,0.1166819791126943,0.6504962539911299,0.3495037460088701,1.8838602122165184,MEDIUM,schedule inspection and maintenance planning,214,82,17548,0.2972222222222222,0.1138888888888888,0.0338503086419753,2.609756097560976,9.772752247213608,False,77.53877314814814,155.07754629629628,310.15509259259255
img-410.jpg,major_pothole,0.0230174488714197,0.1967874622525537,0.7801950888760266,0.7801950888760266,0.2198049111239733,2.757177640004607,CRITICAL,prioritize inspection/maintenance review,169,143,24167,0.4225,0.4766666666666667,0.2013916666666666,1.181818181818182,10.092784723066508,False,180.20875,360.4175,720.835
img-411.jpg,medium_pothole,0.0620224950126192,0.4743954401716452,0.4635820648157354,0.4743954401716452,0.5256045598283547,2.401559569803116,HIGH,schedule inspection and maintenance planning,98,55,5390,0.2217194570135746,0.1833333333333333,0.0406485671191553,1.7818181818181815,8.592486175451668,False,78.04864253393664,156.0972850678733,312.1945701357466
img-411.jpg,medium_pothole,0.088400990574306,0.6134769181422998,0.298122091283394,0.6134769181422998,0.3865230818577002,2.209721100709088,HIGH,schedule inspection and maintenance planning,80,28,2240,0.1809954751131221,0.0933333333333333,0.016892911010558,2.857142857142857,7.714677473800927,False,76.26696832579185,152.5339366515837,305.0678733031674
img-411.jpg,medium_pothole,0.1059928377418315,0.663398200985912,0.2306089612722566,0.663398200985912,0.336601799014088,2.124616123530425,HIGH,schedule inspection and maintenance planning,64,19,1216,0.1447963800904977,0.0633333333333333,0.0091704374057315,3.3684210526315788,7.104144092987527,False,75.68778280542986,151.37556561085972,302.75113122171945
img-411.jpg,medium_pothole,0.1195734786702262,0.676232151350402,0.2041943699793716,0.676232151350402,0.3237678486495979,2.084620891309145,HIGH,schedule inspection and maintenance planning,45,12,540,0.1018099547511312,0.04,0.0040723981900452,3.75,6.293419278846481,False,75.3054298642534,150.6108597285068,301.2217194570136
img-411.jpg,medium_pothole,0.1187347238293651,0.6704775024062021,0.2107877737644325,0.6704775024062021,0.3295224975937979,2.0920530499350667,HIGH,schedule inspection and maintenance planning,56,17,952,0.1266968325791855,0.0566666666666666,0.0071794871794871,3.294117647058824,6.859614903654202,False,75.53846153846153,151.07692307692307,302.15384615384613
img-411.jpg,medium_pothole,0.1346792465750044,0.6699957227382654,0.1953250306867302,0.6699957227382654,0.3300042772617346,2.060645784111726,HIGH,schedule inspection and maintenance planning,44,13,572,0.0995475113122171,0.0433333333333333,0.004313725490196,3.3846153846153846,6.35088571671474,False,75.3235294117647,150.6470588235294,301.2941176470588
img-411.jpg,medium_pothole,0.1563403281569138,0.6599963952955619,0.1836632765475241,0.6599963952955619,0.3400036047044381,2.02732294839061,HIGH,schedule inspection and maintenance planning,36,11,396,0.0814479638009049,0.0366666666666666,0.0029864253393665,3.272727272727273,5.983936280687191,False,75.22398190045249,150.44796380090497,300.89592760180994
img-411.jpg,medium_pothole,0.1947140839136437,0.6463988735558671,0.1588870425304891,0.6463988735558671,0.3536011264441329,1.9641729586168453,MEDIUM,schedule inspection and maintenance planning,23,7,161,0.0520361990950226,0.0233333333333333,0.0012141779788838,3.2857142857142856,5.087596335232384,False,75.0910633484163,150.1821266968326,300.3642533936652
img-411.jpg,medium_pothole,0.1278084145913846,0.6659339847851345,0.2062576006234809,0.6659339847851345,0.3340660152148654,2.0784491860320964,HIGH,schedule inspection and maintenance planning,33,8,264,0.0746606334841629,0.0266666666666666,0.0019909502262443,4.125,5.579729825986222,False,75.14932126696833,150.29864253393666,300.5972850678733
img-411.jpg,medium_pothole,0.1169970590057686,0.6658797678415155,0.2171231731527158,0.6658797678415155,0.3341202321584845,2.100126114146947,HIGH,schedule inspection and maintenance planning,35,8,280,0.0791855203619909,0.0266666666666666,0.0021116138763197,4.375,5.638354669333745,False,75.15837104072398,150.31674208144796,300.6334841628959
img-411.jpg,medium_pothole,0.212781544720242,0.6485564113958261,0.1386620438839318,0.6485564113958261,0.3514435886041739,1.9258804991636893,MEDIUM,schedule inspection and maintenance planning,44,27,1188,0.0995475113122171,0.09,0.0089592760180995,1.6296296296296295,7.080867896690782,False,75.67194570135746,151.34389140271492,302.68778280542983
img-411.jpg,medium_pothole,0.1856456556144022,0.6464224161105757,0.1679319282750217,0.6464224161105757,0.3535775838894243,1.9822862726606187,MEDIUM,schedule inspection and maintenance planning,24,7,168,0.0542986425339366,0.0233333333333333,0.0012669683257918,3.4285714285714284,5.1298987149230735,False,75.09502262443438,150.19004524886876,300.3800904977375
img-411.jpg,medium_pothole,0.1471993917373982,0.6633415230205238,0.1894590852420782,0.6633415230205238,0.3366584769794761,2.0422596935046804,HIGH,schedule inspection and maintenance planning,35,10,350,0.0791855203619909,0.0333333333333333,0.0026395173453996,3.5,5.860786223465865,False,75.19796380090497,150.39592760180994,300.7918552036199
img-412.jpg,major_pothole,0.0485238751966518,0.2015707334484617,0.7499053913548865,0.7499053913548865,0.2500946086451134,2.701381516158236,CRITICAL,prioritize inspection/maintenance review,188,113,21244,0.4177777777777778,0.3766666666666666,0.1573629629629629,1.663716814159292,9.963876852548912,False,173.60444444444443,347.20888888888885,694.4177777777777
img-412.jpg,medium_pothole,0.1849520769601019,0.6400647176124545,0.1749832054274437,0.6400647176124545,0.3599352823875454,1.990031128467342,MEDIUM,schedule inspection and maintenance planning,50,24,1200,0.1111111111111111,0.08,0.0088888888888888,2.083333333333333,7.090909822079984,False,75.66666666666666,151.33333333333331,302.66666666666663
img-413.jpg,medium_pothole,0.0934406263128751,0.5638020766389894,0.3427572970481353,0.5638020766389894,0.4361979233610106,2.24931667073526,HIGH,schedule inspection and maintenance planning,85,18,1530,0.1594746716697936,0.06,0.0095684803001876,4.722222222222222,7.333676395657684,False,75.71763602251407,151.43527204502814,302.8705440900563
img-413.jpg,major_pothole,0.0844093853219137,0.3872338622819836,0.5283567523961027,0.5283567523961027,0.4716432476038973,2.443947367074189,HIGH,schedule inspection and maintenance planning,86,14,1204,0.1613508442776735,0.0466666666666666,0.0075297060662914,6.142857142857143,7.094234845924755,False,151.1294559099437,302.2589118198874,604.5178236397747
img-413.jpg,major_pothole,0.0724166740422757,0.3969344757719469,0.5306488501857773,0.5306488501857773,0.4693511498142226,2.4582321761435018,HIGH,schedule inspection and maintenance planning,124,30,3720,0.2326454033771107,0.1,0.023264540337711,4.133333333333334,8.221747728346623,False,153.48968105065666,306.9793621013133,613.9587242026266
img-414.jpg,major_pothole,0.0425970849532071,0.2202110612320893,0.7371918538147035,0.7371918538147035,0.2628081461852964,2.694594768861496,CRITICAL,prioritize inspection/maintenance review,306,150,45900,0.6970387243735763,0.5,0.3485193621867881,2.04,10.734242182303689,False,202.27790432801822,404.55580865603645,809.1116173120729
img-415.jpg,major_pothole,0.0423383248180392,0.3654963693163037,0.5921653058656569,0.5921653058656569,0.4078346941343431,2.549826981047617,HIGH,prioritize inspection/maintenance review,111,46,5106,0.2775,0.1533333333333333,0.04255,2.4130434782608696,8.538367426647644,False,156.38250000000002,312.76500000000004,625.5300000000001
img-415.jpg,medium_pothole,0.0781550459932153,0.6161355561973227,0.3057093978094619,0.6161355561973227,0.3838644438026772,2.2275543518162464,HIGH,schedule inspection and maintenance planning,74,18,1332,0.185,0.06,0.0111,4.111111111111111,7.195187320178709,False,75.83250000000001,151.66500000000002,303.33000000000004
img-416.jpg,medium_pothole,0.0645740847705367,0.4808420187989965,0.4545838964304663,0.4808420187989965,0.5191579812010034,2.3900098116599287,HIGH,schedule inspection and maintenance planning,104,32,3328,0.2255965292841648,0.1066666666666666,0.0240636297903109,3.25,8.110427237575024,False,76.80477223427332,153.60954446854663,307.21908893709326
img-416.jpg,major_pothole,0.0502423658565422,0.2032501924889632,0.7465074416544945,0.7465074416544945,0.2534925583455055,2.696265075797952,CRITICAL,prioritize inspection/maintenance review,227,101,22927,0.4924078091106291,0.3366666666666666,0.1657772957339117,2.247524752475248,10.040114150067954,False,174.86659436008674,349.7331887201735,699.466377440347
img-417.jpg,major_pothole,0.0534976721969571,0.2168419611614311,0.7296603666416117,0.7296603666416117,0.2703396333583883,2.6761626944446544,CRITICAL,prioritize inspection/maintenance review,336,156,52416,0.7,0.52,0.364,2.1538461538461537,10.866986245174834,False,204.6,409.2,818.4
img-418.jpg,medium_pothole,0.1064804474809685,0.6717334844392311,0.2217860680798006,0.6717334844392311,0.3282665155607689,2.1153056205988325,HIGH,schedule inspection and maintenance planning,55,14,770,0.1222222222222222,0.0466666666666666,0.0057037037037037,3.928571428571429,6.647688373563329,False,75.42777777777778,150.85555555555555,301.7111111111111
img-418.jpg,medium_pothole,0.2169515629197144,0.6457370004111854,0.1373114366691003,0.6457370004111854,0.3542629995888146,1.920359873749386,MEDIUM,schedule inspection and maintenance planning,42,23,966,0.0933333333333333,0.0766666666666666,0.0071555555555555,1.826086956521739,6.874198495453294,False,75.53666666666666,151.07333333333332,302.14666666666665
img-418.jpg,medium_pothole,0.0779082856879174,0.5694952081600884,0.3525965061519942,0.5694952081600884,0.4305047918399116,2.2746882204640766,HIGH,schedule inspection and maintenance planning,89,30,2670,0.1977777777777777,0.1,0.0197777777777777,2.966666666666667,7.890208213109961,False,76.48333333333332,152.96666666666664,305.9333333333333
img-418.jpg,medium_pothole,0.0788459502130683,0.5667901417054635,0.3543639080814681,0.5667901417054635,0.4332098582945365,2.2755179578684,HIGH,schedule inspection and maintenance planning,88,35,3080,0.1955555555555555,0.1166666666666666,0.0228148148148148,2.5142857142857142,8.033009498596668,False,76.71111111111111,153.42222222222222,306.84444444444443
img-418.jpg,medium_pothole,0.1237574275700111,0.6553420228347843,0.2209005495952046,0.6553420228347843,0.3446579771652157,2.097143122025193,HIGH,schedule inspection and maintenance planning,62,22,1364,0.1377777777777777,0.0733333333333333,0.0101037037037037,2.8181818181818183,7.21890970761906,False,75.75777777777778,151.51555555555555,303.0311111111111
img-418.jpg,medium_pothole,0.1230593350522281,0.6650783170862735,0.2118623478614984,0.6650783170862735,0.3349216829137265,2.0888030128092705,HIGH,schedule inspection and maintenance planning,34,8,272,0.0755555555555555,0.0266666666666666,0.0020148148148148,4.25,5.60947179518496,False,75.1511111111111,150.3022222222222,300.6044444444444
img-418.jpg,medium_pothole,0.2030548146740272,0.6472697930702969,0.1496753922556758,0.6472697930702969,0.3527302069297031,1.9466205775816483,MEDIUM,schedule inspection and maintenance planning,38,16,608,0.0844444444444444,0.0533333333333333,0.0045037037037037,2.375,6.411818267709897,False,75.33777777777777,150.67555555555555,301.3511111111111
img-419.jpg,major_pothole,0.0299352086447453,0.1910391810175185,0.7790256103377361,0.7790256103377361,0.2209743896622639,2.7490904016929902,CRITICAL,prioritize inspection/maintenance review,153,139,21267,0.3392461197339246,0.4633333333333333,0.1571840354767184,1.1007194244604317,9.964958874624228,False,173.57760532150778,347.15521064301555,694.3104212860311
img-419.jpg,major_pothole,0.0128463661071565,0.1336796007343105,0.8534740331585331,0.8534740331585331,0.1465259668414669,2.840627667051377,CRITICAL,prioritize inspection/maintenance review,136,187,25432,0.3015521064301552,0.6233333333333333,0.1879674796747967,0.7272727272727273,10.143802822358657,False,178.1951219512195,356.390243902439,712.780487804878
img-42.jpg,medium_pothole,0.39169165391359,0.5168364030031948,0.0914719430832152,0.5168364030031948,0.4831635969968052,1.699780289169625,MEDIUM,schedule inspection and maintenance planning,141,94,13254,0.1958333333333333,0.1305555555555555,0.0255671296296296,1.5,9.492130118723123,False,76.91753472222221,153.83506944444443,307.67013888888886
img-42.jpg,medium_pothole,0.0720872588912437,0.7209869369293823,0.2069258041793737,0.7209869369293823,0.2790130630706177,2.1348385452881296,HIGH,schedule inspection and maintenance planning,345,116,40020,0.4791666666666667,0.1611111111111111,0.077199074074074,2.9741379310344827,10.597159595331789,False,80.78993055555556,161.57986111111111,323.15972222222223
img-420.jpg,major_pothole,0.0311011058244608,0.205111154559817,0.763787739615722,0.763787739615722,0.236212260384278,2.7326866337912605,CRITICAL,prioritize inspection/maintenance review,284,109,30956,0.6311111111111111,0.3633333333333333,0.2293037037037037,2.6055045871559632,10.340354423783824,False,184.39555555555557,368.79111111111115,737.5822222222223
img-421.jpg,major_pothole,0.065415750297851,0.3796275092499178,0.5549567404522311,0.5549567404522311,0.4450432595477689,2.48954099015438,HIGH,schedule inspection and maintenance planning,126,36,4536,0.2363977485928705,0.12,0.0283677298311444,3.5,8.420021279663963,False,154.25515947467167,308.51031894934334,617.0206378986867
img-421.jpg,medium_pothole,0.1289945113163716,0.6093472680112563,0.2616582206723717,0.6093472680112563,0.3906527319887437,2.1326637093559992,HIGH,schedule inspection and maintenance planning,74,43,3182,0.1388367729831144,0.1433333333333333,0.019899937460913,1.7209302325581397,8.065579427282092,False,76.49249530956848,152.98499061913697,305.96998123827393
img-421.jpg,medium_pothole,0.1902436249951282,0.6220409433827341,0.1877154316221374,0.6220409433827341,0.3779590566172659,1.9974718066270087,MEDIUM,schedule inspection and maintenance planning,58,37,2146,0.1088180112570356,0.1233333333333333,0.0134208880550343,1.5675675675675675,7.671826797878781,False,76.00656660412758,152.01313320825517,304.02626641651034
img-421.jpg,medium_pothole,0.232600535078249,0.6760199698344665,0.0913794950872845,0.6760199698344665,0.3239800301655334,1.858778960009036,MEDIUM,schedule inspection and maintenance planning,17,11,187,0.0318949343339587,0.0366666666666666,0.0011694809255784,1.5454545454545454,5.236441962829949,False,75.08771106941839,150.17542213883678,300.35084427767356
img-422.jpg,major_pothole,0.0652259742257554,0.2276996079706586,0.7070744178035862,0.7070744178035862,0.2929255821964138,2.641848443577832,CRITICAL,prioritize inspection/maintenance review,400,130,52000,0.8888888888888888,0.4333333333333333,0.3851851851851852,3.076923076923077,10.859018228147889,False,207.7777777777778,415.5555555555556,831.1111111111112
img-423.jpg,major_pothole,0.066183081550479,0.1790627006011197,0.7547542178484011,0.7547542178484011,0.2452457821515988,2.688571136297921,CRITICAL,prioritize inspection/maintenance review,173,80,13840,0.3905191873589165,0.2666666666666666,0.1041384499623777,2.1625,9.535390480896702,False,165.62076749435664,331.2415349887133,662.4830699774266
img-424.jpg,major_pothole,0.0706549771585316,0.21553649823613,0.7138085246053386,0.7138085246053386,0.2861914753946614,2.643153547446808,CRITICAL,prioritize inspection/maintenance review,419,152,63688,0.7861163227016885,0.5066666666666667,0.3982989368355222,2.756578947368421,11.061767142190178,False,209.7448405253283,419.4896810506566,838.9793621013132
img-425.jpg,major_pothole,0.0352391203017609,0.228056592233205,0.7367042874650341,0.7367042874650341,0.2632957125349658,2.701465167163273,CRITICAL,prioritize inspection/maintenance review,134,49,6566,0.335,0.1633333333333333,0.0547166666666666,2.7346938775510203,8.789812386190972,False,158.20749999999998,316.41499999999996,632.8299999999999
img-425.jpg,major_pothole,0.0494616726595235,0.1498653931981814,0.800672934142295,0.800672934142295,0.199327065857705,2.7512112614827715,CRITICAL,prioritize inspection/maintenance review,156,30,4680,0.39,0.1,0.039,5.2,8.45126704130007,False,155.85,311.7,623.4
img-426.jpg,major_pothole,0.0626649303843393,0.0840182979474141,0.8533167716682464,0.8533167716682464,0.1466832283317536,2.7906518412839065,CRITICAL,prioritize inspection/maintenance review,437,220,96140,0.7283333333333334,0.7333333333333333,0.5341111111111111,1.9863636363636363,11.473571142891672,False,230.11666666666667,460.23333333333335,920.4666666666667
img-427.jpg,major_pothole,0.0362805592936316,0.1345923234570026,0.8291271172493658,0.8291271172493658,0.1708728827506341,2.792846557955734,CRITICAL,prioritize inspection/maintenance review,198,106,20988,0.66,0.3533333333333333,0.2332,1.8679245283018868,9.951753769945617,False,184.98000000000002,369.96000000000004,739.9200000000001
img-428.jpg,major_pothole,0.0393477438358113,0.335751295827929,0.6249009603362596,0.6249009603362596,0.3750990396637403,2.585553216500448,HIGH,prioritize inspection/maintenance review,110,50,5500,0.3666666666666666,0.1404494382022472,0.0514981273408239,2.2,8.612685172875459,False,157.72471910112358,315.44943820224717,630.8988764044943
img-428.jpg,medium_pothole,0.1116958121737759,0.679061818720395,0.2092423691058293,0.679061818720395,0.320938181279605,2.0975465569320537,HIGH,schedule inspection and maintenance planning,57,22,1254,0.19,0.0617977528089887,0.0117415730337078,2.590909090909091,7.134890851565884,False,75.88061797752809,151.76123595505618,303.52247191011236
img-428.jpg,medium_pothole,0.1250664522473259,0.6793180572228237,0.1956154905298502,0.6793180572228237,0.3206819427771763,2.070549038282524,HIGH,schedule inspection and maintenance planning,53,21,1113,0.1766666666666666,0.0589887640449438,0.0104213483146067,2.523809523809524,7.01571242048723,False,75.78160112359551,151.56320224719101,303.12640449438203
img-428.jpg,medium_pothole,0.1805656523413873,0.6718216266657342,0.1476127209928786,0.6718216266657342,0.3281783733342658,1.967047068651492,MEDIUM,schedule inspection and maintenance planning,32,12,384,0.1066666666666666,0.0337078651685393,0.0035955056179775,2.6666666666666665,5.953243334287785,False,75.26966292134831,150.53932584269663,301.07865168539325
img-428.jpg,medium_pothole,0.1298670365277571,0.6890480230932271,0.1810849403790158,0.6890480230932271,0.3109519769067729,2.0512179038512586,HIGH,schedule inspection and maintenance planning,33,9,297,0.11,0.0252808988764044,0.0027808988764044,3.6666666666666665,5.697093486505405,False,75.20856741573033,150.41713483146066,300.8342696629213
img-428.jpg,medium_pothole,0.0981828831100253,0.6738461219473947,0.2279709949425801,0.6738461219473947,0.3261538780526053,2.129788111832555,HIGH,schedule inspection and maintenance planning,38,8,304,0.1266666666666666,0.0224719101123595,0.0028464419475655,4.75,5.720311776607412,False,75.21348314606742,150.42696629213484,300.85393258426967
img-429.jpg,major_pothole,0.0552029032109018,0.2369600609492382,0.7078370358398599,0.7078370358398599,0.2921629641601401,2.652634132628957,CRITICAL,prioritize inspection/maintenance review,434,121,52514,0.8142589118198874,0.4033333333333333,0.3284177611006879,3.5867768595041323,10.868854122056876,False,199.26266416510316,398.5253283302063,797.0506566604126
img-429.jpg,major_pothole,0.0684418288603552,0.1861615470630728,0.7453966240765723,0.7453966240765723,0.2546033759234277,2.6769547952162176,CRITICAL,prioritize inspection/maintenance review,170,68,11560,0.3189493433395872,0.2266666666666666,0.0722951844903064,2.5,9.35539264367532,False,160.84427767354595,321.6885553470919,643.3771106941838
img-43.jpg,medium_pothole,0.0965490905981944,0.6962062967412972,0.2072446126605083,0.6962062967412972,0.3037937032587028,2.1106955220623136,HIGH,schedule inspection and maintenance planning,288,148,42624,0.4,0.2055555555555555,0.0822222222222222,1.945945945945946,10.660196214585818,False,81.16666666666667,162.33333333333334,324.6666666666667
img-43.jpg,medium_pothole,0.1970787188150784,0.638117907307287,0.1648033738776344,0.638117907307287,0.361882092692713,1.967724655062556,MEDIUM,schedule inspection and maintenance planning,172,255,43860,0.2388888888888889,0.3541666666666667,0.0846064814814814,0.6745098039215687,10.68878082152957,False,81.3454861111111,162.6909722222222,325.3819444444444
img-43.jpg,minor_pothole,0.7472143378866584,0.2165898027870467,0.0361958593262949,0.7472143378866584,0.2527856621133416,1.2889815214396363,LOW,monitor and include in routine maintenance review,58,80,4640,0.0805555555555555,0.1111111111111111,0.0089506172839506,0.725,8.442685139241176,False,50.44753086419753,100.89506172839506,201.79012345679013
img-430.jpg,major_pothole,0.0427389996420229,0.2176672458993722,0.739593754458605,0.739593754458605,0.260406245541395,2.696854754816582,CRITICAL,prioritize inspection/maintenance review,146,47,6862,0.3237250554323725,0.1566666666666666,0.0507169253510716,3.106382978723404,8.833899942908635,False,157.60753880266074,315.2150776053215,630.430155210643
img-430.jpg,medium_pothole,0.1352894876631392,0.6686439004142676,0.1960666119225929,0.6686439004142676,0.3313560995857324,2.0607771242594533,HIGH,schedule inspection and maintenance planning,42,12,504,0.0931263858093126,0.04,0.0037250554323725,3.5,6.22455842927536,False,75.27937915742794,150.55875831485588,301.11751662971176
img-431.jpg,medium_pothole,0.1070553397576021,0.5945569642496241,0.2983876959927735,0.5945569642496241,0.4054430357503759,2.1913323562351708,HIGH,schedule inspection and maintenance planning,85,30,2550,0.1594746716697936,0.1,0.0159474671669793,2.833333333333333,7.844240718141811,False,76.19606003752344,152.39212007504688,304.78424015009375
img-431.jpg,major_pothole,0.035972886240072,0.2043736496008515,0.7596534641590763,0.7596534641590763,0.2403465358409237,2.723680577919004,CRITICAL,prioritize inspection/maintenance review,316,58,18328,0.5928705440900562,0.1933333333333333,0.1146216385240775,5.448275862068965,9.816239783971849,False,167.1932457786116,334.3864915572232,668.7729831144464
img-431.jpg,major_pothole,0.0519394864167738,0.1993770030992719,0.7486835104839544,0.7486835104839544,0.2513164895160455,2.696744024067181,CRITICAL,prioritize inspection/maintenance review,260,44,11440,0.4878048780487805,0.1466666666666666,0.0715447154471544,5.909090909090909,9.344958673700944,False,160.73170731707316,321.4634146341463,642.9268292682926
img-431.jpg,medium_pothole,0.0875835677481441,0.4785657545589685,0.4338506776928874,0.4785657545589685,0.5214342454410315,2.346267109944743,HIGH,schedule inspection and maintenance planning,94,18,1692,0.1763602251407129,0.06,0.0105816135084427,5.222222222222222,7.434257382133135,False,75.7936210131332,151.5872420262664,303.1744840525328
img-432.jpg,major_pothole,0.0251125338041075,0.2115285205003665,0.763358945695526,0.763358945695526,0.236641054304474,2.7382464118914185,CRITICAL,prioritize inspection/maintenance review,263,155,40765,0.5456431535269709,0.5166666666666667,0.2819156293222683,1.696774193548387,10.615603679643677,False,192.28734439834022,384.57468879668045,769.1493775933609
img-433.jpg,major_pothole,0.0501474629125593,0.2172032056727192,0.7326493314147211,0.7326493314147211,0.2673506685852789,2.682501868502161,CRITICAL,prioritize inspection/maintenance review,138,114,15732,0.345,0.38,0.1311,1.2105263157894737,9.663515696240424,False,169.665,339.33,678.66
img-433.jpg,major_pothole,0.0554496190354342,0.3137551286780314,0.6307952522865343,0.6307952522865343,0.3692047477134657,2.5753456332511,HIGH,prioritize inspection/maintenance review,113,84,9492,0.2825,0.28,0.0791,1.3452380952380951,9.158309963881798,False,161.86499999999998,323.72999999999996,647.4599999999999
img-434.jpg,major_pothole,0.0296634678526973,0.2093468509227237,0.760989681224579,0.760989681224579,0.239010318775421,2.7313262133718816,CRITICAL,prioritize inspection/maintenance review,232,124,28768,0.5155555555555555,0.4133333333333333,0.2130962962962962,1.870967741935484,10.267053697512589,False,181.9644444444444,363.9288888888888,727.8577777777776
img-435.jpg,major_pothole,0.0757086775802941,0.1956560820387617,0.7286352403809438,0.7286352403809438,0.2713647596190561,2.652926562800649,CRITICAL,prioritize inspection/maintenance review,181,55,9955,0.3011647254575707,0.1833333333333333,0.0552135330005546,3.290909090909091,9.205930663487482,False,158.28202995008317,316.56405990016634,633.1281198003327
img-436.jpg,medium_pothole,0.1756628168990572,0.6380084385681063,0.1863287445328362,0.6380084385681063,0.3619915614318937,2.0106659276337786,HIGH,schedule inspection and maintenance planning,43,14,602,0.0805243445692883,0.0466666666666666,0.0037578027465667,3.071428571428572,6.401917196727186,False,75.28183520599251,150.56367041198502,301.12734082397003
img-436.jpg,medium_pothole,0.1052716922328991,0.5938170615259292,0.3009112462411716,0.5938170615259292,0.4061829384740708,2.1956395540082725,HIGH,schedule inspection and maintenance planning,86,29,2494,0.1610486891385767,0.0966666666666666,0.0155680399500624,2.9655172413793105,7.822044008185619,False,76.16760299625469,152.33520599250937,304.67041198501875
img-436.jpg,medium_pothole,0.2360599612168847,0.6223642504622932,0.1415757883208225,0.6223642504622932,0.3776357495377068,1.9055158271039383,MEDIUM,schedule inspection and maintenance planning,46,26,1196,0.0861423220973782,0.0866666666666666,0.0074656679151061,1.7692307692307692,7.087573705557973,False,75.55992509363296,151.1198501872659,302.2397003745318
img-436.jpg,medium_pothole,0.171741496359104,0.6175892841479084,0.2106692194929875,0.6175892841479084,0.3824107158520916,2.038927723133883,HIGH,schedule inspection and maintenance planning,63,35,2205,0.1179775280898876,0.1166666666666666,0.0137640449438202,1.8,7.698936199813447,False,76.03230337078651,152.06460674157302,304.12921348314603
img-436.jpg,medium_pothole,0.2340980178902195,0.6635993357176962,0.1023026463920843,0.6635993357176962,0.3364006642823037,1.8682046285018648,MEDIUM,schedule inspection and maintenance planning,24,13,312,0.0449438202247191,0.0433333333333333,0.0019475655430711,1.8461538461538465,5.746203190540153,False,75.14606741573034,150.2921348314607,300.5842696629214
img-436.jpg,medium_pothole,0.127817155402844,0.659323389702104,0.2128594548950522,0.659323389702104,0.340676610297896,2.0850422994922084,HIGH,schedule inspection and maintenance planning,50,13,650,0.0936329588014981,0.0433333333333333,0.0040574282147315,3.8461538461538463,6.478509642208569,False,75.30430711610485,150.6086142322097,301.2172284644194
img-436.jpg,major_pothole,0.0677101278116447,0.1824439913870982,0.7498458808012569,0.7498458808012569,0.2501541191987431,2.682135752989612,CRITICAL,prioritize inspection/maintenance review,200,46,9200,0.3745318352059925,0.1533333333333333,0.0574282147315855,4.3478260869565215,9.12706745278236,False,158.61423220973782,317.22846441947564,634.4569288389513
img-437.jpg,major_pothole,0.0899160360342282,0.1857098281227025,0.7243741358430691,0.7243741358430691,0.2756258641569309,2.6344580998088403,CRITICAL,prioritize inspection/maintenance review,532,149,79268,0.99812382739212,0.4966666666666666,0.4957348342714196,3.5704697986577183,11.280602410638725,False,224.36022514071294,448.7204502814259,897.4409005628518
img-438.jpg,major_pothole,0.0478542915478713,0.2842154135853332,0.6679302948667957,0.6679302948667957,0.3320697051332043,2.6200760033189248,CRITICAL,prioritize inspection/maintenance review,121,72,8712,0.3025,0.24,0.0726,1.6805555555555556,9.072571442231286,False,160.89,321.78,643.56
img-439.jpg,major_pothole,0.0796878576338655,0.1547186477901805,0.7655934945759539,0.7655934945759539,0.234406505424046,2.6859056369420884,CRITICAL,prioritize inspection/maintenance review,466,164,76424,0.6812865497076024,0.5466666666666666,0.3724366471734893,2.841463414634146,11.244065146759036,False,205.8654970760234,411.7309941520468,823.4619883040936
img-439.jpg,medium_pothole,0.1662465124489051,0.5823611215722407,0.2513923659788542,0.5823611215722407,0.4176388784277592,2.085145853529949,HIGH,schedule inspection and maintenance planning,77,32,2464,0.1125730994152046,0.1066666666666666,0.0120077972709551,2.40625,7.80994708647679,False,75.90058479532163,151.80116959064327,303.60233918128654
img-439.jpg,major_pothole,0.108507252186584,0.4112563643163676,0.4802363834970481,0.4802363834970481,0.5197636165029519,2.371729131310464,HIGH,schedule inspection and maintenance planning,131,26,3406,0.1915204678362573,0.0866666666666666,0.0165984405458089,5.038461538461538,8.133587417660966,False,152.48976608187132,304.97953216374265,609.9590643274853
img-44.jpg,medium_pothole,0.3429369129714159,0.5591996554117444,0.0978634316168393,0.5591996554117444,0.4408003445882555,1.7549265186454226,MEDIUM,schedule inspection and maintenance planning,156,94,14664,0.2166666666666666,0.1305555555555555,0.028287037037037,1.6595744680851063,9.593218981411551,False,77.12152777777777,154.24305555555554,308.4861111111111
img-44.jpg,minor_pothole,0.7093716258016273,0.2130554198155948,0.0775729543827776,0.7093716258016273,0.2906283741983727,1.3682013285811498,LOW,monitor and include in routine maintenance review,98,48,4704,0.1361111111111111,0.0666666666666666,0.009074074074074,2.0416666666666665,8.45638105201948,False,50.4537037037037,100.9074074074074,201.8148148148148
img-440.jpg,major_pothole,0.0889600703716522,0.128588662897728,0.7824512667306197,0.7824512667306197,0.2175487332693803,2.693491196358967,CRITICAL,prioritize inspection/maintenance review,423,259,109557,0.7936210131332082,0.8633333333333333,0.6851594746716698,1.6332046332046333,11.60420936837286,False,252.77392120075046,505.54784240150093,1011.0956848030019
img-441.jpg,major_pothole,0.0630493763285608,0.1852383329023745,0.7517122907690648,0.7517122907690648,0.2482877092309352,2.688662914440504,CRITICAL,prioritize inspection/maintenance review,175,55,9625,0.3283302063789868,0.1833333333333333,0.0601938711694809,3.1818181818181817,9.172223049863057,False,159.02908067542214,318.0581613508443,636.1163227016885
img-441.jpg,medium_pothole,0.1446419367530743,0.6299289228177585,0.2254291404291671,0.6299289228177585,0.3700710771822415,2.0807872036760924,HIGH,schedule inspection and maintenance planning,66,24,1584,0.123827392120075,0.08,0.009906191369606,2.75,7.368339686311381,False,75.74296435272045,151.4859287054409,302.9718574108818
img-441.jpg,medium_pothole,0.2024216097676202,0.6372328621340314,0.1603455280983484,0.6372328621340314,0.3627671378659686,1.957923918330728,MEDIUM,schedule inspection and maintenance planning,32,11,352,0.0600375234521576,0.0366666666666666,0.0022013758599124,2.909090909090909,5.8664680569332965,False,75.16510318949344,150.33020637898687,300.66041275797375
img-442.jpg,major_pothole,0.0571759389528373,0.3810183016544201,0.5618057593927425,0.5618057593927425,0.4381942406072575,2.504629820439905,HIGH,prioritize inspection/maintenance review,109,68,7412,0.2422222222222222,0.2266666666666666,0.0549037037037037,1.6029411764705883,8.910990494656719,False,158.23555555555555,316.4711111111111,632.9422222222222
img-443.jpg,medium_pothole,0.0804745348707032,0.498097284782255,0.4214281803470416,0.498097284782255,0.501902715217745,2.340953645476338,HIGH,schedule inspection and maintenance planning,107,30,3210,0.2007504690431519,0.1,0.0200750469043152,3.566666666666667,8.074337694089515,False,76.50562851782364,153.01125703564728,306.02251407129455
img-443.jpg,medium_pothole,0.1166921467487733,0.6383143114744008,0.2449935417768258,0.6383143114744008,0.3616856885255992,2.128301395028052,HIGH,schedule inspection and maintenance planning,34,7,238,0.0637898686679174,0.0233333333333333,0.001488430268918,4.857142857142857,5.476463551931511,False,75.11163227016885,150.2232645403377,300.4465290806754
img-443.jpg,major_pothole,0.0825056635706847,0.3375632770746249,0.5799310593546902,0.5799310593546902,0.4200689406453097,2.4974253957840054,HIGH,schedule inspection and maintenance planning,69,10,690,0.1294559099437148,0.0333333333333333,0.0043151969981238,6.9,6.53813982376767,False,150.64727954971858,301.29455909943715,602.5891181988743
img-443.jpg,major_pothole,0.0626866721725215,0.2493860576779044,0.6879272701495739,0.6879272701495739,0.3120727298504261,2.625240597977052,CRITICAL,prioritize inspection/maintenance review,155,39,6045,0.2908067542213883,0.13,0.0378048780487804,3.9743589743589753,8.707152175339404,False,155.67073170731703,311.34146341463406,622.6829268292681
img-443.jpg,major_pothole,0.0662858065990673,0.1913889664915463,0.7423252269093863,0.7423252269093863,0.2576747730906137,2.6760394203103184,CRITICAL,prioritize inspection/maintenance review,166,67,11122,0.3114446529080675,0.2233333333333333,0.0695559724828017,2.4776119402985075,9.316770315592027,False,160.43339587242025,320.8667917448405,641.733583489681
img-444.jpg,medium_pothole,0.1060476256244793,0.621310377094362,0.2726419972811584,0.621310377094362,0.378689622905638,2.1665943716566782,HIGH,schedule inspection and maintenance planning,74,42,3108,0.1615720524017467,0.14,0.0226200873362445,1.761904761904762,8.042056410058754,False,76.69650655021834,153.3930131004367,306.7860262008734
img-444.jpg,medium_pothole,0.2058222329115055,0.64148396464578,0.1526938024427143,0.64148396464578,0.35851603535422,1.9468715695312084,MEDIUM,schedule inspection and maintenance planning,42,19,798,0.0917030567685589,0.0633333333333333,0.0058078602620087,2.210526315789474,6.683360945766275,False,75.43558951965065,150.8711790393013,301.7423580786026
img-444.jpg,medium_pothole,0.1051293139319437,0.6305897673618653,0.2642809187061908,0.6305897673618653,0.3694102326381346,2.1591516047742467,HIGH,schedule inspection and maintenance planning,74,28,2072,0.1615720524017467,0.0933333333333333,0.015080058224163,2.642857142857143,7.636752112435779,False,76.13100436681222,152.26200873362444,304.5240174672489
img-444.jpg,medium_pothole,0.131718978511772,0.669298471515745,0.1989825499724831,0.669298471515745,0.330701528484255,2.067263571460712,HIGH,schedule inspection and maintenance planning,43,12,516,0.093886462882096,0.04,0.0037554585152838,3.583333333333333,6.248042874508429,False,75.28165938864628,150.56331877729255,301.1266375545851
img-444.jpg,medium_pothole,0.1776685558778152,0.637603226542907,0.1847282175792777,0.637603226542907,0.362396773457093,2.0070596617014624,HIGH,schedule inspection and maintenance planning,54,28,1512,0.1179039301310043,0.0933333333333333,0.011004366812227,1.9285714285714288,7.321849713788356,False,75.82532751091703,151.65065502183407,303.30131004366814
img-444.jpg,major_pothole,0.0589961618302099,0.2432014210947454,0.6978024170750445,0.6978024170750445,0.3021975829249554,2.6388062552448344,CRITICAL,prioritize inspection/maintenance review,136,81,11016,0.296943231441048,0.27,0.0801746724890829,1.6790123456790125,9.307194813340065,False,162.02620087336243,324.05240174672485,648.1048034934497
img-444.jpg,medium_pothole,0.2186604658577761,0.6674631398097262,0.1138763943324976,0.6674631398097262,0.3325368601902738,1.8952159284747208,MEDIUM,schedule inspection and maintenance planning,21,9,189,0.0458515283842794,0.03,0.0013755458515283,2.333333333333333,5.247024072160486,False,75.10316593886462,150.20633187772924,300.4126637554585
img-444.jpg,medium_pothole,0.2612716376212246,0.6251976180850178,0.1135307442937575,0.6251976180850178,0.3748023819149821,1.852259106672533,MEDIUM,schedule inspection and maintenance planning,14,5,70,0.0305676855895196,0.0166666666666666,0.0005094614264919,2.8,4.262679877041316,False,75.0382096069869,150.0764192139738,300.1528384279476
img-445.jpg,major_pothole,0.0301513964919756,0.189599622223246,0.7802489812847784,0.7802489812847784,0.2197510187152216,2.750097584792804,CRITICAL,prioritize inspection/maintenance review,279,121,33759,0.6957605985037406,0.4033333333333333,0.2806234413965087,2.3057851239669422,10.427031948709894,False,192.09351620947632,384.18703241895264,768.3740648379053
img-445.jpg,medium_pothole,0.085328052496866,0.6444556581619624,0.2702162893411713,0.6444556581619624,0.3555443418380376,2.184888236844305,HIGH,schedule inspection and maintenance planning,62,14,868,0.1546134663341646,0.0466666666666666,0.0072152950955943,4.428571428571429,6.767343125265392,False,75.54114713216958,151.08229426433917,302.16458852867834
img-446.jpg,medium_pothole,0.1369183478490065,0.6749520699207064,0.1881295822302867,0.6749520699207064,0.3250479300792935,2.05121123438128,HIGH,schedule inspection and maintenance planning,35,10,350,0.0883838383838383,0.0333333333333333,0.0029461279461279,3.5,5.860786223465865,False,75.22095959595958,150.44191919191917,300.88383838383834
img-446.jpg,medium_pothole,0.2041193589247188,0.6740512633620769,0.1218293777132041,0.6740512633620769,0.3259487366379231,1.9177100187884848,MEDIUM,schedule inspection and maintenance planning,24,10,240,0.0606060606060606,0.0333333333333333,0.002020202020202,2.4,5.484796933490655,False,75.15151515151516,150.3030303030303,300.6060606060606
img-446.jpg,medium_pothole,0.1932440879090774,0.6453488170183772,0.161407095072545,0.6453488170183772,0.3546511829816228,1.9681630071634668,MEDIUM,schedule inspection and maintenance planning,21,6,126,0.053030303030303,0.02,0.001060606060606,3.5,4.844187086458591,False,75.07954545454545,150.1590909090909,300.3181818181818
img-446.jpg,medium_pothole,0.1157168971031387,0.6755929382857966,0.2086901646110644,0.6755929382857966,0.3244070617142034,2.0929732675079253,HIGH,schedule inspection and maintenance planning,34,8,272,0.0858585858585858,0.0266666666666666,0.0022895622895622,4.25,5.60947179518496,False,75.17171717171716,150.34343434343432,300.68686868686865
img-446.jpg,medium_pothole,0.0888108425683667,0.66389488648703,0.2472942709446034,0.66389488648703,0.33610511351297,2.158483428376237,HIGH,schedule inspection and maintenance planning,66,19,1254,0.1666666666666666,0.0633333333333333,0.0105555555555555,3.473684210526316,7.134890851565884,False,75.79166666666666,151.58333333333331,303.16666666666663
img-446.jpg,major_pothole,0.0349304330721775,0.2605029038814618,0.7045666630463608,0.7045666630463608,0.2954333369536391,2.669636229974184,CRITICAL,prioritize inspection/maintenance review,127,44,5588,0.3207070707070707,0.1466666666666666,0.047037037037037,2.886363636363636,8.628555659269699,False,157.05555555555554,314.1111111111111,628.2222222222222
img-446.jpg,medium_pothole,0.1801620356301447,0.6579837772284833,0.161854187141372,0.6579837772284833,0.3420162227715166,1.981692151511228,MEDIUM,schedule inspection and maintenance planning,46,24,1104,0.1161616161616161,0.08,0.0092929292929292,1.9166666666666667,7.007600613951853,False,75.69696969696969,151.39393939393938,302.78787878787875
img-446.jpg,medium_pothole,0.1076067335485601,0.6561277867996357,0.2362654796518044,0.6561277867996357,0.3438722132003643,2.1286587461032447,HIGH,schedule inspection and maintenance planning,65,39,2535,0.1641414141414141,0.13,0.0213383838383838,1.6666666666666667,7.8383433155571165,False,76.60037878787878,153.20075757575756,306.4015151515151
img-447.jpg,major_pothole,0.0213372244633561,0.196066734147561,0.7825960413890828,0.7825960413890828,0.2174039586109172,2.761258816925727,CRITICAL,prioritize inspection/maintenance review,258,150,38700,0.4831460674157303,0.5,0.2415730337078651,1.72,10.563620718477312,False,186.2359550561798,372.4719101123596,744.9438202247192
img-448.jpg,major_pothole,0.039360035298684,0.207695968477124,0.7529439962241921,0.7529439962241921,0.2470560037758079,2.713583960925508,CRITICAL,prioritize inspection/maintenance review,327,131,42837,0.7517241379310344,0.4366666666666666,0.3282528735632184,2.49618320610687,10.665180838131088,False,199.23793103448276,398.4758620689655,796.951724137931
img-448.jpg,major_pothole,0.0594122980371237,0.1998634229010263,0.74072427906185,0.74072427906185,0.25927572093815,2.6813119810247263,CRITICAL,prioritize inspection/maintenance review,152,80,12160,0.3494252873563218,0.2666666666666666,0.0931800766283525,1.9,9.405989388981,False,163.97701149425288,327.95402298850576,655.9080459770115
img-448.jpg,medium_pothole,0.222230335907658,0.6636891699593345,0.1140804941330077,0.6636891699593345,0.3363108300406655,1.8918501582253504,MEDIUM,schedule inspection and maintenance planning,33,18,594,0.0758620689655172,0.06,0.004551724137931,1.8333333333333333,6.38856140554563,False,75.34137931034482,150.68275862068964,301.3655172413793
img-449.jpg,major_pothole,0.0800979645371951,0.1933192312335803,0.7265828042292247,0.7265828042292247,0.2734171957707753,2.64648483969203,CRITICAL,prioritize inspection/maintenance review,173,95,16435,0.3105924596050269,0.3166666666666666,0.0983542788749251,1.821052631578948,9.7072293300033,False,164.75314183123874,329.5062836624775,659.012567324955
img-449.jpg,medium_pothole,0.0809326719287905,0.4831673651583348,0.4358999629128745,0.4831673651583348,0.5168326348416652,2.354967290984084,HIGH,schedule inspection and maintenance planning,100,57,5700,0.1795332136445242,0.19,0.0341113105924596,1.7543859649122806,8.648396877031582,False,77.55834829443447,155.11669658886893,310.23339317773787
img-449.jpg,medium_pothole,0.2361758596616391,0.61440201517932,0.1494221251590408,0.61440201517932,0.38559798482068,1.9132462654974007,MEDIUM,schedule inspection and maintenance planning,48,26,1248,0.0861759425493716,0.0866666666666666,0.0074685816876122,1.8461538461538465,7.130098510125578,False,75.5601436265709,151.1202872531418,302.2405745062836
img-449.jpg,major_pothole,0.0752897619009439,0.1772870981148321,0.7474231399842237,0.7474231399842237,0.2525768600157763,2.672133378083279,CRITICAL,prioritize inspection/maintenance review,446,165,73590,0.800718132854578,0.55,0.4403949730700179,2.703030303030303,11.206278014631144,False,216.05924596050266,432.11849192100533,864.2369838420107
img-45.jpg,medium_pothole,0.2724478522492971,0.6217563709110377,0.105795776839665,0.6217563709110377,0.3782436290889622,1.833347924590368,MEDIUM,schedule inspection and maintenance planning,177,98,17346,0.2458333333333333,0.1361111111111111,0.0334606481481481,1.806122448979592,9.76117485976141,False,77.5095486111111,155.0190972222222,310.0381944444444
img-450.jpg,major_pothole,0.0543597380243911,0.1902894044743793,0.7553508575012293,0.7553508575012293,0.2446491424987706,2.700991119476838,CRITICAL,prioritize inspection/maintenance review,223,86,19178,0.5575,0.2866666666666667,0.1598166666666666,2.5930232558139537,9.861571209434835,False,173.97249999999997,347.94499999999994,695.8899999999999
img-451.jpg,medium_pothole,0.2259586883411701,0.6448856464136333,0.1291556652451967,0.6448856464136333,0.3551143535863666,1.903196976904027,MEDIUM,schedule inspection and maintenance planning,43,28,1204,0.0914893617021276,0.0933333333333333,0.0085390070921985,1.5357142857142858,7.094234845924755,False,75.64042553191489,151.28085106382977,302.56170212765954
img-451.jpg,major_pothole,0.0619259633612933,0.3954184811415956,0.5426555554971109,0.5426555554971109,0.4573444445028891,2.480729592135817,HIGH,schedule inspection and maintenance planning,107,71,7597,0.2276595744680851,0.2366666666666666,0.0538794326241134,1.5070422535211268,8.935640333747571,False,158.081914893617,316.163829787234,632.327659574468
img-451.jpg,medium_pothole,0.1794236690965837,0.6340337464246502,0.186542584478766,0.6340337464246502,0.3659662535753498,2.0071189153821822,HIGH,schedule inspection and maintenance planning,55,29,1595,0.1170212765957446,0.0966666666666666,0.0113120567375886,1.896551724137931,7.375255778009754,False,75.84840425531915,151.6968085106383,303.3936170212766
img-452.jpg,major_pothole,0.0722874641260813,0.1049178399549116,0.822794695919007,0.822794695919007,0.177205304080993,2.7505072317929256,CRITICAL,prioritize inspection/maintenance review,399,204,81396,0.6605960264900662,0.68,0.449205298013245,1.9558823529411764,11.307093696274611,False,217.38079470198676,434.7615894039735,869.523178807947
img-453.jpg,major_pothole,0.0416401692793978,0.2038063094832821,0.75455352123732,0.75455352123732,0.24544647876268,2.712913351957922,CRITICAL,prioritize inspection/maintenance review,190,119,22610,0.4222222222222222,0.3966666666666666,0.1674814814814814,1.596638655462185,10.02619179251158,False,175.1222222222222,350.2444444444444,700.4888888888888
img-454.jpg,medium_pothole,0.1185360879210781,0.6787993259786206,0.2026645861003013,0.6787993259786206,0.3212006740213794,2.084128498179223,HIGH,schedule inspection and maintenance planning,33,8,264,0.0866141732283464,0.0266666666666666,0.0023097112860892,4.125,5.579729825986222,False,75.1732283464567,150.3464566929134,300.6929133858268
img-454.jpg,major_pothole,0.0357711653705889,0.1904321295409171,0.7737967050884939,0.7737967050884939,0.2262032949115061,2.7380255397179045,CRITICAL,prioritize inspection/maintenance review,139,33,4587,0.3648293963254593,0.11,0.0401312335958005,4.212121212121212,8.431199478249262,False,156.01968503937005,312.0393700787401,624.0787401574802
img-454.jpg,major_pothole,0.0566654706519779,0.1654801522573737,0.7778543770906484,0.7778543770906484,0.2221456229093515,2.7211889064386705,CRITICAL,prioritize inspection/maintenance review,171,76,12996,0.4488188976377952,0.2533333333333333,0.1137007874015748,2.25,9.47247384058159,False,167.0551181102362,334.1102362204724,668.2204724409448
img-454.jpg,medium_pothole,0.0821878415994919,0.652744225278291,0.265067933122217,0.652744225278291,0.347255774721709,2.182880091522725,HIGH,schedule inspection and maintenance planning,63,15,945,0.1653543307086614,0.05,0.008267716535433,4.2,6.852242569051878,False,75.62007874015748,151.24015748031496,302.4803149606299
img-455.jpg,medium_pothole,0.1634782055414902,0.639506009347996,0.1970157851105138,0.639506009347996,0.360493990652004,2.033537579569024,HIGH,schedule inspection and maintenance planning,57,29,1653,0.1252747252747252,0.0966666666666666,0.0121098901098901,1.9655172413793105,7.410951875583635,False,75.90824175824176,151.81648351648352,303.63296703296703
img-456.jpg,major_pothole,0.0391868560917662,0.2194820195710075,0.7413311243372258,0.7413311243372258,0.2586688756627742,2.702144268245459,CRITICAL,prioritize inspection/maintenance review,296,61,18056,0.5553470919324578,0.2033333333333333,0.1129205753595997,4.852459016393443,9.80128870021588,False,166.93808630393994,333.8761726078799,667.7523452157598
img-457.jpg,medium_pothole,0.1965293302534571,0.6669405871848166,0.136530082561726,0.6669405871848166,0.3330594128151833,1.9400007523082683,MEDIUM,schedule inspection and maintenance planning,28,11,308,0.07,0.0366666666666666,0.0025666666666666,2.5454545454545454,5.733341276897746,False,75.1925,150.385,300.77
img-457.jpg,medium_pothole,0.192288526902617,0.6590529223842031,0.1486585507131797,0.6590529223842031,0.3409470776157969,1.9563700238105624,MEDIUM,schedule inspection and maintenance planning,24,8,192,0.06,0.0266666666666666,0.0016,3.0,5.262690188904886,False,75.12,150.24,300.48
img-457.jpg,major_pothole,0.0360839994015762,0.1689574874705047,0.7949585131279192,0.7949585131279192,0.2050414868720808,2.758874513726344,CRITICAL,prioritize inspection/maintenance review,154,45,6930,0.385,0.15,0.05775,3.422222222222222,8.843759381917984,False,158.6625,317.325,634.65
img-458.jpg,major_pothole,0.0425702424678611,0.2018032913970403,0.7556264661350985,0.7556264661350985,0.2443735338649014,2.713056223667237,CRITICAL,prioritize inspection/maintenance review,270,48,12960,0.5613305613305614,0.16,0.0898128898128898,5.625,9.469700127423376,False,163.47193347193348,326.94386694386696,653.8877338877339
img-459.jpg,major_pothole,0.0970021718372151,0.2270614101875898,0.675936417975195,0.675936417975195,0.324063582024805,2.57893424613798,HIGH,prioritize inspection/maintenance review,154,26,4004,0.2889305816135084,0.0866666666666666,0.025040650406504,5.923076923076923,8.29529885950246,False,153.7560975609756,307.5121951219512,615.0243902439024
img-459.jpg,major_pothole,0.0571381062956831,0.2060748692186939,0.7367870244856227,0.7367870244856227,0.2632129755143773,2.679648918189939,CRITICAL,prioritize inspection/maintenance review,256,69,17664,0.4803001876172608,0.23,0.1104690431519699,3.710144927536232,9.779340559793246,False,166.57035647279548,333.14071294559096,666.2814258911819
img-46.jpg,medium_pothole,0.1820851560782592,0.6841386335937021,0.1337762103280389,0.6841386335937021,0.3158613664062979,1.9516910542497805,MEDIUM,schedule inspection and maintenance planning,219,123,26937,0.3041666666666666,0.1708333333333333,0.0519618055555555,1.7804878048780488,10.20129320815876,False,78.89713541666666,157.79427083333331,315.58854166666663
img-460.jpg,major_pothole,0.0492053730272816,0.1690771672302925,0.7817174597424257,0.7817174597424257,0.2182825402575743,2.732512086715144,CRITICAL,prioritize inspection/maintenance review,231,40,9240,0.5121951219512195,0.1333333333333333,0.0682926829268292,5.775,9.13140538388804,False,160.24390243902437,320.48780487804873,640.9756097560975
img-460.jpg,major_pothole,0.0632929678977426,0.1801945305386601,0.756512501563597,0.756512501563597,0.243487498436403,2.6932195336658538,CRITICAL,prioritize inspection/maintenance review,215,70,15050,0.4767184035476718,0.2333333333333333,0.1112342941611234,3.071428571428572,9.619199713152362,False,166.68514412416852,333.37028824833703,666.7405764966741
img-461.jpg,medium_pothole,0.0737925374125314,0.5254866723684447,0.4007207902190238,0.5254866723684447,0.4745133276315553,2.3269282528064923,HIGH,schedule inspection and maintenance planning,91,56,5096,0.1965442764578833,0.1866666666666666,0.0366882649388048,1.625,8.536407410340042,False,77.75161987041035,155.5032397408207,311.0064794816414
img-462.jpg,major_pothole,0.048299594059951,0.2644857620547469,0.687214643885302,0.687214643885302,0.312785356114698,2.638915049825351,CRITICAL,prioritize inspection/maintenance review,128,69,8832,0.3011764705882352,0.23,0.0692705882352941,1.855072463768116,9.086249986745132,False,160.39058823529413,320.78117647058826,641.5623529411765
img-463.jpg,major_pothole,0.033686671859678,0.1673143570463254,0.7989989710939965,0.7989989710939965,0.2010010289060034,2.7653122992343184,CRITICAL,prioritize inspection/maintenance review,274,107,29318,0.7405405405405405,0.3566666666666667,0.2641261261261261,2.560747663551402,10.285991049006943,False,189.61891891891892,379.23783783783784,758.4756756756757
img-464.jpg,major_pothole,0.0449470478780725,0.1305749735273508,0.8244779785945765,0.8244779785945765,0.1755220214054235,2.779530930716504,CRITICAL,prioritize inspection/maintenance review,292,186,54312,0.4231884057971014,0.62,0.2623768115942029,1.5698924731182795,10.902518887949263,False,189.35652173913044,378.7130434782609,757.4260869565218
img-465.jpg,major_pothole,0.0284988594462741,0.201796870099834,0.7697042704538919,0.7697042704538919,0.2302957295461081,2.7412054110076176,CRITICAL,prioritize inspection/maintenance review,314,109,34226,0.615686274509804,0.3633333333333333,0.2236993464052287,2.8807339449541285,10.44077008526448,False,183.55490196078432,367.10980392156864,734.2196078431373
img-465.jpg,major_pothole,0.0538287413128147,0.228367024920695,0.7178042337664902,0.7178042337664902,0.2821957662335098,2.663975492453676,CRITICAL,prioritize inspection/maintenance review,154,45,6930,0.3019607843137254,0.15,0.0452941176470588,3.422222222222222,8.843759381917984,False,156.7941176470588,313.5882352941176,627.1764705882352
img-465.jpg,major_pothole,0.0617209761108848,0.3982515401717491,0.540027483717366,0.540027483717366,0.459972516282634,2.4783065076064807,HIGH,schedule inspection and maintenance planning,119,39,4641,0.2333333333333333,0.13,0.0303333333333333,3.051282051282051,8.442900586834382,False,154.55,309.1,618.2
img-466.jpg,major_pothole,0.0360794870772933,0.2786651367446611,0.6852553761780458,0.6852553761780458,0.3147446238219542,2.6491758891007526,CRITICAL,prioritize inspection/maintenance review,121,53,6413,0.3167539267015706,0.1766666666666666,0.0559598603839441,2.2830188679245285,8.7662383802531,False,158.39397905759162,316.78795811518324,633.5759162303665
img-467.jpg,major_pothole,0.0554325567244426,0.1157349226548059,0.8288325206207513,0.8288325206207513,0.1711674793792487,2.7733999638963085,CRITICAL,prioritize inspection/maintenance review,476,65,30940,0.664804469273743,0.2166666666666666,0.1440409683426443,7.323076923076923,10.339837444225314,False,171.60614525139664,343.2122905027933,686.4245810055866
img-468.jpg,major_pothole,0.0407457256790603,0.2111418541183749,0.7481124202025646,0.7481124202025646,0.2518875797974353,2.707366694523504,CRITICAL,prioritize inspection/maintenance review,138,32,4416,0.3441396508728179,0.1066666666666666,0.0367082294264339,4.3125,8.393216011596527,False,155.50623441396507,311.01246882793015,622.0249376558603
img-469.jpg,major_pothole,0.0599067798026515,0.2279883660504616,0.7121048541468867,0.7121048541468867,0.2878951458531132,2.652198074344235,CRITICAL,prioritize inspection/maintenance review,137,107,14659,0.3044444444444444,0.3566666666666667,0.1085851851851851,1.280373831775701,9.592877975440642,False,166.28777777777776,332.5755555555555,665.151111111111
img-469.jpg,medium_pothole,0.0761888827960751,0.5580347972125865,0.3657763199913381,0.5580347972125865,0.4419652027874134,2.2895874371952623,HIGH,schedule inspection and maintenance planning,90,34,3060,0.2,0.1133333333333333,0.0226666666666666,2.647058823529412,8.026496938945412,False,76.7,153.4,306.8
img-469.jpg,medium_pothole,0.227719789479904,0.655625485394334,0.1166547251257619,0.655625485394334,0.344374514605666,1.8889349356458576,MEDIUM,schedule inspection and maintenance planning,37,22,814,0.0822222222222222,0.0733333333333333,0.0060296296296296,1.681818181818182,6.703188113240863,False,75.45222222222222,150.90444444444444,301.8088888888889
img-47.jpg,medium_pothole,0.1582978960241264,0.665235268077429,0.1764668358984444,0.665235268077429,0.3347647319225709,2.0181689398743177,HIGH,schedule inspection and maintenance planning,236,144,33984,0.3277777777777778,0.2,0.0655555555555555,1.6388888888888888,10.433674529780738,False,79.91666666666667,159.83333333333334,319.6666666666667
img-470.jpg,major_pothole,0.0500495528747857,0.2816438050470839,0.6683066420781303,0.6683066420781303,0.3316933579218697,2.618257089203344,CRITICAL,prioritize inspection/maintenance review,128,64,8192,0.2788671023965142,0.2133333333333333,0.0594916485112563,2.0,9.011035410141815,False,158.92374727668843,317.84749455337686,635.6949891067537
img-471.jpg,medium_pothole,0.0632445051121878,0.5501326645744252,0.3866228303133871,0.5501326645744252,0.4498673354255748,2.3233783252011992,HIGH,schedule inspection and maintenance planning,89,32,2848,0.2225,0.1066666666666666,0.0237333333333333,2.78125,7.954723334497908,False,76.78,153.56,307.12
img-471.jpg,medium_pothole,0.1604626550389754,0.6643688268909445,0.1751685180700799,0.6643688268909445,0.3356311731090555,2.014705863031104,HIGH,schedule inspection and maintenance planning,52,36,1872,0.13,0.12,0.0156,1.4444444444444444,7.535296702444088,False,76.17,152.34,304.68
img-471.jpg,medium_pothole,0.1617513860412514,0.6606137933256679,0.1776348206330804,0.6606137933256679,0.339386206674332,2.0158834345918284,HIGH,schedule inspection and maintenance planning,46,19,874,0.115,0.0633333333333333,0.0072833333333333,2.421052631578948,6.774223886357614,False,75.54625,151.0925,302.185
img-471.jpg,medium_pothole,0.1843108660775262,0.6607924576726601,0.1548966762498136,0.6607924576726601,0.3392075423273398,1.9705858101722875,MEDIUM,schedule inspection and maintenance planning,37,15,555,0.0925,0.05,0.004625,2.466666666666667,6.320768294250582,False,75.34687500000001,150.69375000000002,301.38750000000005
img-471.jpg,medium_pothole,0.1787478441882405,0.660768440990504,0.1604837148212552,0.660768440990504,0.339231559009496,1.981735870633014,MEDIUM,schedule inspection and maintenance planning,38,15,570,0.095,0.05,0.00475,2.533333333333333,6.3473892096560105,False,75.35625,150.7125,301.425
img-471.jpg,medium_pothole,0.1449036282130921,0.6706899641004694,0.1844064076864387,0.6706899641004694,0.3293100358995305,2.039502779473347,HIGH,schedule inspection and maintenance planning,34,10,340,0.085,0.0333333333333333,0.0028333333333333,3.4,5.831882477283517,False,75.21249999999999,150.42499999999998,300.84999999999997
img-471.jpg,medium_pothole,0.0760463275005116,0.5332128658765967,0.3907408066228915,0.5332128658765967,0.4667871341234033,2.31469447912238,HIGH,schedule inspection and maintenance planning,65,12,780,0.1625,0.04,0.0065,5.416666666666667,6.660575149839686,False,75.4875,150.975,301.95
img-471.jpg,medium_pothole,0.1394197451104125,0.6742582998803853,0.1863219550092018,0.6742582998803853,0.3257417001196147,2.046902209898789,HIGH,schedule inspection and maintenance planning,39,12,468,0.0975,0.04,0.0039,3.25,6.150602768446279,False,75.2925,150.585,301.17
img-471.jpg,medium_pothole,0.1116378373970835,0.6736999975022708,0.2146621651006456,0.6736999975022708,0.3263000024977291,2.103024327703562,HIGH,schedule inspection and maintenance planning,35,8,280,0.0875,0.0266666666666666,0.0023333333333333,4.375,5.638354669333745,False,75.175,150.35,300.7
img-471.jpg,medium_pothole,0.1133861770213893,0.6611033318137615,0.2255104911648492,0.6611033318137615,0.3388966681862385,2.11212431414346,HIGH,schedule inspection and maintenance planning,62,26,1612,0.155,0.0866666666666666,0.0134333333333333,2.3846153846153846,7.385851078125209,False,76.00750000000001,152.01500000000001,304.03000000000003
img-471.jpg,medium_pothole,0.1453397626825967,0.6713008768442198,0.1833593604731835,0.6713008768442198,0.3286991231557802,2.0380195977905866,HIGH,schedule inspection and maintenance planning,40,13,520,0.1,0.0433333333333333,0.0043333333333333,3.076923076923077,6.255750041753367,False,75.325,150.65,301.3
img-471.jpg,medium_pothole,0.1368968844450453,0.6738554799465496,0.189247635608405,0.6738554799465496,0.3261445200534504,2.05235075116336,HIGH,schedule inspection and maintenance planning,45,15,675,0.1125,0.05,0.005625,3.0,6.516193076042964,False,75.421875,150.84375,301.6875
img-471.jpg,medium_pothole,0.1499655648257593,0.6610885497268829,0.1889458854473579,0.6610885497268829,0.3389114502731171,2.038980320621599,HIGH,schedule inspection and maintenance planning,27,7,189,0.0675,0.0233333333333333,0.001575,3.857142857142857,5.247024072160486,False,75.118125,150.23625,300.4725
img-471.jpg,medium_pothole,0.1411940949755403,0.6640546515157668,0.1947512535086928,0.6640546515157668,0.3359453484842332,2.0535571585331525,HIGH,schedule inspection and maintenance planning,28,7,196,0.07,0.0233333333333333,0.0016333333333333,4.0,5.2832037287379885,False,75.1225,150.245,300.49
img-471.jpg,medium_pothole,0.0945447904936405,0.6577636099164439,0.2476915995899152,0.6577636099164439,0.3422363900835561,2.153146809096274,HIGH,schedule inspection and maintenance planning,43,9,387,0.1075,0.03,0.003225,4.777777777777778,5.961005339623274,False,75.24187500000001,150.48375000000001,300.96750000000003
img-471.jpg,medium_pothole,0.0928687660047651,0.6354822155612126,0.2716490184340223,0.6354822155612126,0.3645177844387873,2.178780252429257,HIGH,schedule inspection and maintenance planning,41,8,328,0.1025,0.0266666666666666,0.0027333333333333,5.125,5.796057750765372,False,75.205,150.41,300.82
img-471.jpg,medium_pothole,0.1415401477499583,0.6565145970274672,0.2019452552225742,0.6565145970274672,0.3434854029725328,2.0604051074726155,HIGH,schedule inspection and maintenance planning,26,6,156,0.065,0.02,0.0013,4.333333333333333,5.056245805348308,False,75.09750000000001,150.19500000000002,300.39000000000004
img-471.jpg,medium_pothole,0.1718510949510948,0.6484116845858641,0.1797372204630415,0.6484116845858641,0.3515883154141359,2.007886125511948,HIGH,schedule inspection and maintenance planning,23,6,138,0.0575,0.02,0.00115,3.8333333333333335,4.934473933130692,False,75.08624999999999,150.17249999999999,300.34499999999997
img-472.jpg,major_pothole,0.0300507812119541,0.2038091156905609,0.7661401030974847,0.7661401030974847,0.2338598969025153,2.7360893218855296,CRITICAL,prioritize inspection/maintenance review,333,128,42624,0.658102766798419,0.4266666666666667,0.2807905138339921,2.6015625,10.660196214585818,False,192.1185770750988,384.2371541501976,768.4743083003953
img-473.jpg,major_pothole,0.034072188337539,0.186407173895548,0.7795206377669128,0.7795206377669128,0.2204793622330871,2.7454484494293734,CRITICAL,prioritize inspection/maintenance review,288,101,29088,0.72,0.3366666666666666,0.2424,2.851485148514852,10.278115374824123,False,186.35999999999999,372.71999999999997,745.4399999999999
img-474.jpg,major_pothole,0.0394538684878341,0.292685583933032,0.667860547579134,0.667860547579134,0.3321394524208659,2.6284066790913,CRITICAL,prioritize inspection/maintenance review,121,54,6534,0.3017456359102244,0.18,0.0543142144638403,2.240740740740741,8.784927626058323,False,158.14713216957603,316.29426433915205,632.5885286783041
img-474.jpg,medium_pothole,0.0938056965427589,0.6398312222038005,0.2663630812534404,0.6398312222038005,0.3601687777961995,2.172557384710681,HIGH,schedule inspection and maintenance planning,71,33,2343,0.1770573566084788,0.11,0.0194763092269326,2.1515151515151514,7.759614150696903,False,76.46072319201994,152.92144638403988,305.84289276807976
img-474.jpg,medium_pothole,0.1063039865876962,0.6524257943707346,0.2412702190415692,0.6524257943707346,0.3475742056292654,2.134966232453873,HIGH,schedule inspection and maintenance planning,66,31,2046,0.1645885286783042,0.1033333333333333,0.0170074812967581,2.129032258064516,7.624130585661289,False,76.27556109725685,152.5511221945137,305.1022443890274
img-475.jpg,major_pothole,0.0797901361445356,0.1029606822734749,0.8172491815819892,0.8172491815819892,0.1827508184180107,2.737459045437453,CRITICAL,prioritize inspection/maintenance review,398,219,87162,0.8652173913043478,0.73,0.6316086956521739,1.817351598173516,11.375535207924688,False,244.74130434782612,489.48260869565223,978.9652173913045
img-476.jpg,medium_pothole,0.1228402623370576,0.6397736710961303,0.2373860665668125,0.6397736710961303,0.3602263289038697,2.114545804229756,HIGH,schedule inspection and maintenance planning,67,30,2010,0.1488888888888888,0.1,0.0148888888888888,2.2333333333333334,7.606387389772652,False,76.11666666666666,152.23333333333332,304.46666666666664
img-476.jpg,medium_pothole,0.2124626939849298,0.6531831447639918,0.1343541612510786,0.6531831447639918,0.3468168552360082,1.921891467266149,MEDIUM,schedule inspection and maintenance planning,34,15,510,0.0755555555555555,0.05,0.0037777777777777,2.2666666666666666,6.236369590203704,False,75.28333333333333,150.56666666666666,301.1333333333333
img-476.jpg,medium_pothole,0.2239348080017444,0.6556155698372136,0.120449622161042,0.6556155698372136,0.3443844301627864,1.8965148141592976,MEDIUM,schedule inspection and maintenance planning,41,29,1189,0.0911111111111111,0.0966666666666666,0.0088074074074074,1.4137931034482758,7.081708586105575,False,75.66055555555555,151.3211111111111,302.6422222222222
img-476.jpg,medium_pothole,0.1247688370071898,0.6422626875604627,0.2329684754323477,0.6422626875604627,0.3577373124395373,2.1081996384251585,HIGH,schedule inspection and maintenance planning,66,42,2772,0.1466666666666666,0.14,0.0205333333333333,1.5714285714285714,7.927685045615778,False,76.53999999999999,153.07999999999998,306.15999999999997
img-477.jpg,major_pothole,0.0457716742273344,0.2097167822509213,0.744511543521744,0.744511543521744,0.255488456478256,2.6987398692944087,CRITICAL,prioritize inspection/maintenance review,140,69,9660,0.35,0.23,0.0805,2.028985507246377,9.17585244151751,False,162.075,324.15,648.3
img-477.jpg,medium_pothole,0.0644119836709576,0.550179977819443,0.3854080385095996,0.550179977819443,0.449820022180557,2.3209960548386426,HIGH,schedule inspection and maintenance planning,89,25,2225,0.2225,0.0833333333333333,0.0185416666666666,3.56,7.70796153183549,False,76.390625,152.78125,305.5625
img-477.jpg,major_pothole,0.0529204180080807,0.2621775792388651,0.6849020027530542,0.6849020027530542,0.3150979972469457,2.631981584744974,CRITICAL,prioritize inspection/maintenance review,125,82,10250,0.3125,0.2733333333333333,0.0854166666666666,1.524390243902439,9.235130540783402,False,162.8125,325.625,651.25
img-478.jpg,major_pothole,0.0311814599526282,0.2057539959803764,0.7630645440669954,0.7630645440669954,0.2369354559330045,2.731883084114368,CRITICAL,prioritize inspection/maintenance review,217,123,26691,0.5081967213114754,0.41,0.2083606557377049,1.7642276422764227,10.192119174023498,False,181.25409836065575,362.5081967213115,725.016393442623
img-478.jpg,medium_pothole,0.0970839254440037,0.6632704290827761,0.23964564547322,0.6632704290827761,0.3367295709172239,2.142561720029216,HIGH,schedule inspection and maintenance planning,65,18,1170,0.1522248243559719,0.06,0.0091334894613583,3.611111111111111,7.065613363597717,False,75.68501170960188,151.37002341920376,302.7400468384075
e7a7d17b-img-479.jpg,major_pothole,0.0227281468939296,0.1204092738434846,0.8568625792625858,0.8568625792625858,0.1431374207374142,2.834134432368656,CRITICAL,prioritize inspection/maintenance review,307,123,37761,0.4263888888888889,0.4392857142857143,0.1873065476190476,2.4959349593495936,10.539058584958475,False,178.09598214285714,356.1919642857143,712.3839285714286
img-48.jpg,medium_pothole,0.1552978582869299,0.7044513740101251,0.140250767702945,0.7044513740101251,0.2955486259898748,1.9849529094160152,MEDIUM,schedule inspection and maintenance planning,256,95,24320,0.3555555555555555,0.1319444444444444,0.0469135802469135,2.694736842105263,10.099095453655815,False,78.51851851851852,157.03703703703704,314.0740740740741
img-48.jpg,minor_pothole,0.658302095641031,0.270262881838219,0.0714350225207499,0.658302095641031,0.3416979043589689,1.4131329268797188,MEDIUM,monitor and include in routine maintenance review,100,72,7200,0.1388888888888889,0.1,0.0138888888888888,1.3888888888888888,8.881975184248867,False,50.69444444444444,101.38888888888889,202.77777777777777
db9c2aaa-img-480.jpg,major_pothole,0.0160499386842542,0.168357909687807,0.8155921516279386,0.8155921516279386,0.1844078483720613,2.799542212943684,CRITICAL,prioritize inspection/maintenance review,157,165,25905,0.3488888888888889,0.55,0.1918888888888889,0.9515151515151516,10.162229881090202,False,178.7833333333333,357.5666666666666,715.1333333333332
db9c2aaa-img-480.jpg,medium_pothole,0.2062354049567214,0.6440693186841251,0.1496952763591537,0.6440693186841251,0.3559306813158749,1.9434598714024327,MEDIUM,schedule inspection and maintenance planning,47,29,1363,0.1044444444444444,0.0966666666666666,0.0100962962962962,1.6206896551724137,7.218176838403408,False,75.75722222222223,151.51444444444445,303.0288888888889
db9c2aaa-img-480.jpg,medium_pothole,0.1042952968736079,0.6697010189220836,0.2260036842043085,0.6697010189220836,0.3302989810779164,2.1217083873307008,HIGH,schedule inspection and maintenance planning,56,14,784,0.1244444444444444,0.0466666666666666,0.0058074074074074,4.0,6.665683717782408,False,75.43555555555557,150.87111111111113,301.74222222222227
db9c2aaa-img-480.jpg,medium_pothole,0.142761474526663,0.6602805887256558,0.1969579367476812,0.6602805887256558,0.3397194112743442,2.054196462221018,HIGH,schedule inspection and maintenance planning,31,8,248,0.0688888888888888,0.0266666666666666,0.001837037037037,3.875,5.517452896464707,False,75.13777777777779,150.27555555555557,300.55111111111114
db9c2aaa-img-480.jpg,medium_pothole,0.1184094629873287,0.590128006978297,0.2914625300343743,0.590128006978297,0.4098719930217029,2.1730530670470456,HIGH,schedule inspection and maintenance planning,29,5,145,0.0644444444444444,0.0166666666666666,0.001074074074074,5.8,4.983606621708336,False,75.08055555555555,150.1611111111111,300.3222222222222
db9c2aaa-img-480.jpg,major_pothole,0.1011356041662719,0.3511997114043138,0.5476646844294142,0.5476646844294142,0.4523353155705858,2.446529080263142,HIGH,schedule inspection and maintenance planning,46,6,276,0.1022222222222222,0.02,0.0020444444444444,7.666666666666667,5.6240175061873385,False,150.30666666666664,300.6133333333333,601.2266666666666
db9c2aaa-img-480.jpg,medium_pothole,0.2272374185224283,0.654479178100252,0.1182834033773198,0.654479178100252,0.345520821899748,1.891045984854892,MEDIUM,schedule inspection and maintenance planning,38,23,874,0.0844444444444444,0.0766666666666666,0.006474074074074,1.6521739130434785,6.774223886357614,False,75.48555555555555,150.9711111111111,301.9422222222222
1e952089-img-481.jpg,major_pothole,0.0326253656389642,0.1954348011348296,0.7719398332262061,0.7719398332262061,0.2280601667737939,2.739314467587242,CRITICAL,prioritize inspection/maintenance review,342,67,22914,0.6416510318949343,0.2233333333333333,0.1433020637898686,5.104477611940299,10.039546996943224,False,171.49530956848028,342.99061913696056,685.9812382739211
1e952089-img-481.jpg,major_pothole,0.0698560560613952,0.1886341165476765,0.7415098273909285,0.7415098273909285,0.2584901726090715,2.671653771329534,CRITICAL,prioritize inspection/maintenance review,228,37,8436,0.4277673545966229,0.1233333333333333,0.0527579737335834,6.162162162162162,9.040382074165628,False,157.91369606003752,315.82739212007505,631.6547842401501
img-482.jpg,medium_pothole,0.1053494494615805,0.6269633039743043,0.267687246564115,0.6269633039743043,0.3730366960256956,2.162337797102534,HIGH,schedule inspection and maintenance planning,61,13,793,0.1068301225919439,0.0433333333333333,0.0046293053123175,4.6923076923076925,6.677083461247136,False,75.3471978984238,150.6943957968476,301.3887915936952
img-482.jpg,medium_pothole,0.0939694863203619,0.7720208951276595,0.1340096185519786,0.7720208951276595,0.2279791048723405,2.0400401322316166,HIGH,schedule inspection and maintenance planning,173,15,2595,0.3029772329246935,0.05,0.0151488616462346,11.533333333333331,7.86172707782398,False,76.1361646234676,152.2723292469352,304.5446584938704
img-482.jpg,major_pothole,0.0602373137882323,0.2054316976346407,0.7343309885771271,0.7343309885771271,0.2656690114228729,2.6740936747888946,CRITICAL,prioritize inspection/maintenance review,251,46,11546,0.4395796847635727,0.1533333333333333,0.0674022183304144,5.456521739130435,9.354180941951856,False,160.11033274956216,320.2206654991243,640.4413309982486
img-482.jpg,major_pothole,0.031038789578557,0.1727834217646617,0.7961777886567812,0.7961777886567812,0.2038222113432187,2.765138999078224,CRITICAL,prioritize inspection/maintenance review,408,93,37944,0.7145359019264448,0.31,0.2215061295971979,4.387096774193548,10.543893021838011,False,183.22591943957968,366.45183887915937,732.9036777583187
img-483.jpg,major_pothole,0.0825358982101716,0.158094059869761,0.7593700419200676,0.7593700419200676,0.2406299580799323,2.6768341437098964,CRITICAL,prioritize inspection/maintenance review,233,233,54289,0.5825,0.7766666666666666,0.4524083333333333,1.0,10.902095326899495,False,217.86124999999998,435.72249999999997,871.4449999999999
img-484.jpg,major_pothole,0.0823017635701471,0.2878635862211296,0.629834650208723,0.629834650208723,0.370165349791277,2.547532886638576,HIGH,prioritize inspection/maintenance review,72,10,720,0.16,0.0333333333333333,0.0053333333333333,7.2,6.580639137284949,False,150.79999999999998,301.59999999999997,603.1999999999999
img-484.jpg,medium_pothole,0.1927760856895952,0.6518712526934671,0.1553526616169375,0.6518712526934671,0.3481287473065328,1.962576575927342,MEDIUM,schedule inspection and maintenance planning,31,11,341,0.0688888888888888,0.0366666666666666,0.0025259259259259,2.8181818181818183,5.834810737062605,False,75.18944444444443,150.37888888888887,300.75777777777773
img-484.jpg,major_pothole,0.043152304349692,0.2230727415756886,0.7337749540746195,0.7337749540746195,0.2662250459253805,2.6906226497249275,CRITICAL,prioritize inspection/maintenance review,143,52,7436,0.3177777777777777,0.1733333333333333,0.0550814814814814,2.75,8.9142228207033,False,158.2622222222222,316.5244444444444,633.0488888888888
img-484.jpg,medium_pothole,0.0908815950076908,0.6138808454096827,0.2952375595826265,0.6138808454096827,0.3861191545903173,2.2043559645749355,HIGH,schedule inspection and maintenance planning,80,28,2240,0.1777777777777777,0.0933333333333333,0.0165925925925925,2.857142857142857,7.714677473800927,False,76.24444444444444,152.48888888888888,304.97777777777776
img-484.jpg,major_pothole,0.0404063007845766,0.2034984432062169,0.7560952560092066,0.7560952560092066,0.2439047439907934,2.71568895522463,CRITICAL,prioritize inspection/maintenance review,357,118,42126,0.7933333333333333,0.3933333333333333,0.3120444444444444,3.02542372881356,10.648444144272435,False,196.80666666666664,393.6133333333333,787.2266666666666
img-485.jpg,major_pothole,0.0405896103877075,0.207240017160697,0.7521703724515956,0.7521703724515956,0.2478296275484044,2.7115807620638885,CRITICAL,prioritize inspection/maintenance review,387,127,49149,0.7247191011235955,0.4233333333333333,0.3067977528089887,3.047244094488189,10.802632125575313,False,196.0196629213483,392.0393258426966,784.0786516853932
img-486.jpg,major_pothole,0.0397114261959381,0.3254298494762637,0.6348587243277978,0.6348587243277978,0.3651412756722022,2.595147298131859,HIGH,prioritize inspection/maintenance review,118,36,4248,0.295,0.12,0.0354,3.2777777777777777,8.354438940114811,False,155.31,310.62,621.24
img-486.jpg,major_pothole,0.0486962796458728,0.4348331032196673,0.5164706171344602,0.5164706171344602,0.4835293828655398,2.467774337488588,HIGH,schedule inspection and maintenance planning,104,33,3432,0.26,0.11,0.0286,3.1515151515151514,8.141189793457691,False,154.29,308.58,617.16
img-486.jpg,medium_pothole,0.0980504911323364,0.6459380892373981,0.2560114196302656,0.6459380892373981,0.3540619107626018,2.1579609284979293,HIGH,schedule inspection and maintenance planning,69,32,2208,0.1725,0.1066666666666666,0.0184,2.15625,7.700295203420117,False,76.38,152.76,305.52
img-486.jpg,medium_pothole,0.0771427491066594,0.6081755662925112,0.3146816846008293,0.6081755662925112,0.3918244337074887,2.237538935494169,HIGH,schedule inspection and maintenance planning,79,31,2449,0.1975,0.1033333333333333,0.0204083333333333,2.548387096774193,7.803843303538772,False,76.530625,153.06125,306.1225
img-486.jpg,major_pothole,0.0439722609520713,0.2713386564479889,0.6846890825999397,0.6846890825999397,0.3153109174000603,2.640716821647868,CRITICAL,prioritize inspection/maintenance review,124,66,8184,0.31,0.22,0.0682,1.878787878787879,9.010058489805235,False,160.23000000000002,320.46000000000004,640.9200000000001
img-486.jpg,medium_pothole,0.0868470285437902,0.6396677270026221,0.2734852444535877,0.6396677270026221,0.3603322729973779,2.186638215909797,HIGH,schedule inspection and maintenance planning,53,11,583,0.1325,0.0366666666666666,0.0048583333333333,4.818181818181818,6.369900982828227,False,75.36437500000001,150.72875000000002,301.45750000000004
img-487.jpg,major_pothole,0.0663982459155818,0.2056579107115903,0.7279438433728275,0.7279438433728275,0.2720561566271725,2.661545597457245,CRITICAL,prioritize inspection/maintenance review,174,41,7134,0.3264540337711069,0.1366666666666666,0.0446153846153846,4.243902439024391,8.872767529910936,False,156.69230769230768,313.38461538461536,626.7692307692307
img-487.jpg,major_pothole,0.0461067357732716,0.2114281950294741,0.7424650691972539,0.7424650691972539,0.2575349308027461,2.6963583334239813,CRITICAL,prioritize inspection/maintenance review,383,136,52088,0.7185741088180112,0.4533333333333333,0.3257535959974984,2.8161764705882355,10.860709073012249,False,198.86303939962477,397.72607879924954,795.4521575984991
img-488.jpg,medium_pothole,0.2214475588625523,0.6904494811538165,0.0881029599836311,0.6904494811538165,0.3095505188461834,1.8666554011210788,MEDIUM,schedule inspection and maintenance planning,28,23,644,0.07,0.0766666666666666,0.0053666666666666,1.2173913043478262,6.4692503167957724,False,75.40249999999999,150.80499999999998,301.60999999999996
img-488.jpg,major_pothole,0.0470836077001676,0.1661352790861298,0.7867811132137024,0.7867811132137024,0.2132188867862976,2.739697505513534,CRITICAL,prioritize inspection/maintenance review,207,54,11178,0.5175,0.18,0.09315,3.8333333333333335,9.321792297270326,False,163.9725,327.945,655.89
img-489.jpg,major_pothole,0.0220692498107043,0.1655669793985327,0.8123637707907628,0.8123637707907628,0.1876362292092371,2.790294520980058,CRITICAL,prioritize inspection/maintenance review,178,145,25810,0.5933333333333334,0.4833333333333333,0.2867777777777778,1.2275862068965515,10.158556036634712,False,193.01666666666668,386.03333333333336,772.0666666666667
img-489.jpg,medium_pothole,0.0657014864891814,0.6654462977042633,0.2688522158065554,0.6654462977042633,0.3345537022957366,2.2031507293173744,HIGH,schedule inspection and maintenance planning,65,36,2340,0.2166666666666666,0.12,0.026,1.805555555555556,7.75833346749091,False,76.95,153.9,307.8
img-49.jpg,medium_pothole,0.1173584147346856,0.6708701002710682,0.2117714849942461,0.6708701002710682,0.3291298997289318,2.0944130702595603,HIGH,schedule inspection and maintenance planning,252,222,55944,0.35,0.3083333333333333,0.1079166666666666,1.135135135135135,10.93212434424182,False,83.09375,166.1875,332.375
img-49.jpg,minor_pothole,0.4783513341746636,0.426311490583237,0.0953371752420993,0.4783513341746636,0.5216486658253364,1.6169858410674354,MEDIUM,schedule inspection and maintenance planning,147,73,10731,0.2041666666666666,0.1013888888888888,0.0207002314814814,2.0136986301369864,9.280985211545516,False,51.035011574074076,102.07002314814815,204.1400462962963
img-490.jpg,major_pothole,0.0665418537235319,0.3960437874537355,0.5374143588227325,0.5374143588227325,0.4625856411772675,2.4708725050992,HIGH,schedule inspection and maintenance planning,123,36,4428,0.2307692307692307,0.12,0.0276923076923076,3.4166666666666665,8.395929103923198,False,154.15384615384616,308.3076923076923,616.6153846153846
img-490.jpg,major_pothole,0.1185502884386165,0.230674554838498,0.6507751567228853,0.6507751567228853,0.3492248432771146,2.5322248682842687,HIGH,prioritize inspection/maintenance review,157,20,3140,0.2945590994371482,0.0666666666666666,0.0196372732958098,7.85,8.052296499538647,False,152.94559099437149,305.89118198874297,611.7823639774859
img-490.jpg,medium_pothole,0.0881724339536076,0.5415390447812997,0.3702885212650929,0.5415390447812997,0.4584609552187003,2.2821160873114854,HIGH,schedule inspection and maintenance planning,99,28,2772,0.1857410881801125,0.0933333333333333,0.0173358348968105,3.5357142857142856,7.927685045615778,False,76.30018761726079,152.60037523452158,305.20075046904316
img-490.jpg,major_pothole,0.0710134684198966,0.2677824211265398,0.6612041104535636,0.6612041104535636,0.3387958895464363,2.590190642033667,HIGH,prioritize inspection/maintenance review,467,125,58375,0.8761726078799249,0.4166666666666667,0.3650719199499687,3.736,10.974660125445457,False,204.7607879924953,409.5215759849906,819.0431519699812
img-491.jpg,major_pothole,0.0639978616319703,0.1688382058078859,0.7671639325601438,0.7671639325601438,0.2328360674398562,2.703166070928173,CRITICAL,prioritize inspection/maintenance review,203,62,12586,0.4229166666666666,0.2066666666666666,0.0874027777777777,3.274193548387097,9.440419814291506,False,163.11041666666665,326.2208333333333,652.4416666666666
img-491.jpg,major_pothole,0.0578487333794643,0.2106140736824782,0.7315371929380573,0.7315371929380573,0.2684628070619427,2.6736884595585924,CRITICAL,prioritize inspection/maintenance review,150,71,10650,0.3125,0.2366666666666666,0.0739583333333333,2.112676056338028,9.273409063443166,False,161.09375,322.1875,644.375
img-492.jpg,major_pothole,0.0512319138039137,0.4018605226133461,0.5469075635827402,0.5469075635827402,0.4530924364172598,2.4956756497788266,HIGH,schedule inspection and maintenance planning,106,38,4028,0.3533333333333333,0.095,0.0335666666666666,2.789473684210526,8.301273485191347,False,155.03499999999997,310.06999999999994,620.1399999999999
img-492.jpg,medium_pothole,0.2008381959242384,0.6467748440150286,0.1523869600607329,0.6467748440150286,0.3532251559849714,1.9515487641364944,MEDIUM,schedule inspection and maintenance planning,41,17,697,0.1366666666666666,0.0425,0.0058083333333333,2.411764705882353,6.548219102762372,False,75.43562499999999,150.87124999999997,301.74249999999995
img-492.jpg,medium_pothole,0.0867678575621015,0.6147004484074728,0.2985316940304258,0.6147004484074728,0.3852995515925271,2.2117638364683243,HIGH,schedule inspection and maintenance planning,68,16,1088,0.2266666666666666,0.04,0.0090666666666666,4.25,6.9930151229329605,False,75.67999999999999,151.35999999999999,302.71999999999997
img-492.jpg,medium_pothole,0.252781012103006,0.6290591687006458,0.1181598191963485,0.6290591687006458,0.3709408312993542,1.8653788070933432,MEDIUM,schedule inspection and maintenance planning,39,22,858,0.13,0.055,0.00715,1.7727272727272727,6.755768921984255,False,75.53625,151.0725,302.145
img-492.jpg,major_pothole,0.072471466749706,0.162941210831598,0.7645873224186958,0.7645873224186958,0.2354126775813042,2.6921158556689893,CRITICAL,prioritize inspection/maintenance review,275,186,51150,0.9166666666666666,0.465,0.42625,1.478494623655914,10.8425373215308,False,213.9375,427.875,855.75
img-493.jpg,medium_pothole,0.2564195948655614,0.6566490436545221,0.0869313614799166,0.6566490436545221,0.3433509563454778,1.830511766614356,MEDIUM,schedule inspection and maintenance planning,26,16,416,0.0866666666666666,0.04,0.0034666666666666,1.625,6.0330862217988015,False,75.25999999999999,150.51999999999998,301.03999999999996
img-493.jpg,medium_pothole,0.2425374557559918,0.6720508767083457,0.0854116675356625,0.6720508767083457,0.3279491232916542,1.8428742117796708,MEDIUM,schedule inspection and maintenance planning,18,11,198,0.06,0.0275,0.00165,1.6363636363636365,5.293304824724492,False,75.12375,150.2475,300.495
img-493.jpg,medium_pothole,0.2483271870355764,0.668277215157412,0.0833955978070115,0.668277215157412,0.331722784842588,1.8350684107714348,MEDIUM,schedule inspection and maintenance planning,20,13,260,0.0666666666666666,0.0325,0.0021666666666666,1.5384615384615383,5.564520407322694,False,75.1625,150.325,300.65
img-493.jpg,medium_pothole,0.2588098626571142,0.6521208502109942,0.0890692871318916,0.6521208502109942,0.3478791497890058,1.8302594244747767,MEDIUM,schedule inspection and maintenance planning,28,17,476,0.0933333333333333,0.0425,0.0039666666666666,1.6470588235294117,6.1675164908883415,False,75.2975,150.595,301.19
img-493.jpg,medium_pothole,0.1532174362800563,0.6433470224460721,0.2034355412738714,0.6433470224460721,0.3566529775539279,2.050218104993814,HIGH,schedule inspection and maintenance planning,64,55,3520,0.2133333333333333,0.1375,0.0293333333333333,1.1636363636363636,8.166500319155052,False,77.19999999999999,154.39999999999998,308.79999999999995
img-493.jpg,medium_pothole,0.2741287999193491,0.6569186276011019,0.0689525724795491,0.6569186276011019,0.3430813723988981,1.7948237725602,MEDIUM,schedule inspection and maintenance planning,16,20,320,0.0533333333333333,0.05,0.0026666666666666,0.8,5.771441123130016,False,75.19999999999999,150.39999999999998,300.79999999999995
img-493.jpg,medium_pothole,0.2779524514219415,0.6536806043571586,0.0683669442208999,0.6536806043571586,0.3463193956428414,1.7904144927989585,MEDIUM,schedule inspection and maintenance planning,17,21,357,0.0566666666666666,0.0525,0.002975,0.8095238095238095,5.8805329864007,False,75.223125,150.44625,300.8925
img-493.jpg,medium_pothole,0.2450312910889865,0.6701027337213358,0.0848659751896776,0.6701027337213358,0.3298972662786642,1.8398346841006907,MEDIUM,schedule inspection and maintenance planning,15,9,135,0.05,0.0225,0.001125,1.6666666666666667,4.912654885736052,False,75.08437500000001,150.16875000000002,300.33750000000003
img-493.jpg,medium_pothole,0.1559695738548132,0.6687214040997252,0.1753090220454613,0.6687214040997252,0.3312785959002747,2.019339448190648,HIGH,schedule inspection and maintenance planning,44,15,660,0.1466666666666666,0.0375,0.0055,2.933333333333333,6.493753839851686,False,75.41250000000001,150.82500000000002,301.65000000000003
img-493.jpg,medium_pothole,0.2538833065862154,0.6672172887382597,0.0788994046755249,0.6672172887382597,0.3327827112617403,1.825016098089309,MEDIUM,schedule inspection and maintenance planning,13,10,130,0.0433333333333333,0.025,0.0010833333333333,1.3,4.875197323201151,False,75.08125,150.1625,300.325
img-493.jpg,medium_pothole,0.2533860752139196,0.6655958105994967,0.0810181141865833,0.6655958105994967,0.3344041894005033,1.827632038972663,MEDIUM,schedule inspection and maintenance planning,13,9,117,0.0433333333333333,0.0225,0.000975,1.4444444444444444,4.770684624465665,False,75.07312499999999,150.14624999999998,300.29249999999996
img-493.jpg,medium_pothole,0.2248770756213404,0.6665649742888088,0.1085579500898509,0.6665649742888088,0.3334350257111912,1.8836808744685103,MEDIUM,schedule inspection and maintenance planning,23,10,230,0.0766666666666666,0.025,0.0019166666666666,2.3,5.442417710521793,False,75.14375,150.2875,300.575
img-493.jpg,medium_pothole,0.2298657821064499,0.6594572340736307,0.1106769838199194,0.6594572340736307,0.3405427659263693,1.8808112017134693,MEDIUM,schedule inspection and maintenance planning,18,7,126,0.06,0.0175,0.00105,2.571428571428572,4.844187086458591,False,75.07875,150.1575,300.315
img-493.jpg,medium_pothole,0.240412879635743,0.6718978921356119,0.087689228228645,0.6718978921356119,0.3281021078643881,1.8472763485929016,MEDIUM,schedule inspection and maintenance planning,19,11,209,0.0633333333333333,0.0275,0.0017416666666666,1.7272727272727273,5.3471075307174685,False,75.130625,150.26125,300.5225
img-493.jpg,medium_pothole,0.2582674354149963,0.6648805208811759,0.0768520437038277,0.6648805208811759,0.3351194791188241,1.818584608288831,MEDIUM,schedule inspection and maintenance planning,12,10,120,0.04,0.025,0.001,1.2,4.795790545596741,False,75.07499999999999,150.14999999999998,300.29999999999995
img-493.jpg,medium_pothole,0.310166947030417,0.6115750946148519,0.0782579583547308,0.6115750946148519,0.388424905385148,1.7680910113243131,MEDIUM,schedule inspection and maintenance planning,35,47,1645,0.1166666666666666,0.1175,0.0137083333333333,0.7446808510638298,7.406103381237015,False,76.02812499999999,152.05624999999998,304.11249999999995
img-494.jpg,medium_pothole,0.1868434763179366,0.6570825886282828,0.1560739350537804,0.6570825886282828,0.3429174113717171,1.969230458735844,MEDIUM,schedule inspection and maintenance planning,45,24,1080,0.1125,0.08,0.009,1.875,6.985641817639208,False,75.675,151.35,302.7
img-494.jpg,medium_pothole,0.2203051069701702,0.6946081154232971,0.0850867776065327,0.6946081154232971,0.3053918845767028,1.864781670636363,MEDIUM,schedule inspection and maintenance planning,29,27,783,0.0725,0.09,0.006525,1.0740740740740742,6.664409020350408,False,75.489375,150.97875,301.9575
img-494.jpg,major_pothole,0.0192959234798645,0.2036321438785925,0.7770719326415427,0.7770719326415427,0.2229280673584572,2.7577760091616774,CRITICAL,prioritize inspection/maintenance review,197,154,30338,0.4925,0.5133333333333333,0.2528166666666667,1.2792207792207793,10.32018929257028,False,187.9225,375.845,751.69
img-494.jpg,medium_pothole,0.1929869170991693,0.6586393745882122,0.1483737083126185,0.6586393745882122,0.3413606254117878,1.9553867912134493,MEDIUM,schedule inspection and maintenance planning,41,20,820,0.1025,0.0666666666666666,0.0068333333333333,2.05,6.710523109452428,False,75.51249999999999,151.02499999999998,302.04999999999995
img-495.jpg,major_pothole,0.0715571876026661,0.0938814793616581,0.8345613330356758,0.8345613330356758,0.1654386669643242,2.7630041454330097,CRITICAL,prioritize inspection/maintenance review,408,241,98328,0.75,0.8033333333333333,0.6025,1.6929460580912865,11.496074277886224,False,240.375,480.75,961.5
img-496.jpg,major_pothole,0.0934985597752727,0.1147698351696236,0.7917316050551035,0.7917316050551035,0.2082683949448964,2.6982330452798307,CRITICAL,prioritize inspection/maintenance review,464,194,90016,0.9978494623655914,0.6466666666666666,0.6452759856630824,2.391752577319588,11.40775382036403,False,246.79139784946238,493.58279569892477,987.1655913978495
img-497.jpg,major_pothole,0.0637073316276759,0.1917150475260986,0.7445776208462255,0.7445776208462255,0.2554223791537745,2.6808702892185496,CRITICAL,prioritize inspection/maintenance review,245,209,51205,0.5444444444444444,0.6966666666666667,0.3792962962962963,1.1722488038277512,10.84361199166168,False,206.89444444444445,413.7888888888889,827.5777777777778
img-498.jpg,major_pothole,0.0550875789691698,0.4193371618357999,0.5255752591950302,0.5255752591950302,0.4744247408049697,2.4704876802258604,HIGH,schedule inspection and maintenance planning,111,37,4107,0.2450331125827814,0.1233333333333333,0.0302207505518763,3.0,8.32069157104845,False,154.53311258278146,309.0662251655629,618.1324503311258
img-498.jpg,medium_pothole,0.2086370117171024,0.6420520816955655,0.1493109065873319,0.6420520816955655,0.3579479183044345,1.940673894870229,MEDIUM,schedule inspection and maintenance planning,43,21,903,0.0949227373068432,0.07,0.006644591611479,2.0476190476190474,6.806829360392176,False,75.49834437086092,150.99668874172184,301.9933774834437
img-498.jpg,medium_pothole,0.1862454662234046,0.6482910750179746,0.165463458758621,0.6482910750179746,0.3517089249820254,1.979217992535217,MEDIUM,schedule inspection and maintenance planning,38,14,532,0.0838852097130242,0.0466666666666666,0.0039146431199411,2.7142857142857144,6.278521424165844,False,75.29359823399558,150.58719646799116,301.1743929359823
img-498.jpg,medium_pothole,0.1489350996293789,0.6597432144989157,0.1913216858717055,0.6597432144989157,0.3402567855010843,2.0423865862423267,HIGH,schedule inspection and maintenance planning,46,15,690,0.1015452538631346,0.05,0.0050772626931567,3.066666666666667,6.53813982376767,False,75.38079470198676,150.76158940397352,301.52317880794703
img-498.jpg,medium_pothole,0.1268918557746517,0.6680296864668183,0.2050784577585299,0.6680296864668183,0.3319703135331817,2.078186601983878,HIGH,schedule inspection and maintenance planning,36,9,324,0.0794701986754966,0.03,0.0023841059602649,4.0,5.783825182329737,False,75.17880794701988,150.35761589403975,300.7152317880795
img-499.jpg,major_pothole,0.0330912530278092,0.1943623160611957,0.7725464309109953,0.7725464309109953,0.2274535690890047,2.739455177883187,CRITICAL,prioritize inspection/maintenance review,237,113,26781,0.5925,0.3766666666666666,0.223175,2.0973451327433628,10.19548529905551,False,183.47625,366.9525,733.905
img-5.jpg,medium_pothole,0.1031606441610869,0.7273525064344553,0.1694868494044577,0.7273525064344553,0.2726474935655447,2.066326205243371,HIGH,schedule inspection and maintenance planning,295,97,28615,0.4097222222222222,0.1347222222222222,0.0551986882716049,3.0412371134020617,10.261721280938854,False,79.13990162037037,158.27980324074073,316.55960648148147
img-5.jpg,minor_pothole,0.740700417644137,0.1971988986037949,0.0621006837520678,0.740700417644137,0.259299582355863,1.32140026610793,LOW,monitor and include in routine maintenance review,87,54,4698,0.1208333333333333,0.075,0.0090625,1.6111111111111112,8.455104999102815,False,50.453125,100.90625,201.8125
img-50.jpg,minor_pothole,0.5939281248216858,0.3226425231124602,0.083429352065854,0.5939281248216858,0.4060718751783142,1.489501227244168,MEDIUM,monitor and include in routine maintenance review,118,72,8496,0.1638888888888889,0.1,0.0163888888888888,1.6388888888888888,9.04746843900354,False,50.81944444444444,101.63888888888889,203.27777777777777
img-500.jpg,major_pothole,0.054673728990965,0.3125357499329919,0.632790521076043,0.632790521076043,0.3672094789239569,2.578116792085078,HIGH,prioritize inspection/maintenance review,128,49,6272,0.4266666666666667,0.1086474501108647,0.0463562453806356,2.6122448979591835,8.744009988096744,False,156.95343680709536,313.9068736141907,627.8137472283814
img-500.jpg,medium_pothole,0.1471673507073041,0.6116167955154611,0.2412158537772347,0.6116167955154611,0.3883832044845389,2.0940485030699305,HIGH,schedule inspection and maintenance planning,76,61,4636,0.2533333333333333,0.1352549889135255,0.0342645971914264,1.2459016393442623,8.441822884391462,False,77.56984478935698,155.13968957871396,310.2793791574279
img-501.jpg,major_pothole,0.0466064947040444,0.3311252249657391,0.6222682803302162,0.6222682803302162,0.3777317196697838,2.5756617856261714,HIGH,prioritize inspection/maintenance review,123,41,5043,0.2733333333333333,0.1366666666666666,0.0373555555555555,3.0,8.52595469708481,False,155.60333333333332,311.20666666666665,622.4133333333333
img-501.jpg,medium_pothole,0.1323579717600775,0.6606652879437889,0.2069767402961336,0.6606652879437889,0.3393347120562111,2.074618768536056,HIGH,schedule inspection and maintenance planning,56,19,1064,0.1244444444444444,0.0633333333333333,0.0078814814814814,2.9473684210526314,6.970730078143525,False,75.5911111111111,151.1822222222222,302.3644444444444
img-501.jpg,major_pothole,0.0549116787432785,0.1635068576084203,0.781581463648301,0.781581463648301,0.218418536351699,2.7266697849050217,CRITICAL,prioritize inspection/maintenance review,175,36,6300,0.3888888888888889,0.12,0.0466666666666666,4.861111111111111,8.748463629942055,False,157.0,314.0,628.0
img-502.jpg,medium_pothole,0.1167848759626757,0.6610965760194337,0.2221185480178909,0.6610965760194337,0.3389034239805663,2.105333672055216,HIGH,schedule inspection and maintenance planning,62,20,1240,0.1377777777777777,0.0666666666666666,0.0091851851851851,3.1,7.123672785204607,False,75.68888888888888,151.37777777777777,302.75555555555553
img-502.jpg,medium_pothole,0.1994701461456809,0.6403281266094168,0.1602017272449023,0.6403281266094168,0.3596718733905831,1.9607315810992207,MEDIUM,schedule inspection and maintenance planning,47,24,1128,0.1044444444444444,0.08,0.0083555555555555,1.9583333333333333,7.029087564149662,False,75.62666666666667,151.25333333333333,302.50666666666666
img-502.jpg,medium_pothole,0.1343325244202733,0.6556483594044891,0.2100191161752376,0.6556483594044891,0.3443516405955109,2.0756865917549643,HIGH,schedule inspection and maintenance planning,58,21,1218,0.1288888888888889,0.07,0.0090222222222222,2.761904761904762,7.105786129481271,False,75.67666666666668,151.35333333333335,302.7066666666667
img-502.jpg,major_pothole,0.0477123782938585,0.2190103596547616,0.7332772620513799,0.7332772620513799,0.2667227379486201,2.6855648837575217,CRITICAL,prioritize inspection/maintenance review,148,36,5328,0.3288888888888889,0.12,0.0394666666666666,4.111111111111111,8.580918882296782,False,155.92,311.84,623.68
img-502.jpg,major_pothole,0.0494015155250593,0.1618251431768213,0.7887733412981194,0.7887733412981194,0.2112266587018806,2.73937182577306,CRITICAL,prioritize inspection/maintenance review,180,45,8100,0.4,0.15,0.06,4.0,8.999742789830492,False,159.0,318.0,636.0
img-502.jpg,major_pothole,0.0273063444116698,0.2077877172544932,0.7649059383338371,0.7649059383338371,0.2350940616661628,2.737599593922168,CRITICAL,prioritize inspection/maintenance review,283,128,36224,0.6288888888888889,0.4266666666666667,0.2683259259259259,2.2109375,10.497504767188882,False,190.24888888888887,380.49777777777774,760.9955555555555
img-503.jpg,major_pothole,0.070852861836794,0.2037761821754841,0.7253709559877218,0.7253709559877218,0.2746290440122781,2.654518094150928,CRITICAL,prioritize inspection/maintenance review,448,149,66752,0.7466666666666667,0.4966666666666666,0.3708444444444444,3.0067114093959733,11.108754519072775,False,205.62666666666664,411.2533333333333,822.5066666666665
img-504.jpg,medium_pothole,0.1988720720298759,0.6369536765848817,0.1641742513852425,0.6369536765848817,0.3630463234151183,1.9653021793553669,MEDIUM,schedule inspection and maintenance planning,49,26,1274,0.1065217391304347,0.0866666666666666,0.009231884057971,1.8846153846153848,7.150701457592526,False,75.69239130434782,151.38478260869564,302.7695652173913
img-504.jpg,medium_pothole,0.0686581428200065,0.4989334364087635,0.4324084207712301,0.4989334364087635,0.5010665635912366,2.363750277951224,HIGH,schedule inspection and maintenance planning,95,56,5320,0.2065217391304347,0.1866666666666666,0.0385507246376811,1.6964285714285714,8.579416534596369,False,77.89130434782608,155.78260869565216,311.5652173913043
img-504.jpg,major_pothole,0.0341478566313882,0.2093604950656149,0.7564916483029965,0.7564916483029965,0.2435083516970034,2.722343791671608,CRITICAL,prioritize inspection/maintenance review,274,105,28770,0.5956521739130435,0.35,0.2084782608695652,2.6095238095238096,10.267123214370452,False,181.27173913043478,362.54347826086956,725.0869565217391
img-505.jpg,major_pothole,0.0753226342273283,0.1900265742923599,0.7346507914803118,0.7346507914803118,0.2653492085196882,2.6593281572529834,CRITICAL,prioritize inspection/maintenance review,171,71,12141,0.2994746059544658,0.2366666666666666,0.0708756567425569,2.408450704225352,9.40442579569038,False,160.63134851138352,321.26269702276704,642.5253940455341
img-506.jpg,major_pothole,0.0299576655356082,0.2063663056014681,0.7636760288629234,0.7636760288629234,0.2363239711370766,2.733718363327315,CRITICAL,prioritize inspection/maintenance review,256,122,31232,0.4923076923076923,0.4066666666666667,0.2002051282051282,2.098360655737705,10.349230507142863,False,180.03076923076924,360.0615384615385,720.123076923077
img-507.jpg,major_pothole,0.0501138878446115,0.3976118241736873,0.5522742879817011,0.5522742879817011,0.4477257120182989,2.5021604001370896,HIGH,prioritize inspection/maintenance review,101,23,2323,0.2707774798927614,0.0766666666666666,0.0207596067917783,4.391304347826087,7.751045117971802,False,153.11394101876675,306.2278820375335,612.455764075067
img-507.jpg,major_pothole,0.0414089221093798,0.1390544067486302,0.81953667114199,0.81953667114199,0.1804633288580099,2.7781277490326097,CRITICAL,prioritize inspection/maintenance review,201,38,7638,0.5388739946380697,0.1266666666666666,0.0682573726541554,5.289473684210527,8.94102198354136,False,160.2386058981233,320.4772117962466,640.9544235924932
img-507.jpg,major_pothole,0.0729855726249416,0.4261800690282812,0.5008343583467773,0.5008343583467773,0.4991656416532227,2.427848785721836,HIGH,schedule inspection and maintenance planning,57,9,513,0.1528150134048257,0.03,0.0045844504021447,6.333333333333333,6.2422232654551655,False,150.6876675603217,301.3753351206434,602.7506702412868
img-507.jpg,major_pothole,0.0400881752959815,0.3134941852204972,0.6464176394835214,0.6464176394835214,0.3535823605164786,2.60632946418754,CRITICAL,prioritize inspection/maintenance review,114,28,3192,0.3056300268096514,0.0933333333333333,0.0285254691689008,4.071428571428571,8.068716192714781,False,154.2788203753351,308.5576407506702,617.1152815013404
img-507.jpg,major_pothole,0.0732493574751566,0.1371266659589886,0.7896239765658548,0.7896239765658548,0.2103760234341452,2.7163746190906988,CRITICAL,prioritize inspection/maintenance review,129,19,2451,0.3458445040214477,0.0633333333333333,0.0219034852546916,6.789473684210527,7.804659297056102,False,153.28552278820374,306.57104557640747,613.1420911528149
img-507.jpg,major_pothole,0.0823757201427865,0.1339438712829718,0.7836804085742416,0.7836804085742416,0.2163195914257584,2.701304688431455,CRITICAL,prioritize inspection/maintenance review,135,18,2430,0.3619302949061662,0.06,0.0217158176943699,7.5,7.796057974316123,False,153.2573726541555,306.514745308311,613.029490616622
img-507.jpg,major_pothole,0.0948222233328869,0.3099076808977682,0.5952700957693448,0.5952700957693448,0.4047299042306552,2.5004478724364576,HIGH,prioritize inspection/maintenance review,112,12,1344,0.3002680965147453,0.04,0.0120107238605898,9.333333333333334,7.20414929203594,False,151.80160857908845,303.6032171581769,607.2064343163538
img-508.jpg,major_pothole,0.0614381547156189,0.3625525208902258,0.5760093243941551,0.5760093243941551,0.4239906756058449,2.514571169678536,HIGH,prioritize inspection/maintenance review,126,42,5292,0.2363977485928705,0.14,0.0330956848030018,3.0,8.574140471857987,False,154.96435272045025,309.9287054409005,619.857410881801
img-508.jpg,medium_pothole,0.0904361379242727,0.5471956354176726,0.3623682266580548,0.5471956354176726,0.4528043645823274,2.271932088733782,HIGH,schedule inspection and maintenance planning,96,23,2208,0.1801125703564728,0.0766666666666666,0.0138086303939962,4.173913043478261,7.700295203420117,False,76.0356472795497,152.0712945590994,304.1425891181988
img-508.jpg,major_pothole,0.0605762336037173,0.3544217839392533,0.5850019824570294,0.5850019824570294,0.4149980175429706,2.524425748853312,HIGH,prioritize inspection/maintenance review,127,43,5461,0.2382739212007504,0.1433333333333333,0.0341525953721075,2.953488372093023,8.60557030203365,False,155.12288930581613,310.24577861163226,620.4915572232645
img-508.jpg,medium_pothole,0.0919591964219576,0.5450026421913565,0.3630381613866859,0.5450026421913565,0.4549973578086435,2.2710789649647283,HIGH,schedule inspection and maintenance planning,93,41,3813,0.174484052532833,0.1366666666666666,0.0238461538461538,2.268292682926829,8.246433786160365,False,76.78846153846153,153.57692307692307,307.15384615384613
img-508.jpg,medium_pothole,0.0753408697679461,0.473970395097637,0.4506887351344168,0.473970395097637,0.526029604902363,2.3753478653664706,HIGH,schedule inspection and maintenance planning,107,40,4280,0.2007504690431519,0.1333333333333333,0.0267667292057535,2.675,8.361941906144946,False,77.0075046904315,154.015009380863,308.030018761726
img-508.jpg,major_pothole,0.0749612353327757,0.2004524938934731,0.7245862707737507,0.7245862707737507,0.2754137292262493,2.649625035440974,CRITICAL,prioritize inspection/maintenance review,162,85,13770,0.3039399624765478,0.2833333333333333,0.0861163227016885,1.9058823529411764,9.530320210727126,False,162.91744840525328,325.83489681050656,651.6697936210131
img-508.jpg,major_pothole,0.0789222894432263,0.1848852790938957,0.736192431462878,0.736192431462878,0.2638075685371219,2.657270142019652,CRITICAL,prioritize inspection/maintenance review,204,90,18360,0.3827392120075047,0.3,0.1148217636022514,2.2666666666666666,9.817984128922188,False,167.22326454033774,334.4465290806755,668.893058161351
img-508.jpg,medium_pothole,0.1138512190901812,0.6188991411478583,0.2672496397619604,0.6188991411478583,0.3811008588521417,2.153398420671779,HIGH,schedule inspection and maintenance planning,79,25,1975,0.148217636022514,0.0833333333333333,0.0123514696685428,3.16,7.588829878307813,False,75.9263602251407,151.8527204502814,303.7054409005628
img-508.jpg,medium_pothole,0.092997510106263,0.5544835736888141,0.3525189162049229,0.5544835736888141,0.4455164263111859,2.25952140609866,HIGH,schedule inspection and maintenance planning,94,34,3196,0.1763602251407129,0.1133333333333333,0.0199874921826141,2.764705882352941,8.069968149059841,False,76.49906191369607,152.99812382739213,305.99624765478427
img-508.jpg,medium_pothole,0.0909093364304336,0.5360529717940332,0.3730376917755332,0.5360529717940332,0.4639470282059668,2.2821283553451,HIGH,schedule inspection and maintenance planning,88,18,1584,0.1651031894934334,0.06,0.009906191369606,4.888888888888889,7.368339686311381,False,75.74296435272045,151.4859287054409,302.9718574108818
img-509.jpg,major_pothole,0.0679455397237053,0.2890937666077633,0.6429606936685313,0.6429606936685313,0.3570393063314687,2.575015153944826,HIGH,prioritize inspection/maintenance review,104,115,11960,0.1951219512195122,0.3833333333333333,0.0747967479674796,0.9043478260869564,9.389406636049465,False,161.21951219512195,322.4390243902439,644.8780487804878
img-509.jpg,major_pothole,0.0661357940390942,0.3396225775322679,0.5942416284286377,0.5942416284286377,0.4057583715713623,2.528105834389543,HIGH,prioritize inspection/maintenance review,118,76,8968,0.2213883677298311,0.2533333333333333,0.0560850531582238,1.5526315789473684,9.101529466118004,False,158.41275797373356,316.8255159474671,633.6510318949342
img-509.jpg,medium_pothole,0.250319168913596,0.6446477665699143,0.1050330645164896,0.6446477665699143,0.3553522334300857,1.8547138956028928,MEDIUM,schedule inspection and maintenance planning,38,28,1064,0.0712945590994371,0.0933333333333333,0.0066541588492808,1.3571428571428572,6.970730078143525,False,75.49906191369605,150.9981238273921,301.9962476547842
img-509.jpg,medium_pothole,0.1490775755829659,0.6192928561004308,0.2316295683166033,0.6192928561004308,0.3807071438995691,2.0825519927336376,HIGH,schedule inspection and maintenance planning,68,29,1972,0.1275797373358349,0.0966666666666666,0.012332707942464,2.3448275862068964,7.587310506022615,False,75.9249530956848,151.8499061913696,303.6998123827392
img-509.jpg,medium_pothole,0.1921796487394308,0.6222859952148667,0.1855343560457022,0.6222859952148667,0.3777140047851333,1.9933547073062707,MEDIUM,schedule inspection and maintenance planning,52,21,1092,0.0975609756097561,0.07,0.0068292682926829,2.4761904761904763,6.996681488176539,False,75.51219512195122,151.02439024390245,302.0487804878049
img-509.jpg,major_pothole,0.0574028895812711,0.2401234954704826,0.7024736149482467,0.7024736149482467,0.2975263850517533,2.6450707253669763,CRITICAL,prioritize inspection/maintenance review,146,60,8760,0.273921200750469,0.2,0.0547842401500938,2.433333333333333,9.078065332666364,False,158.21763602251406,316.4352720450281,632.8705440900562
img-509.jpg,medium_pothole,0.2363170014583883,0.6358135450030382,0.1278694535385737,0.6358135450030382,0.3641864549969618,1.8915524520801856,MEDIUM,schedule inspection and maintenance planning,36,17,612,0.0675422138836773,0.0566666666666666,0.003827392120075,2.117647058823529,6.418364935936212,False,75.28705440900563,150.57410881801127,301.14821763602254
img-509.jpg,medium_pothole,0.23263597920061,0.6545918722603112,0.1127721485390787,0.6545918722603112,0.3454081277396887,1.8801361693384688,MEDIUM,schedule inspection and maintenance planning,27,13,351,0.0506566604127579,0.0433333333333333,0.0021951219512195,2.076923076923077,5.863631175598097,False,75.16463414634147,150.32926829268294,300.6585365853659
img-509.jpg,major_pothole,0.0321682503917865,0.1813952786588156,0.7864364709493978,0.7864364709493978,0.2135635290506021,2.754268220557611,CRITICAL,prioritize inspection/maintenance review,166,139,23074,0.3114446529080675,0.4633333333333333,0.1443026891807379,1.1942446043165469,10.046505059371054,False,171.64540337711068,343.29080675422136,686.5816135084427
img-51.jpg,medium_pothole,0.2808426566536212,0.6175381609164682,0.1016191824299104,0.6175381609164682,0.3824618390835318,1.820776525776289,MEDIUM,schedule inspection and maintenance planning,166,103,17098,0.2305555555555555,0.1430555555555555,0.0329822530864197,1.6116504854368932,9.746775261248594,False,77.47366898148148,154.94733796296296,309.8946759259259
img-51.jpg,minor_pothole,0.4772803590135054,0.4517729933800692,0.0709466476064252,0.4772803590135054,0.5227196409864946,1.5936662885929196,MEDIUM,schedule inspection and maintenance planning,101,106,10706,0.1402777777777777,0.1472222222222222,0.0206520061728395,0.9528301886792452,9.27865301215827,False,51.032600308641975,102.06520061728395,204.1304012345679
img-510.jpg,medium_pothole,0.188053774387556,0.6054834373308183,0.2064627882816257,0.6054834373308183,0.3945165626691816,2.0184090138940696,HIGH,schedule inspection and maintenance planning,62,28,1736,0.1063464837049742,0.0933333333333333,0.0099256718124642,2.2142857142857144,7.459914766241105,False,75.74442538593482,151.48885077186964,302.9777015437393
img-510.jpg,medium_pothole,0.2342213977546681,0.6116719703131811,0.1541066319321506,0.6116719703131811,0.3883280296868189,1.919885234177482,MEDIUM,schedule inspection and maintenance planning,45,20,900,0.0771869639794168,0.0666666666666666,0.0051457975986277,2.25,6.803505257608338,False,75.38593481989709,150.77186963979418,301.54373927958835
img-510.jpg,medium_pothole,0.2268296217089427,0.6194438463863631,0.1537265319046942,0.6194438463863631,0.3805561536136369,1.926896910195752,MEDIUM,schedule inspection and maintenance planning,40,16,640,0.0686106346483705,0.0533333333333333,0.003659233847913,2.5,6.46302945692067,False,75.27444253859346,150.54888507718692,301.09777015437385
img-510.jpg,medium_pothole,0.2221891967354485,0.6186188066925885,0.1591919965719627,0.6186188066925885,0.3813811933074115,1.9370027998365136,MEDIUM,schedule inspection and maintenance planning,41,16,656,0.0703259005145797,0.0533333333333333,0.0037507146941109,2.5625,6.48768401848461,False,75.28130360205832,150.56260720411663,301.12521440823326
img-510.jpg,medium_pothole,0.2459611532843362,0.6198884958342235,0.1341503508814402,0.6198884958342235,0.3801115041657765,1.888189197597104,MEDIUM,schedule inspection and maintenance planning,40,19,760,0.0686106346483705,0.0633333333333333,0.0043453401943967,2.1052631578947367,6.634633357861686,False,75.32590051457976,150.65180102915951,301.30360205831903
img-510.jpg,medium_pothole,0.2586592496300864,0.6304414597438274,0.1108992906260862,0.6304414597438274,0.3695585402561726,1.852240040996,MEDIUM,schedule inspection and maintenance planning,37,22,814,0.0634648370497427,0.0733333333333333,0.0046540880503144,1.681818181818182,6.703188113240863,False,75.34905660377358,150.69811320754715,301.3962264150943
img-510.jpg,medium_pothole,0.1058716476565246,0.5518968062194959,0.3422315461239795,0.5518968062194959,0.4481031937805041,2.2363598984674544,HIGH,schedule inspection and maintenance planning,91,43,3913,0.1560891938250428,0.1433333333333333,0.0223727844482561,2.116279069767442,8.272315147956022,False,76.67795883361921,153.35591766723843,306.71183533447686
img-510.jpg,medium_pothole,0.1840861015967907,0.6144623677453138,0.2014515306578952,0.6144623677453138,0.3855376322546862,2.017365429061104,HIGH,schedule inspection and maintenance planning,62,42,2604,0.1063464837049742,0.14,0.0148885077186963,1.4761904761904765,7.865187954187467,False,76.11663807890221,152.23327615780443,304.46655231560885
img-510.jpg,medium_pothole,0.1042245383087286,0.566783241014985,0.3289922206762863,0.566783241014985,0.433216758985015,2.224767682367557,HIGH,schedule inspection and maintenance planning,95,29,2755,0.1629502572898799,0.0966666666666666,0.0157518582046883,3.2758620689655173,7.921535632133549,False,76.18138936535162,152.36277873070324,304.7255574614065
img-510.jpg,medium_pothole,0.12848263031767,0.6438165599515836,0.2277008097307462,0.6438165599515836,0.3561834400484164,2.0992181794130755,HIGH,schedule inspection and maintenance planning,64,17,1088,0.1097770154373928,0.0566666666666666,0.0062206975414522,3.764705882352941,6.9930151229329605,False,75.46655231560892,150.93310463121784,301.8662092624357
img-510.jpg,medium_pothole,0.1898735418805808,0.6284719184465677,0.1816545396728512,0.6284719184465677,0.3715280815534323,1.9917809977922696,MEDIUM,schedule inspection and maintenance planning,40,13,520,0.0686106346483705,0.0433333333333333,0.0029731275014293,3.076923076923077,6.255750041753367,False,75.2229845626072,150.4459691252144,300.8919382504288
img-510.jpg,medium_pothole,0.234734311899887,0.6225191732612583,0.1427465148388545,0.6225191732612583,0.3774808267387417,1.908012202938967,MEDIUM,schedule inspection and maintenance planning,38,16,608,0.0651801029159519,0.0533333333333333,0.0034762721555174,2.375,6.411818267709897,False,75.26072041166381,150.52144082332762,301.04288164665525
img-510.jpg,medium_pothole,0.2460401766425058,0.6345883971798412,0.1193714261776529,0.6345883971798412,0.3654116028201588,1.8733312495351468,MEDIUM,schedule inspection and maintenance planning,33,16,528,0.0566037735849056,0.0533333333333333,0.0030188679245283,2.0625,6.270988431858299,False,75.22641509433961,150.45283018867923,300.90566037735846
img-510.jpg,medium_pothole,0.1671406442446048,0.6275466650277188,0.2053126907276765,0.6275466650277188,0.3724533349722811,2.038172046483072,HIGH,schedule inspection and maintenance planning,57,19,1083,0.0977701543739279,0.0633333333333333,0.0061921097770154,3.0,6.988413181999592,False,75.46440823327616,150.92881646655232,301.85763293310464
img-510.jpg,medium_pothole,0.2034039809454697,0.6069371751657124,0.1896588438888178,0.6069371751657124,0.3930628248342875,1.986254862943348,MEDIUM,schedule inspection and maintenance planning,56,24,1344,0.0960548885077186,0.08,0.0076843910806174,2.333333333333333,7.20414929203594,False,75.57632933104631,151.15265866209262,302.30531732418524
img-510.jpg,medium_pothole,0.2311027029473502,0.6335704756691165,0.1353268213835333,0.6335704756691165,0.3664295243308835,1.9042241184361832,MEDIUM,schedule inspection and maintenance planning,32,13,416,0.0548885077186964,0.0433333333333333,0.0023785020011435,2.4615384615384617,6.0330862217988015,False,75.17838765008577,150.35677530017153,300.71355060034307
img-510.jpg,medium_pothole,0.2240404313951775,0.6286681593527063,0.1472914092521157,0.6286681593527063,0.3713318406472937,1.923250977856937,MEDIUM,schedule inspection and maintenance planning,34,13,442,0.0583190394511149,0.0433333333333333,0.0025271583762149,2.6153846153846154,6.093569770045136,False,75.18953687821612,150.37907375643223,300.75814751286447
img-511.jpg,major_pothole,0.0235878775691804,0.211667994641166,0.7647441277896537,0.7647441277896537,0.2352558722103462,2.7411562502204734,CRITICAL,prioritize inspection/maintenance review,248,140,34720,0.549889135254989,0.4666666666666667,0.2566149297856614,1.7714285714285714,10.45509997020284,False,188.49223946784923,376.98447893569846,753.9689578713969
img-512.jpg,medium_pothole,0.0626603725280622,0.5410994458248404,0.3962401816470974,0.5410994458248404,0.4589005541751596,2.333579809119035,HIGH,schedule inspection and maintenance planning,89,40,3560,0.2225,0.1333333333333333,0.0296666666666666,2.225,8.177796683277778,False,77.225,154.45,308.9
img-512.jpg,medium_pothole,0.1599482087904798,0.6656162709992431,0.1744355202102772,0.6656162709992431,0.3343837290007568,2.014487311419798,HIGH,schedule inspection and maintenance planning,34,11,374,0.085,0.0366666666666666,0.0031166666666666,3.090909090909091,5.926926025970411,False,75.23375,150.4675,300.935
img-512.jpg,medium_pothole,0.1453397626825967,0.6713008768442198,0.1833593604731835,0.6713008768442198,0.3286991231557802,2.0380195977905866,HIGH,schedule inspection and maintenance planning,40,13,520,0.1,0.0433333333333333,0.0043333333333333,3.076923076923077,6.255750041753367,False,75.325,150.65,301.3
img-512.jpg,major_pothole,0.0621752769507412,0.1796704439763283,0.7581542790729304,0.7581542790729304,0.2418457209270695,2.695979002122189,CRITICAL,prioritize inspection/maintenance review,181,89,16109,0.4525,0.2966666666666667,0.1342416666666666,2.033707865168539,9.68719547617102,False,170.13625,340.2725,680.545
img-512.jpg,major_pothole,0.0376189960291848,0.2443335042877298,0.7180474996830853,0.7180474996830853,0.2819525003169146,2.6804285036539,CRITICAL,prioritize inspection/maintenance review,130,55,7150,0.325,0.1833333333333333,0.0595833333333333,2.363636363636364,8.875007486048396,False,158.9375,317.875,635.75
img-513.jpg,major_pothole,0.0414180913728165,0.2025260272767849,0.7560558813503987,0.7560558813503987,0.2439441186496013,2.714637789977582,CRITICAL,prioritize inspection/maintenance review,266,88,23408,0.665,0.2933333333333333,0.1950666666666666,3.022727272727273,10.06087584278487,False,179.25999999999996,358.5199999999999,717.0399999999998
img-514.jpg,medium_pothole,0.2605274710591012,0.6275338504247705,0.1119386785161284,0.6275338504247705,0.3724661495752295,1.851411207457028,MEDIUM,schedule inspection and maintenance planning,39,24,936,0.13,0.0604534005037783,0.0078589420654911,1.625,6.842683282238422,False,75.58942065491183,151.17884130982367,302.35768261964733
img-514.jpg,medium_pothole,0.2466210181442009,0.6484279191598239,0.1049510626959748,0.6484279191598239,0.3515720808401761,1.858330044551773,MEDIUM,schedule inspection and maintenance planning,32,17,544,0.1066666666666666,0.0428211586901763,0.0045675902602854,1.8823529411764703,6.300785794663244,False,75.34256926952139,150.68513853904278,301.37027707808556
img-514.jpg,medium_pothole,0.2454863080094545,0.6294993443322723,0.1250143476582729,0.6294993443322723,0.3705006556677277,1.8795280396488176,MEDIUM,schedule inspection and maintenance planning,41,23,943,0.1366666666666666,0.0579345088161209,0.0079177162048698,1.7826086956521738,6.8501261661455,False,75.59382871536523,151.18765743073047,302.37531486146094
img-514.jpg,medium_pothole,0.24117063196108,0.6233387746219066,0.1354905934170133,0.6233387746219066,0.3766612253780934,1.8943199614559327,MEDIUM,schedule inspection and maintenance planning,45,27,1215,0.15,0.0680100755667506,0.0102015113350125,1.6666666666666667,7.103322062526113,False,75.76511335012593,151.53022670025186,303.0604534005037
img-514.jpg,medium_pothole,0.2375079807806835,0.6733233215009399,0.0891686977183764,0.6733233215009399,0.3266766784990601,1.8516607169376924,MEDIUM,schedule inspection and maintenance planning,18,10,180,0.06,0.0251889168765743,0.0015113350125944,1.8,5.198497031265826,False,75.11335012594458,150.22670025188916,300.4534005037783
img-514.jpg,major_pothole,0.0506324086580815,0.2100132853221175,0.7393543060198012,0.7393543060198012,0.2606456939801987,2.68872189736172,CRITICAL,prioritize inspection/maintenance review,129,140,18060,0.43,0.3526448362720403,0.1516372795969773,0.9214285714285714,9.801510196423664,False,172.7455919395466,345.4911838790932,690.9823677581865
img-515.jpg,major_pothole,0.0203204523278839,0.2068460697188713,0.7728334779532448,0.7728334779532448,0.2271665220467552,2.7525130256253605,CRITICAL,prioritize inspection/maintenance review,213,149,31737,0.4743875278396436,0.4966666666666666,0.2356124721603563,1.429530201342282,10.365269980122788,False,185.34187082405344,370.6837416481069,741.3674832962138
img-516.jpg,major_pothole,0.0513999887407987,0.2385094458363464,0.7100905654228546,0.7100905654228546,0.2899094345771453,2.6586905766820554,CRITICAL,prioritize inspection/maintenance review,106,127,13462,0.2339955849889624,0.4233333333333333,0.0990581309786607,0.8346456692913385,9.507700460979237,False,164.8587196467991,329.7174392935982,659.4348785871964
img-516.jpg,medium_pothole,0.1729618246856626,0.6438187766608483,0.183219398653489,0.6438187766608483,0.3561812233391517,2.0102575739678263,HIGH,schedule inspection and maintenance planning,55,35,1925,0.1214128035320088,0.1166666666666666,0.0141648270787343,1.5714285714285714,7.563200592358071,False,76.06236203090506,152.12472406181013,304.24944812362025
img-516.jpg,major_pothole,0.0443112553230173,0.2748662581599377,0.6808224865170449,0.6808224865170449,0.3191775134829551,2.6365112311940275,CRITICAL,prioritize inspection/maintenance review,131,51,6681,0.2891832229580574,0.17,0.0491611479028697,2.5686274509803924,8.807172622916703,False,157.37417218543047,314.74834437086093,629.4966887417219
img-516.jpg,medium_pothole,0.1912856217053838,0.6387469555227565,0.1699674227718597,0.6387469555227565,0.3612530444772435,1.978681801066476,MEDIUM,schedule inspection and maintenance planning,50,26,1300,0.1103752759381898,0.0866666666666666,0.0095658572479764,1.9230769230769231,7.170888478512505,False,75.71743929359823,151.43487858719647,302.86975717439293
img-517.jpg,medium_pothole,0.082325935671384,0.5106172025488909,0.4070568617797249,0.5106172025488909,0.4893827974511091,2.3247309261083404,HIGH,schedule inspection and maintenance planning,102,36,3672,0.1913696060037523,0.12,0.0229643527204502,2.833333333333333,8.208764045819667,False,76.72232645403376,153.44465290806752,306.88930581613505
img-517.jpg,major_pothole,0.0306810667227548,0.1948776791782965,0.7744412540989486,0.7744412540989486,0.2255587459010514,2.7437601873761936,CRITICAL,prioritize inspection/maintenance review,352,81,28512,0.6604127579737336,0.27,0.178311444652908,4.345679012345679,10.258115402607237,False,176.7467166979362,353.4934333958724,706.9868667917448
img-518.jpg,major_pothole,0.0261517830871196,0.1960056673100481,0.7778425496028323,0.7778425496028323,0.2221574503971677,2.7516907665157126,CRITICAL,prioritize inspection/maintenance review,315,119,37485,0.5909943714821764,0.3966666666666666,0.2344277673545966,2.647058823529412,10.53172280891893,False,185.1641651031895,370.328330206379,740.656660412758
img-519.jpg,medium_pothole,0.1106229547132199,0.6703064930020279,0.219070552284752,0.6703064930020279,0.329693506997972,2.108447597571532,HIGH,schedule inspection and maintenance planning,45,10,450,0.15,0.0222222222222222,0.0033333333333333,4.5,6.111467339502679,False,75.25,150.5,301.0
img-519.jpg,medium_pothole,0.1343037092051621,0.678472305113982,0.1872239856808557,0.678472305113982,0.3215276948860179,2.0529202764756933,HIGH,schedule inspection and maintenance planning,36,9,324,0.12,0.02,0.0024,4.0,5.783825182329737,False,75.17999999999999,150.35999999999999,300.71999999999997
img-519.jpg,medium_pothole,0.1093630693172944,0.664806868653004,0.2258300620297015,0.664806868653004,0.335193131346996,2.1164669927124065,HIGH,schedule inspection and maintenance planning,52,12,624,0.1733333333333333,0.0266666666666666,0.0046222222222222,4.333333333333333,6.437751649736401,False,75.34666666666668,150.69333333333336,301.3866666666667
img-519.jpg,medium_pothole,0.1198407626384508,0.6478719378504728,0.2322872995110761,0.6478719378504728,0.3521280621495272,2.112446536872625,HIGH,schedule inspection and maintenance planning,66,20,1320,0.22,0.0444444444444444,0.0097777777777777,3.3,7.186144304522325,False,75.73333333333332,151.46666666666664,302.9333333333333
img-519.jpg,medium_pothole,0.1518940180331474,0.6357824785509425,0.2123235034159098,0.6357824785509425,0.3642175214490575,2.0604294853827616,HIGH,schedule inspection and maintenance planning,64,25,1600,0.2133333333333333,0.0555555555555555,0.0118518518518518,2.56,7.378383712996714,False,75.88888888888889,151.77777777777777,303.55555555555554
img-519.jpg,major_pothole,0.0901384422301845,0.4036316552549012,0.5062299025149144,0.5062299025149144,0.4937700974850856,2.41609146028473,HIGH,schedule inspection and maintenance planning,48,7,336,0.16,0.0155555555555555,0.0024888888888888,6.857142857142857,5.820082930352362,False,150.3733333333333,300.7466666666666,601.4933333333332
img-519.jpg,medium_pothole,0.2654819664920343,0.6521837253797768,0.0823343081281891,0.6521837253797768,0.3478162746202232,1.816852341636155,MEDIUM,schedule inspection and maintenance planning,13,8,104,0.0433333333333333,0.0177777777777777,0.0007703703703703,1.625,4.653960350157523,False,75.05777777777777,150.11555555555555,300.2311111111111
img-519.jpg,major_pothole,0.0255732460651611,0.1737021380192034,0.8007246159156356,0.8007246159156356,0.1992753840843644,2.775151369850475,CRITICAL,prioritize inspection/maintenance review,189,166,31374,0.63,0.3688888888888889,0.2324,1.1385542168674698,10.353766676434086,False,184.85999999999999,369.71999999999997,739.4399999999999
img-52.jpg,medium_pothole,0.1872353012859471,0.6842984112135849,0.1284662875004678,0.6842984112135849,0.3157015887864151,1.9412309862145205,MEDIUM,schedule inspection and maintenance planning,210,126,26460,0.2916666666666667,0.175,0.0510416666666666,1.6666666666666667,10.183427229849748,False,78.828125,157.65625,315.3125
img-52.jpg,minor_pothole,0.7049536303983874,0.2229841306306894,0.0720622389709228,0.7049536303983874,0.2950463696016125,1.3671086085725346,LOW,monitor and include in routine maintenance review,98,58,5684,0.1361111111111111,0.0805555555555555,0.0109645061728395,1.6896551724137931,8.645586406184636,False,50.54822530864197,101.09645061728394,202.19290123456787
img-520.jpg,major_pothole,0.0557210091991269,0.1199372244519078,0.8243417663489654,0.8243417663489654,0.1756582336510346,2.768620757149839,CRITICAL,prioritize inspection/maintenance review,270,70,18900,0.375,0.2788844621513944,0.1045816733067729,3.857142857142857,9.846970109700957,False,165.68725099601593,331.37450199203187,662.7490039840637
img-521.jpg,major_pothole,0.0488783075499763,0.2059971671647448,0.7451245252852787,0.7451245252852787,0.2548754747147213,2.6962462177353017,CRITICAL,prioritize inspection/maintenance review,242,94,22748,0.5377777777777778,0.3133333333333333,0.1685037037037037,2.574468085106383,10.032276467369046,False,175.27555555555554,350.5511111111111,701.1022222222222
img-522.jpg,major_pothole,0.0451777412253739,0.1827044238304175,0.7721178349442083,0.7721178349442083,0.2278821650557917,2.726940093718833,CRITICAL,prioritize inspection/maintenance review,159,51,8109,0.3533333333333333,0.17,0.0600666666666666,3.117647058823529,9.000853147109458,False,159.01000000000002,318.02000000000004,636.0400000000001
img-522.jpg,medium_pothole,0.2071630578142168,0.657790529315913,0.13504641286987,0.657790529315913,0.342209470684087,1.927883355055653,MEDIUM,schedule inspection and maintenance planning,28,11,308,0.0622222222222222,0.0366666666666666,0.0022814814814814,2.5454545454545454,5.733341276897746,False,75.1711111111111,150.3422222222222,300.6844444444444
img-522.jpg,major_pothole,0.0494848602294837,0.2827123270956966,0.6678028126748198,0.6678028126748198,0.3321971873251802,2.618317952445336,CRITICAL,prioritize inspection/maintenance review,133,33,4389,0.2955555555555555,0.11,0.0325111111111111,4.03030303030303,8.387084506069217,False,154.87666666666667,309.75333333333333,619.5066666666667
img-523.jpg,major_pothole,0.0514292101587819,0.2022124509047584,0.7463583389364595,0.7463583389364595,0.2536416610635404,2.694929128777677,CRITICAL,prioritize inspection/maintenance review,239,77,18403,0.5975,0.2566666666666666,0.1533583333333333,3.103896103896104,9.82032331127536,False,173.00375,346.0075,692.015
img-523.jpg,medium_pothole,0.0956421557690377,0.6658445659995225,0.23851327823144,0.6658445659995225,0.3341554340004775,2.142871122462403,HIGH,schedule inspection and maintenance planning,65,21,1365,0.1625,0.07,0.011375,3.095238095238096,7.219642040130735,False,75.85312499999999,151.70624999999998,303.41249999999997
img-524.jpg,major_pothole,0.0587836630115378,0.205508622489246,0.735707714499216,0.735707714499216,0.264292285500784,2.6769240514876778,CRITICAL,prioritize inspection/maintenance review,162,54,8748,0.3039399624765478,0.18,0.0547091932457786,3.0,9.076694687106263,False,158.20637898686678,316.41275797373356,632.8255159474671
img-524.jpg,medium_pothole,0.0867526933668235,0.4682843242028855,0.444962982430291,0.4682843242028855,0.5317156757971144,2.3582102890634675,HIGH,schedule inspection and maintenance planning,88,16,1408,0.1651031894934334,0.0533333333333333,0.0088055034396497,5.5,7.25063551189868,False,75.66041275797373,151.32082551594746,302.6416510318949
img-524.jpg,medium_pothole,0.0883131709937237,0.5418257940231558,0.3698610349831205,0.5418257940231558,0.4581742059768442,2.281547863989396,HIGH,schedule inspection and maintenance planning,99,27,2673,0.1857410881801125,0.09,0.0167166979362101,3.6666666666666665,7.891330757661889,False,76.25375234521576,152.50750469043152,305.01500938086303
img-524.jpg,medium_pothole,0.1412035260897884,0.6331943668753724,0.2256021070348391,0.6331943668753724,0.3668056331246275,2.084398580945051,HIGH,schedule inspection and maintenance planning,66,23,1518,0.123827392120075,0.0766666666666666,0.0094934333958724,2.869565217391304,7.325807502595773,False,75.71200750469043,151.42401500938087,302.84803001876173
img-524.jpg,major_pothole,0.0681220383912532,0.1853631896472879,0.7465147719614587,0.7465147719614587,0.2534852280385413,2.6783927335702047,CRITICAL,prioritize inspection/maintenance review,194,44,8536,0.3639774859287054,0.1466666666666666,0.0533833646028768,4.409090909090909,9.052164937010309,False,158.00750469043152,316.01500938086303,632.0300187617261
img-525.jpg,major_pothole,0.0437440844306792,0.1497446743775337,0.8065112411917871,0.8065112411917871,0.1934887588082129,2.762767156761108,CRITICAL,prioritize inspection/maintenance review,177,53,9381,0.4425,0.1766666666666666,0.078175,3.339622641509434,9.146548238888403,False,161.72625,323.4525,646.905
img-525.jpg,medium_pothole,0.1131674463801672,0.6554978161972718,0.2313347374225608,0.6554978161972718,0.3445021838027282,2.118167291042393,HIGH,schedule inspection and maintenance planning,64,35,2240,0.16,0.1166666666666666,0.0186666666666666,1.8285714285714283,7.714677473800927,False,76.39999999999999,152.79999999999998,305.59999999999997
img-525.jpg,medium_pothole,0.0908568923078675,0.6373716883933945,0.2717714192987379,0.6373716883933945,0.3626283116066054,2.1809145269908705,HIGH,schedule inspection and maintenance planning,72,32,2304,0.18,0.1066666666666666,0.0192,2.25,7.742835955430749,False,76.44000000000001,152.88000000000002,305.76000000000005
img-525.jpg,medium_pothole,0.0577953671795594,0.4680214367280491,0.4741831960923914,0.4741831960923914,0.5258168039076085,2.4163878289128315,HIGH,schedule inspection and maintenance planning,98,24,2352,0.245,0.08,0.0196,4.083333333333333,7.763446388727362,False,76.47,152.94,305.88
img-526.jpg,major_pothole,0.043077847998239,0.326079618411577,0.630842533590184,0.630842533590184,0.3691574664098159,2.5877646855919454,HIGH,prioritize inspection/maintenance review,119,32,3808,0.2923832923832923,0.1066666666666666,0.0311875511875511,3.71875,8.245121966478605,False,154.67813267813264,309.3562653562653,618.7125307125306
img-526.jpg,medium_pothole,0.1373136861426931,0.6566202981007943,0.2060660157565127,0.6566202981007943,0.3433797018992057,2.06875232961382,HIGH,schedule inspection and maintenance planning,58,30,1740,0.1425061425061425,0.1,0.0142506142506142,1.933333333333333,7.462214939768189,False,76.06879606879608,152.13759213759215,304.2751842751843
img-526.jpg,medium_pothole,0.1353899989303585,0.6751202517910829,0.1894897492785582,0.6751202517910829,0.3248797482089171,2.054099750348199,HIGH,schedule inspection and maintenance planning,40,12,480,0.0982800982800982,0.04,0.0039312039312039,3.333333333333333,6.175867270105761,False,75.29484029484028,150.58968058968057,301.17936117936114
img-526.jpg,major_pothole,0.0476165761552652,0.4039166446274563,0.5484667792172786,0.5484667792172786,0.4515332207827214,2.5008502030620137,HIGH,prioritize inspection/maintenance review,106,50,5300,0.2604422604422604,0.1666666666666666,0.0434070434070434,2.12,8.575650760987806,False,156.51105651105652,313.02211302211305,626.0442260442261
img-526.jpg,major_pothole,0.0492680328619522,0.1370447274183651,0.8136872397196826,0.8136872397196826,0.1863127602803174,2.7644192068577302,CRITICAL,prioritize inspection/maintenance review,197,35,6895,0.484029484029484,0.1166666666666666,0.0564701064701064,5.628571428571429,8.83869681234353,False,158.47051597051595,316.9410319410319,633.8820638820638
img-526.jpg,major_pothole,0.0543634497989051,0.1764463189459137,0.7691902312551808,0.7691902312551808,0.2308097687448191,2.714826781456275,CRITICAL,prioritize inspection/maintenance review,160,73,11680,0.3931203931203931,0.2433333333333333,0.0956592956592956,2.191780821917808,9.365718869155696,False,164.34889434889436,328.6977886977887,657.3955773955774
img-526.jpg,medium_pothole,0.2094805267287655,0.6732278475085387,0.1172916257626956,0.6732278475085387,0.3267721524914613,1.9078110990339296,MEDIUM,schedule inspection and maintenance planning,40,32,1280,0.0982800982800982,0.1066666666666666,0.0104832104832104,1.25,7.155396301896734,False,75.78624078624078,151.57248157248156,303.1449631449631
img-526.jpg,medium_pothole,0.0972675564853773,0.6697623409086099,0.2329701026060128,0.6697623409086099,0.3302376590913901,2.135702546120636,HIGH,schedule inspection and maintenance planning,45,10,450,0.1105651105651105,0.0333333333333333,0.0036855036855036,4.5,6.111467339502679,False,75.27641277641278,150.55282555282557,301.10565110565113
img-526.jpg,medium_pothole,0.093954894502472,0.6356548413022227,0.2703902641953055,0.6356548413022227,0.3643451586977773,2.1764353696928342,HIGH,schedule inspection and maintenance planning,72,34,2448,0.1769041769041769,0.1133333333333333,0.02004914004914,2.117647058823529,7.803435056952168,False,76.5036855036855,153.007371007371,306.014742014742
img-526.jpg,major_pothole,0.0695640466590442,0.3442366213744498,0.586199331966506,0.586199331966506,0.413800668033494,2.516635285307462,HIGH,prioritize inspection/maintenance review,89,15,1335,0.2186732186732186,0.05,0.0109336609336609,5.933333333333334,7.197435354096591,False,151.64004914004914,303.2800982800983,606.5601965601966
img-527.jpg,major_pothole,0.0460525160367105,0.1803618717664326,0.773585612196857,0.773585612196857,0.226414387803143,2.7275330961601467,CRITICAL,prioritize inspection/maintenance review,160,53,8480,0.3555555555555555,0.1766666666666666,0.0628148148148148,3.018867924528302,9.0455836463617,False,159.42222222222225,318.8444444444445,637.688888888889
img-528.jpg,major_pothole,0.0806804109479505,0.1075597251755133,0.8117598638765361,0.8117598638765361,0.1882401361234639,2.7310794529285856,CRITICAL,prioritize inspection/maintenance review,299,252,75348,0.6644444444444444,0.84,0.5581333333333334,1.1865079365079363,11.229885932566445,False,233.72,467.44,934.88
img-529.jpg,medium_pothole,0.0626896814309495,0.4746325439591443,0.4626777746099061,0.4746325439591443,0.5253674560408557,2.399988093178957,HIGH,schedule inspection and maintenance planning,99,52,5148,0.22,0.1733333333333333,0.0381333333333333,1.9038461538461533,8.546557800046141,False,77.86,155.72,311.44
img-529.jpg,medium_pothole,0.1143488020618031,0.6333158912329806,0.2523353067052162,0.6333158912329806,0.3666841087670194,2.137986504643413,HIGH,schedule inspection and maintenance planning,70,40,2800,0.1555555555555555,0.1333333333333333,0.0207407407407407,1.75,7.937731775260109,False,76.55555555555556,153.11111111111111,306.22222222222223
img-529.jpg,medium_pothole,0.1286714702194567,0.6432126696372772,0.2281158601432661,0.6432126696372772,0.3567873303627228,2.0994443899238093,HIGH,schedule inspection and maintenance planning,65,41,2665,0.1444444444444444,0.1366666666666666,0.0197407407407407,1.5853658536585369,7.888334500738654,False,76.48055555555554,152.96111111111108,305.92222222222216
img-529.jpg,major_pothole,0.0550124276379783,0.2061737311755272,0.7388138411864943,0.7388138411864943,0.2611861588135057,2.683801413548516,CRITICAL,prioritize inspection/maintenance review,158,112,17696,0.3511111111111111,0.3733333333333333,0.1310814814814815,1.4107142857142858,9.781150412671185,False,169.66222222222223,339.32444444444445,678.6488888888889
img-53.jpg,medium_pothole,0.1176492976983024,0.6707256320657794,0.2116250702359182,0.6707256320657794,0.3292743679342206,2.093975772537616,HIGH,schedule inspection and maintenance planning,245,216,52920,0.3402777777777778,0.3,0.1020833333333333,1.1342592592592593,10.876555514497824,False,82.65625,165.3125,330.625
img-53.jpg,medium_pothole,0.4155308896056023,0.5177493568688688,0.0667197535255285,0.5177493568688688,0.4822506431311312,1.6511888639199257,MEDIUM,schedule inspection and maintenance planning,90,127,11430,0.125,0.1763888888888889,0.0220486111111111,0.7086614173228346,9.344084242025778,False,76.65364583333333,153.30729166666666,306.6145833333333
img-530.jpg,medium_pothole,0.1792928161526975,0.6309500275636378,0.1897571562836649,0.6309500275636378,0.3690499724363622,2.010464340130968,HIGH,schedule inspection and maintenance planning,58,39,2262,0.1139489194499017,0.13,0.0148133595284872,1.4871794871794872,7.724446645633537,False,76.11100196463654,152.2220039292731,304.4440078585462
img-530.jpg,medium_pothole,0.0845349206284085,0.4878910957823156,0.4275739835892758,0.4878910957823156,0.5121089042176844,2.343039062960867,HIGH,schedule inspection and maintenance planning,82,15,1230,0.1611001964636542,0.05,0.0080550098231827,5.466666666666667,7.115582126184454,False,75.6041257367387,151.2082514734774,302.4165029469548
img-530.jpg,major_pothole,0.0576825673859816,0.225712595751999,0.7166048368620194,0.7166048368620194,0.2833951631379806,2.658922269476037,CRITICAL,prioritize inspection/maintenance review,158,40,6320,0.3104125736738703,0.1333333333333333,0.041388343156516,3.95,8.751632702472298,False,156.20825147347742,312.41650294695484,624.8330058939097
img-530.jpg,major_pothole,0.0581700488277453,0.2127448006607205,0.7290851505115341,0.7290851505115341,0.2709148494884659,2.6709151016837884,CRITICAL,prioritize inspection/maintenance review,163,41,6683,0.3202357563850687,0.1366666666666666,0.043765553372626,3.975609756097561,8.807471889715284,False,156.5648330058939,313.1296660117878,626.2593320235756
img-530.jpg,major_pothole,0.058179686665111,0.3669205938025786,0.5748997195323103,0.5748997195323103,0.4251002804676896,2.516720032867199,HIGH,prioritize inspection/maintenance review,119,52,6188,0.2337917485265226,0.1733333333333333,0.0405239030779305,2.2884615384615383,8.73052880173936,False,156.07858546168958,312.15717092337917,624.3143418467583
img-530.jpg,major_pothole,0.0549869811053643,0.3314398107252735,0.613573208169362,0.613573208169362,0.386426791830638,2.558586227063998,HIGH,prioritize inspection/maintenance review,126,50,6300,0.2475442043222004,0.1666666666666666,0.0412573673870334,2.52,8.748463629942055,False,156.18860510805501,312.37721021611003,624.7544204322201
img-530.jpg,major_pothole,0.041498249522116,0.2060487868891755,0.7524529635887087,0.7524529635887087,0.2475470364112912,2.710954714066593,CRITICAL,prioritize inspection/maintenance review,233,113,26329,0.4577603143418468,0.3766666666666666,0.1724230517354289,2.061946902654867,10.178464252490356,False,175.86345776031433,351.72691552062867,703.4538310412573
img-530.jpg,major_pothole,0.0697871275354803,0.2086396909223833,0.7215731815421361,0.7215731815421361,0.2784268184578639,2.651786054006655,CRITICAL,prioritize inspection/maintenance review,156,101,15756,0.3064833005893909,0.3366666666666666,0.1031827111984282,1.5445544554455446,9.665039989962043,False,165.47740667976424,330.9548133595285,661.909626719057
img-531.jpg,medium_pothole,0.1574283317126393,0.6644889654008855,0.1780827028864753,0.6644889654008855,0.3355110345991144,2.0206543711738365,HIGH,schedule inspection and maintenance planning,43,16,688,0.1075,0.0533333333333333,0.0057333333333333,2.6875,6.535241271013659,False,75.43,150.86,301.72
img-531.jpg,medium_pothole,0.1211741164999444,0.6661678909376303,0.212657992562425,0.6661678909376303,0.3338321090623697,2.09148387606248,HIGH,schedule inspection and maintenance planning,58,23,1334,0.145,0.0766666666666666,0.0111166666666666,2.5217391304347827,7.19668657083435,False,75.83375,151.6675,303.335
img-531.jpg,medium_pothole,0.1401945246348806,0.6647683559518925,0.1950371194132269,0.6647683559518925,0.3352316440481074,2.0548425947783464,HIGH,schedule inspection and maintenance planning,52,21,1092,0.13,0.07,0.0091,2.4761904761904763,6.996681488176539,False,75.6825,151.365,302.73
img-531.jpg,medium_pothole,0.1037696369663009,0.6501278032870709,0.2461025597466281,0.6501278032870709,0.3498721967129291,2.142332922780327,HIGH,schedule inspection and maintenance planning,67,33,2211,0.1675,0.11,0.018425,2.0303030303030303,7.701652362642226,False,76.381875,152.76375,305.5275
img-531.jpg,medium_pothole,0.1147799078455498,0.6852378104792759,0.1999822816751741,0.6852378104792759,0.3147621895207241,2.085202373829624,HIGH,schedule inspection and maintenance planning,46,13,598,0.115,0.0433333333333333,0.0049833333333333,3.5384615384615383,6.395261598115449,False,75.37375,150.7475,301.495
img-531.jpg,major_pothole,0.0847169440490364,0.3643147554726523,0.550968300478311,0.550968300478311,0.449031699521689,2.4662513564292743,HIGH,schedule inspection and maintenance planning,50,7,350,0.125,0.0233333333333333,0.0029166666666666,7.142857142857143,5.860786223465865,False,150.4375,300.875,601.75
img-531.jpg,medium_pothole,0.2273779098608037,0.6779637851658608,0.0946583049733355,0.6779637851658608,0.3220362148341392,1.867280395112532,MEDIUM,schedule inspection and maintenance planning,15,8,120,0.0375,0.0266666666666666,0.001,1.875,4.795790545596741,False,75.07499999999999,150.14999999999998,300.29999999999995
img-531.jpg,medium_pothole,0.1013528466954402,0.6570657263117209,0.2415814269928391,0.6570657263117209,0.3429342736882791,2.1402285802973995,HIGH,schedule inspection and maintenance planning,66,26,1716,0.165,0.0866666666666666,0.0143,2.5384615384615383,7.448333860897476,False,76.0725,152.145,304.29
img-531.jpg,major_pothole,0.0362499065649219,0.2074242577948453,0.7563258356402329,0.7563258356402329,0.243674164359767,2.720075929075312,CRITICAL,prioritize inspection/maintenance review,140,37,5180,0.35,0.1233333333333333,0.0431666666666666,3.783783783783784,8.552753366814787,False,156.475,312.95,625.9
img-532.jpg,major_pothole,0.0676180904811285,0.2379976790367351,0.6943842304821365,0.6943842304821365,0.3056157695178635,2.626766140001008,CRITICAL,prioritize inspection/maintenance review,135,104,14040,0.2611218568665377,0.3466666666666667,0.090522243713733,1.2980769230769231,9.549736900114642,False,163.57833655705994,327.1566731141199,654.3133462282398
img-532.jpg,medium_pothole,0.1127750728110543,0.6201248520249986,0.267100075163947,0.6201248520249986,0.3798751479750014,2.154325002352892,HIGH,schedule inspection and maintenance planning,78,26,2028,0.1508704061895551,0.0866666666666666,0.0130754352030947,3.0,7.615298339825815,False,75.9806576402321,151.9613152804642,303.9226305609284
img-533.jpg,medium_pothole,0.1492034526780322,0.645002716436118,0.2057938308858498,0.645002716436118,0.354997283563882,2.056590378207817,HIGH,schedule inspection and maintenance planning,58,25,1450,0.1286031042128603,0.0833333333333333,0.0107169253510716,2.32,7.280008252884188,False,75.80376940133036,151.6075388026607,303.2150776053214
img-533.jpg,medium_pothole,0.1058021211315274,0.667825524985918,0.2263723538825545,0.667825524985918,0.332174475014082,2.1205702327510267,HIGH,schedule inspection and maintenance planning,60,16,960,0.1330376940133037,0.0533333333333333,0.0070953436807095,3.75,6.8679744089702925,False,75.53215077605321,151.06430155210643,302.12860310421286
img-533.jpg,major_pothole,0.0694306575413749,0.2328113321004367,0.6977580103581882,0.6977580103581882,0.3022419896418118,2.6283273528168127,CRITICAL,prioritize inspection/maintenance review,412,129,53148,0.9135254988913526,0.43,0.3928159645232816,3.193798449612403,10.880854568917648,False,208.92239467849225,417.8447893569845,835.689578713969
img-534.jpg,medium_pothole,0.1313881445725782,0.676870863595062,0.1917409918323598,0.676870863595062,0.323129136404938,2.0603528472597814,HIGH,schedule inspection and maintenance planning,36,10,360,0.09,0.0333333333333333,0.003,3.6,5.8888779583328805,False,75.225,150.45,300.9
img-534.jpg,medium_pothole,0.1192108611627345,0.6785171880381935,0.2022719507990721,0.6785171880381935,0.3214828119618065,2.0830610896363377,HIGH,schedule inspection and maintenance planning,52,17,884,0.13,0.0566666666666666,0.0073666666666666,3.0588235294117645,6.785587645007929,False,75.5525,151.105,302.21
img-534.jpg,major_pothole,0.0375164723288649,0.1578786667334051,0.80460486093773,0.80460486093773,0.19539513906227,2.7670883886088653,CRITICAL,prioritize inspection/maintenance review,161,45,7245,0.4025,0.15,0.060375,3.577777777777778,8.888204871455022,False,159.05625,318.1125,636.225
img-534.jpg,medium_pothole,0.0966303519740957,0.5630207256420152,0.3403489223838888,0.5630207256420152,0.4369792743579848,2.2437185704097926,HIGH,schedule inspection and maintenance planning,147,14,2058,0.3675,0.0466666666666666,0.01715,10.5,7.629975707027789,False,76.28625,152.5725,305.145
img-534.jpg,major_pothole,0.0712664272529842,0.2669820696102578,0.661751503136758,0.661751503136758,0.338248496863242,2.5904850758837736,HIGH,prioritize inspection/maintenance review,95,15,1425,0.2375,0.05,0.011875,6.333333333333333,7.262628600974241,False,151.78125,303.5625,607.125
img-535.jpg,major_pothole,0.0582304027027399,0.1698567089462893,0.7719128883509707,0.7719128883509707,0.2280871116490292,2.7136824856482304,CRITICAL,prioritize inspection/maintenance review,172,67,11524,0.3830734966592428,0.2233333333333333,0.0855530809205642,2.567164179104477,9.352273867864849,False,162.83296213808464,325.6659242761693,651.3318485523386
img-535.jpg,major_pothole,0.0445226302476828,0.2961191172323649,0.6593582525199525,0.6593582525199525,0.3406417474800475,2.61483562227227,CRITICAL,prioritize inspection/maintenance review,129,41,5289,0.2873051224944321,0.1366666666666666,0.0392650334075723,3.1463414634146343,8.573573524852344,False,155.88975501113586,311.7795100222717,623.5590200445434
img-535.jpg,medium_pothole,0.1773503958793506,0.6406806906781023,0.1819689134425468,0.6406806906781023,0.3593193093218977,2.004618517563196,HIGH,schedule inspection and maintenance planning,52,25,1300,0.1158129175946547,0.0833333333333333,0.0096510764662212,2.08,7.170888478512505,False,75.7238307349666,151.4476614699332,302.8953229398664
img-535.jpg,medium_pothole,0.1227130210595782,0.6735785516521863,0.2037084272882356,0.6735785516521863,0.3264214483478137,2.080995406228657,HIGH,schedule inspection and maintenance planning,42,11,462,0.0935412026726058,0.0366666666666666,0.0034298440979955,3.8181818181818175,6.137727054086234,False,75.25723830734965,150.5144766146993,301.0289532293986
img-535.jpg,medium_pothole,0.1386058061577884,0.6645823788810397,0.1968118149611718,0.6645823788810397,0.3354176211189603,2.058206008803383,HIGH,schedule inspection and maintenance planning,34,9,306,0.0757238307349666,0.03,0.0022717149220489,3.7777777777777777,5.726847747587197,False,75.17037861915367,150.34075723830733,300.68151447661467
img-536.jpg,major_pothole,0.115262921353738,0.1762498531168918,0.7084872255293703,0.7084872255293703,0.2915127744706297,2.593224304175633,HIGH,prioritize inspection/maintenance review,530,250,132500,0.9943714821763602,0.8333333333333334,0.8286429018136335,2.12,11.794345471549745,False,274.296435272045,548.59287054409,1097.18574108818
img-537.jpg,major_pothole,0.103234208828092,0.1447739458090094,0.7519918453628986,0.7519918453628986,0.2480081546371013,2.648757636534807,CRITICAL,prioritize inspection/maintenance review,239,284,67876,0.5975,0.9466666666666668,0.5656333333333333,0.8415492957746479,11.125452522732145,False,234.84500000000003,469.69000000000005,939.3800000000001
img-538.jpg,major_pothole,0.0610062606030008,0.2032943207698712,0.7356994186271276,0.7356994186271276,0.2643005813728724,2.674693158024126,CRITICAL,prioritize inspection/maintenance review,293,180,52740,0.6511111111111111,0.6,0.3906666666666666,1.6277777777777778,10.873148420667984,False,208.6,417.2,834.4
img-539.jpg,major_pothole,0.0605696093883807,0.3716289404121103,0.5678014501995088,0.5678014501995088,0.4321985498004912,2.507231840811128,HIGH,prioritize inspection/maintenance review,108,77,8316,0.24,0.2566666666666666,0.0616,1.4025974025974026,9.026056891868688,False,159.24,318.48,636.96
img-539.jpg,medium_pothole,0.2159515728554332,0.676591617383607,0.1074568097609598,0.676591617383607,0.323408382616393,1.8915052369055267,MEDIUM,schedule inspection and maintenance planning,39,39,1521,0.0866666666666666,0.13,0.0112666666666666,1.0,7.327780538421631,False,75.84499999999998,151.68999999999997,303.37999999999994
img-539.jpg,major_pothole,0.0712681356940963,0.2969403691362505,0.6317914951696532,0.6317914951696532,0.3682085048303468,2.5605233594755568,HIGH,prioritize inspection/maintenance review,116,21,2436,0.2577777777777778,0.07,0.0180444444444444,5.523809523809524,7.798523053625206,False,152.70666666666665,305.4133333333333,610.8266666666666
img-539.jpg,major_pothole,0.0478567239390917,0.1662712939042856,0.7858719821566225,0.7858719821566225,0.2141280178433775,2.7380152582175303,CRITICAL,prioritize inspection/maintenance review,173,46,7958,0.3844444444444444,0.1533333333333333,0.0589481481481481,3.760869565217391,8.98205864280585,False,158.84222222222223,317.68444444444447,635.3688888888889
img-54.jpg,medium_pothole,0.1122399622502929,0.6744681754332702,0.2132918623164368,0.6744681754332702,0.3255318245667298,2.101051900066144,HIGH,schedule inspection and maintenance planning,253,210,53130,0.3513888888888888,0.2916666666666667,0.1024884259259259,1.2047619047619047,10.880515841025812,False,82.68663194444444,165.37326388888889,330.74652777777777
img-540.jpg,medium_pothole,0.1936143083460927,0.6412481850298054,0.1651375066241019,0.6412481850298054,0.3587518149701946,1.9715231982780093,MEDIUM,schedule inspection and maintenance planning,46,21,966,0.1022222222222222,0.07,0.0071555555555555,2.1904761904761907,6.874198495453294,False,75.53666666666666,151.07333333333332,302.14666666666665
img-540.jpg,major_pothole,0.0196710175433448,0.1912257932476809,0.7891031892089744,0.7891031892089744,0.2108968107910256,2.7694321716656294,CRITICAL,prioritize inspection/maintenance review,177,152,26904,0.3933333333333333,0.5066666666666667,0.1992888888888888,1.1644736842105263,10.20006742192352,False,179.89333333333332,359.78666666666663,719.5733333333333
img-541.jpg,major_pothole,0.0184649741576212,0.2039145564543013,0.7776204693880773,0.7776204693880773,0.2223795306119227,2.759155495230455,CRITICAL,prioritize inspection/maintenance review,208,160,33280,0.4622222222222222,0.5333333333333333,0.2465185185185185,1.3,10.412741942560633,False,186.9777777777778,373.9555555555556,747.9111111111112
img-542.jpg,major_pothole,0.041315850592321,0.3056935499541028,0.6529905994535763,0.6529905994535763,0.3470094005464237,2.6116747488612555,CRITICAL,prioritize inspection/maintenance review,119,56,6664,0.2945544554455445,0.1866666666666666,0.0549834983498349,2.125,8.804625232612809,False,158.24752475247524,316.4950495049505,632.990099009901
img-542.jpg,major_pothole,0.1048617041365911,0.1412937116264943,0.7538445842369146,0.7538445842369146,0.2461554157630854,2.648982880100323,CRITICAL,prioritize inspection/maintenance review,401,222,89022,0.9925742574257426,0.74,0.7345049504950495,1.8063063063063065,11.396650042294072,False,260.1757425742574,520.3514851485148,1040.7029702970297
img-543.jpg,major_pothole,0.0294462602472952,0.181294000109107,0.7892597396435977,0.7892597396435977,0.2107402603564022,2.7598134793963025,CRITICAL,prioritize inspection/maintenance review,139,48,6672,0.3861111111111111,0.16,0.0617777777777777,2.895833333333333,8.805824812903607,False,159.26666666666665,318.5333333333333,637.0666666666666
img-543.jpg,major_pothole,0.0235041209588724,0.1259323498820527,0.8505635291590747,0.8505635291590747,0.1494364708409252,2.827059408200202,CRITICAL,prioritize inspection/maintenance review,73,170,12410,0.2027777777777777,0.5666666666666667,0.1149074074074074,0.4294117647058823,9.42633845512952,False,167.23611111111111,334.47222222222223,668.9444444444445
img-544.jpg,major_pothole,0.0460482731901846,0.1950924144826559,0.7588593123271592,0.7588593123271592,0.2411406876728408,2.7128110391369744,CRITICAL,prioritize inspection/maintenance review,237,93,22041,0.5925,0.31,0.183675,2.548387096774193,10.000705003251488,False,177.55125,355.1025,710.205
img-544.jpg,medium_pothole,0.0780913928830837,0.6224938433750176,0.2994147637418983,0.6224938433750176,0.3775061566249824,2.2213233708588134,HIGH,schedule inspection and maintenance planning,77,24,1848,0.1925,0.08,0.0154,3.208333333333333,7.522400231387125,False,76.155,152.31,304.62
img-545.jpg,major_pothole,0.0458905817835477,0.1752184301517294,0.7788909880647228,0.7788909880647228,0.2211090119352772,2.7330004062811746,CRITICAL,prioritize inspection/maintenance review,291,94,27354,0.4298375184638109,0.3133333333333333,0.1346824224519941,3.095744680851064,10.216654606497926,False,170.2023633677991,340.4047267355982,680.8094534711964
img-545.jpg,major_pothole,0.0761964661647628,0.3215288506372285,0.6022746831980086,0.6022746831980086,0.3977253168019914,2.5260782170332456,HIGH,prioritize inspection/maintenance review,133,61,8113,0.1964549483013294,0.2033333333333333,0.0399458394879369,2.180327868852459,9.001346243766392,False,155.99187592319052,311.98375184638104,623.9675036927621
img-546.jpg,major_pothole,0.0489707103954483,0.190202725550491,0.7608265640540607,0.7608265640540607,0.2391734359459393,2.7118558536586126,CRITICAL,prioritize inspection/maintenance review,157,57,8949,0.3383620689655172,0.19,0.0642887931034482,2.754385964912281,9.0994088112689,False,159.6433189655172,319.2866379310344,638.5732758620688
img-547.jpg,medium_pothole,0.124096079679472,0.6359612062483853,0.2399427140721428,0.6359612062483853,0.3640387937516147,2.1158466343926707,HIGH,schedule inspection and maintenance planning,70,38,2660,0.2333333333333333,0.095,0.0221666666666666,1.8421052631578947,7.886457270977689,False,76.6625,153.325,306.65
img-547.jpg,major_pothole,0.0458786519442033,0.330154350980451,0.6239669970753456,0.6239669970753456,0.3760330029246543,2.578088345131142,HIGH,prioritize inspection/maintenance review,113,33,3729,0.3766666666666666,0.0825,0.031075,3.4242424242424243,8.224163512637862,False,154.66125,309.3225,618.645
img-547.jpg,major_pothole,0.0363378439357886,0.1545015554651996,0.8091606005990121,0.8091606005990121,0.1908393994009879,2.772822756663224,CRITICAL,prioritize inspection/maintenance review,169,132,22308,0.5633333333333334,0.33,0.1859,1.2803030303030305,10.01274546347265,False,177.885,355.77,711.54
img-548.jpg,major_pothole,0.0695319605105016,0.1829909354520483,0.74747710403745,0.74747710403745,0.2525228959625499,2.6779451435269483,CRITICAL,prioritize inspection/maintenance review,179,86,15394,0.3968957871396896,0.2866666666666667,0.1137767923133776,2.081395348837209,9.6417980603586,False,167.06651884700665,334.1330376940133,668.2660753880266
img-548.jpg,medium_pothole,0.2241133210713954,0.6682526817690813,0.107633997159523,0.6682526817690813,0.3317473182309187,1.883520676088127,MEDIUM,schedule inspection and maintenance planning,28,15,420,0.0620842572062084,0.05,0.0031042128603104,1.8666666666666667,6.042632833682381,False,75.23281596452328,150.46563192904657,300.93126385809313
img-549.jpg,major_pothole,0.0492685012791211,0.1654578967660171,0.7852736019548616,0.7852736019548616,0.2147263980451383,2.73600510067574,CRITICAL,prioritize inspection/maintenance review,163,66,10758,0.4075,0.22,0.08965,2.4696969696969697,9.283497892593909,False,163.4475,326.895,653.79
img-549.jpg,medium_pothole,0.1037696369663009,0.6501278032870709,0.2461025597466281,0.6501278032870709,0.3498721967129291,2.142332922780327,HIGH,schedule inspection and maintenance planning,67,33,2211,0.1675,0.11,0.018425,2.0303030303030303,7.701652362642226,False,76.381875,152.76375,305.5275
img-55.jpg,minor_pothole,0.7675179693886983,0.1817213969411746,0.050760633670127,0.7675179693886983,0.2324820306113016,1.2832426642814283,LOW,monitor and include in routine maintenance review,76,51,3876,0.1055555555555555,0.0708333333333333,0.0074768518518518,1.4901960784313726,8.262816937670928,False,50.37384259259259,100.74768518518518,201.49537037037035
img-55.jpg,minor_pothole,0.7133835426335324,0.213479192560707,0.0731372648057605,0.7133835426335324,0.2866164573664675,1.3597537221722278,LOW,monitor and include in routine maintenance review,97,53,5141,0.1347222222222222,0.0736111111111111,0.0099170524691358,1.830188679245283,8.545197387825835,False,50.49585262345679,100.99170524691358,201.98341049382717
img-55.jpg,medium_pothole,0.2248744357091227,0.6645075856354268,0.1106179786554503,0.6645075856354268,0.3354924143645732,1.8857435429463272,MEDIUM,schedule inspection and maintenance planning,183,113,20679,0.2541666666666666,0.1569444444444444,0.0398900462962963,1.6194690265486726,9.936922328622366,False,77.99175347222223,155.98350694444446,311.9670138888889
img-55.jpg,minor_pothole,0.7730954158879024,0.1800086305498236,0.0468959535622738,0.7730954158879024,0.2269045841120975,1.273800537674371,LOW,monitor and include in routine maintenance review,73,53,3869,0.1013888888888888,0.0736111111111111,0.007463348765432,1.3773584905660377,8.261009786023827,False,50.37316743827161,100.74633487654322,201.49266975308643
img-55.jpg,medium_pothole,0.2026173909774149,0.6796058311881028,0.1177767778344824,0.6796058311881028,0.3203941688118972,1.915159386857068,MEDIUM,schedule inspection and maintenance planning,201,114,22914,0.2791666666666667,0.1583333333333333,0.0442013888888888,1.763157894736842,10.039546996943224,False,78.31510416666666,156.63020833333331,313.26041666666663
img-550.jpg,major_pothole,0.0432265595148593,0.350591335635614,0.6061821048495267,0.6061821048495267,0.3938178951504733,2.562955545334668,HIGH,prioritize inspection/maintenance review,112,54,6048,0.28,0.18,0.0504,2.074074074074074,8.707648248106914,False,157.56,315.12,630.24
img-550.jpg,medium_pothole,0.0917882757575471,0.6448760061404043,0.2633357181020487,0.6448760061404043,0.3551239938595957,2.171547442344502,HIGH,schedule inspection and maintenance planning,69,55,3795,0.1725,0.1833333333333333,0.031625,1.2545454545454546,8.241703159729818,False,77.371875,154.74375,309.4875
img-550.jpg,medium_pothole,0.156073211487197,0.6639669547810787,0.179959833731724,0.6639669547810787,0.3360330452189213,2.023886622244526,HIGH,schedule inspection and maintenance planning,53,36,1908,0.1325,0.12,0.0159,1.4722222222222223,7.554334823725748,False,76.1925,152.385,304.77
img-550.jpg,medium_pothole,0.0775346069358971,0.6045898195754741,0.3178755734886289,0.6045898195754741,0.3954101804245259,2.240340966552732,HIGH,schedule inspection and maintenance planning,79,35,2765,0.1975,0.1166666666666666,0.0230416666666666,2.257142857142857,7.925157512224703,False,76.72812499999999,153.45624999999998,306.91249999999997
img-550.jpg,medium_pothole,0.0663207533265997,0.5565706178492261,0.3771086288241742,0.5565706178492261,0.4434293821507739,2.3107878754975744,HIGH,schedule inspection and maintenance planning,86,45,3870,0.215,0.15,0.03225,1.9111111111111112,8.261268150577648,False,77.41874999999999,154.83749999999998,309.67499999999995
img-550.jpg,medium_pothole,0.0580005763989242,0.4984303700037072,0.4435690535973685,0.4984303700037072,0.5015696299962928,2.3855684771984444,HIGH,schedule inspection and maintenance planning,93,52,4836,0.2325,0.1733333333333333,0.0403,1.7884615384615383,8.484049972822984,False,78.0225,156.045,312.09
img-550.jpg,medium_pothole,0.1025135981014653,0.6849130652560278,0.2125733366425067,0.6849130652560278,0.3150869347439722,2.110059738541041,HIGH,schedule inspection and maintenance planning,52,14,728,0.13,0.0466666666666666,0.0060666666666666,3.7142857142857135,6.591673732008658,False,75.455,150.91,301.82
img-551.jpg,medium_pothole,0.2031097535539729,0.6241824474919472,0.1727077989540799,0.6241824474919472,0.3758175525080528,1.969598045400107,MEDIUM,schedule inspection and maintenance planning,47,19,893,0.0891840607210626,0.0633333333333333,0.0056483238456672,2.473684210526316,6.795705775173514,False,75.42362428842505,150.8472485768501,301.6944971537002
img-551.jpg,medium_pothole,0.0965575440959578,0.5847586140526245,0.3186838418514179,0.5847586140526245,0.4152413859473755,2.222126297755461,HIGH,schedule inspection and maintenance planning,90,26,2340,0.1707779886148007,0.0866666666666666,0.0148007590132827,3.4615384615384617,7.75833346749091,False,76.11005692599619,152.22011385199238,304.44022770398476
img-551.jpg,medium_pothole,0.2482373705154144,0.6422948791359471,0.1094677503486384,0.6422948791359471,0.3577051208640529,1.861230379833224,MEDIUM,schedule inspection and maintenance planning,36,22,792,0.0683111954459203,0.0733333333333333,0.0050094876660341,1.6363636363636365,6.675823221634848,False,75.37571157495255,150.7514231499051,301.5028462998102
img-551.jpg,medium_pothole,0.2332573285928089,0.6696495258036502,0.0970931456035408,0.6696495258036502,0.3303504741963498,1.863835817010732,MEDIUM,schedule inspection and maintenance planning,22,13,286,0.0417457305502846,0.0433333333333333,0.001808981657179,1.6923076923076923,5.659482215759621,False,75.13567362428842,150.27134724857683,300.54269449715366
img-551.jpg,medium_pothole,0.1982883164272455,0.6346974212666423,0.1670142623061121,0.6346974212666423,0.3653025787333577,1.9687259458788664,MEDIUM,schedule inspection and maintenance planning,37,13,481,0.0702087286527514,0.0433333333333333,0.0030423782416192,2.8461538461538463,6.1779441140506,False,75.22817836812143,150.45635673624287,300.91271347248573
img-551.jpg,medium_pothole,0.2282511296320576,0.6236193775164673,0.1481294928514749,0.6236193775164673,0.3763806224835326,1.9198783632194167,MEDIUM,schedule inspection and maintenance planning,44,21,924,0.0834914611005692,0.07,0.0058444022770398,2.095238095238096,6.829793737512425,False,75.43833017077799,150.87666034155598,301.75332068311195
img-551.jpg,medium_pothole,0.1664239919834609,0.6402993289316777,0.1932766790848614,0.6402993289316777,0.3597006710683222,2.0268526871014005,HIGH,schedule inspection and maintenance planning,27,7,189,0.0512333965844402,0.0233333333333333,0.0011954459203036,3.857142857142857,5.247024072160486,False,75.08965844402277,150.17931688804555,300.3586337760911
img-552.jpg,major_pothole,0.060031654133315,0.1941273506845079,0.7458409951821768,0.7458409951821768,0.2541590048178231,2.685809341048861,CRITICAL,prioritize inspection/maintenance review,157,92,14444,0.3925,0.3066666666666666,0.1203666666666666,1.7065217391304348,9.578103612900335,False,168.05499999999998,336.10999999999996,672.2199999999999
img-552.jpg,major_pothole,0.0433081611914392,0.2822070159702848,0.6744848228382759,0.6744848228382759,0.325515177161724,2.6311766616468364,CRITICAL,prioritize inspection/maintenance review,122,64,7808,0.305,0.2133333333333333,0.0650666666666666,1.90625,8.963032193662675,False,159.76,319.52,639.04
img-552.jpg,major_pothole,0.0510507115711895,0.4623605209547232,0.4865887674740873,0.4865887674740873,0.5134112325259127,2.435538055902898,HIGH,schedule inspection and maintenance planning,100,37,3700,0.25,0.1233333333333333,0.0308333333333333,2.702702702702702,8.216358332386156,False,154.625,309.25,618.5
img-552.jpg,major_pothole,0.0507364234731096,0.4584144108308697,0.4908491656960204,0.4908491656960204,0.5091508343039797,2.4401127422229103,HIGH,schedule inspection and maintenance planning,100,40,4000,0.25,0.1333333333333333,0.0333333333333333,2.5,8.294299608857235,False,154.99999999999997,309.99999999999994,619.9999999999999
img-552.jpg,medium_pothole,0.0673478193868497,0.4969185424234735,0.4357336381896768,0.4969185424234735,0.5030814575765266,2.368385818802828,HIGH,schedule inspection and maintenance planning,87,76,6612,0.2175,0.2533333333333333,0.0551,1.144736842105263,8.796792687674662,False,79.1325,158.265,316.53
img-552.jpg,major_pothole,0.046896991264307,0.4226569671088752,0.5304460416268177,0.5304460416268177,0.4695539583731822,2.4835490503625106,HIGH,schedule inspection and maintenance planning,105,37,3885,0.2625,0.1233333333333333,0.032375,2.8378378378378377,8.265135629937385,False,154.85625000000002,309.71250000000003,619.4250000000001
img-552.jpg,medium_pothole,0.0926207743485634,0.6717422737299263,0.23563695192151,0.6717422737299263,0.3282577262700736,2.143016177572946,HIGH,schedule inspection and maintenance planning,62,17,1054,0.155,0.0566666666666666,0.0087833333333333,3.647058823529412,6.961296045910167,False,75.65875,151.3175,302.635
img-552.jpg,medium_pothole,0.0879815701532972,0.6557490087457923,0.2562694211009104,0.6557490087457923,0.3442509912542076,2.168287850947613,HIGH,schedule inspection and maintenance planning,69,21,1449,0.1725,0.07,0.012075,3.2857142857142856,7.27931883541462,False,75.905625,151.81125,303.6225
img-552.jpg,medium_pothole,0.0886425295892219,0.6519617926819579,0.2593956777288202,0.6519617926819579,0.3480382073180421,2.1707531481395983,HIGH,schedule inspection and maintenance planning,70,23,1610,0.175,0.0766666666666666,0.0134166666666666,3.0434782608695654,7.384610383176974,False,76.00625,152.0125,304.025
img-552.jpg,medium_pothole,0.1435465400184444,0.6591488146734819,0.1973046453080738,0.6591488146734819,0.3408511853265181,2.0537581052896297,HIGH,schedule inspection and maintenance planning,55,27,1485,0.1375,0.09,0.012375,2.037037037037037,7.303843225277705,False,75.92812500000001,151.85625000000002,303.71250000000003
img-552.jpg,medium_pothole,0.1543413759705503,0.6663849562709903,0.1792736677584595,0.6663849562709903,0.3336150437290097,2.024932291787909,HIGH,schedule inspection and maintenance planning,42,15,630,0.105,0.05,0.00525,2.8,6.447305862541213,False,75.39375,150.7875,301.575
img-552.jpg,medium_pothole,0.1040879785318937,0.685543148759695,0.210368872708411,0.685543148759695,0.314456851240305,2.1062808941765168,HIGH,schedule inspection and maintenance planning,47,12,564,0.1175,0.04,0.0047,3.9166666666666665,6.336825731146441,False,75.35249999999999,150.70499999999998,301.40999999999997
img-552.jpg,medium_pothole,0.111132170168209,0.6861145362559834,0.2027532935758076,0.6861145362559834,0.3138854637440166,2.0916211234075983,HIGH,schedule inspection and maintenance planning,47,13,611,0.1175,0.0433333333333333,0.0050916666666666,3.615384615384616,6.416732282512326,False,75.381875,150.76375,301.5275
img-552.jpg,medium_pothole,0.1449036282130921,0.6706899641004694,0.1844064076864387,0.6706899641004694,0.3293100358995305,2.039502779473347,HIGH,schedule inspection and maintenance planning,34,10,340,0.085,0.0333333333333333,0.0028333333333333,3.4,5.831882477283517,False,75.21249999999999,150.42499999999998,300.84999999999997
img-552.jpg,medium_pothole,0.1507281404549693,0.6544100035968704,0.1948618559481605,0.6544100035968704,0.3455899964031296,2.044133715493192,HIGH,schedule inspection and maintenance planning,25,6,150,0.0625,0.02,0.00125,4.166666666666667,5.017279836814924,False,75.09375,150.1875,300.375
img-552.jpg,medium_pothole,0.1718510949510948,0.6484116845858641,0.1797372204630415,0.6484116845858641,0.3515883154141359,2.007886125511948,HIGH,schedule inspection and maintenance planning,23,6,138,0.0575,0.02,0.00115,3.8333333333333335,4.934473933130692,False,75.08624999999999,150.17249999999999,300.34499999999997
img-552.jpg,medium_pothole,0.192288526902617,0.6590529223842031,0.1486585507131797,0.6590529223842031,0.3409470776157969,1.9563700238105624,MEDIUM,schedule inspection and maintenance planning,24,8,192,0.06,0.0266666666666666,0.0016,3.0,5.262690188904886,False,75.12,150.24,300.48
img-553.jpg,medium_pothole,0.172518684319427,0.6524332624544064,0.1750480532261664,0.6524332624544064,0.3475667375455936,2.002529368906739,HIGH,schedule inspection and maintenance planning,32,10,320,0.0703296703296703,0.0333333333333333,0.0023443223443223,3.2,5.771441123130016,False,75.17582417582418,150.35164835164835,300.7032967032967
img-553.jpg,major_pothole,0.0618480329608906,0.1945442317663324,0.7436077352727769,0.7436077352727769,0.2563922647272231,2.6817597023118864,CRITICAL,prioritize inspection/maintenance review,188,101,18988,0.4131868131868131,0.3366666666666666,0.1391062271062271,1.8613861386138613,9.851615143125416,False,170.86593406593406,341.7318681318681,683.4637362637362
img-554.jpg,medium_pothole,0.1027668849737987,0.5928254071512266,0.304407707874975,0.5928254071512266,0.4071745928487734,2.201640822901177,HIGH,schedule inspection and maintenance planning,87,28,2436,0.1635338345864661,0.0933333333333333,0.0152631578947368,3.107142857142857,7.798523053625206,False,76.14473684210526,152.28947368421052,304.57894736842104
img-554.jpg,medium_pothole,0.1102830820348069,0.6323770844151299,0.2573398335500632,0.6323770844151299,0.3676229155848701,2.147056751515256,HIGH,schedule inspection and maintenance planning,75,20,1500,0.1409774436090225,0.0666666666666666,0.0093984962406015,3.75,7.313886831633462,False,75.70488721804512,151.40977443609023,302.81954887218046
img-554.jpg,medium_pothole,0.0958420050825306,0.582777554334672,0.3213804405827976,0.582777554334672,0.4172224456653279,2.225538435500268,HIGH,schedule inspection and maintenance planning,88,21,1848,0.1654135338345864,0.07,0.011578947368421,4.190476190476191,7.522400231387125,False,75.86842105263158,151.73684210526315,303.4736842105263
img-554.jpg,major_pothole,0.0698255893663146,0.1902793579497344,0.7398950526839507,0.7398950526839507,0.2601049473160493,2.670069463317636,CRITICAL,prioritize inspection/maintenance review,189,41,7749,0.3552631578947368,0.1366666666666666,0.0485526315789473,4.609756097560975,8.955448122347393,False,157.28289473684208,314.56578947368416,629.1315789473683
img-554.jpg,medium_pothole,0.0738358166930529,0.4660878829352911,0.4600763003716558,0.4660878829352911,0.533912117064709,2.3862404836786024,HIGH,schedule inspection and maintenance planning,107,43,4601,0.2011278195488721,0.1433333333333333,0.028828320802005,2.488372093023256,8.434246270595311,False,77.16212406015038,154.32424812030075,308.6484962406015
img-554.jpg,medium_pothole,0.0973498413865996,0.5915175892482656,0.3111325693651348,0.5915175892482656,0.4084824107517344,2.213782727978535,HIGH,schedule inspection and maintenance planning,85,20,1700,0.1597744360902255,0.0666666666666666,0.0106516290726817,4.25,7.438971592395862,False,75.79887218045113,151.59774436090225,303.1954887218045
img-554.jpg,major_pothole,0.0883547221644629,0.3422120653207204,0.5694332125148166,0.5694332125148166,0.4305667874851834,2.4810784903503533,HIGH,schedule inspection and maintenance planning,99,16,1584,0.1860902255639097,0.0533333333333333,0.0099248120300751,6.1875,7.368339686311381,False,151.48872180451124,302.9774436090225,605.954887218045
img-555.jpg,major_pothole,0.0524779129527287,0.1575101561219362,0.7900119309253348,0.7900119309253348,0.2099880690746651,2.7375340179726053,CRITICAL,prioritize inspection/maintenance review,177,65,11505,0.4425,0.2166666666666666,0.095875,2.723076923076923,9.350623917423238,False,164.38125,328.7625,657.525
d0c3cc66-img-556.jpg,major_pothole,0.0349079704934895,0.202088585308527,0.7630034441979834,0.7630034441979834,0.2369965558020166,2.7280954737044936,CRITICAL,prioritize inspection/maintenance review,141,48,6768,0.3525,0.16,0.0564,2.9375,8.820108644508608,False,158.46,316.92,633.84
d0c3cc66-img-556.jpg,medium_pothole,0.2143524164105793,0.6734131802918132,0.1122344032976075,0.6734131802918132,0.3265868197081868,1.897881986887028,MEDIUM,schedule inspection and maintenance planning,33,19,627,0.0825,0.0633333333333333,0.005225,1.736842105263158,6.442540166468199,False,75.391875,150.78375,301.5675
d0c3cc66-img-556.jpg,medium_pothole,0.1249212325296584,0.6233423240117354,0.2517364434586062,0.6233423240117354,0.3766576759882646,2.126815210928948,HIGH,schedule inspection and maintenance planning,27,5,135,0.0675,0.0166666666666666,0.001125,5.4,4.912654885736052,False,75.08437500000001,150.16875000000002,300.33750000000003
d0c3cc66-img-556.jpg,medium_pothole,0.2100136006766848,0.6770928314524857,0.1128935678708294,0.6770928314524857,0.3229071685475143,1.9028799671941443,MEDIUM,schedule inspection and maintenance planning,28,14,392,0.07,0.0466666666666666,0.0032666666666666,2.0,5.973809611869261,False,75.24499999999999,150.48999999999998,300.97999999999996
d0c3cc66-img-556.jpg,medium_pothole,0.313670626979,0.6021440245623907,0.0841853484586096,0.6021440245623907,0.3978559754376093,1.7705147214796102,MEDIUM,schedule inspection and maintenance planning,9,5,45,0.0225,0.0166666666666666,0.000375,1.8,3.828641396489095,False,75.028125,150.05625,300.1125
d0c3cc66-img-556.jpg,medium_pothole,0.0774480551779209,0.6019086579804672,0.3206432868416117,0.6019086579804672,0.3980913420195328,2.2431952316636905,HIGH,schedule inspection and maintenance planning,79,39,3081,0.1975,0.13,0.025675,2.025641025641025,8.033334015880062,False,76.925625,153.85125,307.7025
d0c3cc66-img-556.jpg,medium_pothole,0.2194051420190529,0.6848428660706711,0.0957519919102757,0.6848428660706711,0.3151571339293288,1.876346849891222,MEDIUM,schedule inspection and maintenance planning,28,19,532,0.07,0.0633333333333333,0.0044333333333333,1.4736842105263157,6.278521424165844,False,75.3325,150.665,301.33
d0c3cc66-img-556.jpg,medium_pothole,0.218501458252054,0.6780095138332387,0.1034890279147072,0.6780095138332387,0.3219904861667613,1.8849875696626528,MEDIUM,schedule inspection and maintenance planning,32,21,672,0.08,0.07,0.0056,1.5238095238095235,6.511745329644728,False,75.42,150.84,301.68
d0c3cc66-img-556.jpg,medium_pothole,0.0863395341729946,0.6537673911328016,0.259893074694204,0.6537673911328016,0.3462326088671984,2.1735535405212096,HIGH,schedule inspection and maintenance planning,63,15,945,0.1575,0.05,0.007875,4.2,6.852242569051878,False,75.590625,151.18125,302.3625
d0c3cc66-img-556.jpg,minor_pothole,0.685476421492305,0.2259764052786193,0.0885471732290758,0.685476421492305,0.3145235785076949,1.403070751736771,MEDIUM,monitor and include in routine maintenance review,7,1,7,0.0175,0.0033333333333333,5.833333333333333e-05,7.0,2.079441541679836,False,50.002916666666664,100.00583333333333,200.01166666666666
d0c3cc66-img-556.jpg,medium_pothole,0.287296052618249,0.5511308248510686,0.1615731225306824,0.5511308248510686,0.4488691751489314,1.8742770699124327,MEDIUM,schedule inspection and maintenance planning,14,3,42,0.035,0.01,0.00035,4.666666666666667,3.7612001156935615,False,75.02625,150.0525,300.105
d0c3cc66-img-556.jpg,medium_pothole,0.2021644359685085,0.5384380352559545,0.2593975287755369,0.5384380352559545,0.4615619647440455,2.0572330928070284,HIGH,schedule inspection and maintenance planning,20,3,60,0.05,0.01,0.0005,6.666666666666667,4.110873864173311,False,75.0375,150.075,300.15
img-557.jpg,major_pothole,0.0515646140810152,0.4612233665090025,0.4872120194099824,0.4872120194099824,0.5127879805900176,2.435647405328967,HIGH,schedule inspection and maintenance planning,99,44,4356,0.2475,0.1466666666666666,0.0363,2.25,8.379539026117442,False,155.445,310.89,621.78
img-558.jpg,major_pothole,0.0398316766457733,0.1490988549323745,0.8110694684218522,0.8110694684218522,0.1889305315781477,2.771237791776079,CRITICAL,prioritize inspection/maintenance review,171,46,7866,0.4275,0.1533333333333333,0.06555,3.717391304347826,8.970432074329242,False,159.8325,319.665,639.33
img-558.jpg,medium_pothole,0.1292958353709278,0.6730379873011711,0.1976661773279008,0.6730379873011711,0.3269620126988288,2.0683703419569723,HIGH,schedule inspection and maintenance planning,51,18,918,0.1275,0.06,0.00765,2.833333333333333,6.823286122355687,False,75.57374999999999,151.14749999999998,302.29499999999996
img-558.jpg,medium_pothole,0.2118459129771699,0.6837845670864225,0.1043695199364075,0.6837845670864225,0.3162154329135774,1.8925236069592373,MEDIUM,schedule inspection and maintenance planning,23,12,276,0.0575,0.04,0.0023,1.9166666666666667,5.6240175061873385,False,75.1725,150.345,300.69
img-559.jpg,major_pothole,0.0187776300190093,0.1820531654610894,0.7991692045199011,0.7991692045199011,0.2008307954800988,2.780391574500892,CRITICAL,prioritize inspection/maintenance review,201,155,31155,0.3771106941838649,0.5166666666666667,0.1948405253283302,1.2967741935483872,10.34676212203984,False,179.22607879924954,358.45215759849907,716.9043151969981
img-559.jpg,medium_pothole,0.2205707498534807,0.6480107325562283,0.1314185175902907,0.6480107325562283,0.3519892674437717,1.9108477677368088,MEDIUM,schedule inspection and maintenance planning,46,42,1932,0.0863039399624765,0.14,0.0120825515947467,1.0952380952380951,7.566828479208331,False,75.906191369606,151.812382739212,303.624765478424
img-56.jpg,medium_pothole,0.2403831299306306,0.6485028369196907,0.1111140331496783,0.6485028369196907,0.3514971630803093,1.8707309032190471,MEDIUM,schedule inspection and maintenance planning,189,101,19089,0.2625,0.1402777777777777,0.0368229166666666,1.871287128712872,9.856919916719791,False,77.76171875,155.5234375,311.046875
img-56.jpg,minor_pothole,0.5403785787414885,0.3844002536216347,0.0752211676368767,0.5403785787414885,0.4596214212585114,1.534842588895388,MEDIUM,schedule inspection and maintenance planning,40,17,680,0.0555555555555555,0.0236111111111111,0.0013117283950617,2.3529411764705883,6.523562306149512,False,50.06558641975308,100.13117283950616,200.26234567901233
img-560.jpg,medium_pothole,0.2195847191297893,0.6749356455293248,0.105479635340886,0.6749356455293248,0.3250643544706751,1.885894916211097,MEDIUM,schedule inspection and maintenance planning,22,11,242,0.0488888888888888,0.0366666666666666,0.0017925925925925,2.0,5.493061443340548,False,75.13444444444444,150.26888888888888,300.53777777777776
img-560.jpg,medium_pothole,0.1983236830720671,0.6531579070651111,0.148518409862822,0.6531579070651111,0.3468420929348889,1.950194726790756,MEDIUM,schedule inspection and maintenance planning,30,11,330,0.0666666666666666,0.0366666666666666,0.0024444444444444,2.727272727272727,5.802118375377063,False,75.18333333333334,150.36666666666667,300.73333333333335
img-560.jpg,medium_pothole,0.2555116389782739,0.6476194715731396,0.0968688894485865,0.6476194715731396,0.3523805284268604,1.8413572504703128,MEDIUM,schedule inspection and maintenance planning,13,6,78,0.0288888888888888,0.02,0.0005777777777777,2.1666666666666665,4.3694478524670215,False,75.04333333333334,150.08666666666667,300.17333333333335
img-560.jpg,medium_pothole,0.1683398221526252,0.6516690945181307,0.1799910833292441,0.6516690945181307,0.3483309054818693,2.011651261176619,HIGH,schedule inspection and maintenance planning,28,8,224,0.0622222222222222,0.0266666666666666,0.0016592592592592,3.5,5.41610040220442,False,75.12444444444445,150.2488888888889,300.4977777777778
img-561.jpg,medium_pothole,0.1814823892160292,0.6614033516732877,0.1571142591106833,0.6614033516732877,0.3385966483267123,1.9756318698946544,MEDIUM,schedule inspection and maintenance planning,36,14,504,0.09,0.0466666666666666,0.0042,2.571428571428572,6.22455842927536,False,75.315,150.63,301.26
img-561.jpg,medium_pothole,0.1148986525647363,0.6731700992372444,0.2119312481980193,0.6731700992372444,0.3268299007627556,2.0970325956332827,HIGH,schedule inspection and maintenance planning,57,20,1140,0.1425,0.0666666666666666,0.0095,2.85,7.039660349862076,False,75.7125,151.425,302.85
img-561.jpg,major_pothole,0.0193729123629154,0.1559501770549029,0.8246769105821817,0.8246769105821817,0.1753230894178182,2.8053039982192667,CRITICAL,prioritize inspection/maintenance review,121,160,19360,0.3025,0.5333333333333333,0.1613333333333333,0.75625,9.871016012389166,False,174.2,348.4,696.8
img-561.jpg,major_pothole,0.033386309367769,0.1876435669507249,0.7789701236815058,0.7789701236815058,0.2210298763184942,2.745583814313736,CRITICAL,prioritize inspection/maintenance review,278,104,28912,0.695,0.3466666666666667,0.2409333333333333,2.673076923076923,10.272046599948313,False,186.14,372.28,744.56
img-561.jpg,major_pothole,0.0578350651783677,0.2719498362877473,0.6702150985338846,0.6702150985338846,0.3297849014661154,2.612380033355516,CRITICAL,prioritize inspection/maintenance review,118,99,11682,0.295,0.33,0.09735,1.1919191919191918,9.365890072717148,False,164.60250000000002,329.20500000000004,658.4100000000001
img-561.jpg,medium_pothole,0.1994440319906275,0.6604553640565658,0.1401006039528068,0.6604553640565658,0.3395446359434342,1.94065657196218,MEDIUM,schedule inspection and maintenance planning,42,24,1008,0.105,0.08,0.0084,1.75,6.9167150203536085,False,75.63,151.26,302.52
img-561.jpg,medium_pothole,0.2194051420190529,0.6848428660706711,0.0957519919102757,0.6848428660706711,0.3151571339293288,1.876346849891222,MEDIUM,schedule inspection and maintenance planning,28,19,532,0.07,0.0633333333333333,0.0044333333333333,1.4736842105263157,6.278521424165844,False,75.3325,150.665,301.33
img-561.jpg,medium_pothole,0.2007016553953361,0.6634647427902863,0.1358336018143774,0.6634647427902863,0.3365352572097136,1.9351319464190408,MEDIUM,schedule inspection and maintenance planning,36,17,612,0.09,0.0566666666666666,0.0051,2.117647058823529,6.418364935936212,False,75.38250000000001,150.76500000000001,301.53000000000003
img-561.jpg,medium_pothole,0.1218646177881175,0.6584281693657401,0.219707212846142,0.6584281693657401,0.3415718306342599,2.097842595058024,HIGH,schedule inspection and maintenance planning,61,30,1830,0.1525,0.1,0.01525,2.033333333333333,7.5126175446745105,False,76.14375,152.2875,304.575
img-562.jpg,medium_pothole,0.2121891049703719,0.6718976685387181,0.1159132264909096,0.6718976685387181,0.3281023314612818,1.903724121520537,MEDIUM,schedule inspection and maintenance planning,33,18,594,0.0825,0.06,0.00495,1.8333333333333333,6.38856140554563,False,75.37125,150.7425,301.485
img-562.jpg,medium_pothole,0.1881517379890315,0.6815809668118044,0.1302672951991644,0.6815809668118044,0.3184190331881956,1.9421155572101327,MEDIUM,schedule inspection and maintenance planning,43,41,1763,0.1075,0.1366666666666666,0.0146916666666666,1.048780487804878,7.475339236566737,False,76.10187499999999,152.20374999999999,304.40749999999997
img-563.jpg,medium_pothole,0.1939264322591047,0.6281238533212447,0.1779497144196502,0.6281238533212447,0.3718761466787553,1.9840232821605448,MEDIUM,schedule inspection and maintenance planning,56,40,2240,0.1050656660412758,0.1333333333333333,0.0140087554721701,1.4,7.714677473800927,False,76.05065666041277,152.10131332082554,304.2026266416511
img-563.jpg,medium_pothole,0.1359633687652939,0.6123461695192397,0.2516904617154662,0.6123461695192397,0.3876538304807603,2.115727092950172,HIGH,schedule inspection and maintenance planning,73,33,2409,0.1369606003752345,0.11,0.0150656660412757,2.212121212121212,7.787382026484701,False,76.12992495309568,152.25984990619136,304.5196998123827
img-564.jpg,medium_pothole,0.0725855336658246,0.5868260811618345,0.3405883851723411,0.5868260811618345,0.4131739188381654,2.268002851506517,HIGH,schedule inspection and maintenance planning,82,38,3116,0.205,0.1266666666666666,0.0259666666666666,2.1578947368421053,8.044626279767337,False,76.9475,153.895,307.79
img-564.jpg,major_pothole,0.0467320587866418,0.4213981560701213,0.5318697851432369,0.5318697851432369,0.4681302148567631,2.4851377263565952,HIGH,schedule inspection and maintenance planning,105,38,3990,0.2625,0.1266666666666666,0.03325,2.763157894736842,8.291797105048733,False,154.9875,309.975,619.95
img-564.jpg,major_pothole,0.0576276046092649,0.4042946431077203,0.5380777522830147,0.5380777522830147,0.4619222477169853,2.480450147673749,HIGH,schedule inspection and maintenance planning,102,22,2244,0.255,0.0733333333333333,0.0187,4.636363636363637,7.716460800176355,False,152.80499999999998,305.60999999999996,611.2199999999999
img-564.jpg,medium_pothole,0.1480655734328182,0.6669040641034939,0.1850303624636878,0.6669040641034939,0.3330959358965061,2.0369647890308693,HIGH,schedule inspection and maintenance planning,46,17,782,0.115,0.0566666666666666,0.0065166666666666,2.7058823529411766,6.663132695990803,False,75.48874999999998,150.97749999999996,301.9549999999999
img-564.jpg,medium_pothole,0.0911676549571763,0.6654510289163897,0.2433813161264338,0.6654510289163897,0.3345489710836102,2.1522136611692573,HIGH,schedule inspection and maintenance planning,53,12,636,0.1325,0.04,0.0053,4.416666666666667,6.456769655572163,False,75.39750000000001,150.79500000000002,301.59000000000003
img-565.jpg,major_pothole,0.0863743825668759,0.1600273096492144,0.7535983077839096,0.7535983077839096,0.2464016922160904,2.6672239252170336,CRITICAL,prioritize inspection/maintenance review,387,172,66564,0.9532019704433498,0.5733333333333334,0.5465024630541871,2.25,11.105934192866018,False,231.97536945812809,463.95073891625617,927.9014778325123
img-566.jpg,medium_pothole,0.1836257925929451,0.6534725757515178,0.1629016316555367,0.6534725757515178,0.3465274242484821,1.9792758390625909,MEDIUM,schedule inspection and maintenance planning,34,12,408,0.0776255707762557,0.04,0.0031050228310502,2.833333333333333,6.013715156042802,False,75.23287671232877,150.46575342465755,300.9315068493151
img-566.jpg,medium_pothole,0.2078846377708018,0.6608712387906823,0.131244123438516,0.6608712387906823,0.3391287612093177,1.9233594856677143,MEDIUM,schedule inspection and maintenance planning,29,12,348,0.0662100456621004,0.04,0.002648401826484,2.4166666666666665,5.855071922202427,False,75.19863013698631,150.39726027397262,300.79452054794524
img-566.jpg,medium_pothole,0.2257033486776411,0.6617043101498029,0.112592341172556,0.6617043101498029,0.3382956898501971,1.886888992494915,MEDIUM,schedule inspection and maintenance planning,38,27,1026,0.0867579908675799,0.09,0.0078082191780821,1.4074074074074074,6.934397209928558,False,75.58561643835617,151.17123287671234,302.3424657534247
img-566.jpg,medium_pothole,0.1955945468078921,0.644665783022324,0.159739670169784,0.644665783022324,0.355334216977676,1.964145123361892,MEDIUM,schedule inspection and maintenance planning,48,27,1296,0.1095890410958904,0.09,0.0098630136986301,1.7777777777777777,7.167809184316444,False,75.73972602739727,151.47945205479454,302.95890410958907
img-566.jpg,medium_pothole,0.2252045583740405,0.6648666651170995,0.1099287765088601,0.6648666651170995,0.3351333348829005,1.88472421813482,MEDIUM,schedule inspection and maintenance planning,38,29,1102,0.0867579908675799,0.0966666666666666,0.008386605783866,1.3103448275862069,7.005789019253503,False,75.62899543378995,151.2579908675799,302.5159817351598
img-566.jpg,medium_pothole,0.2091254538181525,0.6474754679050212,0.143399078276826,0.6474754679050212,0.3525245320949788,1.934273624458673,MEDIUM,schedule inspection and maintenance planning,44,25,1100,0.1004566210045662,0.0833333333333333,0.0083713850837138,1.76,7.00397413672268,False,75.62785388127853,151.25570776255705,302.5114155251141
img-566.jpg,medium_pothole,0.2219822784743461,0.6847229024793806,0.0932948190462736,0.6847229024793806,0.3152770975206194,1.871312540571928,MEDIUM,schedule inspection and maintenance planning,18,11,198,0.0410958904109589,0.0366666666666666,0.0015068493150684,1.6363636363636365,5.293304824724492,False,75.11301369863014,150.22602739726028,300.45205479452056
img-566.jpg,medium_pothole,0.2230539862805833,0.6884264164750248,0.0885195972443917,0.6884264164750248,0.3115735835249752,1.865465610963808,MEDIUM,schedule inspection and maintenance planning,17,12,204,0.0388127853881278,0.04,0.0015525114155251,1.4166666666666667,5.3230099791384085,False,75.11643835616438,150.23287671232876,300.4657534246575
img-566.jpg,medium_pothole,0.224119287896406,0.6584246714773467,0.1174560406262474,0.6584246714773467,0.3415753285226532,1.8933367527298417,MEDIUM,schedule inspection and maintenance planning,37,22,814,0.0844748858447488,0.0733333333333333,0.0061948249619482,1.681818181818182,6.703188113240863,False,75.46461187214611,150.92922374429222,301.85844748858443
img-566.jpg,medium_pothole,0.2142566680824159,0.6637183646977604,0.122024967219824,0.6637183646977604,0.3362816353022396,1.9077682991374083,MEDIUM,schedule inspection and maintenance planning,42,34,1428,0.0958904109589041,0.1133333333333333,0.0108675799086757,1.2352941176470589,7.264730177929867,False,75.81506849315068,151.63013698630135,303.2602739726027
img-567.jpg,major_pothole,0.0751467607930872,0.1048879107974748,0.8199653284094381,0.8199653284094381,0.1800346715905618,2.7448185676163512,CRITICAL,prioritize inspection/maintenance review,331,222,73482,0.7355555555555555,0.74,0.5443111111111111,1.490990990990991,11.204809365931682,False,231.64666666666665,463.2933333333333,926.5866666666666
img-568.jpg,major_pothole,0.0468975481203341,0.175230398299391,0.777872053580275,0.777872053580275,0.222127946419725,2.730974505459941,CRITICAL,prioritize inspection/maintenance review,155,66,10230,0.3875,0.22,0.08525,2.3484848484848486,9.23317760587894,False,162.7875,325.575,651.15
img-568.jpg,medium_pothole,0.1728509643453921,0.6578898664256058,0.1692591692290021,0.6578898664256058,0.3421101335743942,1.99640820488361,MEDIUM,schedule inspection and maintenance planning,45,20,900,0.1125,0.0666666666666666,0.0075,2.25,6.803505257608338,False,75.5625,151.125,302.25
img-569.jpg,medium_pothole,0.0696522261701771,0.5760876781154018,0.354260095714421,0.5760876781154018,0.4239123218845981,2.284607869544244,HIGH,schedule inspection and maintenance planning,84,22,1848,0.21,0.0733333333333333,0.0154,3.8181818181818175,7.522400231387125,False,76.155,152.31,304.62
img-569.jpg,major_pothole,0.0384091887800391,0.2680592417232903,0.6935315694966705,0.6935315694966705,0.3064684305033295,2.6551223807166315,CRITICAL,prioritize inspection/maintenance review,127,34,4318,0.3175,0.1133333333333333,0.0359833333333333,3.735294117647059,8.3707791729607,False,155.39749999999998,310.79499999999996,621.5899999999999
img-57.jpg,medium_pothole,0.3182505697847662,0.5810709057212677,0.1006785244939659,0.5810709057212677,0.4189290942787322,1.7824279547091992,MEDIUM,schedule inspection and maintenance planning,163,95,15485,0.2263888888888889,0.1319444444444444,0.0298707561728395,1.7157894736842103,9.647691668946669,False,77.24030671296296,154.48061342592592,308.96122685185185
img-570.jpg,medium_pothole,0.1123480582148617,0.5925256726058548,0.2951262691792837,0.5925256726058548,0.4074743273941452,2.1827782109644223,HIGH,schedule inspection and maintenance planning,80,46,3680,0.150093808630394,0.1533333333333333,0.0230143839899937,1.7391304347826086,8.210939733379021,False,76.72607879924952,153.45215759849904,306.9043151969981
img-570.jpg,medium_pothole,0.0987057498024948,0.5827260837921181,0.3185681664053873,0.5827260837921181,0.4172739162078819,2.2198624166028926,HIGH,schedule inspection and maintenance planning,90,28,2520,0.1688555347091932,0.0933333333333333,0.0157598499061913,3.2142857142857144,7.83241092718792,False,76.18198874296435,152.3639774859287,304.7279549718574
img-570.jpg,medium_pothole,0.1952669012684828,0.621381185671621,0.1833519130598961,0.621381185671621,0.3786188143283789,1.9880850117914133,MEDIUM,schedule inspection and maintenance planning,57,36,2052,0.1069418386491557,0.12,0.0128330206378986,1.5833333333333333,7.627057417018934,False,75.9624765478424,151.9249530956848,303.8499061913696
img-570.jpg,medium_pothole,0.1938488775872368,0.616860184364967,0.1892909380477958,0.616860184364967,0.3831398156350329,1.995442060460558,MEDIUM,schedule inspection and maintenance planning,56,26,1456,0.1050656660412758,0.0866666666666666,0.0091056910569105,2.1538461538461537,7.284134806195205,False,75.68292682926828,151.36585365853657,302.73170731707313
img-570.jpg,medium_pothole,0.2306983396662192,0.6335393730490791,0.1357622872847016,0.6335393730490791,0.3664606269509208,1.9050639476184823,MEDIUM,schedule inspection and maintenance planning,47,35,1645,0.0881801125703564,0.1166666666666666,0.0102876797998749,1.3428571428571427,7.406103381237015,False,75.77157598499062,151.54315196998124,303.0863039399625
img-571.jpg,medium_pothole,0.1995167741954671,0.6336266922143772,0.1668565335901554,0.6336266922143772,0.3663733077856228,1.967339759394688,MEDIUM,schedule inspection and maintenance planning,37,13,481,0.0694183864915572,0.0433333333333333,0.0030081300813008,2.8461538461538463,6.1779441140506,False,75.22560975609755,150.4512195121951,300.9024390243902
img-571.jpg,medium_pothole,0.1032356667087323,0.5819324613484664,0.3148318719428011,0.5819324613484664,0.4180675386515335,2.2115962052340685,HIGH,schedule inspection and maintenance planning,82,53,4346,0.1538461538461538,0.1766666666666666,0.0271794871794871,1.5471698113207548,8.377241230988792,False,77.03846153846153,154.07692307692307,308.15384615384613
img-571.jpg,medium_pothole,0.2413578331407343,0.6338330001648171,0.1248091666944487,0.6338330001648171,0.3661669998351828,1.8834513335537144,MEDIUM,schedule inspection and maintenance planning,44,31,1364,0.0825515947467167,0.1033333333333333,0.0085303314571607,1.4193548387096775,7.21890970761906,False,75.63977485928706,151.27954971857412,302.55909943714823
img-571.jpg,medium_pothole,0.2267736629972917,0.6189332067224115,0.1542931302802967,0.6189332067224115,0.3810667932775885,1.9275194672830047,MEDIUM,schedule inspection and maintenance planning,49,27,1323,0.0919324577861163,0.09,0.0082739212007504,1.8148148148148149,7.188412736496954,False,75.62054409005627,151.24108818011254,302.4821763602251
img-571.jpg,medium_pothole,0.2190005840668989,0.6170380110814223,0.1639614048516786,0.6170380110814223,0.3829619889185777,1.9449608207847795,MEDIUM,schedule inspection and maintenance planning,50,25,1250,0.0938086303939962,0.0833333333333333,0.0078173858661663,2.0,7.131698510466912,False,75.58630393996248,151.17260787992495,302.3452157598499
img-571.jpg,medium_pothole,0.23165368876108,0.6264621052351665,0.141884206003753,0.6264621052351665,0.3735378947648334,1.910230517242672,MEDIUM,schedule inspection and maintenance planning,41,19,779,0.0769230769230769,0.0633333333333333,0.0048717948717948,2.1578947368421053,6.659293919683638,False,75.36538461538461,150.73076923076923,301.46153846153845
img-571.jpg,medium_pothole,0.2317840773053384,0.6237845127239673,0.1444314099706943,0.6237845127239673,0.3762154872760327,1.912647332665356,MEDIUM,schedule inspection and maintenance planning,48,30,1440,0.0900562851782364,0.1,0.0090056285178236,1.6,7.273092595999522,False,75.67542213883677,151.35084427767353,302.70168855534706
img-571.jpg,medium_pothole,0.2171481677501415,0.6218822850572296,0.1609695471926287,0.6218822850572296,0.3781177149427703,1.9438213794424868,MEDIUM,schedule inspection and maintenance planning,52,33,1716,0.0975609756097561,0.11,0.0107317073170731,1.5757575757575757,7.448333860897476,False,75.8048780487805,151.609756097561,303.219512195122
img-571.jpg,medium_pothole,0.1020727107903154,0.6251207607561132,0.2728065284535713,0.6251207607561132,0.3748792392438868,2.170733817663256,HIGH,schedule inspection and maintenance planning,68,15,1020,0.1275797373358349,0.05,0.0063789868667917,4.533333333333333,6.928537818164665,False,75.47842401500937,150.95684803001873,301.91369606003747
img-571.jpg,medium_pothole,0.140980065110267,0.6277785606490298,0.2312413742407028,0.6277785606490298,0.3722214393509702,2.090261309130435,HIGH,schedule inspection and maintenance planning,68,25,1700,0.1275797373358349,0.0833333333333333,0.0106316447779862,2.72,7.438971592395862,False,75.79737335834896,151.59474671669793,303.18949343339585
img-571.jpg,medium_pothole,0.2318659937145964,0.6645160630952933,0.10361794319011,0.6645160630952933,0.3354839369047067,1.871751949475513,MEDIUM,schedule inspection and maintenance planning,23,12,276,0.0431519699812382,0.04,0.0017260787992495,1.9166666666666667,5.6240175061873385,False,75.12945590994372,150.25891181988743,300.51782363977486
img-571.jpg,medium_pothole,0.2265294669494372,0.6321094034828391,0.1413611295677235,0.6321094034828391,0.3678905965171609,1.914831662618286,MEDIUM,schedule inspection and maintenance planning,19,6,114,0.0356472795497185,0.02,0.0007129455909943,3.1666666666666665,4.74493212836325,False,75.05347091932457,150.10694183864913,300.21388367729827
img-571.jpg,medium_pothole,0.1119231415272338,0.5888318328221022,0.2992450256506642,0.5888318328221022,0.4111681671778978,2.1873218841234308,HIGH,schedule inspection and maintenance planning,82,40,3280,0.1538461538461538,0.1333333333333333,0.0205128205128205,2.05,8.0959035329611,False,76.53846153846153,153.07692307692307,306.15384615384613
img-571.jpg,major_pothole,0.0709323075155298,0.1831944176198541,0.7458732748646159,0.7458732748646159,0.2541267251353841,2.6749409673490856,CRITICAL,prioritize inspection/maintenance review,173,70,12110,0.324577861163227,0.2333333333333333,0.0757348342714196,2.4714285714285715,9.401869409521051,False,161.36022514071294,322.7204502814259,645.4409005628518
img-571.jpg,medium_pothole,0.1294170763404884,0.6260572034327937,0.2445257202267177,0.6260572034327937,0.3739427965672063,2.115108643886229,HIGH,schedule inspection and maintenance planning,69,54,3726,0.1294559099437148,0.18,0.0233020637898686,1.2777777777777777,8.223358899479258,False,76.74765478424015,153.4953095684803,306.9906191369606
img-572.jpg,medium_pothole,0.088589870405837,0.5255137130061768,0.3858964165879861,0.5255137130061768,0.4744862869938232,2.297306546182149,HIGH,schedule inspection and maintenance planning,98,22,2156,0.1838649155722326,0.0733333333333333,0.0134834271419637,4.454545454545454,7.676473646389156,False,76.01125703564728,152.02251407129455,304.0450281425891
img-572.jpg,medium_pothole,0.2384468907823632,0.6553796553018405,0.1061734539157962,0.6553796553018405,0.3446203446981595,1.8677265631334328,MEDIUM,schedule inspection and maintenance planning,28,15,420,0.0525328330206379,0.05,0.0026266416510318,1.8666666666666667,6.042632833682381,False,75.19699812382738,150.39399624765477,300.78799249530954
img-572.jpg,medium_pothole,0.1709054583592363,0.6425617204180284,0.1865328212227349,0.6425617204180284,0.3574382795819716,2.0156273628634978,HIGH,schedule inspection and maintenance planning,34,10,340,0.0637898686679174,0.0333333333333333,0.0021263289555972,3.4,5.831882477283517,False,75.1594746716698,150.3189493433396,300.6378986866792
img-573.jpg,major_pothole,0.0303311591738608,0.1807403318349049,0.7889285089912341,0.7889285089912341,0.2110714910087658,2.758597349817373,CRITICAL,prioritize inspection/maintenance review,377,82,30914,0.6930147058823529,0.2733333333333333,0.1894240196078431,4.597560975609756,10.33899678199267,False,178.41360294117646,356.8272058823529,713.6544117647059
img-574.jpg,major_pothole,0.0679264151763056,0.1710898170937392,0.7609837677299551,0.7609837677299551,0.2390162322700448,2.6930573525536494,CRITICAL,prioritize inspection/maintenance review,208,36,7488,0.4176706827309236,0.12,0.0501204819277108,5.777777777777778,8.921190556249368,False,157.5180722891566,315.0361445783132,630.0722891566264
img-574.jpg,major_pothole,0.0810090041009211,0.2228768310894236,0.6961141648096554,0.6961141648096554,0.3038858351903446,2.6151051607087346,CRITICAL,prioritize inspection/maintenance review,150,27,4050,0.3012048192771084,0.09,0.0271084337349397,5.555555555555555,8.30671904320269,False,154.06626506024094,308.1325301204819,616.2650602409637
img-574.jpg,medium_pothole,0.0819263515634258,0.4882931718494273,0.429780476587147,0.4882931718494273,0.5117068281505728,2.347854125023721,HIGH,schedule inspection and maintenance planning,97,20,1940,0.1947791164658634,0.0666666666666666,0.0129852744310575,4.85,7.57095858316901,False,75.9738955823293,151.9477911646586,303.8955823293172
img-574.jpg,major_pothole,0.0820209819783703,0.3504886688471794,0.5674903491744504,0.5674903491744504,0.4325096508255496,2.48546936719608,HIGH,schedule inspection and maintenance planning,88,14,1232,0.1767068273092369,0.0466666666666666,0.0082463186077643,6.285714285714286,7.117205503164344,False,151.23694779116465,302.4738955823293,604.9477911646586
img-574.jpg,medium_pothole,0.0962769546816972,0.6252042736445507,0.2785187716737523,0.6252042736445507,0.3747957263554493,2.182241816992055,HIGH,schedule inspection and maintenance planning,50,10,500,0.1004016064257028,0.0333333333333333,0.00334672021419,5.0,6.2166061010848646,False,75.25100401606424,150.5020080321285,301.004016064257
img-574.jpg,medium_pothole,0.2213387326310764,0.6594979264822708,0.1191633408866524,0.6594979264822708,0.3405020735177292,1.8978246082555752,MEDIUM,schedule inspection and maintenance planning,22,9,198,0.0441767068273092,0.03,0.0013253012048192,2.4444444444444446,5.293304824724492,False,75.09939759036143,150.19879518072287,300.39759036144574
img-574.jpg,medium_pothole,0.082881987437512,0.4768590187419106,0.4402589938205773,0.4768590187419106,0.5231409812580894,2.357377006383065,HIGH,schedule inspection and maintenance planning,50,8,400,0.1004016064257028,0.0266666666666666,0.002677376171352,6.25,5.993961427306569,False,75.20080321285141,150.40160642570282,300.80321285140565
img-574.jpg,medium_pothole,0.1268989613982169,0.6632908791050084,0.2098101594967747,0.6632908791050084,0.3367091208949916,2.0829111980985577,HIGH,schedule inspection and maintenance planning,68,6,408,0.1365461847389558,0.02,0.0027309236947791,11.333333333333334,6.013715156042802,False,75.20481927710843,150.40963855421685,300.8192771084337
img-574.jpg,medium_pothole,0.1715438307198508,0.6405768575044994,0.1878793117756496,0.6405768575044994,0.3594231424955005,2.0163354810557985,HIGH,schedule inspection and maintenance planning,48,17,816,0.0963855421686747,0.0566666666666666,0.0054618473895582,2.823529411764706,6.705639094860003,False,75.40963855421687,150.81927710843374,301.6385542168675
img-575.jpg,major_pothole,0.041297342612861,0.2792324095320774,0.6794702478550614,0.6794702478550614,0.3205297521449386,2.6381729052422003,CRITICAL,prioritize inspection/maintenance review,124,58,7192,0.3031784841075794,0.1933333333333333,0.0586145069274653,2.1379310344827585,8.880863609867356,False,158.7921760391198,317.5843520782396,635.1687041564792
img-575.jpg,major_pothole,0.0929941679248844,0.175076427198171,0.7319294048769445,0.7319294048769445,0.2680705951230555,2.63893523695206,CRITICAL,prioritize inspection/maintenance review,146,18,2628,0.3569682151589242,0.06,0.0214180929095354,8.11111111111111,7.874358824729881,False,153.2127139364303,306.4254278728606,612.8508557457212
img-575.jpg,medium_pothole,0.10014886444931,0.695565610774763,0.2042855247759268,0.695565610774763,0.304434389225237,2.104136660326616,HIGH,schedule inspection and maintenance planning,102,9,918,0.2493887530562347,0.03,0.007481662591687,11.333333333333334,6.823286122355687,False,75.56112469437652,151.12224938875303,302.24449877750607
img-575.jpg,major_pothole,0.047159741772853,0.2822681904849013,0.6705720677422456,0.6705720677422456,0.3294279322577543,2.623412325969393,CRITICAL,prioritize inspection/maintenance review,124,28,3472,0.3031784841075794,0.0933333333333333,0.0282966585167074,4.428571428571429,8.152774052744075,False,154.24449877750612,308.48899755501225,616.9779951100245
img-575.jpg,major_pothole,0.0338235066219454,0.1941635619607863,0.7720129314172682,0.7720129314172682,0.2279870685827317,2.7381894247953222,CRITICAL,prioritize inspection/maintenance review,271,104,28184,0.6625916870415648,0.3466666666666667,0.2296984515077424,2.605769230769231,10.246545200515676,False,184.45476772616138,368.90953545232276,737.8190709046455
img-576.jpg,major_pothole,0.0730439384395998,0.1967247043400336,0.7302313572203665,0.7302313572203665,0.2697686427796335,2.6571874187807665,CRITICAL,prioritize inspection/maintenance review,390,123,47970,0.975,0.41,0.39975,3.1707317073170733,10.778351940641135,False,209.9625,419.925,839.85
img-576.jpg,medium_pothole,0.0685332500545258,0.5766182822053367,0.3548484677401374,0.5766182822053367,0.4233817177946632,2.286315217685612,HIGH,schedule inspection and maintenance planning,85,24,2040,0.2125,0.08,0.017,3.5416666666666665,7.621195162809845,False,76.27499999999999,152.54999999999998,305.09999999999997
img-577.jpg,major_pothole,0.0738336989279748,0.17831142170303,0.747854879368995,0.747854879368995,0.252145120631005,2.67402118044102,CRITICAL,prioritize inspection/maintenance review,198,80,15840,0.4125,0.2666666666666666,0.11,2.475,9.670356794688852,False,166.50000000000003,333.00000000000006,666.0000000000001
img-577.jpg,medium_pothole,0.1736835253540828,0.6479565476873635,0.1783599269585536,0.6479565476873635,0.3520434523126364,2.004676401604471,HIGH,schedule inspection and maintenance planning,37,12,444,0.0770833333333333,0.04,0.0030833333333333,3.083333333333333,6.09807428216624,False,75.23125,150.4625,300.925
img-577.jpg,medium_pothole,0.129024423947763,0.6564402544405629,0.2145353216116741,0.6564402544405629,0.3435597455594371,2.085510897663911,HIGH,schedule inspection and maintenance planning,61,59,3599,0.1270833333333333,0.1966666666666666,0.0249930555555555,1.0338983050847457,8.1886891244442,False,76.87447916666666,153.74895833333332,307.49791666666664
img-577.jpg,medium_pothole,0.1288066534891243,0.6321475540252987,0.2390457924855767,0.6321475540252987,0.3678524459747013,2.110239138996452,HIGH,schedule inspection and maintenance planning,68,43,2924,0.1416666666666666,0.1433333333333333,0.0203055555555555,1.5813953488372092,7.981049759665957,False,76.52291666666667,153.04583333333335,306.0916666666667
img-577.jpg,medium_pothole,0.2178551998043281,0.6684942272606464,0.1136505729350252,0.6684942272606464,0.3315057727393535,1.8957953731306965,MEDIUM,schedule inspection and maintenance planning,41,41,1681,0.0854166666666666,0.1366666666666666,0.0116736111111111,1.0,7.427738840532894,False,75.87552083333333,151.75104166666665,303.5020833333333
img-577.jpg,medium_pothole,0.1628600274548919,0.644504581900043,0.1926353906450652,0.644504581900043,0.355495418099957,2.0297753631901734,HIGH,schedule inspection and maintenance planning,58,43,2494,0.1208333333333333,0.1433333333333333,0.0173194444444444,1.3488372093023255,7.822044008185619,False,76.29895833333333,152.59791666666666,305.1958333333333
img-577.jpg,medium_pothole,0.1059126816094675,0.6088553828405762,0.2852319355499562,0.6088553828405762,0.3911446171594238,2.1793192539404886,HIGH,schedule inspection and maintenance planning,78,36,2808,0.1625,0.12,0.0195,2.1666666666666665,7.940583827104244,False,76.4625,152.925,305.85
img-577.jpg,major_pothole,0.0578081915671591,0.4092392153738759,0.5329525930589649,0.5329525930589649,0.4670474069410351,2.475144401491806,HIGH,schedule inspection and maintenance planning,113,43,4859,0.2354166666666666,0.1433333333333333,0.0337430555555555,2.627906976744186,8.48879371689454,False,155.06145833333335,310.1229166666667,620.2458333333334
img-577.jpg,medium_pothole,0.2311708420549118,0.6418593231978353,0.126969834747253,0.6418593231978353,0.3581406768021646,1.895798992692341,MEDIUM,schedule inspection and maintenance planning,41,24,984,0.0854166666666666,0.08,0.0068333333333333,1.7083333333333333,6.892641641172089,False,75.51249999999999,151.02499999999998,302.04999999999995
img-577.jpg,medium_pothole,0.1270320852961059,0.651149483766302,0.2218184309375926,0.651149483766302,0.348850516233698,2.094786345641488,HIGH,schedule inspection and maintenance planning,63,21,1323,0.13125,0.07,0.0091875,3.0,7.188412736496954,False,75.68906249999999,151.37812499999998,302.75624999999997
img-577.jpg,medium_pothole,0.1222505971324679,0.6285784010570359,0.2491710018104961,0.6285784010570359,0.3714215989429641,2.126920404678028,HIGH,schedule inspection and maintenance planning,70,44,3080,0.1458333333333333,0.1466666666666666,0.0213888888888888,1.5909090909090908,8.033009498596668,False,76.60416666666667,153.20833333333334,306.4166666666667
img-577.jpg,medium_pothole,0.2379433544288973,0.655161178767845,0.1068954668032578,0.655161178767845,0.344838821232155,1.8689521123743609,MEDIUM,schedule inspection and maintenance planning,34,21,714,0.0708333333333333,0.07,0.0049583333333333,1.619047619047619,6.572282542694008,False,75.371875,150.74375,301.4875
img-577.jpg,medium_pothole,0.2039114607910238,0.6510694877743369,0.1450190514346393,0.6510694877743369,0.348930512225663,1.941107590643616,MEDIUM,schedule inspection and maintenance planning,48,40,1920,0.1,0.1333333333333333,0.0133333333333333,1.2,7.560601162768557,False,75.99999999999999,151.99999999999997,303.99999999999994
img-577.jpg,medium_pothole,0.2331915815097891,0.6838708053571481,0.0829376131330627,0.6838708053571481,0.3161291946428519,1.8497460316232728,MEDIUM,schedule inspection and maintenance planning,31,33,1023,0.0645833333333333,0.11,0.0071041666666666,0.9393939393939394,6.931471805599453,False,75.5328125,151.065625,302.13125
img-578.jpg,major_pothole,0.0702528173935592,0.1815914715971084,0.7481557110093323,0.7481557110093323,0.2518442889906677,2.6779028936157725,CRITICAL,prioritize inspection/maintenance review,276,199,54924,0.6146993318485523,0.6633333333333333,0.407750556792873,1.3869346733668342,10.913723897252812,False,211.16258351893094,422.3251670378619,844.6503340757238
img-579.jpg,major_pothole,0.0795756740337462,0.2012634499930879,0.7191608759731658,0.7191608759731658,0.2808391240268342,2.63958520193942,CRITICAL,prioritize inspection/maintenance review,399,128,51072,0.9975,0.4266666666666667,0.4256,3.1171875,10.841011260818291,False,213.84,427.68,855.36
img-58.jpg,medium_pothole,0.2592950631252546,0.6434941690317706,0.0972107678429744,0.6434941690317706,0.3565058309682294,1.837915704717719,MEDIUM,schedule inspection and maintenance planning,153,119,18207,0.2125,0.1652777777777777,0.0351215277777777,1.2857142857142858,9.809616336926055,False,77.63411458333333,155.26822916666666,310.5364583333333
img-58.jpg,minor_pothole,0.6174233677872131,0.2926765365405796,0.0899000956722075,0.6174233677872131,0.3825766322127869,1.4724767278849948,MEDIUM,monitor and include in routine maintenance review,124,59,7316,0.1722222222222222,0.0819444444444444,0.0141126543209876,2.101694915254237,8.89795568688403,False,50.70563271604938,101.41126543209876,202.82253086419752
img-58.jpg,minor_pothole,0.7742937862309576,0.190807793953635,0.0348984198154074,0.7742937862309576,0.2257062137690424,1.26060463358445,LOW,monitor and include in routine maintenance review,54,39,2106,0.075,0.0541666666666666,0.0040625,1.3846153846153846,7.653020413804189,False,50.20312500000001,100.40625000000001,200.81250000000003
img-580.jpg,medium_pothole,0.1945608068152143,0.6163214348986354,0.1891177582861496,0.6163214348986354,0.3836785651013645,1.9945569514709336,MEDIUM,schedule inspection and maintenance planning,56,26,1456,0.1046728971962616,0.0866666666666666,0.0090716510903426,2.1538461538461537,7.284134806195205,False,75.6803738317757,151.3607476635514,302.7214953271028
img-580.jpg,medium_pothole,0.2319257891727824,0.6509457656001194,0.1171284452270982,0.6509457656001194,0.3490542343998806,1.885202656054316,MEDIUM,schedule inspection and maintenance planning,28,13,364,0.0523364485981308,0.0433333333333333,0.0022679127725856,2.1538461538461537,5.899897353582492,False,75.17009345794392,150.34018691588784,300.6803738317757
img-580.jpg,medium_pothole,0.1850570989880213,0.6176530113469477,0.1972898896650307,0.6176530113469477,0.3823469886530523,2.0122327906770088,HIGH,schedule inspection and maintenance planning,58,26,1508,0.108411214953271,0.0866666666666666,0.0093956386292834,2.230769230769231,7.319202458767849,False,75.70467289719626,151.40934579439252,302.81869158878504
img-581.jpg,medium_pothole,0.171954850345494,0.649312946061548,0.1787322035929578,0.649312946061548,0.350687053938452,2.006777353247464,HIGH,schedule inspection and maintenance planning,45,17,765,0.1006711409395973,0.0566666666666666,0.0057046979865771,2.647058823529412,6.641182169740591,False,75.42785234899328,150.85570469798657,301.71140939597313
img-581.jpg,medium_pothole,0.1331828364418226,0.6427317772900731,0.2240853862681039,0.6427317772900731,0.3572682227099268,2.0909025498262803,HIGH,schedule inspection and maintenance planning,64,37,2368,0.1431767337807606,0.1233333333333333,0.0176584638329604,1.7297297297297298,7.7702232041587855,False,76.32438478747203,152.64876957494405,305.2975391498881
img-581.jpg,medium_pothole,0.0648740173527601,0.5032105756097074,0.4319154070375323,0.5032105756097074,0.4967894243902926,2.367041389684772,HIGH,schedule inspection and maintenance planning,99,34,3366,0.2214765100671141,0.1133333333333333,0.0251006711409396,2.911764705882353,8.121777419161074,False,76.88255033557047,153.76510067114094,307.5302013422819
img-581.jpg,medium_pothole,0.2070798818865072,0.6593047764731385,0.1336153416403543,0.6593047764731385,0.3406952235268615,1.9265354597538469,MEDIUM,schedule inspection and maintenance planning,26,10,260,0.058165548098434,0.0333333333333333,0.0019388516032811,2.6,5.564520407322694,False,75.14541387024607,150.29082774049215,300.5816554809843
img-581.jpg,medium_pothole,0.2066776079544577,0.6531748712524256,0.1401475207931168,0.6531748712524256,0.3468251287475744,1.9334699128386592,MEDIUM,schedule inspection and maintenance planning,46,34,1564,0.1029082774049217,0.1133333333333333,0.0116629381058911,1.3529411764705883,7.355641102974253,False,75.87472035794183,151.74944071588365,303.4988814317673
img-581.jpg,medium_pothole,0.1598583741421667,0.6422292625640375,0.1979123632937959,0.6422292625640375,0.3577707374359625,2.0380539891516296,HIGH,schedule inspection and maintenance planning,57,29,1653,0.1275167785234899,0.0966666666666666,0.0123266219239373,1.9655172413793105,7.410951875583635,False,75.9244966442953,151.8489932885906,303.6979865771812
img-582.jpg,major_pothole,0.0874570600529645,0.1225465555810307,0.789996384366005,0.789996384366005,0.210003615633995,2.7025393243130407,CRITICAL,prioritize inspection/maintenance review,393,252,99036,0.817047817047817,0.84,0.6863201663201663,1.5595238095238095,11.503248796668048,False,252.94802494802497,505.89604989604993,1011.7920997920999
img-583.jpg,major_pothole,0.0597251107696099,0.2081806826060828,0.7320942066243072,0.7320942066243072,0.2679057933756927,2.6723690958546973,CRITICAL,prioritize inspection/maintenance review,158,60,9480,0.2964352720450281,0.2,0.0592870544090056,2.6333333333333333,9.15704507491796,False,158.89305816135084,317.7861163227017,635.5722326454033
img-584.jpg,major_pothole,0.0751429371255319,0.1692357148646632,0.7556213480098047,0.7556213480098047,0.2443786519901952,2.6804784108842727,CRITICAL,prioritize inspection/maintenance review,295,198,58410,0.6427015250544662,0.66,0.4241830065359477,1.4898989898989898,10.975259507243909,False,213.62745098039215,427.2549019607843,854.5098039215686
img-584.jpg,medium_pothole,0.0867882823148327,0.5861511632076196,0.3270605544775475,0.5861511632076196,0.4138488367923804,2.240272272162714,HIGH,schedule inspection and maintenance planning,81,55,4455,0.1764705882352941,0.1833333333333333,0.0323529411764705,1.4727272727272729,8.40200678160712,False,77.42647058823529,154.85294117647058,309.70588235294116
img-585.jpg,major_pothole,0.0481736438183892,0.1657240577653788,0.786102298416232,0.786102298416232,0.2138977015837679,2.7379286545978427,CRITICAL,prioritize inspection/maintenance review,174,45,7830,0.3866666666666666,0.15,0.058,3.866666666666666,8.965845494750937,False,158.70000000000002,317.40000000000003,634.8000000000001
img-585.jpg,medium_pothole,0.1123862042839866,0.6688606265561466,0.2187531691598667,0.6688606265561466,0.3311393734438533,2.10636696487588,HIGH,schedule inspection and maintenance planning,59,17,1003,0.1311111111111111,0.0566666666666666,0.0074296296296296,3.4705882352941178,6.911747300251674,False,75.55722222222222,151.11444444444444,302.2288888888889
img-585.jpg,major_pothole,0.0431792325722659,0.2414084604696904,0.7154123069580435,0.7154123069580435,0.2845876930419565,2.672233074385777,CRITICAL,prioritize inspection/maintenance review,138,52,7176,0.3066666666666666,0.1733333333333333,0.0531555555555555,2.6538461538461537,8.878636747430072,False,157.9733333333333,315.9466666666666,631.8933333333332
img-585.jpg,medium_pothole,0.0769242854047894,0.454748765728667,0.4683269488665436,0.4683269488665436,0.5316730511334564,2.3914026634617542,HIGH,schedule inspection and maintenance planning,75,13,975,0.1666666666666666,0.0433333333333333,0.0072222222222222,5.769230769230769,6.883462586413092,False,75.54166666666667,151.08333333333334,302.1666666666667
img-585.jpg,major_pothole,0.0444403319724116,0.2030315386808705,0.7525281293467178,0.7525281293467178,0.2474718706532822,2.708087797374306,CRITICAL,prioritize inspection/maintenance review,382,102,38964,0.8488888888888889,0.34,0.2886222222222222,3.7450980392156863,10.570419086277662,False,193.29333333333332,386.58666666666664,773.1733333333333
img-586.jpg,major_pothole,0.1051432320341689,0.1430789975027699,0.7517777704630609,0.7517777704630609,0.248222229536939,2.6466345384288914,CRITICAL,prioritize inspection/maintenance review,395,224,88480,0.9875,0.7466666666666667,0.7373333333333333,1.7633928571428572,11.390543118681444,False,260.6,521.2,1042.4
img-587.jpg,major_pothole,0.0633772396146345,0.1923123682567842,0.7443103921285814,0.7443103921285814,0.2556896078714186,2.680933152513947,CRITICAL,prioritize inspection/maintenance review,162,70,11340,0.3220675944333996,0.2333333333333333,0.0751491053677932,2.3142857142857145,9.33617975681533,False,161.272365805169,322.544731610338,645.089463220676
img-587.jpg,medium_pothole,0.1988751173723079,0.6310330268216179,0.1700918558060741,0.6310330268216179,0.3689669731783821,1.9712167384337664,MEDIUM,schedule inspection and maintenance planning,45,18,810,0.0894632206759443,0.06,0.0053677932405566,2.5,6.698268054115413,False,75.40258449304176,150.80516898608352,301.61033797216703
img-588.jpg,major_pothole,0.066072383803001,0.1945495807009963,0.7393780354960027,0.7393780354960027,0.2606219645039973,2.6733056516930014,CRITICAL,prioritize inspection/maintenance review,187,102,19074,0.3808553971486761,0.34,0.1294908350305499,1.8333333333333333,9.856133856152658,False,169.42362525458248,338.84725050916495,677.6945010183299
img-589.jpg,medium_pothole,0.1396742351307789,0.6425035196931502,0.2178222451760707,0.6425035196931502,0.3574964803068498,2.078148010045292,HIGH,schedule inspection and maintenance planning,62,29,1798,0.1377777777777777,0.0966666666666666,0.0133185185185185,2.1379310344827585,7.494986233950533,False,75.99888888888889,151.99777777777777,303.99555555555554
img-589.jpg,medium_pothole,0.2130356060188361,0.6494710344619727,0.1374933595191911,0.6494710344619727,0.3505289655380272,1.9244577535003549,MEDIUM,schedule inspection and maintenance planning,37,17,629,0.0822222222222222,0.0566666666666666,0.0046592592592592,2.176470588235294,6.4457198193855785,False,75.34944444444443,150.69888888888886,301.3977777777777
img-589.jpg,medium_pothole,0.1373972750528088,0.6489828895824432,0.2136198353647475,0.6489828895824432,0.3510171104175568,2.0762225603119377,HIGH,schedule inspection and maintenance planning,60,24,1440,0.1333333333333333,0.08,0.0106666666666666,2.5,7.273092595999522,False,75.8,151.6,303.2
img-589.jpg,medium_pothole,0.2157633505322949,0.6588047174673078,0.1254319320003968,0.6588047174673078,0.3411952825326921,1.909668581468101,MEDIUM,schedule inspection and maintenance planning,31,14,434,0.0688888888888888,0.0466666666666666,0.0032148148148148,2.2142857142857144,6.075346031088684,False,75.24111111111111,150.48222222222222,300.96444444444444
img-589.jpg,medium_pothole,0.1419292295286706,0.6645789213634579,0.1934918491078715,0.6645789213634579,0.3354210786365421,2.051562619579201,HIGH,schedule inspection and maintenance planning,36,10,360,0.08,0.0333333333333333,0.0026666666666666,3.6,5.8888779583328805,False,75.19999999999999,150.39999999999998,300.79999999999995
img-589.jpg,medium_pothole,0.2175853369282608,0.6704689238750912,0.111945739196648,0.6704689238750912,0.3295310761249088,1.894360402268387,MEDIUM,schedule inspection and maintenance planning,22,10,220,0.0488888888888888,0.0333333333333333,0.0016296296296296,2.2,5.3981627015177525,False,75.12222222222222,150.24444444444444,300.4888888888889
img-589.jpg,major_pothole,0.0796600491708059,0.4134628155149039,0.5068771353142901,0.5068771353142901,0.4931228646857098,2.427217086143484,HIGH,schedule inspection and maintenance planning,53,8,424,0.1177777777777777,0.0266666666666666,0.0031407407407407,6.625,6.052089168924417,False,150.4711111111111,300.9422222222222,601.8844444444444
img-589.jpg,medium_pothole,0.1853816107805102,0.6490219917100403,0.1655963975094495,0.6490219917100403,0.3509780082899597,1.9802147867289392,MEDIUM,schedule inspection and maintenance planning,38,14,532,0.0844444444444444,0.0466666666666666,0.0039407407407407,2.7142857142857144,6.278521424165844,False,75.29555555555557,150.59111111111113,301.18222222222226
img-589.jpg,medium_pothole,0.233004603339133,0.6617948899003739,0.1052005067604927,0.6617948899003739,0.338205110099626,1.872195903421359,MEDIUM,schedule inspection and maintenance planning,16,7,112,0.0355555555555555,0.0233333333333333,0.0008296296296296,2.2857142857142856,4.727387818712341,False,75.06222222222222,150.12444444444444,300.24888888888887
img-589.jpg,medium_pothole,0.2103773567630798,0.6587482225993609,0.1308744206375591,0.6587482225993609,0.341251777400639,1.920497063874479,MEDIUM,schedule inspection and maintenance planning,29,12,348,0.0644444444444444,0.04,0.0025777777777777,2.4166666666666665,5.855071922202427,False,75.19333333333333,150.38666666666666,300.7733333333333
img-589.jpg,medium_pothole,0.241430596570951,0.6629094460117336,0.0956599574173152,0.6629094460117336,0.3370905539882664,1.854229360846364,MEDIUM,schedule inspection and maintenance planning,14,7,98,0.0311111111111111,0.0233333333333333,0.0007259259259259,2.0,4.59511985013459,False,75.05444444444443,150.10888888888886,300.2177777777777
img-589.jpg,medium_pothole,0.079210340140334,0.5744971451012895,0.3462925147583766,0.5744971451012895,0.4255028548987105,2.2670821746180425,HIGH,schedule inspection and maintenance planning,88,30,2640,0.1955555555555555,0.1,0.0195555555555555,2.933333333333333,7.878912912297133,False,76.46666666666667,152.93333333333334,305.8666666666667
img-59.jpg,medium_pothole,0.0927397539345729,0.6902777075930101,0.2169825384724168,0.6902777075930101,0.3097222924069899,2.124242784537844,HIGH,schedule inspection and maintenance planning,304,174,52896,0.4222222222222222,0.2416666666666666,0.102037037037037,1.7471264367816093,10.876101905463226,False,82.65277777777777,165.30555555555554,330.6111111111111
img-59.jpg,medium_pothole,0.2376170622873743,0.654815817026356,0.1075671206862696,0.654815817026356,0.3451841829736439,1.8699500583988955,MEDIUM,schedule inspection and maintenance planning,177,111,19647,0.2458333333333333,0.1541666666666666,0.0378993055555555,1.5945945945945943,9.88573083094687,False,77.84244791666666,155.68489583333331,311.36979166666663
img-590.jpg,major_pothole,0.0736233359734153,0.1835545012702946,0.7428221627562902,0.7428221627562902,0.2571778372437098,2.6691988267828752,CRITICAL,prioritize inspection/maintenance review,383,169,64727,0.7172284644194756,0.5633333333333334,0.4040387016229713,2.266272189349112,11.077949153487676,False,210.60580524344567,421.21161048689135,842.4232209737827
img-591.jpg,major_pothole,0.0662249970486784,0.1921580669379331,0.7416169360133882,0.7416169360133882,0.2583830639866118,2.675391938964709,CRITICAL,prioritize inspection/maintenance review,239,66,15774,0.4425925925925926,0.22,0.0973703703703703,3.621212121212121,9.666181687409416,False,164.60555555555555,329.2111111111111,658.4222222222222
img-591.jpg,major_pothole,0.0285336036912084,0.1886455889441988,0.7828208073645928,0.7828208073645928,0.2171791926354072,2.7542872036733845,CRITICAL,prioritize inspection/maintenance review,363,113,41019,0.6722222222222223,0.3766666666666666,0.2532037037037037,3.2123893805309733,10.621815031626372,False,187.98055555555558,375.96111111111117,751.9222222222223
img-592.jpg,major_pothole,0.04092505228442,0.4505306963105073,0.5085442514050724,0.5085442514050724,0.4914557485949276,2.467619199120652,HIGH,schedule inspection and maintenance planning,94,46,4324,0.2797619047619047,0.1533333333333333,0.0428968253968254,2.0434782608695654,8.37216741936598,False,156.4345238095238,312.8690476190476,625.7380952380952
img-592.jpg,medium_pothole,0.2106859782302274,0.6864771888956487,0.1028368328741239,0.6864771888956487,0.3135228111043513,1.8921508546438963,MEDIUM,schedule inspection and maintenance planning,17,8,136,0.050595238095238,0.0266666666666666,0.0013492063492063,2.125,4.919980925828125,False,75.10119047619047,150.20238095238093,300.40476190476187
img-592.jpg,medium_pothole,0.1948107745498892,0.6414137098685117,0.1637755155815989,0.6414137098685117,0.3585862901314883,1.9689647410317093,MEDIUM,schedule inspection and maintenance planning,19,5,95,0.056547619047619,0.0166666666666666,0.0009424603174603,3.8,4.564348191467836,False,75.07068452380953,150.14136904761907,300.28273809523813
img-593.jpg,major_pothole,0.0738116697307117,0.1747737793303674,0.7514145509389208,0.7514145509389208,0.2485854490610791,2.6776028812082093,CRITICAL,prioritize inspection/maintenance review,184,71,13064,0.3531669865642994,0.2366666666666666,0.0835828534868842,2.591549295774648,9.477692177954712,False,162.53742802303262,325.07485604606524,650.1497120921305
img-593.jpg,major_pothole,0.075169137679117,0.1843793985750598,0.7404514637458232,0.7404514637458232,0.2595485362541768,2.6652823260667056,CRITICAL,prioritize inspection/maintenance review,193,36,6948,0.3704414587332054,0.12,0.0444529750479846,5.361111111111111,8.846353043314327,False,156.66794625719768,313.33589251439537,626.6717850287907
img-593.jpg,major_pothole,0.0619775580553069,0.2544503973408976,0.6835720446037955,0.6835720446037955,0.3164279553962045,2.6215944865484886,CRITICAL,prioritize inspection/maintenance review,152,37,5624,0.291746641074856,0.1233333333333333,0.0359820857325655,4.108108108108108,8.63497622707262,False,155.3973128598848,310.7946257197696,621.5892514395392
img-594.jpg,medium_pothole,0.1224012951258015,0.6485320786297698,0.2290666262444287,0.6485320786297698,0.3514679213702302,2.106665331118627,HIGH,schedule inspection and maintenance planning,65,24,1560,0.1422319474835886,0.08,0.011378555798687,2.708333333333333,7.353081920515432,False,75.85339168490152,151.70678336980305,303.4135667396061
img-594.jpg,medium_pothole,0.1499203243382102,0.642227710607839,0.2078519650539509,0.642227710607839,0.357772289392161,2.057931640715741,HIGH,schedule inspection and maintenance planning,59,26,1534,0.1291028446389496,0.0866666666666666,0.0111889132020423,2.269230769230769,7.336285660021297,False,75.83916849015318,151.67833698030637,303.35667396061274
img-594.jpg,medium_pothole,0.1796065727522747,0.6429800660115329,0.1774133612361921,0.6429800660115329,0.3570199339884671,1.9978067884839168,MEDIUM,schedule inspection and maintenance planning,47,19,893,0.1028446389496717,0.0633333333333333,0.0065134938001458,2.473684210526316,6.795705775173514,False,75.48851203501094,150.97702407002188,301.95404814004377
img-594.jpg,medium_pothole,0.0792585982269369,0.5575482095443255,0.3631931922287377,0.5575482095443255,0.4424517904556745,2.283934594001801,HIGH,schedule inspection and maintenance planning,88,43,3784,0.1925601750547046,0.1433333333333333,0.0276002917578409,2.046511627906977,8.23880116587155,False,77.07002188183806,154.14004376367612,308.28008752735224
img-594.jpg,medium_pothole,0.2102026230617644,0.6418595913805102,0.147937785557725,0.6418595913805102,0.3581404086194898,1.93773516249596,MEDIUM,schedule inspection and maintenance planning,42,20,840,0.0919037199124726,0.0666666666666666,0.0061269146608315,2.1,6.734591659972948,False,75.45951859956237,150.91903719912474,301.8380743982495
img-594.jpg,major_pothole,0.0537403136350363,0.1616369952406537,0.7846226911243099,0.7846226911243099,0.21537730887569,2.730882377489274,CRITICAL,prioritize inspection/maintenance review,194,52,10088,0.424507658643326,0.1733333333333333,0.0735813274981765,3.730769230769231,9.21920100040838,False,161.03719912472647,322.07439824945294,644.1487964989059
img-595.jpg,medium_pothole,0.0504042205840016,0.548495473185414,0.4011003062305842,0.548495473185414,0.4515045268145859,2.350696085646582,HIGH,schedule inspection and maintenance planning,79,59,4661,0.2633333333333333,0.1966666666666666,0.0517888888888888,1.3389830508474576,8.447199819595703,False,78.88416666666667,157.76833333333335,315.5366666666667
img-595.jpg,major_pothole,0.0430054366588368,0.186465957333454,0.770528606007709,0.770528606007709,0.229471393992291,2.7275231693488715,CRITICAL,prioritize inspection/maintenance review,131,83,10873,0.4366666666666666,0.2766666666666666,0.1208111111111111,1.5783132530120485,9.294129897705869,False,168.12166666666667,336.24333333333334,672.4866666666667
img-595.jpg,major_pothole,0.0270853127954968,0.3527060203659479,0.6202086668385555,0.6202086668385555,0.3797913331614445,2.593123354043059,HIGH,prioritize inspection/maintenance review,99,36,3564,0.33,0.12,0.0396,2.75,8.178919332848396,False,155.94,311.88,623.76
img-595.jpg,medium_pothole,0.1212442207537974,0.7146166962411136,0.1641390830050888,0.7146166962411136,0.2853833037588864,2.042894862251291,HIGH,schedule inspection and maintenance planning,47,41,1927,0.1566666666666666,0.1366666666666666,0.0214111111111111,1.146341463414634,7.564238475170491,False,76.60583333333332,153.21166666666664,306.4233333333333
img-595.jpg,major_pothole,0.0232535603171696,0.2197473089685842,0.7569991307142462,0.7569991307142462,0.2430008692857538,2.733745570397077,CRITICAL,prioritize inspection/maintenance review,117,49,5733,0.39,0.1633333333333333,0.0637,2.3877551020408165,8.654168646443315,False,159.555,319.11,638.22
img-595.jpg,medium_pothole,0.1129996223579929,0.7012079384240455,0.1857924392179618,0.7012079384240455,0.2987920615759545,2.072792816859969,HIGH,schedule inspection and maintenance planning,46,20,920,0.1533333333333333,0.0666666666666666,0.0102222222222222,2.3,6.825460036255307,False,75.76666666666667,151.53333333333333,303.06666666666666
img-595.jpg,medium_pothole,0.1503151728627268,0.7035514632121783,0.1461333639250949,0.7035514632121783,0.2964485367878217,1.995818191062368,MEDIUM,schedule inspection and maintenance planning,42,30,1260,0.14,0.1,0.014,1.4,7.13966033596492,False,76.05,152.1,304.2
img-595.jpg,medium_pothole,0.1981816311857158,0.725811364226338,0.0760070045879462,0.725811364226338,0.274188635773662,1.8778253734022303,MEDIUM,schedule inspection and maintenance planning,15,18,270,0.05,0.06,0.003,0.8333333333333334,5.602118820879701,False,75.225,150.45,300.9
img-595.jpg,medium_pothole,0.0963691443985869,0.7095973882851574,0.1940334673162554,0.7095973882851574,0.2904026117148426,2.097664322917668,HIGH,schedule inspection and maintenance planning,46,16,736,0.1533333333333333,0.0533333333333333,0.0081777777777777,2.875,6.602587892189336,False,75.61333333333332,151.22666666666663,302.45333333333326
img-595.jpg,medium_pothole,0.0719196506570738,0.6954067785263174,0.2326735708166088,0.6954067785263174,0.3045932214736826,2.160753920159535,HIGH,schedule inspection and maintenance planning,57,19,1083,0.19,0.0633333333333333,0.0120333333333333,3.0,6.988413181999592,False,75.9025,151.805,303.61
img-595.jpg,medium_pothole,0.1794765802305729,0.6988472647783166,0.1216761549911106,0.6988472647783166,0.3011527352216834,1.9421995747605376,MEDIUM,schedule inspection and maintenance planning,25,11,275,0.0833333333333333,0.0366666666666666,0.0030555555555555,2.272727272727273,5.62040086571715,False,75.22916666666667,150.45833333333334,300.9166666666667
img-595.jpg,medium_pothole,0.0723070028097877,0.6925477343700475,0.2351452628201647,0.6925477343700475,0.3074522656299525,2.162838260010377,HIGH,schedule inspection and maintenance planning,58,21,1218,0.1933333333333333,0.07,0.0135333333333333,2.761904761904762,7.105786129481271,False,76.015,152.03,304.06
img-595.jpg,medium_pothole,0.1537809571100563,0.6913890173590168,0.1548300255309266,0.6913890173590168,0.3086109826409832,2.001049068420869,HIGH,schedule inspection and maintenance planning,30,11,330,0.1,0.0366666666666666,0.0036666666666666,2.727272727272727,5.802118375377063,False,75.275,150.55,301.1
img-595.jpg,medium_pothole,0.099918544080487,0.7116536208698224,0.1884278350496904,0.7116536208698224,0.2883463791301776,2.088509290969203,HIGH,schedule inspection and maintenance planning,40,12,480,0.1333333333333333,0.04,0.0053333333333333,3.333333333333333,6.175867270105761,False,75.39999999999999,150.79999999999998,301.59999999999997
img-595.jpg,medium_pothole,0.0501447350231161,0.5818786930546366,0.3679765719222473,0.5818786930546366,0.4181213069453634,2.317831836899131,HIGH,schedule inspection and maintenance planning,74,20,1480,0.2466666666666666,0.0666666666666666,0.0164444444444444,3.7,7.300472814267799,False,76.23333333333333,152.46666666666667,304.93333333333334
img-595.jpg,medium_pothole,0.0828491686773186,0.701086463338505,0.2160643679841767,0.701086463338505,0.298913536661495,2.133215199306859,HIGH,schedule inspection and maintenance planning,54,21,1134,0.18,0.07,0.0126,2.571428571428572,7.034387929915503,False,75.945,151.89,303.78
img-595.jpg,medium_pothole,0.1217615241163619,0.7009695114315261,0.177268964452112,0.7009695114315261,0.2990304885684739,2.05550744033575,HIGH,schedule inspection and maintenance planning,41,16,656,0.1366666666666666,0.0533333333333333,0.0072888888888888,2.5625,6.48768401848461,False,75.54666666666667,151.09333333333333,302.18666666666667
img-595.jpg,medium_pothole,0.1949209758693904,0.7094264451961191,0.0956525789344903,0.7094264451961191,0.2905735548038809,1.9007316030651,MEDIUM,schedule inspection and maintenance planning,19,11,209,0.0633333333333333,0.0366666666666666,0.0023222222222222,1.7272727272727273,5.3471075307174685,False,75.17416666666666,150.34833333333333,300.69666666666666
img-595.jpg,medium_pothole,0.1856639511320751,0.7398726530570996,0.0744633958108249,0.7398726530570996,0.2601273469429004,1.8887994446787488,MEDIUM,schedule inspection and maintenance planning,25,32,800,0.0833333333333333,0.1066666666666666,0.0088888888888888,0.78125,6.68586094706836,False,75.66666666666666,151.33333333333331,302.66666666666663
img-596.jpg,major_pothole,0.1012577427503451,0.1294920182992154,0.7692502389504393,0.7692502389504393,0.2307497610495607,2.667992496200094,CRITICAL,prioritize inspection/maintenance review,449,218,97882,0.9977777777777778,0.7266666666666667,0.7250518518518518,2.059633027522936,11.491528166862148,False,258.7577777777778,517.5155555555556,1035.0311111111112
img-597.jpg,major_pothole,0.0490026967490742,0.3509470829776145,0.6000502202733111,0.6000502202733111,0.3999497797266889,2.5510475235242365,HIGH,prioritize inspection/maintenance review,117,52,6084,0.26,0.1733333333333333,0.0450666666666666,2.25,8.713582005421628,False,156.76,313.52,627.04
img-597.jpg,medium_pothole,0.1788488163202092,0.6469009590213883,0.1742502246584025,0.6469009590213883,0.3530990409786116,1.9954014083381928,MEDIUM,schedule inspection and maintenance planning,44,17,748,0.0977777777777777,0.0566666666666666,0.0055407407407407,2.588235294117647,6.618738983517219,False,75.41555555555554,150.83111111111108,301.66222222222217
img-598.jpg,medium_pothole,0.197396931483259,0.6211805525265619,0.181422515990179,0.6211805525265619,0.3788194474734381,1.98402558450692,MEDIUM,schedule inspection and maintenance planning,51,21,1071,0.0956848030018761,0.07,0.0066979362101313,2.4285714285714284,6.977281341630747,False,75.50234521575986,151.00469043151972,302.00938086303944
img-598.jpg,medium_pothole,0.1178063647070692,0.6012475908166544,0.2809460444762762,0.6012475908166544,0.3987524091833456,2.163139679769207,HIGH,schedule inspection and maintenance planning,80,33,2640,0.150093808630394,0.11,0.0165103189493433,2.4242424242424243,7.878912912297133,False,76.23827392120076,152.47654784240152,304.95309568480303
img-598.jpg,medium_pothole,0.1932752194712955,0.6343345062565012,0.1723902742722031,0.6343345062565012,0.3656654937434987,1.9791150548009075,MEDIUM,schedule inspection and maintenance planning,38,13,494,0.0712945590994371,0.0433333333333333,0.0030894308943089,2.923076923076923,6.20455776256869,False,75.23170731707316,150.46341463414632,300.92682926829264
img-598.jpg,medium_pothole,0.1051580347714238,0.6296634763339062,0.26517848889467,0.6296634763339062,0.3703365236660938,2.1600204541232464,HIGH,schedule inspection and maintenance planning,72,17,1224,0.1350844277673546,0.0566666666666666,0.00765478424015,4.235294117647059,7.110696122978827,False,75.57410881801125,151.1482176360225,302.296435272045
img-598.jpg,medium_pothole,0.1049037547772688,0.5245938168314283,0.3705024283913028,0.5245938168314283,0.4754061831685717,2.265598673614034,HIGH,schedule inspection and maintenance planning,58,109,6322,0.1088180112570356,0.3633333333333333,0.0395372107567229,0.5321100917431193,8.751949058058614,False,77.96529080675421,155.93058161350842,311.86116322701685
ab5a6542-img-599.jpg,medium_pothole,0.1029867778846641,0.5742187372974642,0.3227944848178716,0.5742187372974642,0.4257812627025358,2.2198077069332074,HIGH,schedule inspection and maintenance planning,87,38,3306,0.1632270168855534,0.1266666666666666,0.0206754221388367,2.289473684210526,8.103796712981794,False,76.55065666041276,153.1013133208255,306.202626641651
ab5a6542-img-599.jpg,medium_pothole,0.1636460001269731,0.6293464310097723,0.2070075688632544,0.6293464310097723,0.3706535689902277,2.0433615687362807,HIGH,schedule inspection and maintenance planning,59,22,1298,0.1106941838649155,0.0733333333333333,0.0081175734834271,2.6818181818181817,7.1693500166706,False,75.60881801125703,151.21763602251406,302.4352720450281
ab5a6542-img-599.jpg,medium_pothole,0.2235026849080914,0.6491773132255138,0.127320001866395,0.6491773132255138,0.3508226867744862,1.903817316958304,MEDIUM,schedule inspection and maintenance planning,27,11,297,0.0506566604127579,0.0366666666666666,0.0018574108818011,2.4545454545454546,5.697093486505405,False,75.13930581613508,150.27861163227016,300.5572232645403
ab5a6542-img-599.jpg,medium_pothole,0.0913673962194779,0.5510225245860231,0.3576100791944991,0.5510225245860231,0.4489774754139769,2.266242682975021,HIGH,schedule inspection and maintenance planning,87,60,5220,0.1632270168855534,0.2,0.0326454033771106,1.45,8.560444233410552,False,77.4484052532833,154.8968105065666,309.7936210131332
ab5a6542-img-599.jpg,medium_pothole,0.2292861991814407,0.6235828792335856,0.1471309215849732,0.6235828792335856,0.3764171207664144,1.9178447224035315,MEDIUM,schedule inspection and maintenance planning,43,20,860,0.0806754221388367,0.0666666666666666,0.0053783614759224,2.15,6.7580945044277305,False,75.40337711069418,150.80675422138836,301.6135084427767
ab5a6542-img-599.jpg,medium_pothole,0.0817659116446722,0.5043841755092263,0.4138499128461014,0.5043841755092263,0.4956158244907737,2.332084001201429,HIGH,schedule inspection and maintenance planning,106,29,3074,0.198874296435272,0.0966666666666666,0.0192245153220762,3.655172413793104,8.031060180240619,False,76.44183864915571,152.88367729831143,305.76735459662285
ab5a6542-img-599.jpg,minor_pothole,0.7057024466170462,0.1822511703418713,0.1120463830410825,0.7057024466170462,0.2942975533829538,1.4063439364240362,MEDIUM,monitor and include in routine maintenance review,3,2,6,0.0056285178236397,0.0066666666666666,3.75234521575985e-05,1.5,1.9459101490553128,False,50.001876172607886,100.00375234521577,200.00750469043155
ab5a6542-img-599.jpg,medium_pothole,0.0989733751494992,0.6227151293068,0.2783114955437007,0.6227151293068,0.3772848706932,2.179338120394201,HIGH,schedule inspection and maintenance planning,50,10,500,0.0938086303939962,0.0333333333333333,0.0031269543464665,5.0,6.2166061010848646,False,75.23452157598499,150.46904315196997,300.93808630393994
ab5a6542-img-599.jpg,medium_pothole,0.2248013853328417,0.6462948456169693,0.1289037690501888,0.6462948456169693,0.3537051543830307,1.9041023837173463,MEDIUM,schedule inspection and maintenance planning,29,12,348,0.0544090056285178,0.04,0.0021763602251407,2.4166666666666665,5.855071922202427,False,75.16322701688556,150.3264540337711,300.6529080675422
ab5a6542-img-599.jpg,medium_pothole,0.2613045883743361,0.6416370071885127,0.0970584044371509,0.6416370071885127,0.3583629928114873,1.8357538160628144,MEDIUM,schedule inspection and maintenance planning,13,6,78,0.024390243902439,0.02,0.0004878048780487,2.1666666666666665,4.3694478524670215,False,75.03658536585365,150.0731707317073,300.1463414634146
ab5a6542-img-599.jpg,medium_pothole,0.2322881663562308,0.6697524952022473,0.0979593384415222,0.6697524952022473,0.3302475047977526,1.865671172085292,MEDIUM,schedule inspection and maintenance planning,21,12,252,0.0393996247654784,0.04,0.0015759849906191,1.75,5.53338948872752,False,75.11819887429644,150.23639774859288,300.47279549718576
ab5a6542-img-599.jpg,medium_pothole,0.1791827569361344,0.6166366157164398,0.2041806273474258,0.6166366157164398,0.3833633842835602,2.0249978704112914,HIGH,schedule inspection and maintenance planning,61,31,1891,0.1144465290806754,0.1033333333333333,0.0118261413383364,1.967741935483871,7.545389749611823,False,75.88696060037523,151.77392120075046,303.54784240150093
ab5a6542-img-599.jpg,medium_pothole,0.2451825864753244,0.6534063287858799,0.1014110847387958,0.6534063287858799,0.3465936712141201,1.856228498263472,MEDIUM,schedule inspection and maintenance planning,30,18,540,0.0562851782363977,0.06,0.0033771106941838,1.6666666666666667,6.293419278846481,False,75.25328330206378,150.50656660412756,301.0131332082551
ab5a6542-img-599.jpg,medium_pothole,0.2499370754990357,0.6414552053346407,0.1086077191663235,0.6414552053346407,0.3585447946653592,1.858670643667288,MEDIUM,schedule inspection and maintenance planning,15,6,90,0.0281425891181988,0.02,0.0005628517823639,2.5,4.51085950651685,False,75.04221388367729,150.08442776735458,300.16885553470917
ab5a6542-img-599.jpg,medium_pothole,0.2660948886286364,0.5885481067799453,0.1453570045914181,0.5885481067799453,0.4114518932200547,1.8792621159627807,MEDIUM,schedule inspection and maintenance planning,15,4,60,0.0281425891181988,0.0133333333333333,0.0003752345215759,3.75,4.110873864173311,False,75.02814258911819,150.05628517823638,300.11257035647276
ab5a6542-img-599.jpg,minor_pothole,0.5244889825484979,0.3754879856218634,0.1000230318296388,0.5244889825484979,0.4755110174515021,1.5755340492811412,MEDIUM,schedule inspection and maintenance planning,8,2,16,0.0150093808630394,0.0066666666666666,0.0001000625390869,4.0,2.833213344056216,False,50.00500312695435,100.0100062539087,200.0200125078174
ab5a6542-img-599.jpg,medium_pothole,0.1303935216187533,0.6349028574291977,0.2347036209520492,0.6349028574291977,0.3650971425708023,2.104310099333296,HIGH,schedule inspection and maintenance planning,29,6,174,0.0544090056285178,0.02,0.0010881801125703,4.833333333333333,5.1647859739235145,False,75.08161350844279,150.16322701688557,300.32645403377114
ab5a6542-img-599.jpg,medium_pothole,0.2339627989562375,0.5939161030741664,0.1721210979695963,0.5939161030741664,0.4060838969258336,1.93815829901336,MEDIUM,schedule inspection and maintenance planning,17,4,68,0.0318949343339587,0.0133333333333333,0.0004252657911194,4.25,4.23410650459726,False,75.03189493433396,150.06378986866793,300.12757973733585
ab5a6542-img-599.jpg,medium_pothole,0.1754451712124219,0.6326269650246577,0.1919278637629205,0.6326269650246577,0.3673730349753423,2.0164826925504986,HIGH,schedule inspection and maintenance planning,24,6,144,0.0450281425891182,0.02,0.0009005628517823,4.0,4.976733742420574,False,75.06754221388367,150.13508442776734,300.2701688555347
ab5a6542-img-599.jpg,medium_pothole,0.2034891246754261,0.6179456352111314,0.1785652401134423,0.6179456352111314,0.3820543647888685,1.975076115438016,MEDIUM,schedule inspection and maintenance planning,20,5,100,0.0375234521575985,0.0166666666666666,0.0006253908692933,4.0,4.61512051684126,False,75.046904315197,150.093808630394,300.187617260788
ab5a6542-img-599.jpg,medium_pothole,0.1870321939163534,0.635324549731233,0.1776432563524133,0.635324549731233,0.364675450268767,1.99061106243606,MEDIUM,schedule inspection and maintenance planning,25,7,175,0.0469043151969981,0.0233333333333333,0.0010944340212632,3.571428571428572,5.170483995038151,False,75.08208255159475,150.1641651031895,300.328330206379
ab5a6542-img-599.jpg,minor_pothole,0.422223718920435,0.4373249510211895,0.1404513300583755,0.4373249510211895,0.5626750489788105,1.7182276111379404,REVIEW REQUIRED,manual inspection recommended because model confidence is low,11,2,22,0.0206378986866791,0.0066666666666666,0.0001375859912445,5.5,3.1354942159291497,True,50.00687929956222,100.01375859912444,200.0275171982489
ab5a6542-img-599.jpg,medium_pothole,0.4061634989440348,0.4944934038068748,0.0993430972490905,0.4944934038068748,0.5055065961931252,1.693179598305056,MEDIUM,schedule inspection and maintenance planning,9,3,27,0.0168855534709193,0.01,0.0001688555347091,3.0,3.332204510175204,False,75.01266416510317,150.02532833020635,300.0506566604127
img-6.jpg,medium_pothole,0.2059071023407293,0.685873074710409,0.1082198229488617,0.685873074710409,0.3141269252895909,1.9023127206081325,MEDIUM,schedule inspection and maintenance planning,167,142,23714,0.2319444444444444,0.1972222222222222,0.0457445987654321,1.176056338028169,10.073863038311682,False,78.4308449074074,156.8616898148148,313.7233796296296
img-6.jpg,medium_pothole,0.2073014161201467,0.6573862965865986,0.1353122872932547,0.6573862965865986,0.3426137034134013,1.928010871173108,MEDIUM,schedule inspection and maintenance planning,238,286,68068,0.3305555555555555,0.3972222222222222,0.131304012345679,0.8321678321678322,11.128277175574574,False,84.84780092592592,169.69560185185185,339.3912037037037
img-60.jpg,medium_pothole,0.2889909954182387,0.6215729612690954,0.0894360433126662,0.6215729612690954,0.3784270387309045,1.8004450478944285,MEDIUM,schedule inspection and maintenance planning,135,122,16470,0.1875,0.1694444444444444,0.0317708333333333,1.1065573770491803,9.709356537782677,False,77.3828125,154.765625,309.53125
img-60.jpg,minor_pothole,0.777179463975402,0.1782850010309062,0.0445355349936917,0.777179463975402,0.2228205360245979,1.2673560710182894,LOW,monitor and include in routine maintenance review,68,45,3060,0.0944444444444444,0.0625,0.0059027777777777,1.511111111111111,8.026496938945412,False,50.29513888888888,100.59027777777776,201.18055555555551
img-600.jpg,major_pothole,0.0544113000754661,0.1795113353528191,0.7660773645717145,0.7660773645717145,0.2339226354282855,2.711666064496248,CRITICAL,prioritize inspection/maintenance review,162,66,10692,0.36,0.22,0.0792,2.4545454545454546,9.277344600756656,False,161.88,323.76,647.52
img-600.jpg,major_pothole,0.0521045650219767,0.3976660932267303,0.5502293417512929,0.5502293417512929,0.4497706582487071,2.498124776729316,HIGH,schedule inspection and maintenance planning,113,40,4520,0.2511111111111111,0.1333333333333333,0.0334814814814814,2.825,8.416488487294606,False,155.0222222222222,310.0444444444444,620.0888888888888
img-600.jpg,medium_pothole,0.1798796742087496,0.640524738627105,0.1795955871641454,0.640524738627105,0.359475261372895,1.999715912955396,MEDIUM,schedule inspection and maintenance planning,51,24,1224,0.1133333333333333,0.08,0.0090666666666666,2.125,7.110696122978827,False,75.67999999999999,151.35999999999999,302.71999999999997
img-600.jpg,medium_pothole,0.1482795452785518,0.6614774628730874,0.1902429918483607,0.6614774628730874,0.3385225371269126,2.0419634465698087,HIGH,schedule inspection and maintenance planning,44,14,616,0.0977777777777777,0.0466666666666666,0.0045629629629629,3.142857142857143,6.424869023905388,False,75.34222222222222,150.68444444444444,301.3688888888889
img-600.jpg,medium_pothole,0.1419292295286706,0.6645789213634579,0.1934918491078715,0.6645789213634579,0.3354210786365421,2.051562619579201,HIGH,schedule inspection and maintenance planning,36,10,360,0.08,0.0333333333333333,0.0026666666666666,3.6,5.8888779583328805,False,75.19999999999999,150.39999999999998,300.79999999999995
img-601.jpg,major_pothole,0.044726677949864,0.1912410478754113,0.7640322741747244,0.7640322741747244,0.2359677258252756,2.71930559622486,CRITICAL,prioritize inspection/maintenance review,157,43,6751,0.3488888888888889,0.1433333333333333,0.0500074074074074,3.651162790697674,8.817594036275793,False,157.50111111111113,315.00222222222226,630.0044444444445
img-601.jpg,major_pothole,0.0425542600617002,0.1799007410751218,0.777544998863178,0.777544998863178,0.222455001136822,2.734990738801478,CRITICAL,prioritize inspection/maintenance review,311,48,14928,0.6911111111111111,0.16,0.1105777777777777,6.479166666666667,9.61106090905359,False,166.58666666666664,333.1733333333333,666.3466666666666
img-602.jpg,major_pothole,0.0280725783533909,0.2011790864803511,0.7707483351662582,0.7707483351662582,0.2292516648337418,2.742675756812868,CRITICAL,prioritize inspection/maintenance review,228,132,30096,0.4310018903591682,0.44,0.189640831758034,1.7272727272727273,10.312180777995716,False,178.44612476370511,356.89224952741023,713.7844990548205
img-603.jpg,major_pothole,0.092047090927429,0.1428059312718413,0.7651469778007297,0.7651469778007297,0.2348530221992703,2.6730998868733007,CRITICAL,prioritize inspection/maintenance review,299,235,70265,0.9966666666666668,0.4409005628517823,0.4394308943089431,1.2723404255319148,11.160043319270192,False,215.91463414634146,431.8292682926829,863.6585365853658
img-604.jpg,major_pothole,0.0588860925654729,0.4575525816407505,0.4835613257937765,0.4835613257937765,0.5164386742062235,2.424675233228303,HIGH,schedule inspection and maintenance planning,102,48,4896,0.2292134831460674,0.16,0.0366741573033707,2.125,8.496378051702317,False,155.5011235955056,311.0022471910112,622.0044943820224
img-604.jpg,medium_pothole,0.0602452554355246,0.4649517255294147,0.4748030190350604,0.4748030190350604,0.5251969809649396,2.414557763599535,HIGH,schedule inspection and maintenance planning,105,31,3255,0.2359550561797752,0.1033333333333333,0.0243820224719101,3.3870967741935485,8.08825472712243,False,76.82865168539325,153.6573033707865,307.314606741573
img-604.jpg,medium_pothole,0.1881431015548941,0.6488007310141605,0.1630561674309451,0.6488007310141605,0.3511992689858395,1.9749130658760503,MEDIUM,schedule inspection and maintenance planning,39,15,585,0.0876404494382022,0.05,0.0043820224719101,2.6,6.373319789577012,False,75.32865168539325,150.6573033707865,301.314606741573
img-604.jpg,major_pothole,0.0442050632779463,0.2022028525397764,0.7535920841822773,0.7535920841822773,0.2464079158177227,2.7093870209043307,CRITICAL,prioritize inspection/maintenance review,152,40,6080,0.3415730337078652,0.1333333333333333,0.0455430711610486,3.8,8.71292443512011,False,156.83146067415728,313.66292134831457,627.3258426966291
img-604.jpg,medium_pothole,0.0771630962105326,0.4719211833325015,0.450915720456966,0.4719211833325015,0.5280788166674986,2.3737526242464333,HIGH,schedule inspection and maintenance planning,65,11,715,0.146067415730337,0.0366666666666666,0.0053558052434456,5.909090909090909,6.573680166960646,False,75.40168539325843,150.80337078651687,301.60674157303373
img-604.jpg,medium_pothole,0.0969607652950667,0.6446235262100886,0.2584157084948448,0.6446235262100886,0.3553764737899114,2.161454943199778,HIGH,schedule inspection and maintenance planning,44,9,396,0.098876404494382,0.03,0.0029662921348314,4.888888888888889,5.983936280687191,False,75.22247191011236,150.44494382022472,300.88988764044944
img-604.jpg,medium_pothole,0.1079815741783164,0.6709460103999914,0.2210724154216924,0.6709460103999914,0.3290539896000086,2.1130908412433764,HIGH,schedule inspection and maintenance planning,43,10,430,0.096629213483146,0.0333333333333333,0.0032209737827715,4.3,6.066108090103747,False,75.24157303370787,150.48314606741573,300.96629213483146
img-604.jpg,medium_pothole,0.0946016267149218,0.5941614642225207,0.3112369090625576,0.5941614642225207,0.4058385357774793,2.216635282347636,HIGH,schedule inspection and maintenance planning,39,7,273,0.0876404494382022,0.0233333333333333,0.0020449438202247,5.571428571428571,5.613128106388071,False,75.15337078651686,150.30674157303372,300.61348314606744
img-604.jpg,major_pothole,0.0351340485893528,0.2090204355629057,0.7558455158477415,0.7558455158477415,0.2441544841522585,2.720711467258389,CRITICAL,prioritize inspection/maintenance review,313,89,27857,0.7033707865168539,0.2966666666666667,0.2086666666666666,3.5168539325842696,10.234875457247975,False,181.29999999999998,362.59999999999997,725.1999999999999
img-605.jpg,major_pothole,0.076230399189052,0.1697518215789654,0.7540177792319827,0.7540177792319827,0.2459822207680173,2.6777873800429304,CRITICAL,prioritize inspection/maintenance review,312,189,58968,0.7410926365795725,0.63,0.4668883610451306,1.6507936507936507,10.984767161075624,False,220.0332541567696,440.0665083135392,880.1330166270784
img-606.jpg,major_pothole,0.0876319616143699,0.1993934044335637,0.7129746339520661,0.7129746339520661,0.2870253660479339,2.625342672337696,CRITICAL,prioritize inspection/maintenance review,220,251,55220,0.3666666666666666,0.8366666666666667,0.3067777777777777,0.8764940239043825,10.919098594700833,False,196.01666666666665,392.0333333333333,784.0666666666666
img-607.jpg,major_pothole,0.0709492875199264,0.1982877845338913,0.7307629279461821,0.7307629279461821,0.2692370720538178,2.659813640426256,CRITICAL,prioritize inspection/maintenance review,365,166,60590,0.7525773195876289,0.5533333333333333,0.4164261168384879,2.198795180722892,11.0119016461765,False,212.46391752577318,424.92783505154637,849.8556701030927
img-608.jpg,major_pothole,0.0563346430078322,0.1830361831724933,0.7606291738196744,0.7606291738196744,0.2393708261803255,2.7042945308118425,CRITICAL,prioritize inspection/maintenance review,241,181,43621,0.8033333333333333,0.5070028011204482,0.4072922502334267,1.3314917127071824,10.683316889231795,False,211.093837535014,422.187675070028,844.375350140056
img-609.jpg,medium_pothole,0.0774359593270797,0.6173313638164702,0.30523267685645,0.6173313638164702,0.3826686361835297,2.22779671752937,HIGH,schedule inspection and maintenance planning,78,26,2028,0.195,0.0866666666666666,0.0169,3.0,7.615298339825815,False,76.2675,152.535,305.07
img-609.jpg,major_pothole,0.0243081120691949,0.2088749814827916,0.7668169064480135,0.7668169064480135,0.2331830935519865,2.7425087943788182,CRITICAL,prioritize inspection/maintenance review,235,148,34780,0.5875,0.4933333333333333,0.2898333333333333,1.587837837837838,10.45682653965135,False,193.47499999999997,386.94999999999993,773.8999999999999
img-609.jpg,medium_pothole,0.1058423053367276,0.6847722504142739,0.2093854442489981,0.6847722504142739,0.3152277495857261,2.10354313891227,HIGH,schedule inspection and maintenance planning,44,11,484,0.11,0.0366666666666666,0.0040333333333333,4.0,6.184148890937483,False,75.3025,150.605,301.21
img-609.jpg,major_pothole,0.0349838589028019,0.2074544931905574,0.7575616479066406,0.7575616479066406,0.2424383520933594,2.722577789003838,CRITICAL,prioritize inspection/maintenance review,140,40,5600,0.35,0.1333333333333333,0.0466666666666666,3.5,8.630700432209832,False,157.0,314.0,628.0
img-609.jpg,medium_pothole,0.2036207035324418,0.7277663893624481,0.06861290710511,0.7277663893624481,0.2722336106375519,1.864992203572668,MEDIUM,schedule inspection and maintenance planning,9,20,180,0.0225,0.0666666666666666,0.0015,0.45,5.198497031265826,False,75.11250000000001,150.22500000000002,300.45000000000005
img-61.jpg,minor_pothole,0.5524420055440067,0.3617800343520032,0.08577796010399,0.5524420055440067,0.4475579944559933,1.5333359545599832,MEDIUM,schedule inspection and maintenance planning,124,76,9424,0.1722222222222222,0.1055555555555555,0.018179012345679,1.631578947368421,9.151121012316212,False,50.908950617283956,101.81790123456791,203.63580246913583
img-610.jpg,major_pothole,0.0548424838474955,0.2462004389851062,0.698957077167398,0.698957077167398,0.301042922832602,2.644114593319902,CRITICAL,prioritize inspection/maintenance review,135,70,9450,0.45,0.175,0.07875,1.9285714285714288,9.153875834995056,False,161.81250000000003,323.62500000000006,647.2500000000001
img-610.jpg,medium_pothole,0.1027935717566925,0.6424806568438347,0.254725771399473,0.6424806568438347,0.3575193431561653,2.1519321996427805,HIGH,schedule inspection and maintenance planning,70,25,1750,0.2333333333333333,0.0625,0.0145833333333333,2.8,7.467942332285852,False,76.09375,152.1875,304.375
img-610.jpg,medium_pothole,0.1826146734631308,0.6511934915639227,0.1661918349729463,0.6511934915639227,0.3488065084360773,1.983577161509815,MEDIUM,schedule inspection and maintenance planning,45,18,810,0.15,0.045,0.00675,2.5,6.698268054115413,False,75.50625000000001,151.01250000000002,302.02500000000003
img-610.jpg,medium_pothole,0.113496775191577,0.6460267474207957,0.2404764773876276,0.6460267474207957,0.3539732525792043,2.1269797021960515,HIGH,schedule inspection and maintenance planning,68,27,1836,0.2266666666666666,0.0675,0.0153,2.5185185185185186,7.515889085215125,False,76.14750000000001,152.29500000000002,304.59000000000003
img-611.jpg,major_pothole,0.0370758025847036,0.1946908871671902,0.768233310248106,0.768233310248106,0.2317666897518939,2.7311575076634025,CRITICAL,prioritize inspection/maintenance review,349,94,32806,0.7986270022883295,0.3133333333333333,0.2502364607170099,3.7127659574468086,10.398397186236718,False,187.5354691075515,375.070938215103,750.141876430206
img-612.jpg,major_pothole,0.0347865764202559,0.2024076197014171,0.7628058038783266,0.7628058038783266,0.2371941961216733,2.72801922745807,CRITICAL,prioritize inspection/maintenance review,286,137,39182,0.715,0.4566666666666666,0.3265166666666667,2.0875912408759123,10.575998258245631,False,198.9775,397.955,795.91
img-612.jpg,medium_pothole,0.1316813351551222,0.6763100691291242,0.1920085957157532,0.6763100691291242,0.3236899308708758,2.06032726056063,HIGH,schedule inspection and maintenance planning,46,15,690,0.115,0.05,0.00575,3.066666666666667,6.53813982376767,False,75.43124999999999,150.86249999999998,301.72499999999997
img-612.jpg,medium_pothole,0.160529123715583,0.6642756365538345,0.1751952397305826,0.6642756365538345,0.3357243634461655,2.014666116015,HIGH,schedule inspection and maintenance planning,41,15,615,0.1025,0.05,0.005125,2.7333333333333334,6.423246963533519,False,75.384375,150.76875,301.5375
img-612.jpg,medium_pothole,0.1231049619736312,0.6813171823192402,0.1955778557071285,0.6813171823192402,0.3186828176807598,2.072472893733497,HIGH,schedule inspection and maintenance planning,46,14,644,0.115,0.0466666666666666,0.0053666666666666,3.2857142857142856,6.4692503167957724,False,75.40249999999999,150.80499999999998,301.60999999999996
3fca2974-img-613.jpg,major_pothole,0.031178237359025,0.2078669914533928,0.7609547711875821,0.7609547711875821,0.2390452288124178,2.729776533828557,CRITICAL,prioritize inspection/maintenance review,285,110,31350,0.5632411067193676,0.3666666666666666,0.2065217391304347,2.590909090909091,10.353001443478972,False,180.9782608695652,361.9565217391304,723.9130434782608
3fca2974-img-613.jpg,medium_pothole,0.2071678212552339,0.6578555335269844,0.134976645217781,0.6578555335269844,0.3421444664730155,1.9278088239625453,MEDIUM,schedule inspection and maintenance planning,46,45,2070,0.0909090909090909,0.15,0.0136363636363636,1.022222222222222,7.635786861395585,False,76.02272727272728,152.04545454545456,304.0909090909091
3fca2974-img-613.jpg,medium_pothole,0.0833831772344155,0.4918692804791714,0.424747542286413,0.4918692804791714,0.5081307195208287,2.341364365051997,HIGH,schedule inspection and maintenance planning,97,20,1940,0.191699604743083,0.0666666666666666,0.0127799736495388,4.85,7.57095858316901,False,75.95849802371542,151.91699604743084,303.8339920948617
img-614.jpg,major_pothole,0.0176243246953409,0.1725448411443251,0.8098308341603342,0.8098308341603342,0.1901691658396658,2.792206509464993,CRITICAL,prioritize inspection/maintenance review,171,202,34542,0.360759493670886,0.6733333333333333,0.2429113924050633,0.8465346534653465,10.449960203748262,False,186.4367088607595,372.873417721519,745.746835443038
img-614.jpg,medium_pothole,0.1870717525958066,0.6346575237159948,0.1782707236881986,0.6346575237159948,0.3653424762840052,1.991198971092392,MEDIUM,schedule inspection and maintenance planning,50,22,1100,0.1054852320675105,0.0733333333333333,0.0077355836849507,2.272727272727273,7.00397413672268,False,75.5801687763713,151.1603375527426,302.3206751054852
img-615.jpg,major_pothole,0.0314287316976468,0.2059771471508799,0.7625941211514734,0.7625941211514734,0.2374058788485266,2.731165389453827,CRITICAL,prioritize inspection/maintenance review,334,125,41750,0.6872427983539094,0.4166666666666667,0.2863511659807956,2.672,10.639478682087963,False,192.95267489711932,385.90534979423865,771.8106995884773
img-616.jpg,medium_pothole,0.2207639175247912,0.6773081018936198,0.1019279805815891,0.6773081018936198,0.3226918981063802,1.881164063056798,MEDIUM,schedule inspection and maintenance planning,21,11,231,0.0465631929046563,0.0366666666666666,0.0017073170731707,1.9090909090909087,5.44673737166631,False,75.1280487804878,150.2560975609756,300.5121951219512
img-616.jpg,major_pothole,0.0517591041913345,0.2084199570514847,0.7398209387571808,0.7398209387571808,0.2601790612428192,2.688061834565846,CRITICAL,prioritize inspection/maintenance review,247,85,20995,0.5476718403547672,0.2833333333333333,0.1551736881005173,2.9058823529411764,9.95208722237219,False,173.27605321507758,346.55210643015516,693.1042128603103
img-616.jpg,medium_pothole,0.1207011426266708,0.6579894594328594,0.2213093979404698,0.6579894594328594,0.3420105405671406,2.100608255313799,HIGH,schedule inspection and maintenance planning,62,21,1302,0.1374722838137472,0.07,0.0096230598669623,2.952380952380953,7.172424577124845,False,75.72172949002217,151.44345898004434,302.8869179600887
img-616.jpg,medium_pothole,0.2066310427959842,0.6535723254334508,0.1397966317705649,0.6535723254334508,0.3464276745665492,1.9331655889745805,MEDIUM,schedule inspection and maintenance planning,23,8,184,0.0509977827050997,0.0266666666666666,0.0013599408721359,2.875,5.220355825078324,False,75.10199556541019,150.20399113082038,300.40798226164077
img-616.jpg,medium_pothole,0.2339024730514785,0.6718621897464624,0.0942353372020588,0.6718621897464624,0.3281378102535376,1.86033286415058,MEDIUM,schedule inspection and maintenance planning,31,23,713,0.0687361419068736,0.0766666666666666,0.0052697708795269,1.3478260869565215,6.570882962339584,False,75.39523281596452,150.79046563192904,301.5809312638581
img-617.jpg,medium_pothole,0.1016853215077326,0.663597546947713,0.2347171315445543,0.663597546947713,0.336402453052287,2.133031810036821,HIGH,schedule inspection and maintenance planning,62,16,992,0.1377777777777777,0.0533333333333333,0.0073481481481481,3.875,6.900730664045173,False,75.55111111111111,151.10222222222222,302.20444444444445
img-617.jpg,medium_pothole,0.2230624684945588,0.6798366091346681,0.0971009223707729,0.6798366091346681,0.3201633908653318,1.8740384538762136,MEDIUM,schedule inspection and maintenance planning,36,36,1296,0.08,0.12,0.0096,1.0,7.167809184316444,False,75.72,151.44,302.88
img-617.jpg,major_pothole,0.0527662504448896,0.1641930639335098,0.7830406856216005,0.7830406856216005,0.2169593143783995,2.7302744351767108,CRITICAL,prioritize inspection/maintenance review,203,52,10556,0.4511111111111111,0.1733333333333333,0.0781925925925925,3.9038461538461537,9.264544425989694,False,161.7288888888889,323.4577777777778,646.9155555555556
img-617.jpg,medium_pothole,0.1801528024615092,0.6514545983255738,0.1683925992129167,0.6514545983255738,0.3485454016744261,1.988239796751407,MEDIUM,schedule inspection and maintenance planning,35,12,420,0.0777777777777777,0.04,0.0031111111111111,2.9166666666666665,6.042632833682381,False,75.23333333333333,150.46666666666667,300.93333333333334
img-617.jpg,major_pothole,0.0846012213235461,0.405549146700609,0.5098496319758449,0.5098496319758449,0.4901503680241551,2.4252484106522987,HIGH,schedule inspection and maintenance planning,48,7,336,0.1066666666666666,0.0233333333333333,0.0024888888888888,6.857142857142857,5.820082930352362,False,150.3733333333333,300.7466666666666,601.4933333333332
img-618.jpg,medium_pothole,0.1169445412374703,0.6249382319754974,0.258117226787032,0.6249382319754974,0.3750617680245026,2.1411726855495608,HIGH,schedule inspection and maintenance planning,69,65,4485,0.1294559099437148,0.2166666666666666,0.0280487804878048,1.0615384615384615,8.408716715080153,False,77.10365853658537,154.20731707317074,308.4146341463415
img-618.jpg,major_pothole,0.0671389093079607,0.3551701666476147,0.5776909240444245,0.5776909240444245,0.4223090759555755,2.510552014736464,HIGH,prioritize inspection/maintenance review,115,76,8740,0.2157598499061913,0.2533333333333333,0.0546591619762351,1.513157894736842,9.075779878580487,False,158.19887429643526,316.3977485928705,632.795497185741
img-618.jpg,medium_pothole,0.2355084512602977,0.6745974402169662,0.089894108522736,0.6745974402169662,0.3254025597830338,1.854385657262438,MEDIUM,schedule inspection and maintenance planning,35,39,1365,0.0656660412757973,0.13,0.0085365853658536,0.8974358974358975,7.219642040130735,False,75.64024390243902,151.28048780487805,302.5609756097561
img-618.jpg,medium_pothole,0.2067451488196355,0.6170153613060069,0.1762394898743576,0.6170153613060069,0.3829846386939931,1.969494341054722,MEDIUM,schedule inspection and maintenance planning,52,24,1248,0.0975609756097561,0.08,0.0078048780487804,2.1666666666666665,7.130098510125578,False,75.58536585365854,151.1707317073171,302.3414634146342
img-618.jpg,medium_pothole,0.0924258472221101,0.5350798800541011,0.3724942727237886,0.5350798800541011,0.4649201199458989,2.2800684255016783,HIGH,schedule inspection and maintenance planning,79,85,6715,0.148217636022514,0.2833333333333333,0.0419949968730456,0.9294117647058824,8.812248018197431,False,78.14962476547842,156.29924953095684,312.5984990619137
img-618.jpg,medium_pothole,0.2136900287614366,0.6922049684945409,0.0941050027440224,0.6922049684945409,0.307795031505459,1.8804149739825853,MEDIUM,schedule inspection and maintenance planning,35,50,1750,0.0656660412757973,0.1666666666666666,0.0109443402126328,0.7,7.467942332285852,False,75.82082551594746,151.64165103189492,303.28330206378985
img-618.jpg,medium_pothole,0.2118492927908952,0.6417838800909377,0.146366827118167,0.6417838800909377,0.3582161199090623,1.934517534327272,MEDIUM,schedule inspection and maintenance planning,28,10,280,0.0525328330206379,0.0333333333333333,0.0017510944340212,2.8,5.638354669333745,False,75.13133208255158,150.26266416510316,300.5253283302063
img-619.jpg,major_pothole,0.0729684041929825,0.1790270571510891,0.7480045386559282,0.7480045386559282,0.2519954613440718,2.675036134462945,CRITICAL,prioritize inspection/maintenance review,189,82,15498,0.4004237288135593,0.2733333333333333,0.1094491525423728,2.304878048780488,9.648530784697051,False,166.41737288135593,332.83474576271186,665.6694915254237
img-62.jpg,medium_pothole,0.3464446017695233,0.5668785373186278,0.0866768609118488,0.5668785373186278,0.4331214626813722,1.7402322591423254,MEDIUM,schedule inspection and maintenance planning,131,110,14410,0.1819444444444444,0.1527777777777778,0.0277970679012345,1.190909090909091,9.575747082838362,False,77.08478009259258,154.16956018518516,308.3391203703703
img-62.jpg,medium_pothole,0.2031904386669936,0.6865750373007051,0.1102345240323012,0.6865750373007051,0.3134249626992949,1.907044085365308,MEDIUM,schedule inspection and maintenance planning,162,165,26730,0.225,0.2291666666666666,0.0515625,0.9818181818181818,10.193579219581707,False,78.8671875,157.734375,315.46875
img-620.jpg,major_pothole,0.0325497192722947,0.1691392002998929,0.7983110804278124,0.7983110804278124,0.2016889195721876,2.7657613611555174,CRITICAL,prioritize inspection/maintenance review,356,61,21716,0.6234676007005254,0.2033333333333333,0.1267717454757735,5.836065573770492,9.985850642961251,False,169.01576182136603,338.03152364273205,676.0630472854641
img-620.jpg,medium_pothole,0.2023301400997511,0.6255982480794249,0.1720716118208241,0.6255982480794249,0.3744017519205751,1.969741471721073,MEDIUM,schedule inspection and maintenance planning,40,14,560,0.0700525394045534,0.0466666666666666,0.0032691185055458,2.857142857142857,6.329720905522696,False,75.24518388791593,150.49036777583186,300.9807355516637
img-621.jpg,medium_pothole,0.148695396768174,0.7108705653422537,0.1404340378895719,0.7108705653422537,0.2891294346577463,1.991738641121397,MEDIUM,schedule inspection and maintenance planning,42,37,1554,0.1386138613861386,0.1233333333333333,0.017095709570957,1.135135135135135,7.349230824613334,False,76.28217821782177,152.56435643564353,305.12871287128706
img-621.jpg,major_pothole,0.0388926137484954,0.2905334814258689,0.6705739048256357,0.6705739048256357,0.3294260951743643,2.63168129107714,CRITICAL,prioritize inspection/maintenance review,107,73,7811,0.3531353135313531,0.2433333333333333,0.0859295929592959,1.4657534246575343,8.96341629199657,False,162.88943894389436,325.7788778877887,651.5577557755774
img-621.jpg,medium_pothole,0.0866229154314362,0.7109775583953504,0.2023995261732133,0.7109775583953504,0.2890224416046496,2.115776610741777,HIGH,schedule inspection and maintenance planning,48,15,720,0.1584158415841584,0.05,0.0079207920792079,3.2,6.580639137284949,False,75.5940594059406,151.1881188118812,302.3762376237624
img-621.jpg,medium_pothole,0.0591615264922231,0.653020980014829,0.2878174934929478,0.653020980014829,0.346979019985171,2.228655967000724,HIGH,schedule inspection and maintenance planning,67,24,1608,0.2211221122112211,0.08,0.0176897689768976,2.7916666666666665,7.383368146992383,False,76.32673267326732,152.65346534653463,305.30693069306926
img-621.jpg,medium_pothole,0.0646389027434959,0.6725345321116204,0.2628265651448834,0.6725345321116204,0.3274654678883796,2.198187662401387,HIGH,schedule inspection and maintenance planning,63,22,1386,0.2079207920792079,0.0733333333333333,0.0152475247524752,2.863636363636364,7.234898420314831,False,76.14356435643565,152.2871287128713,304.5742574257426
img-621.jpg,medium_pothole,0.1169382613320371,0.7340129094508049,0.149048829217158,0.7340129094508049,0.2659870905491951,2.032110567885121,HIGH,schedule inspection and maintenance planning,42,63,2646,0.1386138613861386,0.21,0.0291089108910891,0.6666666666666666,7.881182202227102,False,77.18316831683168,154.36633663366337,308.73267326732673
783bde8f-img-622.jpg,major_pothole,0.0203438669354969,0.1544181220279353,0.8252380110365678,0.8252380110365678,0.1747619889634322,2.80489414410107,CRITICAL,prioritize inspection/maintenance review,222,152,33744,0.3389312977099236,0.5066666666666667,0.1717251908396946,1.4605263157894737,10.426587537177507,False,175.7587786259542,351.5175572519084,703.0351145038168
783bde8f-img-622.jpg,major_pothole,0.0416297289244421,0.1713447360777454,0.7870255349978126,0.7870255349978126,0.2129744650021874,2.7453958060733705,CRITICAL,prioritize inspection/maintenance review,215,127,27305,0.3282442748091603,0.4233333333333333,0.1389567430025445,1.6929133858267718,10.214861737244696,False,170.84351145038167,341.68702290076334,683.3740458015267
783bde8f-img-622.jpg,medium_pothole,0.2491415423106014,0.606336335203401,0.1445221224859976,0.606336335203401,0.393663664796599,1.895380580175396,MEDIUM,schedule inspection and maintenance planning,51,36,1836,0.0778625954198473,0.12,0.0093435114503816,1.4166666666666667,7.515889085215125,False,75.70076335877863,151.40152671755726,302.8030534351145
783bde8f-img-622.jpg,medium_pothole,0.1008451457156824,0.5449090447599101,0.3542458095244073,0.5449090447599101,0.4550909552400899,2.2534006638087245,HIGH,schedule inspection and maintenance planning,79,15,1185,0.1206106870229007,0.05,0.006030534351145,5.266666666666667,7.078341579557671,False,75.45229007633588,150.90458015267177,301.80916030534354
783bde8f-img-622.jpg,major_pothole,0.0867629897607866,0.3668423082267627,0.5463947020124506,0.5463947020124506,0.4536052979875494,2.459631712251664,HIGH,schedule inspection and maintenance planning,56,8,448,0.0854961832061068,0.0266666666666666,0.0022798982188295,7.0,6.107022887742255,False,150.34198473282441,300.68396946564883,601.3679389312977
783bde8f-img-622.jpg,medium_pothole,0.2626188421841138,0.6141384477725633,0.1232427100433228,0.6141384477725633,0.3858615522274367,1.8606238678592089,MEDIUM,schedule inspection and maintenance planning,38,19,722,0.0580152671755725,0.0633333333333333,0.0036743002544529,2.0,6.583409222158765,False,75.27557251908397,150.55114503816793,301.10229007633586
783bde8f-img-622.jpg,medium_pothole,0.1938542796369352,0.5927885713753639,0.2133571489877011,0.5927885713753639,0.4072114286246361,2.0195028693507666,HIGH,schedule inspection and maintenance planning,65,27,1755,0.099236641221374,0.09,0.0089312977099236,2.4074074074074074,7.470793774195062,False,75.66984732824427,151.33969465648855,302.6793893129771
783bde8f-img-622.jpg,medium_pothole,0.2352635329376826,0.6310505763600168,0.1336858907023003,0.6310505763600168,0.3689494236399832,1.898422357764617,MEDIUM,schedule inspection and maintenance planning,48,45,2160,0.0732824427480916,0.15,0.0109923664122137,1.0666666666666669,7.678326356506885,False,75.82442748091603,151.64885496183206,303.2977099236641
783bde8f-img-622.jpg,medium_pothole,0.2544194571382226,0.597845385850303,0.1477351570114743,0.597845385850303,0.402154614149697,1.893315699873252,MEDIUM,schedule inspection and maintenance planning,51,31,1581,0.0778625954198473,0.1033333333333333,0.0080458015267175,1.6451612903225807,7.366445148327599,False,75.60343511450381,151.20687022900762,302.41374045801524
783bde8f-img-622.jpg,medium_pothole,0.2674620481236534,0.6456373228014701,0.0869006290748761,0.6456373228014701,0.3543626771985299,1.819438580951222,MEDIUM,schedule inspection and maintenance planning,32,28,896,0.048854961832061,0.0933333333333333,0.004559796437659,1.1428571428571428,6.799055862058796,False,75.34198473282441,150.68396946564883,301.36793893129766
783bde8f-img-622.jpg,medium_pothole,0.2715892741458938,0.6342671401939888,0.0941435856601173,0.6342671401939888,0.3657328598060112,1.8225543115142235,MEDIUM,schedule inspection and maintenance planning,35,27,945,0.0534351145038167,0.09,0.0048091603053435,1.2962962962962965,6.852242569051878,False,75.36068702290076,150.72137404580153,301.44274809160305
783bde8f-img-622.jpg,medium_pothole,0.2408375472756377,0.6505928413349047,0.1085696113894575,0.6505928413349047,0.3494071586650953,1.8677320641138195,MEDIUM,schedule inspection and maintenance planning,23,11,253,0.0351145038167938,0.0366666666666666,0.0012875318066157,2.090909090909091,5.537334267018537,False,75.09656488549618,150.19312977099236,300.3862595419847
783bde8f-img-622.jpg,medium_pothole,0.1525736633566256,0.6380473946650616,0.2093789419783129,0.6380473946650616,0.3619526053349384,2.056805278621688,HIGH,schedule inspection and maintenance planning,45,12,540,0.0687022900763358,0.04,0.0027480916030534,3.75,6.293419278846481,False,75.20610687022901,150.41221374045801,300.82442748091603
783bde8f-img-622.jpg,medium_pothole,0.2526183450444776,0.64753195959599,0.0998496953595323,0.64753195959599,0.35246804040401,1.8472313503150544,MEDIUM,schedule inspection and maintenance planning,26,15,390,0.0396946564885496,0.05,0.0019847328244274,1.7333333333333334,5.968707559985366,False,75.14885496183206,150.29770992366412,300.59541984732823
783bde8f-img-622.jpg,medium_pothole,0.170079799317576,0.630215796411393,0.1997044042710305,0.630215796411393,0.369784203588607,2.0296246049534536,HIGH,schedule inspection and maintenance planning,42,12,504,0.0641221374045801,0.04,0.0025648854961832,3.5,6.22455842927536,False,75.19236641221374,150.3847328244275,300.769465648855
783bde8f-img-622.jpg,medium_pothole,0.2052531490916742,0.6149147126291978,0.1798321382791281,0.6149147126291978,0.3850852873708021,1.974578989187454,MEDIUM,schedule inspection and maintenance planning,58,47,2726,0.0885496183206106,0.1566666666666666,0.0138727735368956,1.2340425531914894,7.910957382845589,False,76.04045801526716,152.08091603053433,304.16183206106865
img-623.jpg,major_pothole,0.0842942530489562,0.1265933663628439,0.7891123805881998,0.7891123805881998,0.2108876194118002,2.704818127539243,CRITICAL,prioritize inspection/maintenance review,320,216,69120,0.599250936329588,0.72,0.4314606741573034,1.4814814814814814,11.143613870965876,False,214.7191011235955,429.438202247191,858.876404494382
img-624.jpg,medium_pothole,0.072173153859347,0.5620521256314942,0.3657747205091586,0.5620521256314942,0.4379478743685058,2.293601566649812,HIGH,schedule inspection and maintenance planning,88,35,3080,0.2060889929742388,0.1166666666666666,0.0240437158469945,2.5142857142857142,8.033009498596668,False,76.8032786885246,153.6065573770492,307.2131147540984
img-624.jpg,medium_pothole,0.1094847906268877,0.6399679613077046,0.2505472480654076,0.6399679613077046,0.3600320386922954,2.14106245743852,HIGH,schedule inspection and maintenance planning,69,35,2415,0.1615925058548009,0.1166666666666666,0.0188524590163934,1.9714285714285715,7.789868559054706,False,76.4139344262295,152.827868852459,305.655737704918
img-624.jpg,medium_pothole,0.1332709412166549,0.6636771791083476,0.2030518796749976,0.6636771791083476,0.3363228208916524,2.0697809384583428,HIGH,schedule inspection and maintenance planning,59,47,2773,0.1381733021077283,0.1566666666666666,0.0216471506635441,1.25531914893617,7.928045600874777,False,76.6235362997658,153.2470725995316,306.4941451990632
img-624.jpg,medium_pothole,0.1552964181000346,0.6576537154650826,0.1870498664348829,0.6576537154650826,0.3423462845349174,2.0317534483348485,HIGH,schedule inspection and maintenance planning,48,18,864,0.1124121779859484,0.06,0.0067447306791569,2.6666666666666665,6.762729506931879,False,75.50585480093676,151.01170960187352,302.02341920374704
img-624.jpg,medium_pothole,0.2151374899798099,0.6614110171758966,0.1234514928442935,0.6614110171758966,0.3385889828241034,1.908314002864484,MEDIUM,schedule inspection and maintenance planning,34,17,578,0.0796252927400468,0.0566666666666666,0.0045120999219359,2.0,6.361302477572996,False,75.33840749414519,150.67681498829037,301.35362997658075
img-624.jpg,medium_pothole,0.1933275278781755,0.6536612334830189,0.1530112386388054,0.6536612334830189,0.3463387665169811,1.9596837107606293,MEDIUM,schedule inspection and maintenance planning,37,15,555,0.0866510538641686,0.05,0.0043325526932084,2.466666666666667,6.320768294250582,False,75.32494145199063,150.64988290398125,301.2997658079625
img-624.jpg,medium_pothole,0.1092860926419766,0.6763052820329458,0.2144086253250778,0.6763052820329458,0.3236947179670542,2.105122532683102,HIGH,schedule inspection and maintenance planning,56,16,896,0.1311475409836065,0.0533333333333333,0.0069945355191256,3.5,6.799055862058796,False,75.52459016393442,151.04918032786884,302.0983606557377
img-624.jpg,medium_pothole,0.1743063450435401,0.6570510786036516,0.168642576352808,0.6570510786036516,0.3429489213963483,1.994336231309268,MEDIUM,schedule inspection and maintenance planning,33,11,363,0.0772833723653395,0.0366666666666666,0.0028337236533957,3.0,5.8971538676367405,False,75.21252927400468,150.42505854800936,300.8501170960187
img-624.jpg,medium_pothole,0.2185946811025988,0.6761397513072039,0.1052655675901972,0.6761397513072039,0.323860248692796,1.886670886487598,MEDIUM,schedule inspection and maintenance planning,19,9,171,0.0444964871194379,0.03,0.0013348946135831,2.111111111111111,5.147494476813453,False,75.10011709601874,150.20023419203747,300.40046838407494
img-624.jpg,medium_pothole,0.1255661138570458,0.6749328751516501,0.1995010109913045,0.6749328751516501,0.3250671248483499,2.07393489713426,HIGH,schedule inspection and maintenance planning,38,10,380,0.0889929742388758,0.0333333333333333,0.0029664324746291,3.8,5.942799375126701,False,75.22248243559717,150.44496487119434,300.8899297423887
img-624.jpg,medium_pothole,0.2279656214312381,0.6804925667523475,0.0915418118164141,0.6804925667523475,0.3195074332476525,1.8635761903851755,MEDIUM,schedule inspection and maintenance planning,29,22,638,0.0679156908665105,0.0733333333333333,0.0049804839968774,1.318181818181818,6.459904454377535,False,75.3735362997658,150.7470725995316,301.4941451990632
b8f567ca-img-625.jpg,major_pothole,0.0353518747019616,0.163792152886453,0.8008559724115853,0.8008559724115853,0.1991440275884146,2.7655040977096235,CRITICAL,prioritize inspection/maintenance review,388,68,26384,0.7279549718574109,0.2266666666666666,0.1650031269543464,5.705882352941177,10.180550945839768,False,174.75046904315195,349.5009380863039,699.0018761726078
b8f567ca-img-625.jpg,major_pothole,0.0667435565131653,0.2009259738576818,0.7323304696291529,0.7323304696291529,0.267669530370847,2.6655869131159875,CRITICAL,prioritize inspection/maintenance review,160,71,11360,0.300187617260788,0.2366666666666666,0.0710444027517198,2.2535211267605635,9.337941716569905,False,160.656660412758,321.313320825516,642.626641651032
b8f567ca-img-625.jpg,major_pothole,0.0782510134169377,0.1823162695535329,0.7394327170295295,0.7394327170295295,0.2605672829704705,2.661181703612592,CRITICAL,prioritize inspection/maintenance review,218,79,17222,0.4090056285178236,0.2633333333333333,0.1077048155096935,2.759493670886076,9.754000978835746,False,166.15572232645403,332.31144465290805,664.6228893058161
img-626.jpg,major_pothole,0.0550483221392457,0.1618621892530873,0.7830894886076671,0.7830894886076671,0.2169105113923328,2.728041166468422,CRITICAL,prioritize inspection/maintenance review,196,56,10976,0.4355555555555555,0.1866666666666666,0.0813037037037037,3.5,9.303557453687317,False,162.19555555555556,324.3911111111111,648.7822222222222
img-626.jpg,medium_pothole,0.1966862042898089,0.6490458896374688,0.1542679060727216,0.6490458896374688,0.3509541103625312,1.957581701782912,MEDIUM,schedule inspection and maintenance planning,36,14,504,0.08,0.0466666666666666,0.0037333333333333,2.571428571428572,6.22455842927536,False,75.28,150.56,301.12
img-627.jpg,major_pothole,0.0678964312478875,0.3396029589300315,0.5925006098220807,0.5925006098220807,0.4074993901779192,2.524604178574193,HIGH,prioritize inspection/maintenance review,129,54,6966,0.215,0.18,0.0387,2.388888888888889,8.848939995030118,False,155.805,311.61,623.22
img-627.jpg,medium_pothole,0.1030583556693571,0.5493337935419086,0.3476078507887344,0.5493337935419086,0.4506662064580914,2.2445494951193776,HIGH,schedule inspection and maintenance planning,99,31,3069,0.165,0.1033333333333333,0.01705,3.193548387096774,8.029432840581244,False,76.27875,152.5575,305.115
img-628.jpg,major_pothole,0.0194298723934673,0.2076162154154735,0.7729539121910592,0.7729539121910592,0.2270460878089407,2.753524039797592,CRITICAL,prioritize inspection/maintenance review,216,161,34776,0.4832214765100671,0.5366666666666666,0.2593288590604027,1.3416149068322982,10.456711527718737,False,188.89932885906043,377.79865771812086,755.5973154362417
img-629.jpg,major_pothole,0.0202255411660586,0.2003280993203179,0.7794463595136234,0.7794463595136234,0.2205536404863766,2.7592208183475644,CRITICAL,prioritize inspection/maintenance review,186,148,27528,0.465,0.4933333333333333,0.2294,1.2567567567567568,10.222995273466749,False,184.41,368.82,737.64
img-63.jpg,medium_pothole,0.19090311348784,0.6846656935509611,0.1244311929611985,0.6846656935509611,0.3153343064490389,1.9335280794733576,MEDIUM,schedule inspection and maintenance planning,201,131,26331,0.2791666666666667,0.1819444444444444,0.050792824074074,1.534351145038168,10.178540208587767,False,78.80946180555556,157.61892361111111,315.23784722222223
img-630.jpg,major_pothole,0.0284907893802917,0.2064253897605744,0.7650838208591338,0.7650838208591338,0.2349161791408661,2.736593031478842,CRITICAL,prioritize inspection/maintenance review,274,119,32606,0.6088888888888889,0.3966666666666666,0.2415259259259259,2.302521008403361,10.392282268231297,False,186.2288888888889,372.4577777777778,744.9155555555556
img-630.jpg,medium_pothole,0.0627535058020957,0.4848306302528949,0.4524158639450092,0.4848306302528949,0.5151693697471051,2.389662358142913,HIGH,schedule inspection and maintenance planning,102,34,3468,0.2266666666666666,0.1133333333333333,0.0256888888888888,3.0,8.15162164696975,False,76.92666666666666,153.85333333333332,307.70666666666665
img-631.jpg,major_pothole,0.0614553784083895,0.4489840461189958,0.4895605754726148,0.4895605754726148,0.5104394245273852,2.4281051970642253,HIGH,schedule inspection and maintenance planning,101,60,6060,0.2234513274336283,0.2,0.0446902654867256,1.6833333333333331,8.709630081951286,False,156.70353982300884,313.4070796460177,626.8141592920354
img-631.jpg,medium_pothole,0.0738447069193479,0.5495295215265356,0.3766257715541164,0.5495295215265356,0.4504704784734644,2.302781064634768,HIGH,schedule inspection and maintenance planning,93,29,2697,0.2057522123893805,0.0966666666666666,0.0198893805309734,3.206896551724138,7.900266036767701,False,76.491703539823,152.983407079646,305.966814159292
img-631.jpg,major_pothole,0.0965187171787391,0.1186328212439311,0.7848484615773292,0.7848484615773292,0.2151515384226707,2.688329744398589,CRITICAL,prioritize inspection/maintenance review,450,205,92250,0.995575221238938,0.6833333333333333,0.6803097345132744,2.1951219512195124,11.43226840195242,False,252.04646017699116,504.0929203539823,1008.1858407079646
img-632.jpg,medium_pothole,0.0755524369888169,0.5601795784256917,0.3642679845854917,0.5601795784256917,0.4398204215743083,2.2887155475966754,HIGH,schedule inspection and maintenance planning,91,29,2639,0.2022222222222222,0.0966666666666666,0.0195481481481481,3.1379310344827585,7.878534196140362,False,76.4661111111111,152.9322222222222,305.8644444444444
img-633.jpg,major_pothole,0.0348416868920869,0.178198603289537,0.786959709818376,0.786959709818376,0.2130402901816239,2.752118022926289,CRITICAL,prioritize inspection/maintenance review,310,110,34100,0.7769423558897243,0.3666666666666666,0.2848788638262322,2.8181818181818183,10.43708198835482,False,192.73182957393485,385.4636591478697,770.9273182957394
img-634.jpg,medium_pothole,0.2282678144462457,0.6558140246314009,0.1159181609223533,0.6558140246314009,0.3441859753685991,1.887650346476108,MEDIUM,schedule inspection and maintenance planning,38,24,912,0.0844444444444444,0.08,0.0067555555555555,1.5833333333333333,6.816735880594968,False,75.50666666666666,151.01333333333332,302.02666666666664
img-634.jpg,medium_pothole,0.226672598583513,0.6839327425338035,0.0893946588826833,0.6839327425338035,0.3160672574661964,1.86272206029917,MEDIUM,schedule inspection and maintenance planning,22,16,352,0.0488888888888888,0.0533333333333333,0.0026074074074074,1.375,5.8664680569332965,False,75.19555555555556,150.39111111111112,300.78222222222223
img-634.jpg,medium_pothole,0.2310194887388866,0.6782213711733994,0.0907591400877136,0.6782213711733994,0.3217786288266006,1.8597396513488265,MEDIUM,schedule inspection and maintenance planning,33,30,990,0.0733333333333333,0.1,0.0073333333333333,1.1,6.898714534329988,False,75.54999999999998,151.09999999999997,302.19999999999993
img-634.jpg,medium_pothole,0.1638169225501864,0.6526438184826827,0.1835392589671305,0.6526438184826827,0.3473561815173173,2.019722336416943,HIGH,schedule inspection and maintenance planning,45,16,720,0.1,0.0533333333333333,0.0053333333333333,2.8125,6.580639137284949,False,75.39999999999999,150.79999999999998,301.59999999999997
img-634.jpg,medium_pothole,0.1535957616932075,0.6583547117060898,0.1880495266007026,0.6583547117060898,0.3416452882939101,2.0344537649074947,HIGH,schedule inspection and maintenance planning,32,9,288,0.0711111111111111,0.03,0.0021333333333333,3.555555555555556,5.666426688112432,False,75.16,150.32,300.64
img-634.jpg,medium_pothole,0.2182823177477915,0.7083653484229226,0.0733523338292855,0.7083653484229226,0.2916346515770773,1.8550700160814928,MEDIUM,schedule inspection and maintenance planning,25,34,850,0.0555555555555555,0.1133333333333333,0.0062962962962962,0.7352941176470589,6.746412128573375,False,75.47222222222221,150.94444444444443,301.88888888888886
img-634.jpg,medium_pothole,0.2052319874969927,0.6854918073015299,0.1092762052014774,0.6854918073015299,0.3145081926984701,1.9040442177044847,MEDIUM,schedule inspection and maintenance planning,39,45,1755,0.0866666666666666,0.15,0.013,0.8666666666666667,7.470793774195062,False,75.975,151.95,303.9
img-634.jpg,medium_pothole,0.224981604131791,0.6949685933815137,0.0800498024866949,0.6949685933815137,0.3050314066184862,1.855068198354903,MEDIUM,schedule inspection and maintenance planning,20,21,420,0.0444444444444444,0.07,0.0031111111111111,0.9523809523809524,6.042632833682381,False,75.23333333333333,150.46666666666667,300.93333333333334
img-634.jpg,medium_pothole,0.2314247640652575,0.6859406992978637,0.0826345366368789,0.6859406992978637,0.3140593007021363,1.8512097725716217,MEDIUM,schedule inspection and maintenance planning,26,24,624,0.0577777777777777,0.08,0.0046222222222222,1.0833333333333333,6.437751649736401,False,75.34666666666668,150.69333333333336,301.3866666666667
img-634.jpg,medium_pothole,0.2234609234885965,0.6753473338648565,0.1011917426465468,0.6753473338648565,0.3246526661351435,1.8777308191579496,MEDIUM,schedule inspection and maintenance planning,18,9,162,0.04,0.03,0.0012,2.0,5.093750200806762,False,75.09,150.18,300.36
img-634.jpg,medium_pothole,0.226038270846056,0.6424960397823165,0.1314656893716275,0.6424960397823165,0.3575039602176835,1.9054274185255715,MEDIUM,schedule inspection and maintenance planning,18,6,108,0.04,0.02,0.0008,3.0,4.691347882229144,False,75.05999999999999,150.11999999999998,300.23999999999995
img-634.jpg,medium_pothole,0.2465765035240066,0.6618700653432233,0.0915534311327696,0.6618700653432233,0.3381299346567766,1.8449769276087624,MEDIUM,schedule inspection and maintenance planning,13,7,91,0.0288888888888888,0.0233333333333333,0.000674074074074,1.8571428571428568,4.5217885770490405,False,75.05055555555555,150.1011111111111,300.2022222222222
img-634.jpg,medium_pothole,0.233004603339133,0.6617948899003739,0.1052005067604927,0.6617948899003739,0.338205110099626,1.872195903421359,MEDIUM,schedule inspection and maintenance planning,16,7,112,0.0355555555555555,0.0233333333333333,0.0008296296296296,2.2857142857142856,4.727387818712341,False,75.06222222222222,150.12444444444444,300.24888888888887
img-635.jpg,major_pothole,0.0923433286074142,0.1754978301179753,0.7321588412746102,0.7321588412746102,0.2678411587253898,2.6398155126671954,CRITICAL,prioritize inspection/maintenance review,299,155,46345,0.9966666666666668,0.5166666666666667,0.5149444444444444,1.929032258064516,10.743890267377829,False,227.24166666666667,454.48333333333335,908.9666666666667
img-636.jpg,major_pothole,0.0616377794272745,0.1848772240222456,0.7534849965504797,0.7534849965504797,0.2465150034495202,2.691847217123205,CRITICAL,prioritize inspection/maintenance review,156,30,4680,0.3466666666666667,0.1,0.0346666666666666,5.2,8.45126704130007,False,155.2,310.4,620.8
img-636.jpg,major_pothole,0.0754593373550678,0.4213314165307572,0.5032092461141751,0.5032092461141751,0.4967907538858249,2.4277499087591075,HIGH,schedule inspection and maintenance planning,89,16,1424,0.1977777777777777,0.0533333333333333,0.0105481481481481,5.5625,7.261927092702751,False,151.58222222222224,303.1644444444445,606.328888888889
img-636.jpg,medium_pothole,0.1781065648201228,0.6514582067653176,0.1704352284145599,0.6514582067653176,0.3485417932346824,1.9923286635944373,MEDIUM,schedule inspection and maintenance planning,29,9,261,0.0644444444444444,0.03,0.0019333333333333,3.2222222222222223,5.568344503761097,False,75.145,150.29,300.58
img-636.jpg,medium_pothole,0.1305074923712089,0.6566441437267369,0.2128483639020541,0.6566441437267369,0.3433558562732631,2.082340871530845,HIGH,schedule inspection and maintenance planning,59,21,1239,0.1311111111111111,0.07,0.0091777777777777,2.8095238095238093,7.122866658599083,False,75.68833333333333,151.37666666666667,302.75333333333333
img-636.jpg,medium_pothole,0.1126118570963945,0.6308454566158723,0.2565426862877327,0.6308454566158723,0.3691545433841277,2.143930829191337,HIGH,schedule inspection and maintenance planning,71,37,2627,0.1577777777777777,0.1233333333333333,0.0194592592592592,1.9189189189189189,7.873978379604501,False,76.45944444444444,152.9188888888889,305.8377777777778
img-636.jpg,major_pothole,0.0449787915653402,0.2060095065427874,0.7490117018918722,0.7490117018918722,0.2509882981081278,2.704032910326532,CRITICAL,prioritize inspection/maintenance review,148,56,8288,0.3288888888888889,0.1866666666666666,0.0613925925925925,2.642857142857143,9.022684613591526,False,159.20888888888888,318.41777777777776,636.8355555555555
img-636.jpg,medium_pothole,0.2283507787774739,0.6831460428392255,0.0885031783833002,0.6831460428392255,0.3168539571607744,1.8601523996058256,MEDIUM,schedule inspection and maintenance planning,15,10,150,0.0333333333333333,0.0333333333333333,0.0011111111111111,1.5,5.017279836814924,False,75.08333333333333,150.16666666666666,300.3333333333333
img-637.jpg,medium_pothole,0.1050720147090984,0.6650573439969015,0.2298706412940001,0.6650573439969015,0.3349426560030984,2.124798626584901,HIGH,schedule inspection and maintenance planning,48,11,528,0.1034482758620689,0.0366666666666666,0.0037931034482758,4.363636363636363,6.270988431858299,False,75.2844827586207,150.5689655172414,301.1379310344828
img-637.jpg,medium_pothole,0.1524197225959784,0.6439190095767742,0.2036612678272474,0.6439190095767742,0.3560809904232258,2.0512415452312687,HIGH,schedule inspection and maintenance planning,57,23,1311,0.1228448275862068,0.0766666666666666,0.0094181034482758,2.4782608695652173,7.179307969504034,False,75.7063577586207,151.4127155172414,302.8254310344828
img-638.jpg,major_pothole,0.0921773425085736,0.1296324027013973,0.778190254790029,0.778190254790029,0.221809745209971,2.686012912281455,CRITICAL,prioritize inspection/maintenance review,467,245,114415,0.8761726078799249,0.8166666666666667,0.7155409631019387,1.906122448979592,11.647596208288178,False,257.33114446529083,514.6622889305817,1029.3245778611633
img-639.jpg,major_pothole,0.0419801452559273,0.2204657810670747,0.7375540736769979,0.7375540736769979,0.2624459263230021,2.6955739284210702,CRITICAL,prioritize inspection/maintenance review,291,75,21825,0.5449438202247191,0.25,0.1362359550561797,3.88,9.990857198673035,False,170.43539325842693,340.87078651685385,681.7415730337077
img-64.jpg,medium_pothole,0.1432206892176649,0.6693077657006341,0.1874715450817008,0.6693077657006341,0.3306922342993659,2.0442508558640355,HIGH,schedule inspection and maintenance planning,247,143,35321,0.3430555555555555,0.1986111111111111,0.0681346450617284,1.7272727272727273,10.472261278256315,False,80.11009837962963,160.22019675925927,320.44039351851853
img-640.jpg,major_pothole,0.0342626043759982,0.1941109707346522,0.7716264248893494,0.7716264248893494,0.2283735751106506,2.737363820513351,CRITICAL,prioritize inspection/maintenance review,237,111,26307,0.5925,0.37,0.219225,2.135135135135135,10.17762835442124,False,182.88375,365.7675,731.535
img-641.jpg,major_pothole,0.0717963286428039,0.1823365867571056,0.7458670846000903,0.7458670846000903,0.2541329153999097,2.6740707559572865,CRITICAL,prioritize inspection/maintenance review,189,86,16254,0.4073275862068966,0.2866666666666667,0.1167672413793103,2.197674418604651,9.696155832738006,False,167.51508620689657,335.03017241379314,670.0603448275863
img-642.jpg,medium_pothole,0.0694233516889202,0.526037680481241,0.404538967829839,0.526037680481241,0.473962319518759,2.3351156161409192,HIGH,schedule inspection and maintenance planning,87,24,2088,0.29,0.06,0.0174,3.625,7.644440761556566,False,76.305,152.61,305.22
img-642.jpg,major_pothole,0.0612400862479099,0.1715831157962144,0.7671767979558757,0.7671767979558757,0.2328232020441243,2.705936711707966,CRITICAL,prioritize inspection/maintenance review,170,92,15640,0.5666666666666667,0.23,0.1303333333333333,1.8478260869565213,9.657650950674242,False,169.54999999999998,339.09999999999997,678.1999999999999
img-642.jpg,medium_pothole,0.1102345342816655,0.6200914159260061,0.2696740497923281,0.6200914159260061,0.3799085840739938,2.159439515510662,HIGH,schedule inspection and maintenance planning,76,51,3876,0.2533333333333333,0.1275,0.0323,1.4901960784313726,8.262816937670928,False,77.4225,154.845,309.69
img-643.jpg,major_pothole,0.0348621735641803,0.1901231149422147,0.7750147114936049,0.7750147114936049,0.2249852885063951,2.7401525379294243,CRITICAL,prioritize inspection/maintenance review,145,46,6670,0.3625,0.1533333333333333,0.0555833333333333,3.152173913043478,8.805525052709516,False,158.3375,316.675,633.35
img-644.jpg,major_pothole,0.0412318249313393,0.1899312225310421,0.7688369525376183,0.7688369525376183,0.2311630474623817,2.7276051276062785,CRITICAL,prioritize inspection/maintenance review,143,36,5148,0.4766666666666667,0.0902255639097744,0.0430075187969924,3.9722222222222223,8.546557800046141,False,156.45112781954887,312.90225563909775,625.8045112781955
img-644.jpg,medium_pothole,0.0754921101025246,0.5245216233661641,0.3999862665313113,0.5245216233661641,0.4754783766338358,2.3244941564287864,HIGH,schedule inspection and maintenance planning,92,55,5060,0.3066666666666666,0.137844611528822,0.0422723475355054,1.6727272727272726,8.529319371214077,False,78.1704260651629,156.3408521303258,312.6817042606516
img-644.jpg,major_pothole,0.0467331875722425,0.2039782822854567,0.7492885301423007,0.7492885301423007,0.2507114698576993,2.702555342570058,CRITICAL,prioritize inspection/maintenance review,219,198,43362,0.73,0.4962406015037593,0.3622556390977444,1.106060606060606,10.677361821912015,False,204.33834586466165,408.6766917293233,817.3533834586466
img-645.jpg,major_pothole,0.0585399121779483,0.1747741719911393,0.7666859158309123,0.7666859158309123,0.2333140841690877,2.708146003652964,CRITICAL,prioritize inspection/maintenance review,213,62,13206,0.4722838137472284,0.2066666666666666,0.0976053215077605,3.435483870967742,9.488502271043805,False,164.6407982261641,329.2815964523282,658.5631929046564
img-646.jpg,major_pothole,0.0586821184342395,0.2042835370572041,0.7370343445085563,0.7370343445085563,0.2629656554914437,2.6783522260743164,CRITICAL,prioritize inspection/maintenance review,254,70,17780,0.4756554307116105,0.2333333333333333,0.1109862671660424,3.628571428571429,9.785885750455948,False,166.64794007490636,333.2958801498127,666.5917602996254
img-647.jpg,major_pothole,0.0157586632750577,0.1700092063905247,0.8142321303344175,0.8142321303344175,0.1857678696655824,2.79847346705936,CRITICAL,prioritize inspection/maintenance review,197,182,35854,0.3696060037523452,0.6066666666666667,0.2242276422764227,1.0824175824175823,10.487238306316677,False,183.6341463414634,367.2682926829268,734.5365853658536
img-648.jpg,major_pothole,0.0831254877165677,0.2864695631109202,0.630404949172512,0.630404949172512,0.369595050827488,2.547279461455944,HIGH,prioritize inspection/maintenance review,157,31,4867,0.2180555555555555,0.1165413533834586,0.0254124895572264,5.064516129032258,8.490438454107418,False,153.81187343358394,307.6237468671679,615.2474937343358
img-648.jpg,medium_pothole,0.0895496629765729,0.569188595252458,0.3412617417709691,0.569188595252458,0.430811404747542,2.2517120787943963,HIGH,schedule inspection and maintenance planning,96,24,2304,0.1333333333333333,0.0902255639097744,0.0120300751879699,4.0,7.742835955430749,False,75.90225563909773,151.80451127819546,303.6090225563909
img-648.jpg,medium_pothole,0.1042841170688205,0.6810764702117538,0.2146394127194254,0.6810764702117538,0.3189235297882462,2.110355295650604,HIGH,schedule inspection and maintenance planning,156,15,2340,0.2166666666666666,0.056390977443609,0.0122180451127819,10.4,7.75833346749091,False,75.91635338345864,151.83270676691728,303.66541353383457
img-648.jpg,major_pothole,0.0810410397049348,0.4053533946260927,0.5136055656689723,0.5136055656689723,0.4863944343310277,2.4325645259640374,HIGH,schedule inspection and maintenance planning,81,13,1053,0.1125,0.0488721804511278,0.0054981203007518,6.230769230769231,6.960347729101308,False,150.82471804511277,301.64943609022555,603.2988721804511
img-648.jpg,major_pothole,0.0810001017159016,0.3445364567535511,0.5744634415305471,0.5744634415305471,0.4255365584694529,2.493463339814645,HIGH,schedule inspection and maintenance planning,63,9,567,0.0875,0.0338345864661654,0.0029605263157894,7.0,6.342121418721152,False,150.4440789473684,300.8881578947368,601.7763157894736
img-648.jpg,medium_pothole,0.0799788345227975,0.5382147452072492,0.381806420269953,0.5382147452072492,0.4617852547927508,2.301827585747155,HIGH,schedule inspection and maintenance planning,87,54,4698,0.1208333333333333,0.2030075187969924,0.0245300751879699,1.6111111111111112,8.455104999102815,False,76.83975563909773,153.67951127819546,307.3590225563909
img-648.jpg,medium_pothole,0.1043166048705792,0.6387393596567266,0.256944035472694,0.6387393596567266,0.3612606403432734,2.1526274306021147,HIGH,schedule inspection and maintenance planning,58,13,754,0.0805555555555555,0.0488721804511278,0.0039369256474519,4.461538461538462,6.626717749249025,False,75.29526942355889,150.59053884711778,301.18107769423557
img-648.jpg,medium_pothole,0.0924801613709674,0.5949552630655393,0.3125645755634933,0.5949552630655393,0.4050447369344607,2.2200844141925256,HIGH,schedule inspection and maintenance planning,52,10,520,0.0722222222222222,0.037593984962406,0.0027151211361737,5.2,6.255750041753367,False,75.20363408521304,150.40726817042608,300.81453634085216
img-648.jpg,medium_pothole,0.1336595309036529,0.6489205287676196,0.2174199403287273,0.6489205287676196,0.3510794712323803,2.083760409425074,HIGH,schedule inspection and maintenance planning,45,12,540,0.0625,0.0451127819548872,0.0028195488721804,3.75,6.293419278846481,False,75.21146616541354,150.42293233082708,300.84586466165416
img-648.jpg,medium_pothole,0.1097718544636457,0.6427212177497276,0.2475069277866265,0.6427212177497276,0.3572787822502724,2.1377350733229807,HIGH,schedule inspection and maintenance planning,45,10,450,0.0625,0.037593984962406,0.0023496240601503,4.5,6.111467339502679,False,75.17622180451127,150.35244360902254,300.7048872180451
img-648.jpg,medium_pothole,0.1008709289816878,0.6306779869543755,0.2684510840639367,0.6306779869543755,0.3693220130456245,2.1675801550822484,HIGH,schedule inspection and maintenance planning,56,12,672,0.0777777777777777,0.0451127819548872,0.0035087719298245,4.666666666666667,6.511745329644728,False,75.26315789473685,150.5263157894737,301.0526315789474
img-648.jpg,major_pothole,0.0753907964276106,0.2735140850386141,0.6510951185337751,0.6510951185337751,0.3489048814662249,2.575704322106164,HIGH,prioritize inspection/maintenance review,160,34,5440,0.2222222222222222,0.1278195488721804,0.0284043441938178,4.705882352941177,8.601718146485926,False,154.26065162907267,308.52130325814534,617.0426065162907
8d4997e8-img-649.jpg,major_pothole,0.0635038111396336,0.1938305057576353,0.742665683102731,0.742665683102731,0.257334316897269,2.679161871963097,CRITICAL,prioritize inspection/maintenance review,208,104,21632,0.3909774436090225,0.3466666666666667,0.1355388471177945,2.0,9.981975205584869,False,170.3308270676692,340.6616541353384,681.3233082706768
8d4997e8-img-649.jpg,major_pothole,0.0729199599698226,0.2173431617365951,0.7097368782935823,0.7097368782935823,0.2902631217064176,2.63681691832376,CRITICAL,prioritize inspection/maintenance review,151,91,13741,0.2838345864661654,0.3033333333333333,0.0860964912280701,1.6593406593406594,9.52821211559102,False,162.91447368421052,325.82894736842104,651.6578947368421
img-65.jpg,medium_pothole,0.1230611755509455,0.6772711796561174,0.1996676447929364,0.6772711796561174,0.3227288203438826,2.0766064692419897,HIGH,schedule inspection and maintenance planning,259,147,38073,0.3597222222222222,0.2041666666666666,0.073443287037037,1.761904761904762,10.547286913465737,False,80.50824652777777,161.01649305555554,322.0329861111111
img-650.jpg,medium_pothole,0.1228281011205319,0.6524297904841814,0.2247421083952868,0.6524297904841814,0.3475702095158186,2.101914007274756,HIGH,schedule inspection and maintenance planning,63,25,1575,0.1448275862068965,0.0833333333333333,0.0120689655172413,2.52,7.362645270417825,False,75.9051724137931,151.8103448275862,303.6206896551724
img-650.jpg,medium_pothole,0.0946095001808559,0.6196785404123949,0.2857119594067491,0.6196785404123949,0.3803214595876051,2.191102459225893,HIGH,schedule inspection and maintenance planning,75,46,3450,0.1724137931034483,0.1533333333333333,0.0264367816091954,1.6304347826086956,8.146419323098003,False,76.98275862068967,153.96551724137933,307.93103448275866
img-651.jpg,major_pothole,0.0592630317855749,0.1862430716632788,0.7544938965511463,0.7544938965511463,0.2455061034488537,2.695230864765571,CRITICAL,prioritize inspection/maintenance review,178,96,17088,0.445,0.32,0.1424,1.8541666666666667,9.746190260646909,False,171.36,342.72,685.44
img-652.jpg,major_pothole,0.0330053003353222,0.2062170964481739,0.7607776032165035,0.7607776032165035,0.2392223967834965,2.7277723028811804,CRITICAL,prioritize inspection/maintenance review,290,102,29580,0.6444444444444445,0.34,0.2191111111111111,2.843137254901961,10.294887542319458,False,182.86666666666665,365.7333333333333,731.4666666666666
img-652.jpg,major_pothole,0.0693656977279996,0.1758556085687418,0.7547786937032585,0.7547786937032585,0.2452213062967415,2.6854129959752586,CRITICAL,prioritize inspection/maintenance review,193,79,15247,0.4288888888888889,0.2633333333333333,0.1129407407407407,2.4430379746835444,9.632203625893982,False,166.94111111111113,333.88222222222225,667.7644444444445
img-652.jpg,major_pothole,0.0558944558736383,0.4278945903118687,0.5162109538144927,0.5162109538144927,0.4837890461855073,2.4603164979408536,HIGH,schedule inspection and maintenance planning,110,35,3850,0.2444444444444444,0.1166666666666666,0.0285185185185185,3.142857142857143,8.25608813381491,False,154.27777777777777,308.55555555555554,617.1111111111111
img-653.jpg,medium_pothole,0.0758440165828924,0.5322772637917503,0.3918787196253572,0.5322772637917503,0.4677227362082496,2.3160347030424644,HIGH,schedule inspection and maintenance planning,86,69,5934,0.1911111111111111,0.23,0.0439555555555555,1.2463768115942029,8.688622307043769,False,78.29666666666667,156.59333333333333,313.18666666666667
img-653.jpg,medium_pothole,0.0871980211677677,0.6037778071139582,0.309024171718274,0.6037778071139582,0.3962221928860417,2.2218261505505064,HIGH,schedule inspection and maintenance planning,64,13,832,0.1422222222222222,0.0433333333333333,0.0061629629629629,4.923076923076923,6.725033642166843,False,75.46222222222222,150.92444444444445,301.8488888888889
img-653.jpg,major_pothole,0.0725300814969725,0.1863971785038123,0.7410727399992153,0.7410727399992153,0.2589272600007847,2.668542658502244,CRITICAL,prioritize inspection/maintenance review,327,179,58533,0.7266666666666667,0.5966666666666667,0.4335777777777778,1.8268156424581008,10.977363060971824,False,215.0366666666667,430.0733333333334,860.1466666666668
img-654.jpg,major_pothole,0.0431384061051288,0.2323873286149891,0.7244742652798818,0.7244742652798818,0.2755257347201182,2.6813358591747525,CRITICAL,prioritize inspection/maintenance review,143,42,6006,0.3177777777777777,0.14,0.0444888888888888,3.4047619047619047,8.700680734850161,False,156.67333333333332,313.34666666666664,626.6933333333333
img-654.jpg,medium_pothole,0.2186655944274164,0.6634343020863774,0.1179001034862059,0.6634343020863774,0.3365656979136225,1.8992345090587888,MEDIUM,schedule inspection and maintenance planning,20,8,160,0.0444444444444444,0.0266666666666666,0.0011851851851851,2.5,5.081404364984463,False,75.08888888888889,150.17777777777778,300.35555555555555
img-654.jpg,medium_pothole,0.121243307229362,0.6695345423432378,0.2092221504273998,0.6695345423432378,0.3304654576567621,2.0879788431980373,HIGH,schedule inspection and maintenance planning,37,9,333,0.0822222222222222,0.03,0.0024666666666666,4.111111111111111,5.811140992976701,False,75.185,150.37,300.74
c0a58e21-img-655.jpg,major_pothole,0.0753954879395754,0.1962116226659228,0.7283928893945016,0.7283928893945016,0.2716071106054983,2.652997401454926,CRITICAL,prioritize inspection/maintenance review,165,83,13695,0.3089887640449438,0.2766666666666666,0.0854868913857677,1.987951807228916,9.524859098381524,False,162.82303370786516,325.64606741573033,651.2921348314607
c0a58e21-img-655.jpg,major_pothole,0.0694477733594829,0.2017340660278705,0.7288181606126466,0.7288181606126466,0.2711818393873534,2.659370387253164,CRITICAL,prioritize inspection/maintenance review,163,106,17278,0.3052434456928839,0.3533333333333333,0.1078526841448189,1.5377358490566038,9.75724717031312,False,166.17790262172284,332.3558052434457,664.7116104868913
c0a58e21-img-655.jpg,major_pothole,0.0661823368311574,0.179115288875708,0.7547023742931344,0.7547023742931344,0.2452976257068656,2.6885200374619767,CRITICAL,prioritize inspection/maintenance review,179,59,10561,0.3352059925093633,0.1966666666666666,0.0659238451935081,3.0338983050847457,9.26501793326688,False,159.8885767790262,319.7771535580524,639.5543071161048
c0a58e21-img-655.jpg,major_pothole,0.0569546919004896,0.2259054348019394,0.717139873297571,0.717139873297571,0.282860126702429,2.660185181397081,CRITICAL,prioritize inspection/maintenance review,155,51,7905,0.2902621722846442,0.17,0.0493445692883895,3.0392156862745097,8.97537724385663,False,157.40168539325845,314.8033707865169,629.6067415730338
c0a58e21-img-655.jpg,major_pothole,0.0589271163975429,0.3364238685263014,0.6046490150761556,0.6046490150761556,0.3953509849238443,2.5457218986786128,HIGH,prioritize inspection/maintenance review,129,46,5934,0.2415730337078651,0.1533333333333333,0.0370411985018726,2.8043478260869565,8.688622307043769,False,155.5561797752809,311.1123595505618,622.2247191011236
c0a58e21-img-655.jpg,medium_pothole,0.208199083154897,0.7233791317950246,0.0684217850500781,0.7233791317950246,0.2766208682049754,1.8602227018951805,MEDIUM,schedule inspection and maintenance planning,17,32,544,0.0318352059925093,0.1066666666666666,0.0033957553058676,0.53125,6.300785794663244,False,75.25468164794007,150.50936329588015,301.0187265917603
c0a58e21-img-655.jpg,medium_pothole,0.147872340156316,0.6206525760720369,0.2314750837716468,0.6206525760720369,0.379347423927963,2.08360274361533,HIGH,schedule inspection and maintenance planning,68,28,1904,0.1273408239700374,0.0933333333333333,0.0118851435705368,2.4285714285714284,7.552237287560802,False,75.89138576779025,151.7827715355805,303.565543071161
c0a58e21-img-655.jpg,medium_pothole,0.0939450134864848,0.5882698332839944,0.3177851532295209,0.5882698332839944,0.4117301667160056,2.2238401397430363,HIGH,schedule inspection and maintenance planning,66,13,858,0.1235955056179775,0.0433333333333333,0.0053558052434456,5.076923076923077,6.755768921984255,False,75.40168539325843,150.80337078651687,301.60674157303373
c0a58e21-img-655.jpg,medium_pothole,0.1711577826634512,0.6597106541224674,0.1691315632140815,0.6597106541224674,0.3402893458775325,1.9979737805506304,MEDIUM,schedule inspection and maintenance planning,52,57,2964,0.097378277153558,0.19,0.018501872659176,0.912280701754386,7.994632311431825,False,76.3876404494382,152.7752808988764,305.5505617977528
c0a58e21-img-655.jpg,medium_pothole,0.2218970190719954,0.7073803160881929,0.0707226648398116,0.7073803160881929,0.2926196839118071,1.848825645767816,MEDIUM,schedule inspection and maintenance planning,9,17,153,0.0168539325842696,0.0566666666666666,0.0009550561797752,0.5294117647058824,5.0369526024136295,False,75.07162921348313,150.14325842696627,300.28651685393254
img-656.jpg,major_pothole,0.0713625887913152,0.2052244788131655,0.7234129323955194,0.7234129323955194,0.2765870676044806,2.652050343604204,CRITICAL,prioritize inspection/maintenance review,158,96,15168,0.5266666666666666,0.2181818181818181,0.1149090909090909,1.6458333333333333,9.627009150591672,False,167.23636363636362,334.47272727272724,668.9454545454545
img-656.jpg,medium_pothole,0.1509377740363024,0.6607008712107594,0.1883613547529382,0.6607008712107594,0.3392991287892406,2.037423580716636,HIGH,schedule inspection and maintenance planning,26,6,156,0.0866666666666666,0.0136363636363636,0.0011818181818181,4.333333333333333,5.056245805348308,False,75.08863636363637,150.17727272727274,300.3545454545455
img-657.jpg,major_pothole,0.0819898148852597,0.1903193241069368,0.727690861007803,0.727690861007803,0.272309138992197,2.6457010461225425,CRITICAL,prioritize inspection/maintenance review,376,156,58656,0.94,0.52,0.4888,2.41025641025641,10.97946219904839,False,223.32,446.64,893.28
img-658.jpg,medium_pothole,0.1795269140519614,0.6380814100563768,0.1823916758916619,0.6380814100563768,0.3619185899436232,2.0028647618397004,HIGH,schedule inspection and maintenance planning,59,51,3009,0.1966666666666666,0.1275,0.025075,1.156862745098039,8.009695357742922,False,76.880625,153.76125,307.5225
img-658.jpg,medium_pothole,0.2219700928592191,0.6361252458156204,0.1419046613251606,0.6361252458156204,0.3638747541843796,1.9199345684659408,MEDIUM,schedule inspection and maintenance planning,42,20,840,0.14,0.05,0.007,2.1,6.734591659972948,False,75.52499999999999,151.04999999999998,302.09999999999997
img-658.jpg,major_pothole,0.0590625686091814,0.1890580454472929,0.7518793859435257,0.7518793859435257,0.2481206140564743,2.6928168173343443,CRITICAL,prioritize inspection/maintenance review,163,74,12062,0.5433333333333333,0.185,0.1005166666666666,2.202702702702702,9.397898195565384,False,165.0775,330.155,660.31
img-658.jpg,medium_pothole,0.1852219233500125,0.6484108195181169,0.1663672571318705,0.6484108195181169,0.3515891804818831,1.9811453337818576,MEDIUM,schedule inspection and maintenance planning,46,19,874,0.1533333333333333,0.0475,0.0072833333333333,2.421052631578948,6.774223886357614,False,75.54625,151.0925,302.185
img-659.jpg,major_pothole,0.0324026641405893,0.1776832264932133,0.7899141093661971,0.7899141093661971,0.2100858906338029,2.7575114452256075,CRITICAL,prioritize inspection/maintenance review,369,70,25830,0.6923076923076923,0.2333333333333333,0.1615384615384615,5.271428571428571,10.159330600013352,False,174.2307692307692,348.4615384615384,696.9230769230768
img-66.jpg,medium_pothole,0.1856464103416957,0.6481502234941066,0.1662033661641977,0.6481502234941066,0.3518497765058934,1.9805569558225016,MEDIUM,schedule inspection and maintenance planning,241,269,64829,0.3347222222222222,0.3736111111111111,0.1250559413580247,0.895910780669145,11.07952373816904,False,84.37919560185186,168.75839120370372,337.51678240740745
img-66.jpg,minor_pothole,0.5889530654753085,0.347102158844144,0.0639447756805471,0.5889530654753085,0.4110469345246915,1.474991710205238,MEDIUM,monitor and include in routine maintenance review,90,94,8460,0.125,0.1305555555555555,0.0163194444444444,0.9574468085106383,9.0432226489245,False,50.815972222222214,101.63194444444443,203.26388888888886
img-66.jpg,minor_pothole,0.7711429609403102,0.1874885209519169,0.0413685181077725,0.7711429609403102,0.2288570390596898,1.2702255571674614,LOW,monitor and include in routine maintenance review,61,39,2379,0.0847222222222222,0.0541666666666666,0.0045891203703703,1.564102564102564,7.77485576666552,False,50.22945601851851,100.45891203703702,200.91782407407405
img-66.jpg,minor_pothole,0.5900322212138714,0.3056685475250796,0.1042992312610489,0.5900322212138714,0.4099677787861285,1.5142670100471771,MEDIUM,schedule inspection and maintenance planning,63,22,1386,0.0875,0.0305555555555555,0.0026736111111111,2.863636363636364,7.234898420314831,False,50.13368055555556,100.26736111111111,200.53472222222223
img-66.jpg,minor_pothole,0.746308881073083,0.2092001800378618,0.0444909388890549,0.746308881073083,0.253691118926917,1.2981820578159713,LOW,monitor and include in routine maintenance review,70,72,5040,0.0972222222222222,0.1,0.0097222222222222,0.9722222222222222,8.525359754082631,False,50.48611111111111,100.97222222222221,201.94444444444443
img-66.jpg,minor_pothole,0.6449673735287741,0.3125887188762657,0.0424439075949603,0.6449673735287741,0.3550326264712259,1.3974765340661863,LOW,monitor and include in routine maintenance review,33,25,825,0.0458333333333333,0.0347222222222222,0.0015914351851851,1.32,6.716594773520978,False,50.07957175925925,100.1591435185185,200.318287037037
img-660.jpg,medium_pothole,0.0962131696413089,0.6140720203791011,0.2897148099795893,0.6140720203791011,0.3859279796208988,2.193501640338279,HIGH,schedule inspection and maintenance planning,76,48,3648,0.1688888888888889,0.16,0.0270222222222222,1.5833333333333333,8.202208436436448,False,77.02666666666667,154.05333333333334,308.1066666666667
img-661.jpg,major_pothole,0.0748136295149959,0.1561336557287019,0.7690527147563021,0.7690527147563021,0.2309472852436979,2.694239085241306,CRITICAL,prioritize inspection/maintenance review,418,175,73150,0.7842401500938087,0.5833333333333334,0.457473420888055,2.388571428571429,11.200281076894816,False,218.62101313320824,437.2420262664165,874.484052532833
img-662.jpg,medium_pothole,0.1128548957409597,0.6384257841563378,0.2487193201027026,0.6384257841563378,0.3615742158436622,2.135864424361743,HIGH,schedule inspection and maintenance planning,70,28,1960,0.1548672566371681,0.0933333333333333,0.0144542772861356,2.5,7.581209826196346,False,76.08407079646017,152.16814159292034,304.33628318584067
img-662.jpg,medium_pothole,0.2156739984010887,0.6447942467745503,0.1395317548243607,0.6447942467745503,0.3552057532254496,1.9238577564232715,MEDIUM,schedule inspection and maintenance planning,44,26,1144,0.0973451327433628,0.0866666666666666,0.0084365781710914,1.6923076923076923,7.0431599159883405,False,75.63274336283185,151.2654867256637,302.5309734513274
img-662.jpg,medium_pothole,0.2152313925332197,0.6543246514854588,0.1304439559813216,0.6543246514854588,0.3456753485145412,1.915212563448102,MEDIUM,schedule inspection and maintenance planning,44,33,1452,0.0973451327433628,0.11,0.0107079646017699,1.3333333333333333,7.281385663570282,False,75.80309734513274,151.60619469026548,303.21238938053096
img-662.jpg,medium_pothole,0.1679156867689119,0.6496344476003932,0.1824498656306949,0.6496344476003932,0.3503655523996067,2.014534178861783,HIGH,schedule inspection and maintenance planning,46,17,782,0.1017699115044247,0.0566666666666666,0.0057669616519174,2.7058823529411766,6.663132695990803,False,75.4325221238938,150.8650442477876,301.7300884955752
img-662.jpg,medium_pothole,0.2125940300259539,0.6618014886520222,0.1256044813220239,0.6618014886520222,0.3381985113479778,1.91301045129607,MEDIUM,schedule inspection and maintenance planning,23,9,207,0.0508849557522123,0.03,0.0015265486725663,2.555555555555556,5.337538079701318,False,75.11449115044248,150.22898230088495,300.4579646017699
cd8b432e-img-663.jpg,medium_pothole,0.1425519688255034,0.691984728528068,0.1654633026464284,0.691984728528068,0.308015271471932,2.022911333820925,HIGH,schedule inspection and maintenance planning,48,36,1728,0.1432835820895522,0.12,0.0171940298507462,1.3333333333333333,7.455298485683291,False,76.28955223880597,152.57910447761193,305.15820895522387
cd8b432e-img-663.jpg,medium_pothole,0.1831443746739433,0.6842500295152089,0.1326055958108482,0.6842500295152089,0.3157499704847911,1.9494612211369056,MEDIUM,schedule inspection and maintenance planning,27,11,297,0.0805970149253731,0.0366666666666666,0.002955223880597,2.4545454545454546,5.697093486505405,False,75.22164179104477,150.44328358208955,300.8865671641791
cd8b432e-img-663.jpg,medium_pothole,0.1953676203143177,0.6972832272707972,0.1073491524148852,0.6972832272707972,0.3027167727292028,1.911981532100568,MEDIUM,schedule inspection and maintenance planning,25,13,325,0.0746268656716417,0.0433333333333333,0.0032338308457711,1.9230769230769231,5.786897381366708,False,75.24253731343283,150.48507462686567,300.97014925373134
cd8b432e-img-663.jpg,medium_pothole,0.1862655581633381,0.6883983992671489,0.1253360425695131,0.6883983992671489,0.3116016007328511,1.939070484406175,MEDIUM,schedule inspection and maintenance planning,31,15,465,0.0925373134328358,0.05,0.0046268656716417,2.066666666666667,6.144185634125646,False,75.34701492537313,150.69402985074626,301.3880597014925
cd8b432e-img-663.jpg,medium_pothole,0.092134486600511,0.6865161546101737,0.2213493587893154,0.6865161546101737,0.3134838453898263,2.1292148721888045,HIGH,schedule inspection and maintenance planning,40,9,360,0.1194029850746268,0.03,0.0035820895522388,4.444444444444445,5.8888779583328805,False,75.26865671641791,150.53731343283582,301.07462686567163
cd8b432e-img-663.jpg,medium_pothole,0.1038591483602363,0.7022061806023266,0.1939346710374372,0.7022061806023266,0.2977938193976733,2.090075522677201,HIGH,schedule inspection and maintenance planning,42,12,504,0.1253731343283582,0.04,0.0050149253731343,3.5,6.22455842927536,False,75.37611940298507,150.75223880597014,301.5044776119403
cd8b432e-img-663.jpg,medium_pothole,0.2109891346902114,0.7055476491534329,0.0834632161563554,0.7055476491534329,0.294452350846567,1.872474081466144,MEDIUM,schedule inspection and maintenance planning,15,12,180,0.044776119402985,0.04,0.0017910447761194,1.25,5.198497031265826,False,75.13432835820895,150.2686567164179,300.5373134328358
cd8b432e-img-663.jpg,medium_pothole,0.2105843303252903,0.7107221587885151,0.0786935108861946,0.7107221587885151,0.2892778412114849,1.868109180560904,MEDIUM,schedule inspection and maintenance planning,14,14,196,0.0417910447761194,0.0466666666666666,0.0019502487562189,1.0,5.2832037287379885,False,75.14626865671642,150.29253731343283,300.58507462686566
cd8b432e-img-663.jpg,major_pothole,0.0322433970116008,0.3492454276854788,0.6185111753029204,0.6185111753029204,0.3814888246970795,2.58626777829132,HIGH,prioritize inspection/maintenance review,105,44,4620,0.3134328358208955,0.1466666666666666,0.0459701492537313,2.386363636363636,8.438366410870266,False,156.89552238805967,313.79104477611935,627.5820895522387
cd8b432e-img-663.jpg,medium_pothole,0.1137332436559919,0.6849334319065615,0.2013333244374467,0.6849334319065615,0.3150665680934384,2.087600080781455,HIGH,schedule inspection and maintenance planning,54,28,1512,0.1611940298507462,0.0933333333333333,0.0150447761194029,1.9285714285714288,7.321849713788356,False,76.1283582089552,152.2567164179104,304.5134328358208
cd8b432e-img-663.jpg,major_pothole,0.0410610995553266,0.3983225105022026,0.5606163899424706,0.5606163899424706,0.4393836100575293,2.519555290387144,HIGH,prioritize inspection/maintenance review,97,24,2328,0.2895522388059701,0.08,0.0231641791044776,4.041666666666667,7.753194269884341,False,153.47462686567164,306.9492537313433,613.8985074626866
cd8b432e-img-663.jpg,medium_pothole,0.1311938486599077,0.6841598340383389,0.1846463173017533,0.6841598340383389,0.3158401659616611,2.0534524686418454,HIGH,schedule inspection and maintenance planning,50,27,1350,0.1492537313432835,0.09,0.0134328358208955,1.851851851851852,7.208600337960199,False,76.00746268656717,152.01492537313433,304.02985074626866
cd8b432e-img-663.jpg,medium_pothole,0.1409848178581747,0.6842391381163154,0.1747760440255097,0.6842391381163154,0.3157608618836846,2.0337912261673345,HIGH,schedule inspection and maintenance planning,32,10,320,0.0955223880597015,0.0333333333333333,0.00318407960199,3.2,5.771441123130016,False,75.23880597014924,150.4776119402985,300.955223880597
cd8b432e-img-663.jpg,medium_pothole,0.1818292548515897,0.6814313608509869,0.1367393842974235,0.6814313608509869,0.3185686391490131,1.954910129445834,MEDIUM,schedule inspection and maintenance planning,26,10,260,0.0776119402985074,0.0333333333333333,0.0025870646766169,2.6,5.564520407322694,False,75.19402985074626,150.38805970149252,300.77611940298505
cd8b432e-img-663.jpg,medium_pothole,0.1848995040481469,0.67387537611272,0.1412251198391327,0.67387537611272,0.32612462388728,1.956325615790985,MEDIUM,schedule inspection and maintenance planning,23,8,184,0.0686567164179104,0.0266666666666666,0.0018308457711442,2.875,5.220355825078324,False,75.13731343283581,150.27462686567162,300.54925373134324
cd8b432e-img-663.jpg,medium_pothole,0.2105001987489038,0.686661367192813,0.1028384340582829,0.686661367192813,0.313338632807187,1.8923382353093785,MEDIUM,schedule inspection and maintenance planning,17,8,136,0.0507462686567164,0.0266666666666666,0.0013532338308457,2.125,4.919980925828125,False,75.10149253731343,150.20298507462687,300.40597014925373
cd8b432e-img-663.jpg,medium_pothole,0.1982020836800085,0.6697185385407108,0.1320793777792804,0.6697185385407108,0.3302814614592891,1.933877294099272,MEDIUM,schedule inspection and maintenance planning,20,7,140,0.0597014925373134,0.0233333333333333,0.0013930348258706,2.857142857142857,4.948759890378168,False,75.1044776119403,150.2089552238806,300.4179104477612
img-664.jpg,major_pothole,0.0852976390124796,0.1675769946978725,0.7471253662896479,0.7471253662896479,0.2528746337103521,2.661827727277168,CRITICAL,prioritize inspection/maintenance review,376,170,63920,0.94,0.5666666666666667,0.5326666666666666,2.211764705882353,11.065403224873476,False,229.9,459.8,919.6
img-665.jpg,major_pothole,0.0587175737806896,0.1725618349479637,0.7687205912713466,0.7687205912713466,0.2312794087286533,2.710003017490657,CRITICAL,prioritize inspection/maintenance review,170,68,11560,0.3761061946902654,0.2266666666666666,0.0852507374631268,2.5,9.35539264367532,False,162.78761061946904,325.57522123893807,651.1504424778761
img-666.jpg,medium_pothole,0.1101011495674921,0.681168615781047,0.2087302346514608,0.681168615781047,0.3188313842189529,2.0986290850839686,HIGH,schedule inspection and maintenance planning,389,212,82468,0.5186666666666667,0.212,0.1099573333333333,1.8349056603773584,11.320177744132447,False,83.2468,166.4936,332.9872
img-667.jpg,medium_pothole,0.2028829934416509,0.704916771770975,0.0922002347873739,0.704916771770975,0.295083228229025,1.8893172413457229,MEDIUM,schedule inspection and maintenance planning,201,128,25728,0.201,0.1706666666666666,0.034304,1.5703125,10.155374039382547,False,77.57280000000002,155.14560000000003,310.29120000000006
img-667.jpg,minor_pothole,0.8224379136028138,0.1522378217122042,0.0253242646849823,0.8224379136028138,0.1775620863971861,1.202886351082169,LOW,monitor and include in routine maintenance review,58,69,4002,0.058,0.092,0.005336,0.8405797101449275,8.294799358992574,False,50.2668,100.5336,201.0672
img-667.jpg,minor_pothole,0.7424739533957235,0.1915834734414604,0.0659425731628159,0.7424739533957235,0.2575260466042764,1.323468619767092,LOW,monitor and include in routine maintenance review,77,29,2233,0.077,0.0386666666666666,0.0029773333333333,2.655172413793104,7.711548979629146,False,50.14886666666667,100.29773333333334,200.59546666666668
img-667.jpg,minor_pothole,0.8290188174990684,0.1410215204472827,0.0299596620536488,0.8290188174990684,0.1709811825009316,1.2009408445545802,LOW,monitor and include in routine maintenance review,63,42,2646,0.063,0.056,0.003528,1.5,7.881182202227102,False,50.1764,100.3528,200.7056
img-668.jpg,minor_pothole,0.7535077912192853,0.2050559754576141,0.0414362333231001,0.7535077912192853,0.2464922087807146,1.287928442103814,LOW,monitor and include in routine maintenance review,121,66,7986,0.1613333333333333,0.066,0.010648,1.8333333333333333,8.985570498917388,False,50.5324,101.0648,202.1296
img-669.jpg,medium_pothole,0.0711063462788525,0.5349041002904393,0.3939895534307077,0.5349041002904393,0.4650958997095606,2.3228832071518544,HIGH,schedule inspection and maintenance planning,87,63,5481,0.213235294117647,0.2058823529411764,0.0439013840830449,1.380952380952381,8.60922527686273,False,78.29260380622837,156.58520761245674,313.1704152249135
img-67.jpg,medium_pothole,0.1661381333280657,0.6536463850811035,0.1802154815908309,0.6536463850811035,0.3463536149188965,2.014077348262765,HIGH,schedule inspection and maintenance planning,219,167,36573,0.3041666666666666,0.2319444444444444,0.0705497685185185,1.311377245508982,10.50709288443458,False,80.2912326388889,160.5824652777778,321.1649305555556
img-67.jpg,medium_pothole,0.1972540388270726,0.6870769773651989,0.1156689838077284,0.6870769773651989,0.3129230226348011,1.918414944980656,MEDIUM,schedule inspection and maintenance planning,177,151,26727,0.2458333333333333,0.2097222222222222,0.0515567129629629,1.1721854304635762,10.193466984036592,False,78.86675347222221,157.73350694444443,315.46701388888886
img-67.jpg,minor_pothole,0.5129194738193452,0.3838464422476489,0.1032340839330056,0.5129194738193452,0.4870805261806548,1.5903146101136598,MEDIUM,schedule inspection and maintenance planning,153,47,7191,0.2125,0.0652777777777777,0.0138715277777777,3.25531914893617,8.880724576151456,False,50.693576388888886,101.38715277777777,202.77430555555554
img-670.jpg,medium_pothole,0.2380948929368104,0.6798441987597241,0.0820609083034651,0.6798441987597241,0.3201558012402759,1.8439660153666544,MEDIUM,schedule inspection and maintenance planning,6,5,30,0.0517241379310344,0.043103448275862,0.0022294887039239,1.2,3.4339872044851463,False,75.16721165279428,150.33442330558856,300.6688466111771
img-670.jpg,medium_pothole,0.2912292488567148,0.6024416245770565,0.1063291265662287,0.6024416245770565,0.3975583754229435,1.815099877709514,MEDIUM,schedule inspection and maintenance planning,8,3,24,0.0689655172413793,0.0258620689655172,0.0017835909631391,2.6666666666666665,3.218875824868201,False,75.13376932223544,150.26753864447087,300.53507728894175
img-670.jpg,medium_pothole,0.218193914297366,0.682684821672053,0.0991212640305811,0.682684821672053,0.317315178327947,1.8809273497332155,MEDIUM,schedule inspection and maintenance planning,8,4,32,0.0689655172413793,0.0344827586206896,0.0023781212841854,2.0,3.49650756146648,False,75.1783590963139,150.3567181926278,300.7134363852556
img-670.jpg,medium_pothole,0.0838449477628792,0.827864203617987,0.0882908486191338,0.827864203617987,0.172135796382013,2.0044459008562545,HIGH,schedule inspection and maintenance planning,10,8,80,0.0862068965517241,0.0689655172413793,0.0059453032104637,1.25,4.394449154672439,False,75.44589774078477,150.89179548156955,301.7835909631391
img-670.jpg,medium_pothole,0.3505500236403966,0.5644657642263772,0.0849842121332264,0.5644657642263772,0.4355342357736228,1.7344341884928305,MEDIUM,schedule inspection and maintenance planning,5,4,20,0.043103448275862,0.0344827586206896,0.0014863258026159,1.25,3.044522437723423,False,75.11147443519619,150.22294887039237,300.44589774078474
img-670.jpg,minor_pothole,0.5857952603769108,0.3106682240605373,0.1035365155625518,0.5857952603769108,0.4142047396230892,1.5177412551856406,MEDIUM,schedule inspection and maintenance planning,3,3,9,0.0258620689655172,0.0258620689655172,0.0006688466111771,1.0,2.302585092994046,False,50.033442330558856,100.06688466111771,200.13376932223542
img-670.jpg,minor_pothole,0.6245302374524274,0.2758819795116683,0.0995877830359036,0.6245302374524274,0.3754697625475726,1.475057545583475,MEDIUM,monitor and include in routine maintenance review,4,2,8,0.0344827586206896,0.0172413793103448,0.0005945303210463,2.0,2.19722457733622,False,50.02972651605232,100.05945303210464,200.11890606420928
img-670.jpg,minor_pothole,0.6245302374524274,0.2758819795116683,0.0995877830359036,0.6245302374524274,0.3754697625475726,1.475057545583475,MEDIUM,monitor and include in routine maintenance review,4,2,8,0.0344827586206896,0.0172413793103448,0.0005945303210463,2.0,2.19722457733622,False,50.02972651605232,100.05945303210464,200.11890606420928
img-670.jpg,medium_pothole,0.4383920376712968,0.4700604009522883,0.0915475613764148,0.4700604009522883,0.5299395990477117,1.653155523705118,MEDIUM,schedule inspection and maintenance planning,5,3,15,0.043103448275862,0.0258620689655172,0.0011147443519619,1.6666666666666667,2.772588722239781,False,75.08360582639715,150.1672116527943,300.3344233055886
img-670.jpg,medium_pothole,0.0538328175326657,0.8371739306772273,0.1089932517901068,0.8371739306772273,0.1628260693227726,2.055160434257441,HIGH,schedule inspection and maintenance planning,14,10,140,0.1206896551724138,0.0862068965517241,0.0104042806183115,1.4,4.948759890378168,False,75.78032104637337,151.56064209274675,303.1212841854935
img-670.jpg,medium_pothole,0.0083314447932287,0.7788874829080614,0.2127810722987096,0.7788874829080614,0.2211125170919385,2.2044496275054803,HIGH,schedule inspection and maintenance planning,26,13,338,0.2241379310344827,0.1120689655172413,0.0251189060642092,2.0,5.82600010738045,False,76.88391795481569,153.76783590963137,307.53567181926275
img-670.jpg,medium_pothole,0.165692536602093,0.7581551319983652,0.0761523313995418,0.7581551319983652,0.2418448680016348,1.9104597947974489,MEDIUM,schedule inspection and maintenance planning,6,7,42,0.0517241379310344,0.0603448275862069,0.0031212841854934,0.8571428571428571,3.7612001156935615,False,75.23409631391199,150.46819262782398,300.93638525564796
img-670.jpg,medium_pothole,0.1528316986680023,0.7494766061145779,0.0976916952174197,0.7494766061145779,0.2505233938854221,1.944859996549417,MEDIUM,schedule inspection and maintenance planning,9,5,45,0.0775862068965517,0.043103448275862,0.0033442330558858,1.8,3.828641396489095,False,75.25081747919143,150.50163495838285,301.0032699167657
img-670.jpg,medium_pothole,0.2958000385612619,0.6285972632855318,0.0756026981532065,0.6285972632855318,0.3714027367144682,1.7798026595919452,MEDIUM,schedule inspection and maintenance planning,4,6,24,0.0344827586206896,0.0517241379310344,0.0017835909631391,0.6666666666666666,3.218875824868201,False,75.13376932223544,150.26753864447087,300.53507728894175
img-670.jpg,medium_pothole,0.166420976570543,0.7507389188123347,0.0828401046171221,0.7507389188123347,0.2492610811876653,1.9164191280465783,MEDIUM,schedule inspection and maintenance planning,7,6,42,0.0603448275862069,0.0517241379310344,0.0031212841854934,1.1666666666666667,3.7612001156935615,False,75.23409631391199,150.46819262782398,300.93638525564796
img-670.jpg,medium_pothole,0.1912633926839928,0.6635869846403563,0.1451496226756508,0.6635869846403563,0.3364130153596437,1.9538862299916573,MEDIUM,schedule inspection and maintenance planning,12,3,36,0.1034482758620689,0.0258620689655172,0.0026753864447086,4.0,3.610917912644224,False,75.20065398335315,150.4013079667063,300.8026159334126
img-671.jpg,major_pothole,0.1083078343852008,0.1842243808850151,0.707467784729784,0.707467784729784,0.292532215270216,2.599159950344583,HIGH,prioritize inspection/maintenance review,78,94,7332,0.6724137931034483,0.8103448275862069,0.5448870392390012,0.8297872340425532,8.9001399880938,False,231.73305588585015,463.4661117717003,926.9322235434006
img-672.jpg,major_pothole,0.0379636586360884,0.2440533350610639,0.7179830063028475,0.7179830063028475,0.2820169936971525,2.680019347666758,CRITICAL,prioritize inspection/maintenance review,448,133,59584,0.612859097127223,0.3251833740831296,0.1992915890413708,3.3684210526315788,10.995159143524909,False,179.89373835620563,359.78747671241126,719.5749534248225
img-673.jpg,major_pothole,0.0788218468942425,0.4427422778799739,0.4784358752257833,0.4784358752257833,0.5215641247742167,2.39961402833154,HIGH,schedule inspection and maintenance planning,110,55,6050,0.2444444444444444,0.1632047477744807,0.0398944939004286,2.0,8.707978826622321,False,155.9841740850643,311.9683481701286,623.9366963402572
img-673.jpg,medium_pothole,0.2476820121248259,0.6062489425974461,0.146069045277728,0.6062489425974461,0.3937510574025539,1.898387033152902,MEDIUM,schedule inspection and maintenance planning,46,22,1012,0.1022222222222222,0.0652818991097922,0.0066732607978898,2.090909090909091,6.920671504248683,False,75.50049455984174,151.00098911968348,302.00197823936696
img-674.jpg,medium_pothole,0.1457690809206722,0.6133201867409106,0.2409107323384168,0.6133201867409106,0.3866798132590894,2.095141651417744,HIGH,schedule inspection and maintenance planning,74,28,2072,0.1733021077283372,0.0795454545454545,0.0137853949329359,2.642857142857143,7.636752112435779,False,76.03390461997019,152.06780923994037,304.13561847988075
img-676.jpg,major_pothole,0.0662071782193014,0.1787449029993917,0.7550479187813068,0.7550479187813068,0.2449520812186931,2.6888407405620054,CRITICAL,prioritize inspection/maintenance review,197,73,14381,0.4646226415094339,0.2354838709677419,0.1094111381618989,2.698630136986301,9.57373270366244,False,166.41167072428485,332.8233414485697,665.6466828971394
img-676.jpg,major_pothole,0.0755140579174222,0.2107454199552506,0.7137405221273271,0.7137405221273271,0.2862594778726729,2.6382264642099043,CRITICAL,prioritize inspection/maintenance review,198,72,14256,0.4669811320754717,0.2093023255813953,0.0977402369460289,2.75,9.56500329315396,False,164.66103554190434,329.3220710838087,658.6441421676174
img-677.jpg,major_pothole,0.0784804421420506,0.2006960368193359,0.7208235210386132,0.7208235210386132,0.2791764789613867,2.642343078896562,CRITICAL,prioritize inspection/maintenance review,363,198,71874,0.8541176470588235,0.4864864864864865,0.415516693163752,1.8333333333333333,11.182683778099651,False,212.3275039745628,424.6550079491256,849.3100158982512
img-678.jpg,medium_pothole,0.3745869617403316,0.4171943409158568,0.2082186973438112,0.4171943409158568,0.5828056590841433,1.833631735603479,REVIEW REQUIRED,manual inspection recommended because model confidence is low,129,61,7869,0.16125,0.1270833333333333,0.0204921875,2.114754098360656,8.970813341411448,True,76.53691406249999,153.07382812499998,306.14765624999995
img-678.jpg,medium_pothole,0.4592198818801399,0.4522771374177793,0.0885029807020809,0.4592198818801399,0.5407801181198602,1.6292830988219411,MEDIUM,schedule inspection and maintenance planning,40,18,720,0.05,0.0375,0.001875,2.2222222222222223,6.580639137284949,False,75.140625,150.28125,300.5625
img-679.jpg,major_pothole,0.1157350709484497,0.1756158962805597,0.7086490327709907,0.7086490327709907,0.2913509672290093,2.592913961822541,HIGH,prioritize inspection/maintenance review,1164,622,724008,0.4557556773688332,0.3246346555323591,0.1479540873295481,1.8713826366559485,13.492559102229816,False,172.19311309943222,344.38622619886445,688.7724523977289
img-68.jpg,medium_pothole,0.1590414580451886,0.6621875175179761,0.1787710244368352,0.6621875175179761,0.3378124824820239,2.0197295663916464,HIGH,schedule inspection and maintenance planning,233,149,34717,0.3236111111111111,0.2069444444444444,0.0669695216049382,1.563758389261745,10.455013563428494,False,80.02271412037037,160.04542824074073,320.09085648148147
img-68.jpg,medium_pothole,0.3605168729420391,0.4984654351841985,0.1410176918737622,0.4984654351841985,0.5015345648158015,1.7805008189317229,MEDIUM,schedule inspection and maintenance planning,173,35,6055,0.2402777777777777,0.0486111111111111,0.0116801697530864,4.942857142857143,8.708804795117285,False,75.87601273148148,151.75202546296296,303.5040509259259
img-680.jpg,major_pothole,0.037062558475068,0.2988438310866435,0.6640936104382886,0.6640936104382886,0.3359063895617113,2.627031051963221,CRITICAL,prioritize inspection/maintenance review,355,130,46150,0.7334710743801653,0.3523035230352303,0.2584044435485677,2.730769230769231,10.739673908168612,False,188.76066653228517,377.52133306457034,755.0426661291407
img-681.jpg,major_pothole,0.081436594602906,0.2024378680947308,0.7161255373023635,0.7161255373023635,0.2838744626976365,2.634688942699458,CRITICAL,prioritize inspection/maintenance review,519,234,121446,0.4325,0.26,0.11245,2.217948717948718,11.70723323260197,False,166.86749999999998,333.73499999999996,667.4699999999999
img-682.jpg,medium_pothole,0.0824699367705581,0.5051406100492484,0.4123894531801935,0.5051406100492484,0.4948593899507516,2.329919516409636,HIGH,schedule inspection and maintenance planning,298,104,30992,0.4173669467787115,0.2071713147410358,0.0864664590935976,2.8653846153846154,10.341516651517557,False,81.48498443201981,162.96996886403963,325.93993772807926
img-683.jpg,major_pothole,0.0698182887149409,0.1443312314414645,0.7858504798435942,0.7858504798435942,0.2141495201564057,2.7160321911286527,CRITICAL,prioritize inspection/maintenance review,377,188,70876,0.3286835222319093,0.3601532567049808,0.1183764409570861,2.00531914893617,11.1687012593268,False,167.7564661435629,335.5129322871258,671.0258645742516
img-684.jpg,major_pothole,0.0846490101100652,0.2009362841273574,0.7144147057625775,0.7144147057625775,0.2855852942374225,2.6297656956525124,CRITICAL,prioritize inspection/maintenance review,112,236,26432,0.1637426900584795,0.5232815964523282,0.0856835362611999,0.4745762711864407,10.18236850853484,False,162.85253043918,325.70506087836,651.41012175672
img-684.jpg,medium_pothole,0.4501295471960319,0.4886612783323368,0.0612091744716312,0.4886612783323368,0.5113387216676633,1.611079627275599,MEDIUM,schedule inspection and maintenance planning,27,25,675,0.0394736842105263,0.0554323725055432,0.002188119967324,1.08,6.516193076042964,False,75.16410899754929,150.32821799509858,300.65643599019717
img-684.jpg,medium_pothole,0.3344702896388123,0.5729745989785701,0.0925551113826179,0.5729745989785701,0.4270254010214299,1.758084821743806,MEDIUM,schedule inspection and maintenance planning,25,12,300,0.0365497076023391,0.0266075388026607,0.0009724977632551,2.083333333333333,5.707110264748875,False,75.07293733224412,150.14587466448825,300.2917493289765
img-684.jpg,medium_pothole,0.394589665654684,0.533173234166863,0.0722371001784528,0.533173234166863,0.466826765833137,1.6776474345237684,MEDIUM,schedule inspection and maintenance planning,25,18,450,0.0365497076023391,0.0399113082039911,0.0014587466448827,1.3888888888888888,6.111467339502679,False,75.10940599836621,150.21881199673243,300.43762399346485
img-685.jpg,major_pothole,0.0785232613094835,0.2563309405697527,0.6651457981207639,0.6651457981207639,0.3348542018792361,2.5866225368112805,HIGH,prioritize inspection/maintenance review,177,117,20709,0.5412844036697247,0.2237093690248566,0.1210903924079499,1.5128205128205128,9.93837195438963,False,168.16355886119248,336.32711772238497,672.6542354447699
img-686.jpg,major_pothole,0.0339212240107336,0.2870678593735797,0.6790109166156867,0.6790109166156867,0.3209890833843133,2.645089692604953,CRITICAL,prioritize inspection/maintenance review,364,99,36036,0.5833333333333334,0.2584856396866841,0.1507832898172323,3.676767676767677,10.492301467414055,False,172.61749347258484,345.2349869451697,690.4699738903394
img-687.jpg,major_pothole,0.0840357634698164,0.2085777301599532,0.7073865063702304,0.7073865063702304,0.2926134936297696,2.623350742900414,CRITICAL,prioritize inspection/maintenance review,153,151,23103,0.2113259668508287,0.4206128133704735,0.0888864094553625,1.0132450331125828,10.047761041692551,False,163.33296141830436,326.66592283660873,653.3318456732175
img-688.jpg,medium_pothole,0.3929415042996359,0.5389839550391221,0.0680745406612417,0.5389839550391221,0.4610160449608779,1.675133036361605,MEDIUM,schedule inspection and maintenance planning,16,15,240,0.0221300138312586,0.0248756218905472,0.0005504978564989,1.0666666666666669,5.484796933490655,False,75.04128733923743,150.08257467847486,300.1651493569497
img-689.jpg,medium_pothole,0.4168515474795893,0.512136612909571,0.0710118396108398,0.512136612909571,0.487863387090429,1.6541602921312508,MEDIUM,schedule inspection and maintenance planning,23,16,368,0.0285714285714285,0.0306513409961685,0.0008757525998905,1.4375,5.910796644040527,False,75.0656814449918,150.1313628899836,300.2627257799672
img-69.jpg,medium_pothole,0.4427656994880994,0.4808407039795421,0.0763935965323586,0.4808407039795421,0.5191592960204578,1.6336278970442597,MEDIUM,schedule inspection and maintenance planning,111,105,11655,0.1541666666666666,0.1458333333333333,0.0224826388888888,1.0571428571428572,9.36357634787504,False,76.68619791666666,153.37239583333331,306.74479166666663
img-69.jpg,minor_pothole,0.6061595718471756,0.3105784593345868,0.0832619688182376,0.6061595718471756,0.3938404281528244,1.477102396971062,MEDIUM,monitor and include in routine maintenance review,117,70,8190,0.1625,0.0972222222222222,0.0157986111111111,1.6714285714285717,9.010791269515602,False,50.78993055555555,101.5798611111111,203.1597222222222
img-690.jpg,minor_pothole,0.5466629585415598,0.3178580300614741,0.1354790113969661,0.5466629585415598,0.4533370414584402,1.5888160528554065,MEDIUM,schedule inspection and maintenance planning,82,25,2050,0.082,0.0444049733570159,0.0036412078152753,3.28,7.62608275807238,False,50.18206039076376,100.36412078152752,200.72824156305504
img-691.jpg,major_pothole,0.0851871289409496,0.2877171156480241,0.6270957554110261,0.6270957554110261,0.3729042445889738,2.541908626470076,HIGH,prioritize inspection/maintenance review,182,122,22204,0.4945652173913043,0.2484725050916497,0.1228858584964137,1.4918032786885247,10.008072767726205,False,168.43287877446204,336.8657575489241,673.7315150978482
img-692.jpg,major_pothole,0.0562903467318118,0.2494100732599178,0.6942995800082706,0.6942995800082706,0.3057004199917293,2.63800923327646,CRITICAL,prioritize inspection/maintenance review,298,197,58706,0.3573141486810551,0.4182590233545648,0.1494498668581058,1.512690355329949,10.980314249132316,False,172.4174800287159,344.8349600574318,689.6699201148635
img-692.jpg,minor_pothole,0.5600681575607233,0.343507964860221,0.0964238775790558,0.5600681575607233,0.4399318424392767,1.5363557200183326,MEDIUM,schedule inspection and maintenance planning,62,30,1860,0.0743405275779376,0.0636942675159235,0.004735065450824,2.066666666666667,7.528869256642251,False,50.2367532725412,100.4735065450824,200.9470130901648
img-692.jpg,minor_pothole,0.4685696376553434,0.4378552639154293,0.0935750984292271,0.4685696376553434,0.5314303623446566,1.6250054607738833,MEDIUM,schedule inspection and maintenance planning,56,87,4872,0.0671462829736211,0.1847133757961783,0.012402816600223,0.6436781609195402,8.491465042843506,False,50.62014083001115,101.2402816600223,202.4805633200446
img-693.jpg,medium_pothole,0.1329973628369814,0.5777006129097741,0.2893020242532445,0.5777006129097741,0.4222993870902258,2.1563046614162635,HIGH,schedule inspection and maintenance planning,83,19,1577,0.1990407673860911,0.0446009389671361,0.0088774051181589,4.368421052631579,7.363913501405819,False,75.66580538386191,151.33161076772382,302.66322153544763
img-693.jpg,medium_pothole,0.3612967943605951,0.5742963725041738,0.064406833135231,0.5742963725041738,0.4257036274958262,1.7031100387746356,MEDIUM,schedule inspection and maintenance planning,23,25,575,0.0551558752997601,0.0586854460093896,0.0032368471420047,0.92,6.356107660695892,False,75.24276353565035,150.4855270713007,300.9710541426014
img-693.jpg,medium_pothole,0.1666065321078211,0.6247115922256912,0.2086818756664877,0.6247115922256912,0.3752884077743088,2.0420753435586665,HIGH,schedule inspection and maintenance planning,24,5,120,0.0575539568345323,0.0117370892018779,0.0006755159252879,4.8,4.795790545596741,False,75.05066369439659,150.10132738879318,300.20265477758636
img-693.jpg,medium_pothole,0.2649711424948687,0.6405301722863533,0.0944986852187778,0.6405301722863533,0.3594698277136466,1.8295275427239088,MEDIUM,schedule inspection and maintenance planning,17,8,136,0.0407673860911271,0.0187793427230046,0.0007655847153263,2.125,4.919980925828125,False,75.05741885364947,150.11483770729893,300.22967541459786
img-693.jpg,medium_pothole,0.3272627501370033,0.5312938185527871,0.1414434313102095,0.5312938185527871,0.4687061814472129,1.8141806811732064,MEDIUM,schedule inspection and maintenance planning,52,25,1300,0.1247002398081534,0.0586854460093896,0.0073180891906193,2.08,7.170888478512505,False,75.54885668929644,151.09771337859289,302.19542675718577
img-693.jpg,medium_pothole,0.2748270200554141,0.6125769632168507,0.1125960167277352,0.6125769632168507,0.3874230367831492,1.8377689966723207,MEDIUM,schedule inspection and maintenance planning,29,12,348,0.0695443645083932,0.028169014084507,0.001958996183335,2.4166666666666665,5.855071922202427,False,75.14692471375012,150.29384942750025,300.5876988550005
img-693.jpg,medium_pothole,0.2687044913544829,0.5728610727632942,0.1584344358822229,0.5728610727632942,0.4271389272367057,1.88972994452774,MEDIUM,schedule inspection and maintenance planning,48,18,864,0.1151079136690647,0.0422535211267605,0.0048637146620731,2.6666666666666665,6.762729506931879,False,75.36477859965548,150.72955719931096,301.4591143986219
img-693.jpg,medium_pothole,0.2765600480447147,0.5924416262995609,0.1309983256557241,0.5924416262995609,0.4075583737004391,1.8544382776110089,MEDIUM,schedule inspection and maintenance planning,36,14,504,0.0863309352517985,0.0328638497652582,0.0028371668862093,2.571428571428572,6.22455842927536,False,75.2127875164657,150.4255750329314,300.8511500658628
img-693.jpg,medium_pothole,0.3327906600775565,0.51631175137955,0.1508975885428934,0.51631175137955,0.48368824862045,1.8181069284653368,MEDIUM,schedule inspection and maintenance planning,59,34,2006,0.1414868105515587,0.0798122065727699,0.0112923745510633,1.7352941176470589,7.604396348796338,False,75.84692809132976,151.69385618265952,303.38771236531903
img-693.jpg,minor_pothole,0.6805031234040541,0.1581805692834448,0.1613163073125013,0.6805031234040541,0.3194968765959459,1.4808131839084475,MEDIUM,monitor and include in routine maintenance review,26,1,26,0.0623501199040767,0.0023474178403755,0.0001463617838123,26.0,3.295836866004329,False,50.00731808919061,100.01463617838122,200.02927235676245
img-693.jpg,medium_pothole,0.16976885267126,0.6340147605715797,0.1962163867571604,0.6340147605715797,0.3659852394284203,2.0264475340859005,HIGH,schedule inspection and maintenance planning,26,6,156,0.0623501199040767,0.0140845070422535,0.0008781707028743,4.333333333333333,5.056245805348308,False,75.06586280271557,150.13172560543114,300.2634512108623
img-694.jpg,major_pothole,0.054930222947132,0.1392268567317026,0.8058429203211652,0.8058429203211652,0.1941570796788347,2.7509126973740328,CRITICAL,prioritize inspection/maintenance review,439,405,177795,0.7797513321492007,0.405,0.3157992895204263,1.0839506172839506,12.088392104621024,False,197.36989342806393,394.73978685612786,789.4795737122557
img-695.jpg,minor_pothole,0.7452618803825917,0.1959654712147687,0.0587726484026392,0.7452618803825917,0.2547381196174083,1.3135107680200466,LOW,monitor and include in routine maintenance review,124,46,5704,0.124,0.0613333333333333,0.0076053333333333,2.6956521739130435,8.649098262296176,False,50.380266666666664,100.76053333333333,201.52106666666666
img-695.jpg,medium_pothole,0.1414509899791136,0.6746000973103117,0.1839489127105744,0.6746000973103117,0.3253999026896883,2.04249792273146,HIGH,schedule inspection and maintenance planning,335,55,18425,0.335,0.0733333333333333,0.0245666666666666,6.090909090909091,9.821517989668877,False,76.8425,153.685,307.37
img-696.jpg,minor_pothole,0.5339878884215493,0.403297229946153,0.0627148816322978,0.5339878884215493,0.4660121115784507,1.5287269932107488,MEDIUM,schedule inspection and maintenance planning,178,65,11570,0.178,0.0866666666666666,0.0154266666666666,2.7384615384615385,9.356257246876336,False,50.77133333333334,101.54266666666668,203.08533333333335
img-697.jpg,medium_pothole,0.0973708175861818,0.7960863911750178,0.1065427912388002,0.7960863911750178,0.2039136088249822,2.009171973652618,HIGH,schedule inspection and maintenance planning,305,140,42700,0.3836477987421384,0.14,0.0537106918238993,2.1785714285714284,10.661977618146238,False,79.02830188679243,158.05660377358487,316.11320754716974
img-697.jpg,medium_pothole,0.1025222229964201,0.6169530278121945,0.280524749191385,0.6169530278121945,0.3830469721878055,2.1780025261949643,HIGH,schedule inspection and maintenance planning,408,207,84456,0.5132075471698113,0.207,0.1062339622641509,1.9710144927536235,11.34399780808442,False,82.96754716981131,165.93509433962262,331.87018867924525
img-698.jpg,major_pothole,0.0613443961649819,0.1894419755783406,0.7492136282566774,0.7492136282566774,0.2507863717433226,2.687869232091695,CRITICAL,prioritize inspection/maintenance review,508,360,182880,0.6521181001283697,0.36,0.2347625160462131,1.4111111111111112,12.11659094708018,False,185.21437740693196,370.4287548138639,740.8575096277278
img-699.jpg,medium_pothole,0.3253156065568277,0.4711114484251041,0.2035729450180681,0.4711114484251041,0.5288885515748959,1.87825733846124,MEDIUM,schedule inspection and maintenance planning,85,21,1785,0.1106770833333333,0.0419161676646706,0.0046391591816367,4.047619047619048,7.487733761436444,False,75.34793693862275,150.6958738772455,301.391747754491
img-699.jpg,minor_pothole,0.4672733340574263,0.3936282925097185,0.1390983734328552,0.4672733340574263,0.5327266659425737,1.6718250393754288,MEDIUM,schedule inspection and maintenance planning,63,22,1386,0.08203125,0.0439121756487025,0.0036021706586826,2.863636363636364,7.234898420314831,False,50.18010853293413,100.36021706586826,200.7204341317365
img-699.jpg,minor_pothole,0.384935439906041,0.4446664178354487,0.1703981422585102,0.4446664178354487,0.5553335821645513,1.785462702352469,REVIEW REQUIRED,manual inspection recommended because model confidence is low,64,19,1216,0.0833333333333333,0.0379241516966067,0.0031603459747172,3.3684210526315788,7.104144092987527,True,50.15801729873586,100.31603459747171,200.63206919494343
img-699.jpg,minor_pothole,0.5904742634956841,0.3069476300707663,0.1025781064335495,0.5904742634956841,0.4095257365043159,1.5121038429378653,MEDIUM,schedule inspection and maintenance planning,75,45,3375,0.09765625,0.0898203592814371,0.0087715194610778,1.6666666666666667,8.124446855715847,False,50.43857597305389,100.87715194610777,201.75430389221555
img-699.jpg,medium_pothole,0.354156045165445,0.4644612345490036,0.1813827202855513,0.4644612345490036,0.5355387654509964,1.8272266751201065,MEDIUM,schedule inspection and maintenance planning,64,18,1152,0.0833333333333333,0.0359281437125748,0.0029940119760479,3.555555555555556,7.050122520269059,False,75.22455089820359,150.44910179640718,300.89820359281435
img-7.jpg,medium_pothole,0.0840487344680438,0.6792652547256924,0.2366860108062637,0.6792652547256924,0.3207347452743075,2.15263727633822,HIGH,schedule inspection and maintenance planning,372,175,65100,0.5166666666666667,0.2430555555555555,0.1255787037037037,2.125714285714286,11.083695189061784,False,84.41840277777779,168.83680555555557,337.67361111111114
img-70.jpg,medium_pothole,0.2127550712150369,0.6715053108300375,0.1157396179549257,0.6715053108300375,0.3284946891699625,1.902984546739889,MEDIUM,schedule inspection and maintenance planning,201,106,21306,0.2791666666666667,0.1472222222222222,0.041099537037037,1.8962264150943395,9.966790936205369,False,78.08246527777779,156.16493055555557,312.32986111111114
img-70.jpg,minor_pothole,0.7212702740607371,0.2163892770750855,0.0623404488641776,0.7212702740607371,0.2787297259392629,1.3410701748034408,LOW,monitor and include in routine maintenance review,89,63,5607,0.1236111111111111,0.0875,0.0108159722222222,1.4126984126984128,8.631949428714426,False,50.540798611111114,101.08159722222223,202.16319444444446
img-700.jpg,minor_pothole,0.6529534228866208,0.3009496282161587,0.0460969488972201,0.6529534228866208,0.3470465771133791,1.3931435260105984,LOW,monitor and include in routine maintenance review,41,27,1107,0.0533854166666666,0.0434083601286173,0.0023173733922829,1.5185185185185186,7.010311867307229,False,50.11586866961415,100.2317373392283,200.4634746784566
img-701.jpg,minor_pothole,0.7892911367756775,0.1791884341972044,0.0315204290271177,0.7892911367756775,0.2107088632243224,1.2422292922514395,LOW,monitor and include in routine maintenance review,50,30,1500,0.0651041666666666,0.0330760749724366,0.0021533902976846,1.6666666666666667,7.313886831633462,False,50.107669514884236,100.21533902976847,200.43067805953694
img-702.jpg,minor_pothole,0.7534364128672316,0.1955405451853907,0.0510230419473776,0.7534364128672316,0.2465635871327683,1.2975866290801457,LOW,monitor and include in routine maintenance review,126,43,5418,0.1640625,0.0419921875,0.0068893432617187,2.9302325581395348,8.597666575566114,False,50.34446716308594,100.68893432617188,201.37786865234375
img-703.jpg,medium_pothole,0.4102037316171655,0.5341497545821784,0.0556465138006559,0.5341497545821784,0.4658502454178216,1.64544278218349,MEDIUM,schedule inspection and maintenance planning,180,81,14580,0.234375,0.0862619808306709,0.0202176517571885,2.2222222222222223,9.587474590316283,False,76.51632388178915,153.0326477635783,306.0652955271566
img-703.jpg,minor_pothole,0.6705591060884206,0.2852799156564624,0.0441609782551168,0.6705591060884206,0.3294408939115794,1.3736018721666958,LOW,monitor and include in routine maintenance review,122,81,9882,0.1588541666666666,0.0862619808306709,0.0137030750798722,1.5061728395061729,9.198571388376184,False,50.6851537539936,101.3703075079872,202.7406150159744
img-703.jpg,medium_pothole,0.340304611240942,0.6050319347833566,0.0546634539757013,0.6050319347833566,0.3949680652166434,1.7143588427347591,MEDIUM,schedule inspection and maintenance planning,166,102,16932,0.2161458333333333,0.108626198083067,0.0234791001064962,1.6274509803921569,9.73701965966534,False,76.76093250798722,153.52186501597444,307.0437300319489
img-703.jpg,medium_pothole,0.2657121245045337,0.6763674092851542,0.0579204662103123,0.6763674092851542,0.3236325907148458,1.792208341705779,MEDIUM,schedule inspection and maintenance planning,187,104,19448,0.2434895833333333,0.1107561235356762,0.026967962371317,1.7980769230769231,9.875550933843105,False,77.02259717784878,154.04519435569756,308.0903887113951
img-704.jpg,major_pothole,0.0795324182979133,0.3998307254496404,0.520636856252446,0.520636856252446,0.4793631437475539,2.4411044379545324,HIGH,schedule inspection and maintenance planning,123,45,5535,0.2821100917431192,0.1246537396121883,0.0351660779181173,2.7333333333333334,8.619027497297505,False,155.2749116877176,310.5498233754352,621.0996467508704
img-705.jpg,major_pothole,0.1061699974198168,0.1400185957015033,0.75381140687868,0.75381140687868,0.24618859312132,2.6476414094588634,CRITICAL,prioritize inspection/maintenance review,795,116,92220,0.7965931863727455,0.2583518930957684,0.205801357726589,6.853448275862069,11.431943149336693,False,180.87020365898834,361.7404073179767,723.4808146359534
img-705.jpg,medium_pothole,0.3565121580024362,0.4189756502832865,0.2245121917142772,0.4189756502832865,0.5810243497167136,1.8680000337118408,REVIEW REQUIRED,manual inspection recommended because model confidence is low,136,66,8976,0.1362725450901803,0.1469933184855233,0.0200311536212737,2.060606060606061,9.10242102975669,True,76.50233652159552,153.00467304319105,306.0093460863821
img-706.jpg,major_pothole,0.0732765259825112,0.3171442690522216,0.6095792049652671,0.6095792049652671,0.3904207950347329,2.536302678982756,HIGH,prioritize inspection/maintenance review,293,199,58307,0.3052083333333333,0.3685185185185185,0.1124749228395061,1.4723618090452262,10.973494584193904,False,166.87123842592592,333.74247685185185,667.4849537037037
img-707.jpg,medium_pothole,0.2754746876091035,0.6954849494428433,0.0290403629480532,0.6954849494428433,0.3045150505571566,1.7535656753389497,MEDIUM,schedule inspection and maintenance planning,67,225,15075,0.0443121693121693,0.1116071428571428,0.0049455546107331,0.2977777777777777,9.620859354387026,False,75.37091659580499,150.74183319160997,301.48366638321994
img-707.jpg,medium_pothole,0.2833782434215399,0.6855730052127504,0.0310487513657097,0.6855730052127504,0.3144269947872495,1.74767050794417,MEDIUM,schedule inspection and maintenance planning,62,254,15748,0.041005291005291,0.1259920634920635,0.0051663412278491,0.2440944881889764,9.664532150174582,False,75.38747559208868,150.77495118417735,301.5499023683547
img-708.jpg,medium_pothole,0.4295341405193085,0.5416408669092576,0.0288249925714335,0.5416408669092576,0.4583591330907424,1.5992908520521243,MEDIUM,schedule inspection and maintenance planning,73,321,23433,0.0482804232804232,0.1592261904761904,0.0076875078735197,0.2274143302180685,10.061943238228102,False,75.57656309051397,151.15312618102794,302.3062523620559
img-708.jpg,minor_pothole,0.6905339467000838,0.2156064476593731,0.0938596056405429,0.6905339467000838,0.3094660532999161,1.4033256589404588,MEDIUM,monitor and include in routine maintenance review,95,429,40755,0.0628306878306878,0.212797619047619,0.0133702207734945,0.2214452214452214,10.615358347094176,False,50.66851103867472,101.33702207734945,202.6740441546989
img-709.jpg,medium_pothole,0.2694162643326696,0.7028176814615605,0.0277660542057698,0.7028176814615605,0.2971823185384394,1.7583497898731002,MEDIUM,schedule inspection and maintenance planning,73,214,15622,0.0482804232804232,0.1061507936507936,0.0051250052490131,0.3411214953271028,9.656499466411905,False,75.38437539367598,150.76875078735196,301.5375015747039
img-709.jpg,medium_pothole,0.4011969768108862,0.5688247281703022,0.0299782950188116,0.5688247281703022,0.4311752718296978,1.6287813182079254,MEDIUM,schedule inspection and maintenance planning,67,310,20770,0.0443121693121693,0.1537698412698412,0.0068138752414546,0.2161290322580645,9.941313062076109,False,75.5110406431091,151.0220812862182,302.0441625724364
img-71.jpg,medium_pothole,0.2851142094205336,0.6221009697538535,0.092784820825613,0.6221009697538535,0.3778990302461464,1.80767061140508,MEDIUM,schedule inspection and maintenance planning,145,116,16820,0.2013888888888889,0.1611111111111111,0.0324459876543209,1.25,9.730383384791782,False,77.43344907407406,154.86689814814812,309.73379629629625
img-71.jpg,minor_pothole,0.7536369875788409,0.1877172253238066,0.0586457870973526,0.7536369875788409,0.2463630124211591,1.3050087995185118,LOW,monitor and include in routine maintenance review,82,49,4018,0.1138888888888888,0.0680555555555555,0.0077507716049382,1.673469387755102,8.2987883944492,False,50.38753858024692,100.77507716049384,201.55015432098767
img-710.jpg,medium_pothole,0.220467570397629,0.7572635462393545,0.0222688833630161,0.7572635462393545,0.2427364537606454,1.8018013129653865,MEDIUM,schedule inspection and maintenance planning,299,101,30199,0.1977513227513227,0.0500992063492063,0.009907184324347,2.9603960396039604,10.31559720336296,False,75.74303882432602,151.48607764865204,302.9721552973041
img-710.jpg,medium_pothole,0.1959022519459994,0.766313018880349,0.0377847291736515,0.766313018880349,0.233686981119651,1.841882477227652,MEDIUM,schedule inspection and maintenance planning,344,95,32680,0.2275132275132275,0.0471230158730158,0.0107211094314268,3.621052631578948,10.394549148260978,False,75.80408320735701,151.60816641471402,303.21633282942804
img-711.jpg,medium_pothole,0.1246455225252188,0.7961630346184797,0.0791914428563017,0.7961630346184797,0.2038369653815203,1.9545459203310835,MEDIUM,schedule inspection and maintenance planning,336,134,45024,0.28,0.08375,0.02345,2.5074626865671643,10.714973170044155,False,76.75874999999999,153.51749999999998,307.03499999999997
img-712.jpg,medium_pothole,0.099637968801758,0.6846178406538264,0.2157441905444155,0.6846178406538264,0.3153821593461736,2.116106221742657,HIGH,schedule inspection and maintenance planning,425,138,58650,0.3541666666666667,0.08625,0.030546875,3.079710144927536,10.979359904234649,False,77.291015625,154.58203125,309.1640625
img-713.jpg,medium_pothole,0.1306997250614158,0.7936369741655082,0.0756633007730761,0.7936369741655082,0.2063630258344918,1.9449635757116608,MEDIUM,schedule inspection and maintenance planning,358,112,40096,0.2983333333333333,0.07,0.0208833333333333,3.196428571428572,10.59905679752845,False,76.56625,153.1325,306.265
img-714.jpg,medium_pothole,0.1345152282113824,0.8420098391598392,0.0234749326287786,0.8420098391598392,0.1579901608401608,1.8889597044173965,MEDIUM,schedule inspection and maintenance planning,188,161,30268,0.1566666666666666,0.100625,0.0157645833333333,1.1677018633540373,10.317879365460811,False,76.18234375,152.3646875,304.729375
img-715.jpg,medium_pothole,0.1035842470125943,0.681129865715614,0.2152858872717921,0.681129865715614,0.318870134284386,2.1117016402591986,HIGH,schedule inspection and maintenance planning,433,315,136395,0.270625,0.2625,0.0710390625,1.3746031746031746,11.8233176984483,False,80.32792968749999,160.65585937499998,321.31171874999995
img-716.jpg,medium_pothole,0.208020135581494,0.7680193147775646,0.0239605496409412,0.7680193147775646,0.2319806852224354,1.8159404140594464,MEDIUM,schedule inspection and maintenance planning,165,147,24255,0.1375,0.091875,0.0126328125,1.1224489795918366,10.096419288442098,False,75.9474609375,151.894921875,303.78984375
img-717.jpg,minor_pothole,0.915006232826578,0.0715676445575045,0.0134261226159174,0.915006232826578,0.084993767173422,1.0984198897893391,LOW,monitor and include in routine maintenance review,58,35,2030,0.0483333333333333,0.021875,0.0010572916666666,1.6571428571428573,7.616283561580385,False,50.05286458333333,100.10572916666666,200.21145833333333
img-72.jpg,medium_pothole,0.1610177740375792,0.6638564978885866,0.1751257280738342,0.6638564978885866,0.3361435021114134,2.014107954036255,HIGH,schedule inspection and maintenance planning,233,146,34018,0.3236111111111111,0.2027777777777777,0.0656211419753086,1.595890410958904,10.434674471043987,False,79.92158564814814,159.84317129629628,319.68634259259255
img-73.jpg,medium_pothole,0.1241232775723192,0.666168847254009,0.2097078751736719,0.666168847254009,0.3338311527459909,2.085584597601353,HIGH,schedule inspection and maintenance planning,238,191,45458,0.3305555555555555,0.2652777777777778,0.0876890432098765,1.2460732984293197,10.724566099804273,False,81.57667824074073,163.15335648148147,326.30671296296293
img-73.jpg,minor_pothole,0.5067147245792883,0.3932337083649957,0.1000515670557156,0.5067147245792883,0.4932852754207116,1.5933368424764267,MEDIUM,schedule inspection and maintenance planning,155,55,8525,0.2152777777777778,0.0763888888888889,0.0164448302469135,2.8181818181818183,9.050875597325156,False,50.82224151234568,101.64448302469135,203.2889660493827
img-74.jpg,minor_pothole,0.6894530632090399,0.2323664380764149,0.078180498714545,0.6894530632090399,0.3105469367909601,1.3887274355055048,LOW,monitor and include in routine maintenance review,104,56,5824,0.1444444444444444,0.0777777777777777,0.0112345679012345,1.8571428571428568,8.669914278433902,False,50.56172839506172,101.12345679012344,202.24691358024688
img-75.jpg,medium_pothole,0.3538667243597074,0.5585494860213219,0.0875837896189705,0.5585494860213219,0.441450513978678,1.7337170652592626,MEDIUM,schedule inspection and maintenance planning,133,107,14231,0.1847222222222222,0.1486111111111111,0.027451774691358,1.2429906542056075,9.563248229345673,False,77.05888310185186,154.11776620370372,308.23553240740745
img-76.jpg,medium_pothole,0.1952072725838014,0.6859547007418001,0.1188380266743982,0.6859547007418001,0.3140452992581999,1.923630754090596,MEDIUM,schedule inspection and maintenance planning,183,148,27084,0.2541666666666666,0.2055555555555555,0.0522453703703703,1.2364864864864864,10.206735348092,False,78.91840277777777,157.83680555555554,315.6736111111111
img-76.jpg,medium_pothole,0.2159210619395237,0.6849849163286186,0.0990940217318574,0.6849849163286186,0.3150150836713814,1.883172959792333,MEDIUM,schedule inspection and maintenance planning,142,163,23146,0.1972222222222222,0.2263888888888889,0.0446489197530864,0.8711656441717791,10.04962046148409,False,78.34866898148148,156.69733796296296,313.3946759259259
img-77.jpg,medium_pothole,0.2869381935346355,0.6181627753966014,0.0948990310687631,0.6181627753966014,0.3818372246033986,1.807960837534128,MEDIUM,schedule inspection and maintenance planning,150,112,16800,0.2083333333333333,0.1555555555555555,0.0324074074074074,1.3392857142857142,9.729193687429404,False,77.43055555555556,154.86111111111111,309.72222222222223
img-77.jpg,medium_pothole,0.1920728599150927,0.6768471649631256,0.1310799751217818,0.6768471649631256,0.3231528350368744,1.9390071152066888,MEDIUM,schedule inspection and maintenance planning,191,157,29987,0.2652777777777778,0.2180555555555555,0.0578452932098765,1.21656050955414,10.308552580622951,False,79.33839699074073,158.67679398148147,317.35358796296293
img-77.jpg,minor_pothole,0.7179809977883098,0.211102364099141,0.0709166381125491,0.7179809977883098,0.2820190022116902,1.352935640324239,LOW,monitor and include in routine maintenance review,76,34,2584,0.1055555555555555,0.0472222222222222,0.0049845679012345,2.235294117647059,7.85748078694253,False,50.24922839506173,100.49845679012346,200.9969135802469
img-77.jpg,medium_pothole,0.2084271921784906,0.6484899045762874,0.1430829032452219,0.6484899045762874,0.3515100954237126,1.9346557110667315,MEDIUM,schedule inspection and maintenance planning,250,369,92250,0.3472222222222222,0.5125,0.1779513888888889,0.6775067750677507,11.43226840195242,False,88.34635416666666,176.69270833333331,353.38541666666663
img-78.jpg,medium_pothole,0.1852962322839762,0.6576232624391013,0.1570805052769223,0.6576232624391013,0.3423767375608987,1.9717842729929456,MEDIUM,schedule inspection and maintenance planning,201,171,34371,0.2791666666666667,0.2375,0.0663020833333333,1.1754385964912282,10.444997558433114,False,79.97265624999999,159.94531249999997,319.89062499999994
img-78.jpg,minor_pothole,0.7506870433899718,0.2146278920186704,0.0346850645913577,0.7506870433899718,0.2493129566100281,1.2839980212013855,LOW,monitor and include in routine maintenance review,56,80,4480,0.0777777777777777,0.1111111111111111,0.0086419753086419,0.7,8.407601514786142,False,50.4320987654321,100.8641975308642,201.7283950617284
img-79.jpg,medium_pothole,0.1083502799375684,0.6676461534126895,0.2240035666497422,0.6676461534126895,0.3323538465873105,2.115653286712174,HIGH,schedule inspection and maintenance planning,503,213,107139,0.6986111111111111,0.2958333333333333,0.2066724537037037,2.3615023474178405,11.58189166943495,False,90.50043402777777,181.00086805555554,362.0017361111111
img-8.jpg,medium_pothole,0.193856372175515,0.6856966965746178,0.1204469312498669,0.6856966965746178,0.3143033034253821,1.9265905590743515,MEDIUM,schedule inspection and maintenance planning,191,138,26358,0.2652777777777778,0.1916666666666666,0.0508449074074074,1.384057971014493,10.179565051629774,False,78.81336805555554,157.6267361111111,315.2534722222222
img-8.jpg,medium_pothole,0.3627333734888482,0.5583245016832576,0.0789421248278943,0.5583245016832576,0.4416754983167423,1.7162087513390465,MEDIUM,schedule inspection and maintenance planning,115,118,13570,0.1597222222222222,0.1638888888888889,0.0261766975308642,0.9745762711864406,9.51569044208137,False,76.96325231481481,153.92650462962962,307.85300925925924
img-80.jpg,medium_pothole,0.1280772341809089,0.6635167095358243,0.2084060562832664,0.6635167095358243,0.3364832904641757,2.080328822102357,HIGH,schedule inspection and maintenance planning,233,195,45435,0.3236111111111111,0.2708333333333333,0.0876446759259259,1.1948717948717948,10.724060021351312,False,81.57335069444444,163.14670138888889,326.29340277777777
img-81.jpg,medium_pothole,0.0957041457567486,0.7027366878721721,0.201559166371079,0.7027366878721721,0.2972633121278278,2.10585502061433,HIGH,schedule inspection and maintenance planning,291,137,39867,0.4041666666666667,0.1902777777777777,0.0769039351851851,2.124087591240876,10.593329276087347,False,80.76779513888887,161.53559027777774,323.0711805555555
img-81.jpg,medium_pothole,0.4556223298169218,0.4521240603035967,0.0922536098794814,0.4556223298169218,0.5443776701830783,1.636631280062559,MEDIUM,schedule inspection and maintenance planning,141,82,11562,0.1958333333333333,0.1138888888888888,0.0223032407407407,1.7195121951219512,9.355565624128962,False,76.67274305555554,153.3454861111111,306.6909722222222
img-82.jpg,medium_pothole,0.1148211445072214,0.6726410940329287,0.21253776145985,0.6726410940329287,0.3273589059670713,2.0977166169526287,HIGH,schedule inspection and maintenance planning,249,213,53037,0.3458333333333333,0.2958333333333333,0.1023090277777777,1.1690140845070425,10.878763916758157,False,82.67317708333331,165.34635416666663,330.69270833333326
img-82.jpg,minor_pothole,0.7590901482470807,0.196242331061759,0.0446675206911604,0.7590901482470807,0.2409098517529193,1.28557737244408,LOW,monitor and include in routine maintenance review,61,36,2196,0.0847222222222222,0.05,0.0042361111111111,1.6944444444444444,7.69484807238461,False,50.21180555555556,100.42361111111111,200.84722222222223
img-83.jpg,medium_pothole,0.179050213166908,0.6439684857181812,0.1769813011149108,0.6439684857181812,0.3560315142818188,1.9979310879480028,MEDIUM,schedule inspection and maintenance planning,192,211,40512,0.2666666666666666,0.2930555555555555,0.0781481481481481,0.909952606635071,10.609378189243436,False,80.8611111111111,161.7222222222222,323.4444444444444
img-84.jpg,medium_pothole,0.3353455006059638,0.5728077880134098,0.0918467113806263,0.5728077880134098,0.4271922119865902,1.7565012107746625,MEDIUM,schedule inspection and maintenance planning,142,105,14910,0.1972222222222222,0.1458333333333333,0.028761574074074,1.3523809523809525,9.609854474590907,False,77.15711805555556,154.31423611111111,308.62847222222223
img-84.jpg,minor_pothole,0.485083443966842,0.4354218876513056,0.0794946683818521,0.485083443966842,0.514916556033158,1.5944112244150093,MEDIUM,schedule inspection and maintenance planning,116,94,10904,0.1611111111111111,0.1305555555555555,0.0210339506172839,1.2340425531914894,9.29697667863573,False,51.051697530864196,102.10339506172839,204.20679012345678
img-84.jpg,medium_pothole,0.2858654014457434,0.6196345546882843,0.0945000438659722,0.6196345546882843,0.3803654453117157,1.8086346424202289,MEDIUM,schedule inspection and maintenance planning,149,113,16837,0.2069444444444444,0.1569444444444444,0.0324787808641975,1.3185840707964602,9.73139351589761,False,77.43590856481481,154.87181712962962,309.74363425925924
img-85.jpg,medium_pothole,0.3648668162484134,0.5389081423832717,0.0962250413683149,0.5389081423832717,0.4610918576167283,1.7313582251199016,MEDIUM,schedule inspection and maintenance planning,152,92,13984,0.2111111111111111,0.1277777777777777,0.0269753086419753,1.6521739130434785,9.54574060563606,False,77.02314814814815,154.0462962962963,308.0925925925926
img-85.jpg,minor_pothole,0.7655228242200484,0.1919237001114871,0.0425534756684644,0.7655228242200484,0.2344771757799516,1.2770306514484158,LOW,monitor and include in routine maintenance review,69,65,4485,0.0958333333333333,0.0902777777777777,0.0086516203703703,1.0615384615384615,8.408716715080153,False,50.43258101851852,100.86516203703704,201.73032407407408
img-86.jpg,medium_pothole,0.2530009887993475,0.6446820418210008,0.1023169693796516,0.6446820418210008,0.3553179581789992,1.849315980580304,MEDIUM,schedule inspection and maintenance planning,165,113,18645,0.2291666666666666,0.1569444444444444,0.0359664351851851,1.4601769911504423,9.833386924856638,False,77.69748263888889,155.39496527777777,310.78993055555554
img-86.jpg,medium_pothole,0.3773493143490552,0.5243944398406774,0.0982562458102674,0.5243944398406774,0.4756055601593226,1.7209069314612122,MEDIUM,schedule inspection and maintenance planning,157,86,13502,0.2180555555555555,0.1194444444444444,0.026045524691358,1.825581395348837,9.510667161961042,False,76.95341435185185,153.9068287037037,307.8136574074074
img-87.jpg,medium_pothole,0.1729911908419475,0.6515988159729158,0.1754099931851364,0.6515988159729158,0.3484011840270842,2.0024188023431884,HIGH,schedule inspection and maintenance planning,205,265,54325,0.2847222222222222,0.3680555555555556,0.1047935956790123,0.7735849056603774,10.902758212686456,False,82.85951967592592,165.71903935185185,331.4380787037037
img-88.jpg,medium_pothole,0.2289016400857543,0.6769382454694648,0.0941601144447805,0.6769382454694648,0.3230617545305352,1.8652584743590253,MEDIUM,schedule inspection and maintenance planning,128,172,22016,0.1777777777777777,0.2388888888888889,0.0424691358024691,0.7441860465116279,9.999570161213173,False,78.18518518518519,156.37037037037038,312.74074074074076
img-89.jpg,medium_pothole,0.1842857870794635,0.6786844153527822,0.137029797567754,0.6786844153527822,0.3213155846472177,1.9527440104882896,MEDIUM,schedule inspection and maintenance planning,210,138,28980,0.2916666666666667,0.1916666666666666,0.0559027777777777,1.5217391304347827,10.274395721835582,False,79.19270833333333,158.38541666666666,316.7708333333333
img-89.jpg,minor_pothole,0.6904844692223909,0.2583162715574403,0.0511992592201691,0.6904844692223909,0.309515530777609,1.360714789997779,LOW,monitor and include in routine maintenance review,75,84,6300,0.1041666666666666,0.1166666666666666,0.0121527777777777,0.8928571428571429,8.748463629942055,False,50.607638888888886,101.21527777777777,202.43055555555554
img-9.jpg,medium_pothole,0.1829602567640097,0.6828824988397969,0.1341572443961934,0.6828824988397969,0.3171175011602031,1.9511969876321835,MEDIUM,schedule inspection and maintenance planning,216,127,27432,0.3,0.1763888888888889,0.0529166666666666,1.7007874015748032,10.219501947254944,False,78.96874999999999,157.93749999999997,315.87499999999994
img-9.jpg,minor_pothole,0.6708186382808883,0.2400263665274181,0.0891549951916938,0.6708186382808883,0.3291813617191117,1.4183363569108058,MEDIUM,monitor and include in routine maintenance review,110,47,5170,0.1527777777777778,0.0652777777777777,0.0099729938271604,2.3404255319148937,8.550821372396221,False,50.498649691358025,100.99729938271605,201.9945987654321
img-90.jpg,medium_pothole,0.1802560202585998,0.6644715816926222,0.1552723980487778,0.6644715816926222,0.3355284183073778,1.9750163777901777,MEDIUM,schedule inspection and maintenance planning,212,154,32648,0.2944444444444444,0.2138888888888888,0.0629783950617283,1.3766233766233766,10.393569506364171,False,79.72337962962962,159.44675925925924,318.8935185185185
img-91.jpg,minor_pothole,0.5227538793778977,0.4126746392888578,0.0645714813332445,0.5227538793778977,0.4772461206221022,1.541817601955347,MEDIUM,schedule inspection and maintenance planning,90,106,9540,0.125,0.1472222222222222,0.0184027777777777,0.8490566037735849,9.163353580751846,False,50.920138888888886,101.84027777777777,203.68055555555554
img-92.jpg,medium_pothole,0.1129744234280496,0.6746513727534796,0.2123742038184702,0.6746513727534796,0.3253486272465203,2.0993997803904194,HIGH,schedule inspection and maintenance planning,353,214,75542,0.4902777777777777,0.2972222222222222,0.1457214506172839,1.6495327102803738,11.232457309536642,False,85.92910879629629,171.85821759259258,343.71643518518516
img-93.jpg,minor_pothole,0.4972240126770426,0.4115386038509585,0.0912373834719986,0.4972240126770426,0.5027759873229574,1.5940133707949553,MEDIUM,schedule inspection and maintenance planning,137,77,10549,0.1902777777777777,0.1069444444444444,0.0203491512345679,1.7792207792207793,9.263881138904212,False,51.0174575617284,102.0349151234568,204.0698302469136
img-93.jpg,medium_pothole,0.2814319682954618,0.6273917160382654,0.0911763156662729,0.6273917160382654,0.3726082839617346,1.8097443473708112,MEDIUM,schedule inspection and maintenance planning,141,120,16920,0.1958333333333333,0.1666666666666666,0.0326388888888888,1.175,9.736310733068626,False,77.44791666666667,154.89583333333334,309.7916666666667
img-93.jpg,medium_pothole,0.0899280049265066,0.689491618719604,0.2205803763538897,0.689491618719604,0.310508381280396,2.1306523714273835,HIGH,schedule inspection and maintenance planning,325,180,58500,0.4513888888888889,0.25,0.1128472222222222,1.805555555555556,10.97679912709094,False,83.46354166666666,166.92708333333331,333.85416666666663
img-94.jpg,medium_pothole,0.0771365523713474,0.7227368391748391,0.2001266084538133,0.7227368391748391,0.2772631608251609,2.122990056082465,HIGH,schedule inspection and maintenance planning,329,121,39809,0.4569444444444444,0.1680555555555555,0.0767920524691358,2.71900826446281,10.591873415994362,False,80.75940393518519,161.51880787037038,323.03761574074076
img-95.jpg,medium_pothole,0.2311008815107305,0.6702227861374465,0.0986763323518228,0.6702227861374465,0.3297772138625535,1.867575450841092,MEDIUM,schedule inspection and maintenance planning,152,133,20216,0.2111111111111111,0.1847222222222222,0.0389969135802469,1.1428571428571428,9.914279113614327,False,77.9247685185185,155.849537037037,311.699074074074
img-95.jpg,medium_pothole,0.2102276311584341,0.6864668155081584,0.1033055533334072,0.6864668155081584,0.3135331844918416,1.8930779221749725,MEDIUM,schedule inspection and maintenance planning,149,165,24585,0.2069444444444444,0.2291666666666666,0.0474247685185185,0.9030303030303032,10.109932454227286,False,78.55685763888889,157.11371527777777,314.22743055555554
img-96.jpg,medium_pothole,0.400889132373627,0.5154797963970171,0.0836310712293559,0.5154797963970171,0.4845202036029828,1.682741938855729,MEDIUM,schedule inspection and maintenance planning,125,103,12875,0.1736111111111111,0.1430555555555555,0.0248360339506172,1.2135922330097086,9.463120392418698,False,76.86270254629629,153.72540509259258,307.45081018518516
img-97.jpg,medium_pothole,0.1945425662832819,0.6836441253831061,0.1218133083336118,0.6836441253831061,0.3163558746168938,1.9272707420503288,MEDIUM,schedule inspection and maintenance planning,232,85,19720,0.3222222222222222,0.1180555555555555,0.0380401234567901,2.7294117647058824,9.889439336810067,False,77.85300925925927,155.70601851851853,311.41203703703707
img-97.jpg,major_pothole,0.2302324551355515,0.4024949249871324,0.3672726198773162,0.4024949249871324,0.5975050750128676,2.137040164741765,REVIEW REQUIRED,manual inspection recommended because model confidence is low,124,18,2232,0.1722222222222222,0.025,0.0043055555555555,6.888888888888889,7.711101251840158,True,150.64583333333334,301.2916666666667,602.5833333333334
img-97.jpg,minor_pothole,0.7243158239648627,0.2024909131308434,0.0731932629042939,0.7243158239648627,0.2756841760351373,1.3488774389394314,LOW,monitor and include in routine maintenance review,86,40,3440,0.1194444444444444,0.0555555555555555,0.0066358024691358,2.15,8.14351740579748,False,50.331790123456784,100.66358024691357,201.32716049382714
img-98.jpg,minor_pothole,0.755266730624796,0.1910411956392681,0.0536920737359363,0.755266730624796,0.244733269375204,1.2984253431111412,LOW,monitor and include in routine maintenance review,80,57,4560,0.1111111111111111,0.0791666666666666,0.0087962962962962,1.4035087719298245,8.4252971767117,False,50.43981481481481,100.87962962962962,201.75925925925924
img-98.jpg,medium_pothole,0.1095435401102264,0.6771849592875463,0.2132715006022271,0.6771849592875463,0.3228150407124537,2.1037279604920003,HIGH,schedule inspection and maintenance planning,258,183,47214,0.3583333333333333,0.2541666666666666,0.0910763888888888,1.4098360655737705,10.76246691769717,False,81.83072916666666,163.66145833333331,327.32291666666663
img-98.jpg,medium_pothole,0.2222558648666643,0.6703103213300847,0.1074338138032511,0.6703103213300847,0.3296896786699153,1.885177948936587,MEDIUM,schedule inspection and maintenance planning,173,122,21106,0.2402777777777777,0.1694444444444444,0.0407137345679012,1.4180327868852458,9.957360018000616,False,78.05353009259258,156.10706018518516,312.2141203703703
img-98.jpg,minor_pothole,0.7441926057218036,0.2134014579388336,0.0424059363393628,0.7441926057218036,0.2558073942781964,1.2982133306175592,LOW,monitor and include in routine maintenance review,67,75,5025,0.0930555555555555,0.1041666666666666,0.009693287037037,0.8933333333333333,8.522379718103538,False,50.48466435185185,100.9693287037037,201.9386574074074
img-99.jpg,medium_pothole,0.1130044006134575,0.6738771531586433,0.2131184462278991,0.6738771531586433,0.3261228468413567,2.1001140456144416,HIGH,schedule inspection and maintenance planning,250,205,51250,0.3472222222222222,0.2847222222222222,0.0988618827160493,1.2195121951219512,10.844490409005417,False,82.4146412037037,164.8292824074074,329.6585648148148
