filename,img_width,img_height,class,xmin,ymin,xmax,ymax,bbox_width,bbox_height,bbox_area,rel_bbox_width,rel_bbox_height,rel_bbox_area
img-1.jpg,720,720,medium_pothole,213,240,525,378,312,138,43056,0.43333333333333335,0.19166666666666668,0.08305555555555555
img-10.jpg,720,720,medium_pothole,285,214,444,355,159,141,22419,0.22083333333333333,0.19583333333333333,0.04324652777777778
img-100.jpg,720,720,minor_pothole,235,272,434,388,199,116,23084,0.2763888888888889,0.16111111111111112,0.044529320987654324
img-101.jpg,720,720,medium_pothole,228,303,394,432,166,129,21414,0.23055555555555557,0.17916666666666667,0.04130787037037037
img-101.jpg,720,720,minor_pothole,397,317,554,411,157,94,14758,0.21805555555555556,0.13055555555555556,0.028468364197530863
img-102.jpg,720,720,minor_pothole,230,246,492,550,262,304,79648,0.3638888888888889,0.4222222222222222,0.153641975308642
img-103.jpg,720,720,medium_pothole,264,251,479,366,215,115,24725,0.2986111111111111,0.1597222222222222,0.04769483024691358
img-104.jpg,720,720,major_pothole,235,164,480,335,245,171,41895,0.3402777777777778,0.2375,0.08081597222222223
img-104.jpg,720,720,minor_pothole,441,433,506,492,65,59,3835,0.09027777777777778,0.08194444444444444,0.007397762345679013
img-105.jpg,720,720,minor_pothole,293,296,444,409,151,113,17063,0.20972222222222223,0.15694444444444444,0.032914737654320986
img-105.jpg,720,720,minor_pothole,297,453,340,490,43,37,1591,0.059722222222222225,0.05138888888888889,0.003069058641975309
img-106.jpg,720,720,medium_pothole,144,168,511,475,367,307,112669,0.5097222222222222,0.4263888888888889,0.21733989197530865
img-106.jpg,720,720,minor_pothole,492,141,605,305,113,164,18532,0.15694444444444444,0.22777777777777777,0.03574845679012346
img-107.jpg,720,720,medium_pothole,230,286,456,459,226,173,39098,0.3138888888888889,0.24027777777777778,0.07542052469135803
img-108.jpg,720,720,major_pothole,270,198,442,326,172,128,22016,0.2388888888888889,0.17777777777777778,0.04246913580246914
img-108.jpg,720,720,minor_pothole,232,261,305,328,73,67,4891,0.10138888888888889,0.09305555555555556,0.009434799382716049
img-108.jpg,720,720,minor_pothole,513,187,572,219,59,32,1888,0.08194444444444444,0.044444444444444446,0.0036419753086419752
img-108.jpg,720,720,minor_pothole,266,573,384,695,118,122,14396,0.1638888888888889,0.16944444444444445,0.02777006172839506
img-108.jpg,720,720,minor_pothole,672,481,720,544,48,63,3024,0.06666666666666667,0.0875,0.005833333333333334
img-109.jpg,720,720,medium_pothole,337,244,451,337,114,93,10602,0.15833333333333333,0.12916666666666668,0.02045138888888889
img-109.jpg,720,720,medium_pothole,282,362,454,528,172,166,28552,0.2388888888888889,0.23055555555555557,0.05507716049382716
img-109.jpg,720,720,minor_pothole,60,428,228,522,168,94,15792,0.23333333333333334,0.13055555555555556,0.030462962962962963
img-11.jpg,720,720,medium_pothole,223,245,466,489,243,244,59292,0.3375,0.3388888888888889,0.114375
img-110.jpg,720,720,medium_pothole,224,290,638,411,414,121,50094,0.575,0.16805555555555557,0.09663194444444445
img-110.jpg,720,720,minor_pothole,82,184,180,211,98,27,2646,0.1361111111111111,0.0375,0.005104166666666667
img-111.jpg,720,720,minor_pothole,337,265,425,319,88,54,4752,0.12222222222222222,0.075,0.009166666666666667
img-111.jpg,720,720,minor_pothole,237,318,402,470,165,152,25080,0.22916666666666666,0.2111111111111111,0.04837962962962963
img-111.jpg,720,720,minor_pothole,11,489,92,596,81,107,8667,0.1125,0.1486111111111111,0.01671875
img-112.jpg,720,720,medium_pothole,176,171,513,301,337,130,43810,0.46805555555555556,0.18055555555555555,0.08451003086419753
img-113.jpg,720,720,major_pothole,90,142,595,459,505,317,160085,0.7013888888888888,0.44027777777777777,0.3088059413580247
img-114.jpg,720,720,minor_pothole,271,260,403,373,132,113,14916,0.18333333333333332,0.15694444444444444,0.02877314814814815
img-115.jpg,720,720,medium_pothole,230,275,454,394,224,119,26656,0.3111111111111111,0.16527777777777777,0.05141975308641975
img-116.jpg,720,720,medium_pothole,295,265,530,411,235,146,34310,0.3263888888888889,0.20277777777777778,0.06618441358024692
img-116.jpg,720,720,minor_pothole,90,478,181,573,91,95,8645,0.12638888888888888,0.13194444444444445,0.016676311728395062
img-117.jpg,720,720,minor_pothole,280,270,404,517,124,247,30628,0.17222222222222222,0.34305555555555556,0.05908179012345679
img-117.jpg,720,720,minor_pothole,271,49,379,87,108,38,4104,0.15,0.05277777777777778,0.007916666666666667
img-118.jpg,720,720,major_pothole,155,151,504,595,349,444,154956,0.4847222222222222,0.6166666666666667,0.29891203703703706
img-119.jpg,720,720,medium_pothole,188,212,395,389,207,177,36639,0.2875,0.24583333333333332,0.07067708333333333
img-119.jpg,720,720,minor_pothole,144,597,302,720,158,123,19434,0.21944444444444444,0.17083333333333334,0.037488425925925925
img-12.jpg,720,720,medium_pothole,278,373,535,639,257,266,68362,0.35694444444444445,0.36944444444444446,0.13187114197530864
img-120.jpg,720,720,medium_pothole,242,346,492,440,250,94,23500,0.3472222222222222,0.13055555555555556,0.04533179012345679
img-121.jpg,720,720,medium_pothole,159,230,331,352,172,122,20984,0.2388888888888889,0.16944444444444445,0.040478395061728394
img-121.jpg,720,720,medium_pothole,270,368,498,547,228,179,40812,0.31666666666666665,0.24861111111111112,0.07872685185185185
img-121.jpg,720,720,minor_pothole,523,498,580,558,57,60,3420,0.07916666666666666,0.08333333333333333,0.006597222222222222
img-122.jpg,720,720,medium_pothole,260,288,476,430,216,142,30672,0.3,0.19722222222222222,0.059166666666666666
img-123.jpg,720,720,medium_pothole,459,267,641,436,182,169,30758,0.25277777777777777,0.23472222222222222,0.05933256172839506
img-124.jpg,720,720,minor_pothole,169,32,269,80,100,48,4800,0.1388888888888889,0.06666666666666667,0.009259259259259259
img-124.jpg,720,720,major_pothole,213,236,504,492,291,256,74496,0.4041666666666667,0.35555555555555557,0.1437037037037037
img-124.jpg,720,720,minor_pothole,456,329,575,450,119,121,14399,0.16527777777777777,0.16805555555555557,0.0277758487654321
img-124.jpg,720,720,minor_pothole,513,218,554,247,41,29,1189,0.05694444444444444,0.04027777777777778,0.0022935956790123458
img-124.jpg,720,720,minor_pothole,519,33,607,146,88,113,9944,0.12222222222222222,0.15694444444444444,0.019182098765432098
img-124.jpg,720,720,minor_pothole,60,184,150,243,90,59,5310,0.125,0.08194444444444444,0.010243055555555556
img-124.jpg,720,720,minor_pothole,237,0,273,25,36,25,900,0.05,0.034722222222222224,0.001736111111111111
img-125.jpg,720,720,minor_pothole,293,302,461,410,168,108,18144,0.23333333333333334,0.15,0.035
img-125.jpg,720,720,minor_pothole,180,73,272,107,92,34,3128,0.12777777777777777,0.04722222222222222,0.00603395061728395
img-125.jpg,720,720,minor_pothole,184,111,279,150,95,39,3705,0.13194444444444445,0.05416666666666667,0.007146990740740741
img-126.jpg,720,720,medium_pothole,226,284,461,416,235,132,31020,0.3263888888888889,0.18333333333333332,0.05983796296296296
img-126.jpg,720,720,minor_pothole,479,147,560,211,81,64,5184,0.1125,0.08888888888888889,0.01
img-126.jpg,720,720,minor_pothole,0,209,48,235,48,26,1248,0.06666666666666667,0.03611111111111111,0.0024074074074074076
img-127.jpg,720,720,medium_pothole,357,306,537,398,180,92,16560,0.25,0.12777777777777777,0.03194444444444444
img-127.jpg,720,720,medium_pothole,221,329,326,411,105,82,8610,0.14583333333333334,0.11388888888888889,0.016608796296296295
img-127.jpg,720,720,minor_pothole,321,417,504,552,183,135,24705,0.25416666666666665,0.1875,0.04765625
img-128.jpg,720,720,medium_pothole,269,203,437,399,168,196,32928,0.23333333333333334,0.2722222222222222,0.06351851851851852
img-129.jpg,720,720,minor_pothole,248,285,351,374,103,89,9167,0.14305555555555555,0.12361111111111112,0.017683256172839504
img-129.jpg,720,720,minor_pothole,329,378,427,431,98,53,5194,0.1361111111111111,0.07361111111111111,0.01001929012345679
img-13.jpg,720,720,medium_pothole,160,288,396,433,236,145,34220,0.3277777777777778,0.2013888888888889,0.06601080246913581
img-13.jpg,720,720,medium_pothole,269,150,499,219,230,69,15870,0.3194444444444444,0.09583333333333334,0.030613425925925926
img-13.jpg,720,720,minor_pothole,490,27,594,65,104,38,3952,0.14444444444444443,0.05277777777777778,0.007623456790123457
img-13.jpg,720,720,medium_pothole,619,11,693,39,74,28,2072,0.10277777777777777,0.03888888888888889,0.003996913580246913
img-130.jpg,720,720,medium_pothole,295,270,426,340,131,70,9170,0.18194444444444444,0.09722222222222222,0.017689043209876545
img-130.jpg,720,720,minor_pothole,401,236,449,271,48,35,1680,0.06666666666666667,0.04861111111111111,0.0032407407407407406
img-131.jpg,720,720,medium_pothole,271,383,374,471,103,88,9064,0.14305555555555555,0.12222222222222222,0.01748456790123457
img-132.jpg,720,720,medium_pothole,97,222,584,434,487,212,103244,0.6763888888888889,0.29444444444444445,0.19915895061728395
img-132.jpg,720,720,minor_pothole,0,195,45,236,45,41,1845,0.0625,0.05694444444444444,0.0035590277777777777
img-133.jpg,720,720,medium_pothole,305,287,436,348,131,61,7991,0.18194444444444444,0.08472222222222223,0.015414737654320988
img-134.jpg,720,720,medium_pothole,290,274,422,399,132,125,16500,0.18333333333333332,0.1736111111111111,0.031828703703703706
img-134.jpg,720,720,minor_pothole,125,41,215,121,90,80,7200,0.125,0.1111111111111111,0.013888888888888888
img-135.jpg,720,720,medium_pothole,149,293,520,489,371,196,72716,0.5152777777777777,0.2722222222222222,0.14027006172839507
img-135.jpg,720,720,minor_pothole,514,431,619,509,105,78,8190,0.14583333333333334,0.10833333333333334,0.01579861111111111
img-135.jpg,720,720,medium_pothole,513,53,720,142,207,89,18423,0.2875,0.12361111111111112,0.03553819444444444
img-135.jpg,720,720,minor_pothole,270,200,354,249,84,49,4116,0.11666666666666667,0.06805555555555555,0.007939814814814814
img-136.jpg,720,720,medium_pothole,290,261,400,390,110,129,14190,0.1527777777777778,0.17916666666666667,0.027372685185185184
img-137.jpg,720,720,medium_pothole,299,279,461,421,162,142,23004,0.225,0.19722222222222222,0.044375
img-138.jpg,720,720,medium_pothole,324,312,438,368,114,56,6384,0.15833333333333333,0.07777777777777778,0.012314814814814815
img-139.jpg,720,720,medium_pothole,278,260,429,397,151,137,20687,0.20972222222222223,0.19027777777777777,0.03990547839506173
img-14.jpg,720,720,medium_pothole,144,246,636,524,492,278,136776,0.6833333333333333,0.3861111111111111,0.2638425925925926
img-14.jpg,720,720,minor_pothole,35,196,142,258,107,62,6634,0.1486111111111111,0.08611111111111111,0.012797067901234568
img-140.jpg,720,720,minor_pothole,304,342,505,489,201,147,29547,0.2791666666666667,0.20416666666666666,0.05699652777777778
img-140.jpg,720,720,medium_pothole,165,74,420,188,255,114,29070,0.3541666666666667,0.15833333333333333,0.05607638888888889
img-141.jpg,720,720,minor_pothole,400,444,504,523,104,79,8216,0.14444444444444443,0.10972222222222222,0.015848765432098764
img-141.jpg,720,720,minor_pothole,283,359,427,464,144,105,15120,0.2,0.14583333333333334,0.029166666666666667
img-141.jpg,720,720,minor_pothole,207,293,325,380,118,87,10266,0.1638888888888889,0.12083333333333333,0.01980324074074074
img-141.jpg,720,720,minor_pothole,0,168,141,279,141,111,15651,0.19583333333333333,0.15416666666666667,0.030190972222222223
img-142.jpg,720,720,medium_pothole,181,299,538,397,357,98,34986,0.49583333333333335,0.1361111111111111,0.06748842592592592
img-143.jpg,720,720,minor_pothole,275,318,441,426,166,108,17928,0.23055555555555557,0.15,0.034583333333333334
img-144.jpg,720,720,medium_pothole,259,354,429,464,170,110,18700,0.2361111111111111,0.1527777777777778,0.03607253086419753
img-144.jpg,720,720,minor_pothole,31,201,103,246,72,45,3240,0.1,0.0625,0.00625
img-145.jpg,720,720,minor_pothole,288,320,435,411,147,91,13377,0.20416666666666666,0.12638888888888888,0.02580439814814815
img-146.jpg,720,720,medium_pothole,153,253,439,421,286,168,48048,0.3972222222222222,0.23333333333333334,0.09268518518518519
img-147.jpg,720,720,medium_pothole,312,299,410,418,98,119,11662,0.1361111111111111,0.16527777777777777,0.022496141975308644
img-147.jpg,720,720,minor_pothole,413,220,479,278,66,58,3828,0.09166666666666666,0.08055555555555556,0.00738425925925926
img-148.jpg,720,720,medium_pothole,254,246,385,383,131,137,17947,0.18194444444444444,0.19027777777777777,0.03461998456790123
img-148.jpg,720,720,minor_pothole,663,121,720,161,57,40,2280,0.07916666666666666,0.05555555555555555,0.004398148148148148
img-149.jpg,720,720,medium_pothole,195,233,506,351,311,118,36698,0.43194444444444446,0.1638888888888889,0.07079089506172839
img-15.jpg,720,720,medium_pothole,249,322,462,433,213,111,23643,0.29583333333333334,0.15416666666666667,0.04560763888888889
img-150.jpg,720,720,medium_pothole,216,279,559,400,343,121,41503,0.47638888888888886,0.16805555555555557,0.08005979938271605
img-151.jpg,720,720,minor_pothole,269,269,483,409,214,140,29960,0.2972222222222222,0.19444444444444445,0.05779320987654321
img-152.jpg,720,720,minor_pothole,261,262,343,306,82,44,3608,0.11388888888888889,0.06111111111111111,0.006959876543209877
img-152.jpg,720,720,minor_pothole,309,313,496,369,187,56,10472,0.25972222222222224,0.07777777777777778,0.020200617283950617
img-152.jpg,720,720,minor_pothole,385,496,508,555,123,59,7257,0.17083333333333334,0.08194444444444444,0.013998842592592592
img-152.jpg,720,720,minor_pothole,470,607,584,692,114,85,9690,0.15833333333333333,0.11805555555555555,0.018692129629629628
img-152.jpg,720,720,minor_pothole,201,629,290,683,89,54,4806,0.12361111111111112,0.075,0.009270833333333334
img-153.jpg,720,720,minor_pothole,297,297,425,387,128,90,11520,0.17777777777777778,0.125,0.022222222222222223
img-154.jpg,720,720,medium_pothole,94,242,539,642,445,400,178000,0.6180555555555556,0.5555555555555556,0.3433641975308642
img-155.jpg,720,720,medium_pothole,420,248,583,378,163,130,21190,0.2263888888888889,0.18055555555555555,0.04087577160493827
img-155.jpg,720,720,minor_pothole,407,474,533,608,126,134,16884,0.175,0.18611111111111112,0.03256944444444444
img-155.jpg,720,720,minor_pothole,247,330,309,393,62,63,3906,0.08611111111111111,0.0875,0.007534722222222222
img-156.jpg,720,720,medium_pothole,204,255,452,425,248,170,42160,0.34444444444444444,0.2361111111111111,0.08132716049382716
img-156.jpg,720,720,minor_pothole,448,145,573,193,125,48,6000,0.1736111111111111,0.06666666666666667,0.011574074074074073
img-157.jpg,720,720,medium_pothole,243,260,437,379,194,119,23086,0.26944444444444443,0.16527777777777777,0.04453317901234568
img-157.jpg,720,720,minor_pothole,202,207,266,241,64,34,2176,0.08888888888888889,0.04722222222222222,0.004197530864197531
img-158.jpg,720,720,medium_pothole,297,292,462,409,165,117,19305,0.22916666666666666,0.1625,0.03723958333333333
img-158.jpg,720,720,minor_pothole,158,337,293,422,135,85,11475,0.1875,0.11805555555555555,0.022135416666666668
img-159.jpg,720,720,medium_pothole,304,304,437,407,133,103,13699,0.18472222222222223,0.14305555555555555,0.02642554012345679
img-159.jpg,720,720,minor_pothole,423,577,481,620,58,43,2494,0.08055555555555556,0.059722222222222225,0.004810956790123457
img-159.jpg,720,720,minor_pothole,225,202,346,288,121,86,10406,0.16805555555555557,0.11944444444444445,0.0200733024691358
img-16.jpg,720,720,medium_pothole,258,279,452,460,194,181,35114,0.26944444444444443,0.2513888888888889,0.06773533950617285
img-160.jpg,720,720,minor_pothole,491,1,683,165,192,164,31488,0.26666666666666666,0.22777777777777777,0.06074074074074074
img-160.jpg,720,720,minor_pothole,371,289,523,428,152,139,21128,0.2111111111111111,0.19305555555555556,0.04075617283950617
img-160.jpg,720,720,minor_pothole,233,395,443,541,210,146,30660,0.2916666666666667,0.20277777777777778,0.05914351851851852
img-160.jpg,720,720,minor_pothole,581,131,693,232,112,101,11312,0.15555555555555556,0.14027777777777778,0.021820987654320986
img-161.jpg,720,720,medium_pothole,281,289,420,383,139,94,13066,0.19305555555555556,0.13055555555555556,0.025204475308641974
img-162.jpg,720,720,medium_pothole,221,246,480,386,259,140,36260,0.3597222222222222,0.19444444444444445,0.06994598765432099
img-163.jpg,720,720,medium_pothole,257,282,517,487,260,205,53300,0.3611111111111111,0.2847222222222222,0.10281635802469136
img-163.jpg,720,720,minor_pothole,662,216,720,267,58,51,2958,0.08055555555555556,0.07083333333333333,0.005706018518518518
img-164.jpg,720,720,major_pothole,220,286,489,424,269,138,37122,0.3736111111111111,0.19166666666666668,0.0716087962962963
img-165.jpg,720,720,medium_pothole,225,311,486,446,261,135,35235,0.3625,0.1875,0.06796875
img-166.jpg,720,720,medium_pothole,250,274,468,426,218,152,33136,0.30277777777777776,0.2111111111111111,0.06391975308641976
img-166.jpg,720,720,minor_pothole,64,305,119,358,55,53,2915,0.0763888888888889,0.07361111111111111,0.005623070987654321
img-167.jpg,720,720,medium_pothole,279,263,470,407,191,144,27504,0.2652777777777778,0.2,0.05305555555555556
img-167.jpg,720,720,minor_pothole,166,403,321,500,155,97,15035,0.2152777777777778,0.13472222222222222,0.02900270061728395
img-167.jpg,720,720,minor_pothole,202,56,276,84,74,28,2072,0.10277777777777777,0.03888888888888889,0.003996913580246913
img-168.jpg,720,720,medium_pothole,242,262,475,358,233,96,22368,0.3236111111111111,0.13333333333333333,0.04314814814814815
img-168.jpg,720,720,minor_pothole,79,95,146,139,67,44,2948,0.09305555555555556,0.06111111111111111,0.005686728395061728
img-169.jpg,720,720,medium_pothole,154,259,465,418,311,159,49449,0.43194444444444446,0.22083333333333333,0.09538773148148148
img-17.jpg,720,720,medium_pothole,124,313,416,507,292,194,56648,0.40555555555555556,0.26944444444444443,0.10927469135802469
img-17.jpg,720,720,minor_pothole,522,239,675,358,153,119,18207,0.2125,0.16527777777777777,0.03512152777777778
img-170.jpg,720,720,minor_pothole,330,243,429,291,99,48,4752,0.1375,0.06666666666666667,0.009166666666666667
img-170.jpg,720,720,minor_pothole,230,495,377,589,147,94,13818,0.20416666666666666,0.13055555555555556,0.02665509259259259
img-171.jpg,720,720,medium_pothole,244,191,485,347,241,156,37596,0.3347222222222222,0.21666666666666667,0.07252314814814814
img-172.jpg,720,720,minor_pothole,208,69,384,143,176,74,13024,0.24444444444444444,0.10277777777777777,0.025123456790123455
img-172.jpg,720,720,minor_pothole,13,184,105,273,92,89,8188,0.12777777777777777,0.12361111111111112,0.01579475308641975
img-172.jpg,720,720,minor_pothole,0,1,77,61,77,60,4620,0.10694444444444444,0.08333333333333333,0.008912037037037038
img-172.jpg,720,720,minor_pothole,38,1,171,39,133,38,5054,0.18472222222222223,0.05277777777777778,0.009749228395061729
img-172.jpg,720,720,medium_pothole,223,342,576,558,353,216,76248,0.49027777777777776,0.3,0.14708333333333334
img-173.jpg,720,720,medium_pothole,226,251,488,359,262,108,28296,0.3638888888888889,0.15,0.05458333333333333
img-173.jpg,720,720,medium_pothole,211,363,509,456,298,93,27714,0.41388888888888886,0.12916666666666668,0.053460648148148146
img-174.jpg,720,720,medium_pothole,259,371,533,504,274,133,36442,0.38055555555555554,0.18472222222222223,0.07029706790123456
img-175.jpg,720,720,medium_pothole,178,230,405,438,227,208,47216,0.31527777777777777,0.28888888888888886,0.09108024691358024
img-175.jpg,720,720,medium_pothole,392,277,535,469,143,192,27456,0.1986111111111111,0.26666666666666666,0.05296296296296296
img-175.jpg,720,720,minor_pothole,416,18,498,95,82,77,6314,0.11388888888888889,0.10694444444444444,0.012179783950617284
img-176.jpg,720,720,medium_pothole,257,283,454,401,197,118,23246,0.27361111111111114,0.1638888888888889,0.044841820987654324
img-176.jpg,720,720,minor_pothole,63,267,173,337,110,70,7700,0.1527777777777778,0.09722222222222222,0.014853395061728395
img-177.jpg,720,720,medium_pothole,255,248,444,366,189,118,22302,0.2625,0.1638888888888889,0.043020833333333335
img-178.jpg,720,720,medium_pothole,261,315,453,417,192,102,19584,0.26666666666666666,0.14166666666666666,0.03777777777777778
img-178.jpg,720,720,minor_pothole,12,412,163,491,151,79,11929,0.20972222222222223,0.10972222222222222,0.02301118827160494
img-178.jpg,720,720,minor_pothole,0,343,77,408,77,65,5005,0.10694444444444444,0.09027777777777778,0.009654706790123457
img-179.jpg,720,720,medium_pothole,295,249,457,468,162,219,35478,0.225,0.30416666666666664,0.0684375
img-179.jpg,720,720,minor_pothole,205,221,300,383,95,162,15390,0.13194444444444445,0.225,0.0296875
img-179.jpg,720,720,minor_pothole,94,239,215,375,121,136,16456,0.16805555555555557,0.18888888888888888,0.03174382716049383
img-179.jpg,720,720,minor_pothole,274,27,381,140,107,113,12091,0.1486111111111111,0.15694444444444444,0.02332368827160494
img-179.jpg,720,720,minor_pothole,573,59,673,126,100,67,6700,0.1388888888888889,0.09305555555555556,0.012924382716049383
img-18.jpg,720,720,medium_pothole,269,215,405,301,136,86,11696,0.18888888888888888,0.11944444444444445,0.02256172839506173
img-18.jpg,720,720,medium_pothole,309,332,487,421,178,89,15842,0.24722222222222223,0.12361111111111112,0.030559413580246914
img-18.jpg,720,720,minor_pothole,134,487,218,546,84,59,4956,0.11666666666666667,0.08194444444444444,0.009560185185185185
img-18.jpg,720,720,minor_pothole,55,108,147,152,92,44,4048,0.12777777777777777,0.06111111111111111,0.007808641975308642
img-18.jpg,720,720,minor_pothole,0,80,52,111,52,31,1612,0.07222222222222222,0.043055555555555555,0.003109567901234568
img-180.jpg,720,720,medium_pothole,218,279,507,421,289,142,41038,0.4013888888888889,0.19722222222222222,0.07916280864197531
img-181.jpg,720,720,medium_pothole,291,333,466,455,175,122,21350,0.24305555555555555,0.16944444444444445,0.041184413580246916
img-182.jpg,720,720,medium_pothole,285,287,443,442,158,155,24490,0.21944444444444444,0.2152777777777778,0.04724151234567901
img-182.jpg,720,720,minor_pothole,0,216,99,311,99,95,9405,0.1375,0.13194444444444445,0.018142361111111113
img-182.jpg,720,720,minor_pothole,417,647,551,720,134,73,9782,0.18611111111111112,0.10138888888888889,0.018869598765432097
img-183.jpg,720,720,medium_pothole,175,224,489,466,314,242,75988,0.4361111111111111,0.33611111111111114,0.1465817901234568
img-184.jpg,720,720,minor_pothole,23,24,52,34,29,10,290,0.04027777777777778,0.013888888888888888,0.0005594135802469136
img-184.jpg,720,720,minor_pothole,0,46,36,68,36,22,792,0.05,0.030555555555555555,0.0015277777777777779
img-184.jpg,720,720,minor_pothole,55,30,109,54,54,24,1296,0.075,0.03333333333333333,0.0025
img-184.jpg,720,720,minor_pothole,84,0,117,10,33,10,330,0.04583333333333333,0.013888888888888888,0.0006365740740740741
img-184.jpg,720,720,minor_pothole,58,13,85,24,27,11,297,0.0375,0.015277777777777777,0.0005729166666666667
img-184.jpg,720,720,minor_pothole,35,0,70,10,35,10,350,0.04861111111111111,0.013888888888888888,0.0006751543209876543
img-184.jpg,720,720,minor_pothole,11,0,34,4,23,4,92,0.03194444444444444,0.005555555555555556,0.00017746913580246913
img-184.jpg,720,720,minor_pothole,0,3,16,13,16,10,160,0.022222222222222223,0.013888888888888888,0.00030864197530864197
img-184.jpg,720,720,medium_pothole,300,255,394,322,94,67,6298,0.13055555555555556,0.09305555555555556,0.012148919753086419
img-184.jpg,720,720,minor_pothole,530,145,558,164,28,19,532,0.03888888888888889,0.02638888888888889,0.0010262345679012345
img-184.jpg,720,720,minor_pothole,362,572,403,606,41,34,1394,0.05694444444444444,0.04722222222222222,0.002689043209876543
img-185.jpg,720,720,major_pothole,261,269,483,476,222,207,45954,0.30833333333333335,0.2875,0.08864583333333333
img-186.jpg,720,720,major_pothole,122,316,412,453,290,137,39730,0.4027777777777778,0.19027777777777777,0.07663966049382716
img-186.jpg,720,720,medium_pothole,441,263,684,385,243,122,29646,0.3375,0.16944444444444445,0.0571875
img-187.jpg,720,720,medium_pothole,233,282,472,420,239,138,32982,0.33194444444444443,0.19166666666666668,0.06362268518518518
img-188.jpg,720,720,medium_pothole,266,227,410,329,144,102,14688,0.2,0.14166666666666666,0.028333333333333332
img-188.jpg,720,720,medium_pothole,299,349,430,438,131,89,11659,0.18194444444444444,0.12361111111111112,0.022490354938271603
img-188.jpg,720,720,minor_pothole,432,258,588,350,156,92,14352,0.21666666666666667,0.12777777777777777,0.027685185185185184
img-189.jpg,720,720,medium_pothole,261,278,468,412,207,134,27738,0.2875,0.18611111111111112,0.05350694444444445
img-19.jpg,720,720,medium_pothole,270,227,417,339,147,112,16464,0.20416666666666666,0.15555555555555556,0.03175925925925926
img-19.jpg,720,720,medium_pothole,162,395,297,486,135,91,12285,0.1875,0.12638888888888888,0.023697916666666666
img-190.jpg,720,720,medium_pothole,161,253,472,443,311,190,59090,0.43194444444444446,0.2638888888888889,0.11398533950617284
img-190.jpg,720,720,medium_pothole,472,419,630,506,158,87,13746,0.21944444444444444,0.12083333333333333,0.026516203703703705
img-191.jpg,720,720,medium_pothole,271,335,467,494,196,159,31164,0.2722222222222222,0.22083333333333333,0.06011574074074074
img-191.jpg,720,720,medium_pothole,272,237,393,297,121,60,7260,0.16805555555555557,0.08333333333333333,0.014004629629629629
img-191.jpg,720,720,minor_pothole,163,402,235,446,72,44,3168,0.1,0.06111111111111111,0.006111111111111111
img-192.jpg,720,720,medium_pothole,276,294,415,397,139,103,14317,0.19305555555555556,0.14305555555555555,0.02761766975308642
img-193.jpg,720,720,medium_pothole,272,347,361,400,89,53,4717,0.12361111111111112,0.07361111111111111,0.009099151234567901
img-193.jpg,720,720,minor_pothole,566,380,638,418,72,38,2736,0.1,0.05277777777777778,0.005277777777777778
img-194.jpg,720,720,medium_pothole,261,290,469,419,208,129,26832,0.28888888888888886,0.17916666666666667,0.05175925925925926
img-195.jpg,720,720,medium_pothole,117,147,276,219,159,72,11448,0.22083333333333333,0.1,0.022083333333333333
img-195.jpg,720,720,medium_pothole,182,266,437,481,255,215,54825,0.3541666666666667,0.2986111111111111,0.10575810185185185
img-196.jpg,720,720,medium_pothole,274,301,490,416,216,115,24840,0.3,0.1597222222222222,0.04791666666666667
img-196.jpg,720,720,minor_pothole,470,200,535,238,65,38,2470,0.09027777777777778,0.05277777777777778,0.00476466049382716
img-196.jpg,720,720,minor_pothole,301,229,462,305,161,76,12236,0.22361111111111112,0.10555555555555556,0.023603395061728396
img-197.jpg,720,720,medium_pothole,338,346,485,443,147,97,14259,0.20416666666666666,0.13472222222222222,0.027505787037037037
img-197.jpg,720,720,medium_pothole,459,320,539,375,80,55,4400,0.1111111111111111,0.0763888888888889,0.008487654320987654
img-197.jpg,720,720,medium_pothole,205,400,364,524,159,124,19716,0.22083333333333333,0.17222222222222222,0.03803240740740741
img-198.jpg,720,720,minor_pothole,194,224,349,277,155,53,8215,0.2152777777777778,0.07361111111111111,0.015846836419753086
img-198.jpg,720,720,medium_pothole,140,273,367,356,227,83,18841,0.31527777777777777,0.11527777777777778,0.03634452160493827
img-198.jpg,720,720,minor_pothole,301,356,351,396,50,40,2000,0.06944444444444445,0.05555555555555555,0.0038580246913580245
img-198.jpg,720,720,medium_pothole,370,378,600,483,230,105,24150,0.3194444444444444,0.14583333333333334,0.04658564814814815
img-199.jpg,720,720,medium_pothole,245,312,427,552,182,240,43680,0.25277777777777777,0.3333333333333333,0.08425925925925926
img-199.jpg,720,720,minor_pothole,420,308,529,402,109,94,10246,0.15138888888888888,0.13055555555555556,0.01976466049382716
img-2.jpg,720,720,medium_pothole,307,234,458,325,151,91,13741,0.20972222222222223,0.12638888888888888,0.02650655864197531
img-2.jpg,720,720,minor_pothole,264,299,363,382,99,83,8217,0.1375,0.11527777777777778,0.015850694444444445
img-2.jpg,720,720,minor_pothole,190,423,257,503,67,80,5360,0.09305555555555556,0.1111111111111111,0.010339506172839507
img-20.jpg,720,720,minor_pothole,231,248,345,313,114,65,7410,0.15833333333333333,0.09027777777777778,0.014293981481481482
img-20.jpg,720,720,minor_pothole,157,183,219,227,62,44,2728,0.08611111111111111,0.06111111111111111,0.005262345679012345
img-20.jpg,720,720,medium_pothole,275,304,440,425,165,121,19965,0.22916666666666666,0.16805555555555557,0.03851273148148148
img-200.jpg,720,720,minor_pothole,202,358,288,403,86,45,3870,0.11944444444444445,0.0625,0.007465277777777778
img-200.jpg,720,720,minor_pothole,273,319,406,392,133,73,9709,0.18472222222222223,0.10138888888888889,0.01872878086419753
img-200.jpg,720,720,minor_pothole,398,293,501,360,103,67,6901,0.14305555555555555,0.09305555555555556,0.013312114197530865
img-200.jpg,720,720,minor_pothole,665,165,720,229,55,64,3520,0.0763888888888889,0.08888888888888889,0.006790123456790123
img-201.jpg,720,720,medium_pothole,218,224,588,516,370,292,108040,0.5138888888888888,0.40555555555555556,0.20841049382716048
img-202.jpg,720,720,minor_pothole,292,374,372,451,80,77,6160,0.1111111111111111,0.10694444444444444,0.011882716049382716
img-202.jpg,720,720,minor_pothole,285,296,408,376,123,80,9840,0.17083333333333334,0.1111111111111111,0.01898148148148148
img-202.jpg,720,720,minor_pothole,302,236,413,292,111,56,6216,0.15416666666666667,0.07777777777777778,0.011990740740740741
img-202.jpg,720,720,minor_pothole,294,47,380,158,86,111,9546,0.11944444444444445,0.15416666666666667,0.018414351851851852
img-202.jpg,720,720,minor_pothole,152,509,204,564,52,55,2860,0.07222222222222222,0.0763888888888889,0.005516975308641975
img-202.jpg,720,720,minor_pothole,39,481,95,589,56,108,6048,0.07777777777777778,0.15,0.011666666666666667
img-202.jpg,720,720,minor_pothole,297,670,370,718,73,48,3504,0.10138888888888889,0.06666666666666667,0.006759259259259259
img-203.jpg,720,720,minor_pothole,185,296,425,403,240,107,25680,0.3333333333333333,0.1486111111111111,0.04953703703703704
img-203.jpg,720,720,minor_pothole,619,302,684,366,65,64,4160,0.09027777777777778,0.08888888888888889,0.008024691358024692
img-203.jpg,720,720,minor_pothole,397,231,598,325,201,94,18894,0.2791666666666667,0.13055555555555556,0.03644675925925926
img-204.jpg,720,720,minor_pothole,190,175,358,315,168,140,23520,0.23333333333333334,0.19444444444444445,0.04537037037037037
img-204.jpg,720,720,minor_pothole,281,381,447,519,166,138,22908,0.23055555555555557,0.19166666666666668,0.044189814814814814
img-205.jpg,720,720,medium_pothole,274,166,715,384,441,218,96138,0.6125,0.30277777777777776,0.1854513888888889
img-205.jpg,720,720,minor_pothole,0,412,326,607,326,195,63570,0.4527777777777778,0.2708333333333333,0.12262731481481481
img-206.jpg,720,720,medium_pothole,216,291,487,464,271,173,46883,0.3763888888888889,0.24027777777777778,0.09043788580246914
img-206.jpg,720,720,minor_pothole,76,658,237,720,161,62,9982,0.22361111111111112,0.08611111111111111,0.0192554012345679
img-207.jpg,720,720,medium_pothole,183,269,554,503,371,234,86814,0.5152777777777777,0.325,0.16746527777777778
img-207.jpg,720,720,minor_pothole,324,569,489,719,165,150,24750,0.22916666666666666,0.20833333333333334,0.04774305555555555
img-208.jpg,720,720,minor_pothole,287,158,446,294,159,136,21624,0.22083333333333333,0.18888888888888888,0.041712962962962966
img-208.jpg,720,720,minor_pothole,415,368,533,511,118,143,16874,0.1638888888888889,0.1986111111111111,0.03255015432098765
img-208.jpg,720,720,minor_pothole,271,437,419,584,148,147,21756,0.20555555555555555,0.20416666666666666,0.04196759259259259
img-209.jpg,720,720,medium_pothole,297,206,507,399,210,193,40530,0.2916666666666667,0.26805555555555555,0.07818287037037037
img-21.jpg,720,720,medium_pothole,244,262,504,534,260,272,70720,0.3611111111111111,0.37777777777777777,0.13641975308641976
img-21.jpg,720,720,minor_pothole,0,595,157,719,157,124,19468,0.21805555555555556,0.17222222222222222,0.03755401234567901
img-210.jpg,720,720,major_pothole,194,123,518,455,324,332,107568,0.45,0.46111111111111114,0.2075
img-210.jpg,720,720,minor_pothole,22,633,143,720,121,87,10527,0.16805555555555557,0.12083333333333333,0.020306712962962964
img-211.jpg,720,720,medium_pothole,234,262,532,438,298,176,52448,0.41388888888888886,0.24444444444444444,0.10117283950617284
img-212.jpg,720,720,medium_pothole,283,256,484,442,201,186,37386,0.2791666666666667,0.25833333333333336,0.07211805555555556
img-213.jpg,720,720,medium_pothole,244,238,472,440,228,202,46056,0.31666666666666665,0.28055555555555556,0.0888425925925926
img-214.jpg,720,720,medium_pothole,256,298,402,415,146,117,17082,0.20277777777777778,0.1625,0.03295138888888889
img-215.jpg,720,720,medium_pothole,213,202,371,373,158,171,27018,0.21944444444444444,0.2375,0.052118055555555556
img-216.jpg,720,720,minor_pothole,300,284,483,375,183,91,16653,0.25416666666666665,0.12638888888888888,0.03212384259259259
img-216.jpg,720,720,minor_pothole,257,136,402,223,145,87,12615,0.2013888888888889,0.12083333333333333,0.02433449074074074
img-216.jpg,720,720,minor_pothole,456,440,553,494,97,54,5238,0.13472222222222222,0.075,0.010104166666666666
img-217.jpg,720,720,medium_pothole,354,380,449,483,95,103,9785,0.13194444444444445,0.14305555555555555,0.018875385802469134
img-217.jpg,720,720,minor_pothole,283,531,368,606,85,75,6375,0.11805555555555555,0.10416666666666667,0.012297453703703705
img-218.jpg,720,720,medium_pothole,264,264,422,435,158,171,27018,0.21944444444444444,0.2375,0.052118055555555556
img-218.jpg,720,720,minor_pothole,624,68,720,116,96,48,4608,0.13333333333333333,0.06666666666666667,0.008888888888888889
img-219.jpg,720,720,medium_pothole,192,253,494,391,302,138,41676,0.41944444444444445,0.19166666666666668,0.08039351851851852
img-22.jpg,720,720,medium_pothole,257,348,422,602,165,254,41910,0.22916666666666666,0.3527777777777778,0.08084490740740741
img-220.jpg,720,720,medium_pothole,193,249,463,423,270,174,46980,0.375,0.24166666666666667,0.090625
img-220.jpg,720,720,medium_pothole,435,628,602,704,167,76,12692,0.23194444444444445,0.10555555555555556,0.024483024691358025
img-221.jpg,720,720,medium_pothole,257,315,387,401,130,86,11180,0.18055555555555555,0.11944444444444445,0.021566358024691357
img-221.jpg,720,720,medium_pothole,260,132,303,169,43,37,1591,0.059722222222222225,0.05138888888888889,0.003069058641975309
img-222.jpg,720,720,medium_pothole,254,223,445,498,191,275,52525,0.2652777777777778,0.3819444444444444,0.10132137345679013
img-223.jpg,720,720,medium_pothole,327,315,436,428,109,113,12317,0.15138888888888888,0.15694444444444444,0.023759645061728396
img-224.jpg,720,720,medium_pothole,257,300,463,471,206,171,35226,0.2861111111111111,0.2375,0.0679513888888889
img-225.jpg,720,720,minor_pothole,86,125,124,145,38,20,760,0.05277777777777778,0.027777777777777776,0.0014660493827160495
img-225.jpg,720,720,medium_pothole,278,246,380,322,102,76,7752,0.14166666666666666,0.10555555555555556,0.014953703703703703
img-225.jpg,720,720,minor_pothole,390,18,453,48,63,30,1890,0.0875,0.041666666666666664,0.0036458333333333334
img-225.jpg,720,720,minor_pothole,347,0,377,19,30,19,570,0.041666666666666664,0.02638888888888889,0.001099537037037037
img-226.jpg,720,720,medium_pothole,190,325,437,491,247,166,41002,0.34305555555555556,0.23055555555555557,0.07909336419753087
img-227.jpg,720,720,medium_pothole,205,205,472,333,267,128,34176,0.37083333333333335,0.17777777777777778,0.06592592592592593
img-227.jpg,720,720,major_pothole,26,539,720,720,694,181,125614,0.9638888888888889,0.2513888888888889,0.24231095679012346
img-228.jpg,720,720,medium_pothole,265,266,495,464,230,198,45540,0.3194444444444444,0.275,0.08784722222222222
img-229.jpg,720,720,minor_pothole,279,268,399,338,120,70,8400,0.16666666666666666,0.09722222222222222,0.016203703703703703
img-229.jpg,720,720,medium_pothole,320,316,490,426,170,110,18700,0.2361111111111111,0.1527777777777778,0.03607253086419753
img-229.jpg,720,720,minor_pothole,0,550,123,673,123,123,15129,0.17083333333333334,0.17083333333333334,0.029184027777777777
img-23.jpg,720,720,major_pothole,175,183,607,332,432,149,64368,0.6,0.20694444444444443,0.12416666666666666
img-23.jpg,720,720,minor_pothole,118,169,172,195,54,26,1404,0.075,0.03611111111111111,0.0027083333333333334
img-23.jpg,720,720,minor_pothole,0,12,67,52,67,40,2680,0.09305555555555556,0.05555555555555555,0.005169753086419753
img-23.jpg,720,720,minor_pothole,173,551,343,711,170,160,27200,0.2361111111111111,0.2222222222222222,0.05246913580246913
img-23.jpg,720,720,minor_pothole,284,138,443,189,159,51,8109,0.22083333333333333,0.07083333333333333,0.01564236111111111
img-230.jpg,720,720,medium_pothole,251,320,475,441,224,121,27104,0.3111111111111111,0.16805555555555557,0.05228395061728395
img-230.jpg,720,720,medium_pothole,422,131,508,164,86,33,2838,0.11944444444444445,0.04583333333333333,0.005474537037037037
img-230.jpg,720,720,minor_pothole,201,120,272,144,71,24,1704,0.09861111111111111,0.03333333333333333,0.003287037037037037
img-231.jpg,720,720,medium_pothole,245,219,483,390,238,171,40698,0.33055555555555555,0.2375,0.07850694444444445
img-231.jpg,720,720,minor_pothole,336,67,422,97,86,30,2580,0.11944444444444445,0.041666666666666664,0.004976851851851852
img-232.jpg,720,720,minor_pothole,317,160,410,236,93,76,7068,0.12916666666666668,0.10555555555555556,0.01363425925925926
img-232.jpg,720,720,minor_pothole,221,495,391,664,170,169,28730,0.2361111111111111,0.23472222222222222,0.055420524691358025
img-232.jpg,720,720,minor_pothole,92,15,135,42,43,27,1161,0.059722222222222225,0.0375,0.0022395833333333334
img-232.jpg,720,720,minor_pothole,412,0,478,41,66,41,2706,0.09166666666666666,0.05694444444444444,0.0052199074074074075
img-233.jpg,720,720,medium_pothole,270,250,470,402,200,152,30400,0.2777777777777778,0.2111111111111111,0.05864197530864197
img-233.jpg,720,720,minor_pothole,380,206,444,248,64,42,2688,0.08888888888888889,0.058333333333333334,0.005185185185185185
img-234.jpg,720,720,medium_pothole,298,323,410,403,112,80,8960,0.15555555555555556,0.1111111111111111,0.01728395061728395
img-235.jpg,720,720,minor_pothole,228,197,503,464,275,267,73425,0.3819444444444444,0.37083333333333335,0.14163773148148148
img-236.jpg,720,720,minor_pothole,247,231,410,350,163,119,19397,0.2263888888888889,0.16527777777777777,0.037417052469135806
img-236.jpg,720,720,minor_pothole,24,136,139,211,115,75,8625,0.1597222222222222,0.10416666666666667,0.016637731481481483
img-236.jpg,720,720,minor_pothole,278,423,499,619,221,196,43316,0.30694444444444446,0.2722222222222222,0.0835570987654321
img-237.jpg,720,720,major_pothole,251,191,509,397,258,206,53148,0.35833333333333334,0.2861111111111111,0.10252314814814815
img-237.jpg,720,720,minor_pothole,213,219,333,301,120,82,9840,0.16666666666666666,0.11388888888888889,0.01898148148148148
img-237.jpg,720,720,minor_pothole,156,376,221,419,65,43,2795,0.09027777777777778,0.059722222222222225,0.005391589506172839
img-237.jpg,720,720,minor_pothole,0,562,102,662,102,100,10200,0.14166666666666666,0.1388888888888889,0.019675925925925927
img-237.jpg,720,720,minor_pothole,688,411,720,500,32,89,2848,0.044444444444444446,0.12361111111111112,0.005493827160493827
img-238.jpg,720,720,medium_pothole,203,311,480,435,277,124,34348,0.38472222222222224,0.17222222222222222,0.06625771604938271
img-239.jpg,720,720,medium_pothole,232,272,455,404,223,132,29436,0.30972222222222223,0.18333333333333332,0.056782407407407406
img-24.jpg,720,720,medium_pothole,284,313,418,421,134,108,14472,0.18611111111111112,0.15,0.027916666666666666
img-24.jpg,720,720,minor_pothole,348,73,449,133,101,60,6060,0.14027777777777778,0.08333333333333333,0.011689814814814814
img-240.jpg,720,720,medium_pothole,281,243,456,457,175,214,37450,0.24305555555555555,0.2972222222222222,0.07224151234567901
img-240.jpg,720,720,minor_pothole,332,28,367,56,35,28,980,0.04861111111111111,0.03888888888888889,0.001890432098765432
img-240.jpg,720,720,minor_pothole,384,44,420,59,36,15,540,0.05,0.020833333333333332,0.0010416666666666667
img-240.jpg,720,720,minor_pothole,387,23,426,42,39,19,741,0.05416666666666667,0.02638888888888889,0.0014293981481481482
img-241.jpg,720,720,medium_pothole,207,108,304,166,97,58,5626,0.13472222222222222,0.08055555555555556,0.010852623456790124
img-241.jpg,720,720,medium_pothole,357,201,522,311,165,110,18150,0.22916666666666666,0.1527777777777778,0.03501157407407408
img-241.jpg,720,720,minor_pothole,494,211,644,292,150,81,12150,0.20833333333333334,0.1125,0.0234375
img-241.jpg,720,720,minor_pothole,334,279,403,315,69,36,2484,0.09583333333333334,0.05,0.004791666666666666
img-241.jpg,720,720,major_pothole,221,320,391,481,170,161,27370,0.2361111111111111,0.22361111111111112,0.05279706790123457
img-241.jpg,720,720,minor_pothole,393,345,527,423,134,78,10452,0.18611111111111112,0.10833333333333334,0.020162037037037037
img-241.jpg,720,720,minor_pothole,420,541,519,683,99,142,14058,0.1375,0.19722222222222222,0.027118055555555555
img-242.jpg,720,720,medium_pothole,214,317,487,474,273,157,42861,0.37916666666666665,0.21805555555555556,0.08267939814814815
img-243.jpg,720,720,medium_pothole,242,339,462,409,220,70,15400,0.3055555555555556,0.09722222222222222,0.02970679012345679
img-244.jpg,720,720,medium_pothole,240,307,465,492,225,185,41625,0.3125,0.2569444444444444,0.0802951388888889
img-244.jpg,720,720,minor_pothole,578,342,720,455,142,113,16046,0.19722222222222222,0.15694444444444444,0.030952932098765432
img-245.jpg,720,720,medium_pothole,246,295,409,411,163,116,18908,0.2263888888888889,0.16111111111111112,0.036473765432098765
img-245.jpg,720,720,minor_pothole,360,222,463,311,103,89,9167,0.14305555555555555,0.12361111111111112,0.017683256172839504
img-246.jpg,720,720,medium_pothole,188,273,437,414,249,141,35109,0.3458333333333333,0.19583333333333333,0.06772569444444444
img-246.jpg,720,720,minor_pothole,298,141,458,257,160,116,18560,0.2222222222222222,0.16111111111111112,0.03580246913580247
img-247.jpg,720,720,medium_pothole,261,275,449,397,188,122,22936,0.2611111111111111,0.16944444444444445,0.044243827160493826
img-248.jpg,720,720,medium_pothole,125,247,475,421,350,174,60900,0.4861111111111111,0.24166666666666667,0.11747685185185185
img-248.jpg,720,720,minor_pothole,581,50,720,106,139,56,7784,0.19305555555555556,0.07777777777777778,0.015015432098765432
img-248.jpg,720,720,minor_pothole,212,44,333,83,121,39,4719,0.16805555555555557,0.05416666666666667,0.009103009259259259
img-249.jpg,720,720,medium_pothole,222,292,475,479,253,187,47311,0.35138888888888886,0.25972222222222224,0.09126350308641976
img-25.jpg,720,720,medium_pothole,215,257,597,481,382,224,85568,0.5305555555555556,0.3111111111111111,0.16506172839506172
img-250.jpg,720,720,medium_pothole,129,274,619,481,490,207,101430,0.6805555555555556,0.2875,0.19565972222222222
img-251.jpg,720,720,medium_pothole,213,291,577,523,364,232,84448,0.5055555555555555,0.32222222222222224,0.16290123456790123
img-252.jpg,720,720,medium_pothole,119,165,311,251,192,86,16512,0.26666666666666666,0.11944444444444445,0.03185185185185185
img-252.jpg,720,720,medium_pothole,510,379,631,452,121,73,8833,0.16805555555555557,0.10138888888888889,0.017038966049382716
img-252.jpg,720,720,medium_pothole,396,446,580,567,184,121,22264,0.25555555555555554,0.16805555555555557,0.04294753086419753
img-253.jpg,720,720,medium_pothole,241,303,600,397,359,94,33746,0.4986111111111111,0.13055555555555556,0.06509645061728395
img-254.jpg,720,720,medium_pothole,221,270,470,414,249,144,35856,0.3458333333333333,0.2,0.06916666666666667
img-255.jpg,720,720,medium_pothole,282,312,419,368,137,56,7672,0.19027777777777777,0.07777777777777778,0.014799382716049383
img-256.jpg,720,720,medium_pothole,223,387,382,577,159,190,30210,0.22083333333333333,0.2638888888888889,0.058275462962962966
img-256.jpg,720,720,medium_pothole,333,54,429,152,96,98,9408,0.13333333333333333,0.1361111111111111,0.01814814814814815
img-257.jpg,720,720,medium_pothole,261,310,415,505,154,195,30030,0.21388888888888888,0.2708333333333333,0.05792824074074074
img-257.jpg,720,720,minor_pothole,425,108,486,143,61,35,2135,0.08472222222222223,0.04861111111111111,0.004118441358024691
img-258.jpg,720,720,medium_pothole,260,306,465,411,205,105,21525,0.2847222222222222,0.14583333333333334,0.04152199074074074
img-259.jpg,720,720,medium_pothole,249,243,464,413,215,170,36550,0.2986111111111111,0.2361111111111111,0.0705054012345679
img-259.jpg,720,720,minor_pothole,192,107,255,165,63,58,3654,0.0875,0.08055555555555556,0.007048611111111111
img-26.jpg,720,720,medium_pothole,288,296,434,411,146,115,16790,0.20277777777777778,0.1597222222222222,0.032388117283950614
img-26.jpg,720,720,minor_pothole,662,320,720,369,58,49,2842,0.08055555555555556,0.06805555555555555,0.005482253086419753
img-260.jpg,720,720,medium_pothole,197,272,449,378,252,106,26712,0.35,0.14722222222222223,0.051527777777777777
img-261.jpg,720,720,medium_pothole,213,251,483,409,270,158,42660,0.375,0.21944444444444444,0.08229166666666667
img-262.jpg,720,720,medium_pothole,276,263,377,349,101,86,8686,0.14027777777777778,0.11944444444444445,0.016755401234567903
img-263.jpg,720,720,medium_pothole,228,241,444,362,216,121,26136,0.3,0.16805555555555557,0.050416666666666665
img-264.jpg,720,720,medium_pothole,211,186,497,372,286,186,53196,0.3972222222222222,0.25833333333333336,0.10261574074074074
img-265.jpg,720,720,minor_pothole,38,354,112,417,74,63,4662,0.10277777777777777,0.0875,0.008993055555555556
img-265.jpg,720,720,medium_pothole,321,311,563,433,242,122,29524,0.33611111111111114,0.16944444444444445,0.05695216049382716
img-265.jpg,720,720,minor_pothole,81,198,241,303,160,105,16800,0.2222222222222222,0.14583333333333334,0.032407407407407406
img-266.jpg,720,720,medium_pothole,228,263,465,421,237,158,37446,0.32916666666666666,0.21944444444444444,0.0722337962962963
img-266.jpg,720,720,minor_pothole,531,487,590,534,59,47,2773,0.08194444444444444,0.06527777777777778,0.0053491512345679015
img-267.jpg,720,720,minor_pothole,264,281,378,356,114,75,8550,0.15833333333333333,0.10416666666666667,0.016493055555555556
img-267.jpg,720,720,medium_pothole,330,351,452,515,122,164,20008,0.16944444444444445,0.22777777777777777,0.03859567901234568
img-267.jpg,720,720,minor_pothole,67,352,261,494,194,142,27548,0.26944444444444443,0.19722222222222222,0.053140432098765435
img-267.jpg,720,720,medium_pothole,607,0,720,35,113,35,3955,0.15694444444444444,0.04861111111111111,0.007629243827160494
img-268.jpg,720,720,major_pothole,258,195,494,414,236,219,51684,0.3277777777777778,0.30416666666666664,0.09969907407407408
img-269.jpg,720,720,medium_pothole,278,323,386,435,108,112,12096,0.15,0.15555555555555556,0.023333333333333334
img-269.jpg,720,720,minor_pothole,602,497,661,553,59,56,3304,0.08194444444444444,0.07777777777777778,0.006373456790123457
img-27.jpg,720,720,medium_pothole,305,325,398,408,93,83,7719,0.12916666666666668,0.11527777777777778,0.014890046296296297
img-270.jpg,720,720,medium_pothole,273,282,420,375,147,93,13671,0.20416666666666666,0.12916666666666668,0.02637152777777778
img-270.jpg,720,720,minor_pothole,0,66,135,120,135,54,7290,0.1875,0.075,0.0140625
img-271.jpg,720,720,major_pothole,168,239,531,403,363,164,59532,0.5041666666666667,0.22777777777777777,0.11483796296296296
img-272.jpg,720,720,medium_pothole,264,265,470,382,206,117,24102,0.2861111111111111,0.1625,0.04649305555555556
img-272.jpg,720,720,minor_pothole,578,308,720,385,142,77,10934,0.19722222222222222,0.10694444444444444,0.02109182098765432
img-273.jpg,720,720,medium_pothole,294,326,446,390,152,64,9728,0.2111111111111111,0.08888888888888889,0.018765432098765432
img-273.jpg,720,720,minor_pothole,161,578,720,720,559,142,79378,0.7763888888888889,0.19722222222222222,0.15312114197530866
img-274.jpg,720,720,minor_pothole,353,240,475,298,122,58,7076,0.16944444444444445,0.08055555555555556,0.013649691358024692
img-274.jpg,720,720,medium_pothole,189,323,419,406,230,83,19090,0.3194444444444444,0.11527777777777778,0.03682484567901235
img-274.jpg,720,720,minor_pothole,141,223,301,292,160,69,11040,0.2222222222222222,0.09583333333333334,0.021296296296296296
img-275.jpg,720,720,medium_pothole,235,279,548,446,313,167,52271,0.43472222222222223,0.23194444444444445,0.10083140432098765
img-276.jpg,720,720,medium_pothole,266,307,485,483,219,176,38544,0.30416666666666664,0.24444444444444444,0.07435185185185185
img-277.jpg,720,720,medium_pothole,263,294,405,374,142,80,11360,0.19722222222222222,0.1111111111111111,0.021913580246913582
img-278.jpg,720,720,medium_pothole,407,140,498,251,91,111,10101,0.12638888888888888,0.15416666666666667,0.019484953703703702
img-278.jpg,720,720,medium_pothole,210,387,301,507,91,120,10920,0.12638888888888888,0.16666666666666666,0.021064814814814814
img-279.jpg,720,720,medium_pothole,302,291,441,417,139,126,17514,0.19305555555555556,0.175,0.03378472222222222
img-28.jpg,720,720,medium_pothole,288,260,451,393,163,133,21679,0.2263888888888889,0.18472222222222223,0.041819058641975305
img-28.jpg,720,720,minor_pothole,504,165,571,229,67,64,4288,0.09305555555555556,0.08888888888888889,0.008271604938271605
img-28.jpg,720,720,medium_pothole,595,111,666,156,71,45,3195,0.09861111111111111,0.0625,0.006163194444444444
img-28.jpg,720,720,minor_pothole,641,385,715,462,74,77,5698,0.10277777777777777,0.10694444444444444,0.010991512345679012
img-280.jpg,720,720,medium_pothole,243,280,449,438,206,158,32548,0.2861111111111111,0.21944444444444444,0.06278549382716049
img-281.jpg,720,720,medium_pothole,158,235,575,392,417,157,65469,0.5791666666666667,0.21805555555555556,0.12629050925925925
img-282.jpg,720,720,medium_pothole,256,224,412,360,156,136,21216,0.21666666666666667,0.18888888888888888,0.04092592592592593
img-282.jpg,720,720,minor_pothole,160,396,249,483,89,87,7743,0.12361111111111112,0.12083333333333333,0.014936342592592593
img-283.jpg,720,720,medium_pothole,215,269,427,422,212,153,32436,0.29444444444444445,0.2125,0.06256944444444444
img-283.jpg,720,720,minor_pothole,441,224,496,274,55,50,2750,0.0763888888888889,0.06944444444444445,0.005304783950617284
img-283.jpg,720,720,minor_pothole,103,112,211,159,108,47,5076,0.15,0.06527777777777778,0.009791666666666667
img-284.jpg,720,720,medium_pothole,256,258,456,425,200,167,33400,0.2777777777777778,0.23194444444444445,0.06442901234567901
img-284.jpg,720,720,minor_pothole,160,278,245,452,85,174,14790,0.11805555555555555,0.24166666666666667,0.028530092592592593
img-285.jpg,720,720,medium_pothole,242,268,456,473,214,205,43870,0.2972222222222222,0.2847222222222222,0.08462577160493827
img-286.jpg,400,300,major_pothole,143,159,234,205,91,46,4186,0.2275,0.15333333333333332,0.034883333333333336
img-286.jpg,400,300,major_pothole,194,210,249,232,55,22,1210,0.1375,0.07333333333333333,0.010083333333333333
img-286.jpg,400,300,medium_pothole,192,77,212,92,20,15,300,0.05,0.05,0.0025
img-287.jpg,401,300,major_pothole,15,90,353,282,338,192,64896,0.8428927680798005,0.64,0.5394513715710724
img-288.jpg,533,300,medium_pothole,217,27,283,67,66,40,2640,0.12382739212007504,0.13333333333333333,0.01651031894934334
img-288.jpg,533,300,medium_pothole,331,33,386,58,55,25,1375,0.10318949343339587,0.08333333333333333,0.00859912445278299
img-288.jpg,533,300,minor_pothole,201,179,231,195,30,16,480,0.05628517823639775,0.05333333333333334,0.00300187617260788
img-288.jpg,533,300,medium_pothole,435,223,529,268,94,45,4230,0.17636022514071295,0.15,0.02645403377110694
img-288.jpg,533,300,minor_pothole,309,237,418,287,109,50,5450,0.2045028142589118,0.16666666666666666,0.034083802376485305
img-289.jpg,300,442,major_pothole,91,275,198,391,107,116,12412,0.3566666666666667,0.26244343891402716,0.09360482654600302
img-29.jpg,720,720,minor_pothole,302,270,456,385,154,115,17710,0.21388888888888888,0.1597222222222222,0.03416280864197531
img-29.jpg,720,720,minor_pothole,426,374,497,430,71,56,3976,0.09861111111111111,0.07777777777777778,0.007669753086419753
img-290.jpg,533,300,major_pothole,1,154,533,300,532,146,77672,0.99812382739212,0.4866666666666667,0.48575359599749846
img-291.jpg,536,300,medium_pothole,66,188,389,300,323,112,36176,0.6026119402985075,0.37333333333333335,0.22497512437810946
img-292.jpg,300,444,major_pothole,5,138,164,239,159,101,16059,0.53,0.22747747747747749,0.12056306306306307
img-292.jpg,300,444,medium_pothole,22,17,65,33,43,16,688,0.14333333333333334,0.036036036036036036,0.005165165165165165
img-292.jpg,300,444,medium_pothole,20,1,59,8,39,7,273,0.13,0.015765765765765764,0.0020495495495495494
img-293.jpg,400,300,major_pothole,161,135,264,185,103,50,5150,0.2575,0.16666666666666666,0.042916666666666665
img-293.jpg,400,300,medium_pothole,298,82,345,98,47,16,752,0.1175,0.05333333333333334,0.006266666666666667
img-293.jpg,400,300,minor_pothole,102,109,161,129,59,20,1180,0.1475,0.06666666666666667,0.009833333333333333
img-293.jpg,400,300,minor_pothole,52,215,124,245,72,30,2160,0.18,0.1,0.018
img-294.jpg,534,300,major_pothole,351,252,430,292,79,40,3160,0.14794007490636704,0.13333333333333333,0.01972534332084894
img-294.jpg,534,300,major_pothole,263,238,299,256,36,18,648,0.06741573033707865,0.06,0.004044943820224719
img-294.jpg,534,300,minor_pothole,196,191,212,202,16,11,176,0.0299625468164794,0.03666666666666667,0.0010986267166042446
img-294.jpg,534,300,minor_pothole,174,194,190,202,16,8,128,0.0299625468164794,0.02666666666666667,0.0007990012484394507
img-295.jpg,533,300,major_pothole,67,110,465,268,398,158,62884,0.7467166979362101,0.5266666666666666,0.393270794246404
img-296.jpg,544,300,major_pothole,15,19,510,300,495,281,139095,0.9099264705882353,0.9366666666666666,0.8522977941176471
img-297.jpg,533,300,minor_pothole,271,122,309,141,38,19,722,0.07129455909943715,0.06333333333333334,0.0045153220762976865
img-297.jpg,533,300,minor_pothole,288,108,321,126,33,18,594,0.06191369606003752,0.06,0.0037148217636022514
img-297.jpg,533,300,medium_pothole,245,96,287,110,42,14,588,0.07879924953095685,0.04666666666666667,0.003677298311444653
img-297.jpg,533,300,medium_pothole,183,142,333,189,150,47,7050,0.28142589118198874,0.15666666666666668,0.04409005628517824
img-297.jpg,533,300,medium_pothole,89,201,407,298,318,97,30846,0.5966228893058161,0.3233333333333333,0.19290806754221387
img-298.jpg,449,300,major_pothole,104,83,221,127,117,44,5148,0.26057906458797325,0.14666666666666667,0.03821826280623608
img-298.jpg,449,300,medium_pothole,265,125,332,155,67,30,2010,0.1492204899777283,0.1,0.014922048997772828
img-299.jpg,453,300,major_pothole,201,37,317,121,116,84,9744,0.2560706401766004,0.28,0.07169977924944812
img-299.jpg,453,300,major_pothole,41,123,245,291,204,168,34272,0.4503311258278146,0.56,0.25218543046357617
img-299.jpg,453,300,minor_pothole,15,1,178,74,163,73,11899,0.3598233995584989,0.24333333333333335,0.0875570272259014
img-3.jpg,720,720,medium_pothole,273,264,497,468,224,204,45696,0.3111111111111111,0.2833333333333333,0.08814814814814814
img-30.jpg,720,720,major_pothole,266,252,456,483,190,231,43890,0.2638888888888889,0.32083333333333336,0.08466435185185185
img-30.jpg,720,720,minor_pothole,0,179,44,240,44,61,2684,0.06111111111111111,0.08472222222222223,0.005177469135802469
img-30.jpg,720,720,minor_pothole,233,112,281,157,48,45,2160,0.06666666666666667,0.0625,0.004166666666666667
img-300.jpg,300,300,major_pothole,22,144,252,186,230,42,9660,0.7666666666666667,0.14,0.10733333333333334
img-300.jpg,300,300,major_pothole,2,112,147,129,145,17,2465,0.48333333333333334,0.056666666666666664,0.02738888888888889
img-300.jpg,300,300,major_pothole,94,81,157,96,63,15,945,0.21,0.05,0.0105
img-300.jpg,300,300,major_pothole,1,192,300,287,299,95,28405,0.9966666666666667,0.31666666666666665,0.3156111111111111
img-301.jpg,534,300,major_pothole,245,177,393,248,148,71,10508,0.27715355805243447,0.23666666666666666,0.06559300873907616
img-301.jpg,534,300,major_pothole,422,124,534,170,112,46,5152,0.20973782771535582,0.15333333333333332,0.03215980024968789
img-301.jpg,534,300,minor_pothole,491,283,534,300,43,17,731,0.08052434456928839,0.056666666666666664,0.0045630461922596755
img-301.jpg,534,300,minor_pothole,441,198,482,218,41,20,820,0.07677902621722846,0.06666666666666667,0.005118601747815231
img-301.jpg,534,300,minor_pothole,479,188,533,202,54,14,756,0.10112359550561797,0.04666666666666667,0.004719101123595505
img-302.jpg,400,300,medium_pothole,32,90,259,262,227,172,39044,0.5675,0.5733333333333334,0.3253666666666667
img-303.jpg,456,300,medium_pothole,246,115,441,159,195,44,8580,0.4276315789473684,0.14666666666666667,0.06271929824561404
img-303.jpg,456,300,medium_pothole,159,97,237,155,78,58,4524,0.17105263157894737,0.19333333333333333,0.03307017543859649
img-304.jpg,503,300,major_pothole,264,57,503,198,239,141,33699,0.47514910536779326,0.47,0.2233200795228628
img-304.jpg,503,300,major_pothole,1,78,249,256,248,178,44144,0.49304174950298213,0.5933333333333334,0.2925381047051027
img-305.jpg,574,300,major_pothole,236,138,288,173,52,35,1820,0.09059233449477352,0.11666666666666667,0.01056910569105691
img-305.jpg,574,300,major_pothole,378,189,484,250,106,61,6466,0.18466898954703834,0.20333333333333334,0.03754936120789779
img-306.jpg,533,300,major_pothole,85,112,322,271,237,159,37683,0.4446529080675422,0.53,0.23566604127579738
img-306.jpg,533,300,major_pothole,418,158,533,276,115,118,13570,0.21575984990619138,0.3933333333333333,0.08486554096310193
img-307.jpg,571,300,major_pothole,197,8,428,273,231,265,61215,0.404553415061296,0.8833333333333333,0.3573555166374781
img-308.jpg,400,300,medium_pothole,190,151,283,201,93,50,4650,0.2325,0.16666666666666666,0.03875
img-309.jpg,533,300,major_pothole,1,58,529,207,528,149,78672,0.9906191369606003,0.49666666666666665,0.49200750469043153
img-31.jpg,720,720,medium_pothole,229,280,439,411,210,131,27510,0.2916666666666667,0.18194444444444444,0.05306712962962963
img-310.jpg,451,300,medium_pothole,144,138,252,163,108,25,2700,0.2394678492239468,0.08333333333333333,0.019955654101995565
img-310.jpg,451,300,medium_pothole,341,100,414,118,73,18,1314,0.16186252771618626,0.06,0.009711751662971176
img-310.jpg,451,300,medium_pothole,149,159,417,274,268,115,30820,0.5942350332594235,0.38333333333333336,0.227790096082779
img-311.jpg,450,300,major_pothole,104,94,440,300,336,206,69216,0.7466666666666667,0.6866666666666666,0.5127111111111111
img-312.jpg,533,300,medium_pothole,8,118,497,246,489,128,62592,0.9174484052532833,0.4266666666666667,0.39144465290806757
img-313.jpg,400,300,minor_pothole,49,130,88,143,39,13,507,0.0975,0.043333333333333335,0.004225
img-313.jpg,400,300,medium_pothole,1,146,400,300,399,154,61446,0.9975,0.5133333333333333,0.51205
img-314.jpg,450,300,major_pothole,111,60,275,263,164,203,33292,0.36444444444444446,0.6766666666666666,0.24660740740740741
img-315.jpg,450,300,major_pothole,155,175,329,258,174,83,14442,0.38666666666666666,0.27666666666666667,0.10697777777777778
img-315.jpg,450,300,minor_pothole,14,194,57,220,43,26,1118,0.09555555555555556,0.08666666666666667,0.008281481481481482
img-315.jpg,450,300,medium_pothole,377,124,443,139,66,15,990,0.14666666666666667,0.05,0.007333333333333333
img-315.jpg,450,300,minor_pothole,233,130,257,140,24,10,240,0.05333333333333334,0.03333333333333333,0.0017777777777777779
img-315.jpg,450,300,minor_pothole,367,209,411,226,44,17,748,0.09777777777777778,0.056666666666666664,0.005540740740740741
img-316.jpg,458,300,major_pothole,38,97,267,252,229,155,35495,0.5,0.5166666666666667,0.25833333333333336
img-317.jpg,450,300,major_pothole,143,96,305,186,162,90,14580,0.36,0.3,0.108
img-318.jpg,489,300,medium_pothole,127,195,412,285,285,90,25650,0.5828220858895705,0.3,0.17484662576687116
img-319.jpg,300,369,major_pothole,71,136,236,212,165,76,12540,0.55,0.20596205962059622,0.11327913279132791
img-32.jpg,720,720,minor_pothole,110,147,253,234,143,87,12441,0.1986111111111111,0.12083333333333333,0.023998842592592592
img-32.jpg,720,720,medium_pothole,254,278,505,501,251,223,55973,0.3486111111111111,0.30972222222222223,0.10797260802469136
img-320.jpg,688,300,major_pothole,34,103,644,230,610,127,77470,0.8866279069767442,0.42333333333333334,0.3753391472868217
img-320.jpg,688,300,minor_pothole,276,23,362,58,86,35,3010,0.125,0.11666666666666667,0.014583333333333334
img-321.jpg,300,300,major_pothole,1,112,254,252,253,140,35420,0.8433333333333334,0.4666666666666667,0.39355555555555555
img-322.jpg,453,300,major_pothole,16,73,440,230,424,157,66568,0.9359823399558499,0.5233333333333333,0.4898307579102281
img-323.jpg,426,300,major_pothole,163,149,286,185,123,36,4428,0.2887323943661972,0.12,0.03464788732394366
img-323.jpg,426,300,major_pothole,42,197,424,292,382,95,36290,0.8967136150234741,0.31666666666666665,0.28395931142410014
img-323.jpg,426,300,minor_pothole,1,176,71,211,70,35,2450,0.1643192488262911,0.11666666666666667,0.01917057902973396
img-323.jpg,426,300,minor_pothole,313,139,373,150,60,11,660,0.14084507042253522,0.03666666666666667,0.005164319248826291
img-323.jpg,426,300,minor_pothole,282,116,363,125,81,9,729,0.19014084507042253,0.03,0.005704225352112676
img-324.jpg,450,300,medium_pothole,210,148,397,280,187,132,24684,0.41555555555555557,0.44,0.18284444444444445
img-325.jpg,533,300,medium_pothole,92,128,135,149,43,21,903,0.08067542213883677,0.07,0.005647279549718574
img-325.jpg,533,300,major_pothole,155,74,252,115,97,41,3977,0.18198874296435272,0.13666666666666666,0.02487179487179487
img-325.jpg,533,300,medium_pothole,325,59,375,74,50,15,750,0.09380863039399624,0.05,0.004690431519699813
img-325.jpg,533,300,major_pothole,306,78,353,103,47,25,1175,0.08818011257035648,0.08333333333333333,0.007348342714196373
img-325.jpg,533,300,medium_pothole,335,114,375,136,40,22,880,0.075046904315197,0.07333333333333333,0.005503439649781113
img-325.jpg,533,300,major_pothole,422,192,531,273,109,81,8829,0.2045028142589118,0.27,0.05521575984990619
img-326.jpg,442,300,major_pothole,95,51,300,201,205,150,30750,0.4638009049773756,0.5,0.2319004524886878
img-327.jpg,600,300,medium_pothole,21,118,138,158,117,40,4680,0.195,0.13333333333333333,0.026
img-327.jpg,600,300,major_pothole,129,54,466,233,337,179,60323,0.5616666666666666,0.5966666666666667,0.3351277777777778
img-328.jpg,418,300,medium_pothole,207,216,256,234,49,18,882,0.11722488038277512,0.06,0.007033492822966507
img-328.jpg,418,300,minor_pothole,152,202,184,212,32,10,320,0.07655502392344497,0.03333333333333333,0.002551834130781499
img-328.jpg,418,300,medium_pothole,55,251,190,287,135,36,4860,0.3229665071770335,0.12,0.038755980861244016
img-328.jpg,418,300,medium_pothole,145,231,185,247,40,16,640,0.09569377990430622,0.05333333333333334,0.005103668261562998
img-329.jpg,667,300,major_pothole,313,243,338,253,25,10,250,0.037481259370314844,0.03333333333333333,0.0012493753123438282
img-329.jpg,667,300,major_pothole,291,219,324,228,33,9,297,0.049475262368815595,0.03,0.0014842578710644678
img-329.jpg,667,300,major_pothole,461,234,493,250,32,16,512,0.047976011994003,0.05333333333333334,0.00255872063968016
img-329.jpg,667,300,major_pothole,509,263,550,278,41,15,615,0.06146926536731634,0.05,0.0030734632683658172
img-329.jpg,667,300,medium_pothole,352,272,374,286,22,14,308,0.03298350824587706,0.04666666666666667,0.001539230384807596
img-329.jpg,667,300,major_pothole,379,245,430,253,51,8,408,0.07646176911544228,0.02666666666666667,0.0020389805097451273
img-33.jpg,720,720,medium_pothole,255,258,433,358,178,100,17800,0.24722222222222223,0.1388888888888889,0.03433641975308642
img-33.jpg,720,720,minor_pothole,524,339,638,429,114,90,10260,0.15833333333333333,0.125,0.019791666666666666
img-330.jpg,300,400,medium_pothole,25,182,246,386,221,204,45084,0.7366666666666667,0.51,0.3757
img-330.jpg,300,400,medium_pothole,79,29,216,92,137,63,8631,0.45666666666666667,0.1575,0.071925
img-331.jpg,366,300,major_pothole,188,214,283,275,95,61,5795,0.25956284153005466,0.20333333333333334,0.05277777777777778
img-331.jpg,366,300,major_pothole,202,135,278,162,76,27,2052,0.20765027322404372,0.09,0.018688524590163933
img-331.jpg,366,300,major_pothole,244,110,310,125,66,15,990,0.18032786885245902,0.05,0.009016393442622951
img-331.jpg,366,300,major_pothole,259,89,304,101,45,12,540,0.12295081967213115,0.04,0.004918032786885246
img-331.jpg,366,300,major_pothole,234,81,273,91,39,10,390,0.10655737704918032,0.03333333333333333,0.003551912568306011
img-331.jpg,366,300,major_pothole,219,74,254,82,35,8,280,0.09562841530054644,0.02666666666666667,0.0025500910746812386
img-331.jpg,366,300,major_pothole,249,62,273,70,24,8,192,0.06557377049180328,0.02666666666666667,0.0017486338797814208
img-331.jpg,366,300,medium_pothole,139,117,184,131,45,14,630,0.12295081967213115,0.04666666666666667,0.005737704918032787
img-331.jpg,366,300,medium_pothole,147,105,179,117,32,12,384,0.08743169398907104,0.04,0.0034972677595628415
img-331.jpg,366,300,medium_pothole,184,91,211,100,27,9,243,0.07377049180327869,0.03,0.0022131147540983605
img-331.jpg,366,300,medium_pothole,126,94,159,104,33,10,330,0.09016393442622951,0.03333333333333333,0.003005464480874317
img-331.jpg,366,300,minor_pothole,112,107,135,116,23,9,207,0.06284153005464481,0.03,0.0018852459016393444
img-331.jpg,366,300,minor_pothole,6,212,51,242,45,30,1350,0.12295081967213115,0.1,0.012295081967213115
img-332.jpg,480,300,major_pothole,119,201,358,247,239,46,10994,0.4979166666666667,0.15333333333333332,0.07634722222222222
img-332.jpg,480,300,medium_pothole,146,159,235,172,89,13,1157,0.18541666666666667,0.043333333333333335,0.008034722222222223
img-332.jpg,480,300,medium_pothole,278,135,399,146,121,11,1331,0.2520833333333333,0.03666666666666667,0.009243055555555555
img-332.jpg,480,300,major_pothole,135,90,272,111,137,21,2877,0.28541666666666665,0.07,0.019979166666666666
img-332.jpg,480,300,medium_pothole,159,59,215,69,56,10,560,0.11666666666666667,0.03333333333333333,0.0038888888888888888
img-333.jpg,451,300,medium_pothole,1,179,26,195,25,16,400,0.05543237250554324,0.05333333333333334,0.0029563932002956393
img-333.jpg,451,300,medium_pothole,1,161,55,173,54,12,648,0.1197339246119734,0.04,0.004789356984478936
img-333.jpg,451,300,minor_pothole,74,167,112,179,38,12,456,0.08425720620842572,0.04,0.003370288248337029
img-333.jpg,451,300,major_pothole,102,194,225,235,123,41,5043,0.2727272727272727,0.13666666666666666,0.03727272727272727
img-334.jpg,536,300,major_pothole,104,39,260,99,156,60,9360,0.291044776119403,0.2,0.058208955223880594
img-334.jpg,536,300,medium_pothole,403,21,470,46,67,25,1675,0.125,0.08333333333333333,0.010416666666666666
img-334.jpg,536,300,minor_pothole,446,46,504,63,58,17,986,0.10820895522388059,0.056666666666666664,0.0061318407960199005
img-334.jpg,536,300,major_pothole,190,141,476,300,286,159,45474,0.5335820895522388,0.53,0.2827985074626866
img-335.jpg,400,300,medium_pothole,270,86,377,141,107,55,5885,0.2675,0.18333333333333332,0.049041666666666664
img-335.jpg,400,300,medium_pothole,220,33,286,63,66,30,1980,0.165,0.1,0.0165
img-335.jpg,400,300,minor_pothole,292,32,333,47,41,15,615,0.1025,0.05,0.005125
img-335.jpg,400,300,minor_pothole,1,83,133,140,132,57,7524,0.33,0.19,0.0627
img-335.jpg,400,300,minor_pothole,340,34,396,66,56,32,1792,0.14,0.10666666666666667,0.014933333333333333
img-336.jpg,300,403,major_pothole,144,98,212,129,68,31,2108,0.22666666666666666,0.07692307692307693,0.017435897435897435
img-336.jpg,300,403,medium_pothole,90,130,143,146,53,16,848,0.17666666666666667,0.03970223325062035,0.007014061207609595
img-336.jpg,300,403,major_pothole,64,166,300,333,236,167,39412,0.7866666666666666,0.4143920595533499,0.32598842018196855
img-337.jpg,482,300,major_pothole,153,92,346,178,193,86,16598,0.4004149377593361,0.2866666666666667,0.11478561549100968
0b360769-img-338.jpg,400,300,major_pothole,62,69,375,240,313,171,53523,0.7825,0.57,0.446025
96d6e1f7-img-339.jpg,553,300,major_pothole,195,136,340,213,145,77,11165,0.26220614828209765,0.25666666666666665,0.06729957805907173
96d6e1f7-img-339.jpg,553,300,medium_pothole,245,102,271,115,26,13,338,0.04701627486437613,0.043333333333333335,0.002037371910789632
96d6e1f7-img-339.jpg,553,300,minor_pothole,303,237,350,262,47,25,1175,0.08499095840867993,0.08333333333333333,0.007082579867389994
96d6e1f7-img-339.jpg,553,300,major_pothole,127,272,218,299,91,27,2457,0.16455696202531644,0.09,0.01481012658227848
96d6e1f7-img-339.jpg,553,300,medium_pothole,289,268,371,299,82,31,2542,0.14828209764918626,0.10333333333333333,0.015322483423749247
img-34.jpg,720,720,major_pothole,99,244,611,570,512,326,166912,0.7111111111111111,0.4527777777777778,0.3219753086419753
img-340.jpg,450,300,medium_pothole,7,74,217,137,210,63,13230,0.4666666666666667,0.21,0.098
img-340.jpg,450,300,medium_pothole,206,106,450,151,244,45,10980,0.5422222222222223,0.15,0.08133333333333333
img-341.jpg,453,300,major_pothole,35,204,240,300,205,96,19680,0.45253863134657835,0.32,0.14481236203090508
img-341.jpg,453,300,major_pothole,261,127,312,160,51,33,1683,0.11258278145695365,0.11,0.0123841059602649
img-341.jpg,453,300,major_pothole,383,135,453,173,70,38,2660,0.1545253863134658,0.12666666666666668,0.019573215599705665
img-342.jpg,450,300,medium_pothole,1,143,375,300,374,157,58718,0.8311111111111111,0.5233333333333333,0.43494814814814814
img-343.jpg,540,300,major_pothole,1,139,540,300,539,161,86779,0.9981481481481481,0.5366666666666666,0.5356728395061728
img-344.jpg,449,300,medium_pothole,244,65,333,83,89,18,1602,0.19821826280623608,0.06,0.011893095768374164
img-344.jpg,449,300,medium_pothole,300,1,374,12,74,11,814,0.16481069042316257,0.03666666666666667,0.006043058648849295
img-344.jpg,449,300,major_pothole,141,124,231,161,90,37,3330,0.20044543429844097,0.12333333333333334,0.024721603563474387
img-344.jpg,449,300,major_pothole,118,161,255,202,137,41,5617,0.3051224944320713,0.13666666666666666,0.04170007423904974
img-344.jpg,449,300,major_pothole,166,207,307,266,141,59,8319,0.31403118040089084,0.19666666666666666,0.06175946547884187
img-345.jpg,514,300,major_pothole,98,198,418,237,320,39,12480,0.622568093385214,0.13,0.08093385214007782
img-345.jpg,514,300,medium_pothole,1,278,98,300,97,22,2134,0.188715953307393,0.07333333333333333,0.01383916990920882
img-346.jpg,345,300,major_pothole,74,103,295,300,221,197,43537,0.6405797101449275,0.6566666666666666,0.4206473429951691
img-346.jpg,345,300,major_pothole,155,50,211,79,56,29,1624,0.16231884057971013,0.09666666666666666,0.015690821256038646
img-346.jpg,345,300,medium_pothole,245,53,279,73,34,20,680,0.09855072463768116,0.06666666666666667,0.006570048309178744
img-346.jpg,345,300,minor_pothole,261,78,280,92,19,14,266,0.05507246376811594,0.04666666666666667,0.002570048309178744
img-347.jpg,400,300,major_pothole,114,80,283,178,169,98,16562,0.4225,0.32666666666666666,0.13801666666666668
img-348.jpg,362,300,major_pothole,5,21,299,300,294,279,82026,0.8121546961325967,0.93,0.7553038674033149
7f54daf5-img-349.jpg,452,300,medium_pothole,68,124,224,216,156,92,14352,0.34513274336283184,0.30666666666666664,0.10584070796460177
7f54daf5-img-349.jpg,452,300,medium_pothole,336,117,377,134,41,17,697,0.09070796460176991,0.056666666666666664,0.005140117994100295
img-35.jpg,720,720,medium_pothole,273,275,423,354,150,79,11850,0.20833333333333334,0.10972222222222222,0.022858796296296297
img-350.jpg,452,300,medium_pothole,80,121,146,135,66,14,924,0.14601769911504425,0.04666666666666667,0.006814159292035399
img-350.jpg,452,300,medium_pothole,172,100,249,112,77,12,924,0.17035398230088494,0.04,0.006814159292035399
img-350.jpg,452,300,major_pothole,69,139,314,300,245,161,39445,0.5420353982300885,0.5366666666666666,0.29089233038348083
img-350.jpg,452,300,major_pothole,202,111,382,144,180,33,5940,0.39823008849557523,0.11,0.04380530973451328
img-350.jpg,452,300,medium_pothole,215,94,294,114,79,20,1580,0.1747787610619469,0.06666666666666667,0.011651917404129793
img-351.jpg,533,300,major_pothole,1,101,468,300,467,199,92933,0.8761726078799249,0.6633333333333333,0.5811944965603503
img-352.jpg,400,300,major_pothole,81,133,355,299,274,166,45484,0.685,0.5533333333333333,0.37903333333333333
img-352.jpg,400,300,minor_pothole,236,102,280,131,44,29,1276,0.11,0.09666666666666666,0.010633333333333333
img-353.jpg,400,300,medium_pothole,199,163,235,185,36,22,792,0.09,0.07333333333333333,0.0066
img-353.jpg,400,300,major_pothole,174,140,229,162,55,22,1210,0.1375,0.07333333333333333,0.010083333333333333
img-353.jpg,400,300,major_pothole,168,118,222,140,54,22,1188,0.135,0.07333333333333333,0.0099
img-354.jpg,400,300,major_pothole,108,198,170,219,62,21,1302,0.155,0.07,0.01085
img-354.jpg,400,300,major_pothole,190,164,281,193,91,29,2639,0.2275,0.09666666666666666,0.021991666666666666
img-354.jpg,400,300,major_pothole,260,249,333,279,73,30,2190,0.1825,0.1,0.01825
img-354.jpg,400,300,major_pothole,82,284,165,300,83,16,1328,0.2075,0.05333333333333334,0.011066666666666667
img-354.jpg,400,300,minor_pothole,320,203,359,214,39,11,429,0.0975,0.03666666666666667,0.003575
img-355.jpg,300,400,medium_pothole,135,186,182,221,47,35,1645,0.15666666666666668,0.0875,0.013708333333333333
img-356.jpg,533,300,major_pothole,85,216,226,287,141,71,10011,0.26454033771106944,0.23666666666666666,0.06260787992495309
img-357.jpg,453,300,medium_pothole,100,126,350,213,250,87,21750,0.5518763796909493,0.29,0.1600441501103753
img-358.jpg,400,300,medium_pothole,4,137,90,187,86,50,4300,0.215,0.16666666666666666,0.035833333333333335
img-358.jpg,400,300,major_pothole,97,124,343,220,246,96,23616,0.615,0.32,0.1968
img-359.jpg,450,300,major_pothole,17,88,146,121,129,33,4257,0.2866666666666667,0.11,0.03153333333333333
img-359.jpg,450,300,medium_pothole,41,73,72,85,31,12,372,0.06888888888888889,0.04,0.0027555555555555554
img-359.jpg,450,300,major_pothole,27,125,413,245,386,120,46320,0.8577777777777778,0.4,0.3431111111111111
img-36.jpg,720,720,medium_pothole,258,335,417,506,159,171,27189,0.22083333333333333,0.2375,0.052447916666666664
img-360.jpg,300,442,medium_pothole,121,273,219,347,98,74,7252,0.32666666666666666,0.167420814479638,0.05469079939668175
img-360.jpg,300,442,medium_pothole,178,400,260,435,82,35,2870,0.2733333333333333,0.07918552036199095,0.021644042232277526
img-360.jpg,300,442,medium_pothole,189,261,262,295,73,34,2482,0.24333333333333335,0.07692307692307693,0.01871794871794872
img-360.jpg,300,442,major_pothole,209,234,300,251,91,17,1547,0.30333333333333334,0.038461538461538464,0.011666666666666667
img-360.jpg,300,442,medium_pothole,136,202,224,220,88,18,1584,0.29333333333333333,0.04072398190045249,0.011945701357466063
img-360.jpg,300,442,medium_pothole,134,191,216,198,82,7,574,0.2733333333333333,0.01583710407239819,0.004328808446455505
img-360.jpg,300,442,medium_pothole,131,171,172,180,41,9,369,0.13666666666666666,0.020361990950226245,0.0027828054298642533
img-361.jpg,533,300,medium_pothole,246,58,493,238,247,180,44460,0.4634146341463415,0.6,0.2780487804878049
img-362.jpg,480,300,medium_pothole,169,239,285,268,116,29,3364,0.24166666666666667,0.09666666666666666,0.02336111111111111
img-362.jpg,480,300,major_pothole,52,217,202,245,150,28,4200,0.3125,0.09333333333333334,0.029166666666666667
img-363.jpg,300,400,major_pothole,65,122,229,299,164,177,29028,0.5466666666666666,0.4425,0.2419
img-364.jpg,451,300,major_pothole,104,196,328,300,224,104,23296,0.49667405764966743,0.3466666666666667,0.17218033998521803
img-365.jpg,571,300,medium_pothole,426,119,487,135,61,16,976,0.10683012259194395,0.05333333333333334,0.005697606538237011
img-365.jpg,571,300,major_pothole,411,135,571,185,160,50,8000,0.28021015761821366,0.16666666666666666,0.046701692936368944
img-365.jpg,571,300,major_pothole,1,136,348,243,347,107,37129,0.6077057793345009,0.3566666666666667,0.2167483946293053
img-365.jpg,571,300,major_pothole,430,223,571,300,141,77,10857,0.2469352014010508,0.25666666666666665,0.0633800350262697
img-366.jpg,462,300,major_pothole,9,123,387,247,378,124,46872,0.8181818181818182,0.41333333333333333,0.3381818181818182
img-367.jpg,449,300,major_pothole,150,81,258,210,108,129,13932,0.24053452115812918,0.43,0.10342984409799555
img-368.jpg,533,300,medium_pothole,106,198,147,225,41,27,1107,0.07692307692307693,0.09,0.006923076923076923
img-368.jpg,533,300,major_pothole,158,160,256,211,98,51,4998,0.18386491557223264,0.17,0.03125703564727955
img-368.jpg,533,300,major_pothole,218,248,313,294,95,46,4370,0.17823639774859287,0.15333333333333332,0.027329580988117573
img-368.jpg,533,300,minor_pothole,310,170,333,182,23,12,276,0.043151969981238276,0.04,0.001726078799249531
img-368.jpg,533,300,medium_pothole,270,74,311,82,41,8,328,0.07692307692307693,0.02666666666666667,0.0020512820512820513
img-369.jpg,533,300,major_pothole,1,50,471,300,470,250,117500,0.8818011257035647,0.8333333333333334,0.7348342714196373
img-37.jpg,720,720,medium_pothole,180,323,396,425,216,102,22032,0.3,0.14166666666666666,0.0425
img-37.jpg,720,720,medium_pothole,305,273,525,331,220,58,12760,0.3055555555555556,0.08055555555555556,0.024614197530864197
img-37.jpg,720,720,minor_pothole,537,285,626,333,89,48,4272,0.12361111111111112,0.06666666666666667,0.008240740740740741
img-370.jpg,695,300,major_pothole,164,209,345,289,181,80,14480,0.260431654676259,0.26666666666666666,0.0694484412470024
img-371.jpg,600,300,major_pothole,356,52,447,138,91,86,7826,0.15166666666666667,0.2866666666666667,0.043477777777777775
img-372.jpg,479,300,medium_pothole,141,157,310,251,169,94,15886,0.35281837160751567,0.31333333333333335,0.11054975643702157
img-373.jpg,450,300,medium_pothole,104,133,348,263,244,130,31720,0.5422222222222223,0.43333333333333335,0.23496296296296296
img-374.jpg,383,300,major_pothole,92,196,269,276,177,80,14160,0.4621409921671018,0.26666666666666666,0.12323759791122715
img-374.jpg,383,300,minor_pothole,226,98,349,116,123,18,2214,0.32114882506527415,0.06,0.019268929503916447
img-374.jpg,383,300,medium_pothole,1,89,42,97,41,8,328,0.10704960835509138,0.02666666666666667,0.0028546562228024368
img-375.jpg,450,300,medium_pothole,105,225,200,260,95,35,3325,0.2111111111111111,0.11666666666666667,0.02462962962962963
img-375.jpg,450,300,minor_pothole,162,187,216,199,54,12,648,0.12,0.04,0.0048
img-376.jpg,530,300,medium_pothole,158,164,235,185,77,21,1617,0.14528301886792452,0.07,0.010169811320754717
img-376.jpg,530,300,medium_pothole,319,186,386,211,67,25,1675,0.12641509433962264,0.08333333333333333,0.010534591194968553
img-377.jpg,534,300,medium_pothole,235,53,284,62,49,9,441,0.09176029962546817,0.03,0.002752808988764045
img-377.jpg,534,300,major_pothole,135,133,392,259,257,126,32382,0.4812734082397004,0.42,0.20213483146067415
img-378.jpg,400,300,major_pothole,209,158,366,263,157,105,16485,0.3925,0.35,0.137375
img-379.jpg,425,300,medium_pothole,128,166,289,220,161,54,8694,0.3788235294117647,0.18,0.06818823529411765
img-38.jpg,720,720,medium_pothole,239,220,465,447,226,227,51302,0.3138888888888889,0.31527777777777777,0.0989621913580247
img-38.jpg,720,720,minor_pothole,397,168,462,211,65,43,2795,0.09027777777777778,0.059722222222222225,0.005391589506172839
img-380.jpg,450,300,major_pothole,54,39,393,242,339,203,68817,0.7533333333333333,0.6766666666666666,0.5097555555555555
img-381.jpg,300,400,major_pothole,57,126,254,309,197,183,36051,0.6566666666666666,0.4575,0.300425
img-382.jpg,451,300,medium_pothole,4,216,172,245,168,29,4872,0.37250554323725055,0.09666666666666666,0.03600886917960089
img-382.jpg,451,300,major_pothole,83,192,199,213,116,21,2436,0.2572062084257206,0.07,0.018004434589800444
img-382.jpg,451,300,major_pothole,233,168,297,176,64,8,512,0.1419068736141907,0.02666666666666667,0.0037841832963784183
img-383.jpg,425,300,major_pothole,49,157,99,172,50,15,750,0.11764705882352941,0.05,0.0058823529411764705
img-383.jpg,425,300,medium_pothole,99,182,138,200,39,18,702,0.09176470588235294,0.06,0.005505882352941176
img-383.jpg,425,300,medium_pothole,151,153,194,166,43,13,559,0.1011764705882353,0.043333333333333335,0.0043843137254901965
img-383.jpg,425,300,medium_pothole,245,168,299,186,54,18,972,0.12705882352941175,0.06,0.007623529411764706
img-383.jpg,425,300,major_pothole,142,213,287,253,145,40,5800,0.3411764705882353,0.13333333333333333,0.04549019607843137
img-383.jpg,425,300,medium_pothole,1,127,51,138,50,11,550,0.11764705882352941,0.03666666666666667,0.004313725490196078
img-383.jpg,425,300,medium_pothole,116,122,145,130,29,8,232,0.06823529411764706,0.02666666666666667,0.0018196078431372549
img-384.jpg,402,300,major_pothole,146,101,360,259,214,158,33812,0.5323383084577115,0.5266666666666666,0.2803648424543947
img-384.jpg,402,300,medium_pothole,34,54,151,118,117,64,7488,0.291044776119403,0.21333333333333335,0.06208955223880597
img-385.jpg,457,300,major_pothole,33,73,441,278,408,205,83640,0.8927789934354485,0.6833333333333333,0.6100656455142232
img-386.jpg,494,300,major_pothole,118,66,485,276,367,210,77070,0.742914979757085,0.7,0.5200404858299595
img-387.jpg,401,300,medium_pothole,129,137,324,209,195,72,14040,0.486284289276808,0.24,0.11670822942643391
img-387.jpg,401,300,minor_pothole,339,183,401,208,62,25,1550,0.1546134663341646,0.08333333333333333,0.012884455527847049
img-388.jpg,400,300,medium_pothole,148,137,225,213,77,76,5852,0.1925,0.25333333333333335,0.048766666666666666
img-388.jpg,400,300,medium_pothole,178,92,201,104,23,12,276,0.0575,0.04,0.0023
27592eb4-img-389.jpg,480,300,major_pothole,0,159,235,298,235,139,32665,0.4895833333333333,0.4633333333333333,0.22684027777777777
27592eb4-img-389.jpg,480,300,medium_pothole,204,132,238,148,34,16,544,0.07083333333333333,0.05333333333333334,0.003777777777777778
27592eb4-img-389.jpg,480,300,major_pothole,173,90,270,120,97,30,2910,0.20208333333333334,0.1,0.02020833333333333
27592eb4-img-389.jpg,480,300,major_pothole,252,69,320,80,68,11,748,0.14166666666666666,0.03666666666666667,0.005194444444444444
27592eb4-img-389.jpg,480,300,major_pothole,308,102,456,128,148,26,3848,0.30833333333333335,0.08666666666666667,0.026722222222222224
27592eb4-img-389.jpg,480,300,medium_pothole,281,57,320,62,39,5,195,0.08125,0.016666666666666666,0.0013541666666666667
img-39.jpg,720,720,medium_pothole,204,211,470,503,266,292,77672,0.36944444444444446,0.40555555555555556,0.14983024691358024
img-390.jpg,300,400,major_pothole,60,30,247,328,187,298,55726,0.6233333333333333,0.745,0.4643833333333333
img-391.jpg,400,300,major_pothole,296,214,338,244,42,30,1260,0.105,0.1,0.0105
img-391.jpg,400,300,major_pothole,134,84,290,183,156,99,15444,0.39,0.33,0.1287
img-391.jpg,400,300,major_pothole,76,65,153,101,77,36,2772,0.1925,0.12,0.0231
img-391.jpg,400,300,medium_pothole,17,50,55,73,38,23,874,0.095,0.07666666666666666,0.0072833333333333335
img-391.jpg,400,300,minor_pothole,1,28,22,43,21,15,315,0.0525,0.05,0.002625
58c33a05-img-392.jpg,449,300,medium_pothole,205,164,247,172,42,8,336,0.0935412026726058,0.02666666666666667,0.0024944320712694877
58c33a05-img-392.jpg,449,300,medium_pothole,219,189,349,203,130,14,1820,0.289532293986637,0.04666666666666667,0.013511507052709724
58c33a05-img-392.jpg,449,300,medium_pothole,204,282,397,299,193,17,3281,0.4298440979955457,0.056666666666666664,0.024357832219747588
58c33a05-img-392.jpg,449,300,medium_pothole,385,207,429,227,44,20,880,0.09799554565701558,0.06666666666666667,0.006533036377134373
58c33a05-img-392.jpg,449,300,medium_pothole,328,221,448,263,120,42,5040,0.267260579064588,0.14,0.037416481069042315
img-393.jpg,450,300,major_pothole,157,99,296,142,139,43,5977,0.3088888888888889,0.14333333333333334,0.04427407407407408
img-393.jpg,450,300,medium_pothole,153,198,281,257,128,59,7552,0.28444444444444444,0.19666666666666666,0.05594074074074074
img-394.jpg,450,300,medium_pothole,1,150,139,235,138,85,11730,0.30666666666666664,0.2833333333333333,0.08688888888888889
img-394.jpg,450,300,medium_pothole,131,2,433,138,302,136,41072,0.6711111111111111,0.4533333333333333,0.30423703703703703
img-395.jpg,451,300,medium_pothole,218,146,248,157,30,11,330,0.06651884700665188,0.03666666666666667,0.0024390243902439024
img-395.jpg,451,300,medium_pothole,29,210,114,253,85,43,3655,0.188470066518847,0.14333333333333334,0.027014042867701406
img-395.jpg,451,300,medium_pothole,162,221,267,263,105,42,4410,0.2328159645232816,0.14,0.03259423503325942
img-396.jpg,533,300,major_pothole,1,39,533,246,532,207,110124,0.99812382739212,0.69,0.6887054409005628
img-397.jpg,533,300,medium_pothole,337,248,398,273,61,25,1525,0.11444652908067542,0.08333333333333333,0.009537210756722952
img-397.jpg,533,300,medium_pothole,178,147,281,169,103,22,2266,0.19324577861163228,0.07333333333333333,0.014171357098186366
img-397.jpg,533,300,medium_pothole,147,118,225,147,78,29,2262,0.14634146341463414,0.09666666666666666,0.014146341463414635
img-398.jpg,684,300,major_pothole,31,40,607,300,576,260,149760,0.8421052631578947,0.8666666666666667,0.7298245614035088
img-399.jpg,447,300,medium_pothole,342,137,369,153,27,16,432,0.06040268456375839,0.05333333333333334,0.003221476510067114
img-399.jpg,447,300,major_pothole,222,96,334,118,112,22,2464,0.2505592841163311,0.07333333333333333,0.018374347501864282
img-399.jpg,447,300,medium_pothole,3,146,109,233,106,87,9222,0.2371364653243848,0.29,0.06876957494407158
img-399.jpg,447,300,medium_pothole,1,237,46,300,45,63,2835,0.10067114093959731,0.21,0.021140939597315438
img-399.jpg,447,300,major_pothole,168,214,334,294,166,80,13280,0.3713646532438479,0.26666666666666666,0.09903057419835944
img-399.jpg,447,300,minor_pothole,322,197,357,219,35,22,770,0.07829977628635347,0.07333333333333333,0.0057419835943325875
img-399.jpg,447,300,medium_pothole,206,150,264,174,58,24,1392,0.1297539149888143,0.08,0.010380313199105146
img-399.jpg,447,300,minor_pothole,160,182,187,194,27,12,324,0.06040268456375839,0.04,0.0024161073825503354
img-399.jpg,447,300,minor_pothole,138,119,165,132,27,13,351,0.06040268456375839,0.043333333333333335,0.00261744966442953
img-399.jpg,447,300,medium_pothole,290,125,340,145,50,20,1000,0.11185682326621924,0.06666666666666667,0.007457121551081283
img-399.jpg,447,300,minor_pothole,312,153,333,163,21,10,210,0.04697986577181208,0.03333333333333333,0.0015659955257270694
img-399.jpg,447,300,minor_pothole,362,176,387,193,25,17,425,0.05592841163310962,0.056666666666666664,0.003169276659209545
img-399.jpg,447,300,minor_pothole,344,225,371,243,27,18,486,0.06040268456375839,0.06,0.0036241610738255033
img-399.jpg,447,300,major_pothole,134,90,210,103,76,13,988,0.17002237136465326,0.043333333333333335,0.007367636092468308
img-4.jpg,720,720,medium_pothole,177,273,576,539,399,266,106134,0.5541666666666667,0.36944444444444446,0.2047337962962963
img-40.jpg,720,720,medium_pothole,270,224,478,477,208,253,52624,0.28888888888888886,0.35138888888888886,0.10151234567901235
img-400.jpg,533,300,major_pothole,164,90,452,294,288,204,58752,0.5403377110694184,0.68,0.36742964352720453
img-401.jpg,533,300,major_pothole,155,189,466,239,311,50,15550,0.5834896810506567,0.16666666666666666,0.09724828017510945
img-402.jpg,449,300,major_pothole,201,14,317,147,116,133,15428,0.2583518930957684,0.44333333333333336,0.11453600593912398
img-403.jpg,527,300,major_pothole,139,160,491,269,352,109,38368,0.6679316888045541,0.36333333333333334,0.2426818469323213
img-404.jpg,467,300,major_pothole,165,90,389,266,224,176,39424,0.4796573875802998,0.5866666666666667,0.2813990007137759
img-404.jpg,467,300,minor_pothole,90,150,136,174,46,24,1104,0.09850107066381156,0.08,0.007880085653104925
img-404.jpg,467,300,medium_pothole,57,89,103,118,46,29,1334,0.09850107066381156,0.09666666666666666,0.00952177016416845
img-405.jpg,400,300,medium_pothole,78,201,191,299,113,98,11074,0.2825,0.32666666666666666,0.09228333333333333
img-405.jpg,400,300,medium_pothole,1,104,131,170,130,66,8580,0.325,0.22,0.0715
img-405.jpg,400,300,minor_pothole,132,124,173,151,41,27,1107,0.1025,0.09,0.009225
img-405.jpg,400,300,medium_pothole,195,156,313,227,118,71,8378,0.295,0.23666666666666666,0.06981666666666667
img-405.jpg,400,300,medium_pothole,203,111,311,150,108,39,4212,0.27,0.13,0.0351
img-405.jpg,400,300,minor_pothole,244,84,302,105,58,21,1218,0.145,0.07,0.01015
img-405.jpg,400,300,minor_pothole,159,80,210,96,51,16,816,0.1275,0.05333333333333334,0.0068
img-405.jpg,400,300,minor_pothole,368,163,400,195,32,32,1024,0.08,0.10666666666666667,0.008533333333333334
img-406.jpg,454,300,major_pothole,74,42,454,282,380,240,91200,0.8370044052863436,0.8,0.6696035242290749
img-407.jpg,400,300,medium_pothole,66,184,128,196,62,12,744,0.155,0.04,0.0062
img-407.jpg,400,300,medium_pothole,38,218,104,242,66,24,1584,0.165,0.08,0.0132
img-407.jpg,400,300,major_pothole,151,233,269,287,118,54,6372,0.295,0.18,0.0531
img-407.jpg,400,300,medium_pothole,298,180,343,192,45,12,540,0.1125,0.04,0.0045
img-407.jpg,400,300,medium_pothole,308,208,379,231,71,23,1633,0.1775,0.07666666666666666,0.013608333333333333
img-407.jpg,400,300,medium_pothole,365,244,400,284,35,40,1400,0.0875,0.13333333333333333,0.011666666666666667
img-407.jpg,400,300,medium_pothole,162,142,235,156,73,14,1022,0.1825,0.04666666666666667,0.008516666666666667
img-407.jpg,400,300,minor_pothole,110,126,135,137,25,11,275,0.0625,0.03666666666666667,0.0022916666666666667
img-407.jpg,400,300,medium_pothole,159,105,192,113,33,8,264,0.0825,0.02666666666666667,0.0022
img-408.jpg,450,300,medium_pothole,214,177,289,197,75,20,1500,0.16666666666666666,0.06666666666666667,0.011111111111111112
img-408.jpg,450,300,minor_pothole,271,157,298,166,27,9,243,0.06,0.03,0.0018
img-408.jpg,450,300,medium_pothole,116,219,258,298,142,79,11218,0.31555555555555553,0.2633333333333333,0.0830962962962963
img-409.jpg,455,300,minor_pothole,12,186,107,239,95,53,5035,0.2087912087912088,0.17666666666666667,0.036886446886446884
img-409.jpg,455,300,medium_pothole,170,64,413,145,243,81,19683,0.5340659340659341,0.27,0.1441978021978022
img-409.jpg,455,300,minor_pothole,274,189,342,258,68,69,4692,0.14945054945054945,0.23,0.03437362637362637
img-41.jpg,720,720,medium_pothole,167,233,562,399,395,166,65570,0.5486111111111112,0.23055555555555557,0.12648533950617283
img-41.jpg,720,720,medium_pothole,506,118,720,200,214,82,17548,0.2972222222222222,0.11388888888888889,0.03385030864197531
img-410.jpg,400,300,major_pothole,164,91,333,234,169,143,24167,0.4225,0.4766666666666667,0.20139166666666666
img-411.jpg,442,300,medium_pothole,201,216,299,271,98,55,5390,0.22171945701357465,0.18333333333333332,0.040648567119155356
img-411.jpg,442,300,medium_pothole,209,137,289,165,80,28,2240,0.18099547511312217,0.09333333333333334,0.01689291101055807
img-411.jpg,442,300,medium_pothole,252,112,316,131,64,19,1216,0.14479638009049775,0.06333333333333334,0.009170437405731523
img-411.jpg,442,300,medium_pothole,266,94,311,106,45,12,540,0.10180995475113122,0.04,0.004072398190045249
img-411.jpg,442,300,medium_pothole,212,104,268,121,56,17,952,0.12669683257918551,0.056666666666666664,0.0071794871794871795
img-411.jpg,442,300,medium_pothole,154,122,198,135,44,13,572,0.09954751131221719,0.043333333333333335,0.004313725490196078
img-411.jpg,442,300,medium_pothole,157,111,193,122,36,11,396,0.08144796380090498,0.03666666666666667,0.002986425339366516
img-411.jpg,442,300,medium_pothole,196,97,219,104,23,7,161,0.05203619909502263,0.023333333333333334,0.0012141779788838612
img-411.jpg,442,300,medium_pothole,244,87,277,95,33,8,264,0.0746606334841629,0.02666666666666667,0.001990950226244344
img-411.jpg,442,300,medium_pothole,228,80,263,88,35,8,280,0.07918552036199095,0.02666666666666667,0.0021116138763197585
img-411.jpg,442,300,minor_pothole,26,214,70,241,44,27,1188,0.09954751131221719,0.09,0.008959276018099548
img-411.jpg,442,300,medium_pothole,257,69,281,76,24,7,168,0.05429864253393665,0.023333333333333334,0.0012669683257918551
img-411.jpg,442,300,minor_pothole,139,100,174,110,35,10,350,0.07918552036199095,0.03333333333333333,0.0026395173453996985
img-412.jpg,450,300,major_pothole,143,160,331,273,188,113,21244,0.4177777777777778,0.37666666666666665,0.15736296296296295
img-412.jpg,450,300,minor_pothole,1,130,51,154,50,24,1200,0.1111111111111111,0.08,0.008888888888888889
img-413.jpg,533,300,medium_pothole,78,156,163,174,85,18,1530,0.15947467166979362,0.06,0.009568480300187617
img-413.jpg,533,300,medium_pothole,236,123,322,137,86,14,1204,0.16135084427767354,0.04666666666666667,0.007529706066291432
img-413.jpg,533,300,major_pothole,277,147,401,177,124,30,3720,0.2326454033771107,0.1,0.02326454033771107
img-414.jpg,439,300,medium_pothole,21,108,327,258,306,150,45900,0.6970387243735763,0.5,0.34851936218678814
img-415.jpg,400,300,major_pothole,150,138,261,184,111,46,5106,0.2775,0.15333333333333332,0.04255
img-415.jpg,400,300,medium_pothole,84,79,158,97,74,18,1332,0.185,0.06,0.0111
img-416.jpg,461,300,major_pothole,42,64,146,96,104,32,3328,0.22559652928416485,0.10666666666666667,0.024063629790310917
img-416.jpg,461,300,major_pothole,144,110,371,211,227,101,22927,0.4924078091106291,0.33666666666666667,0.16577729573391178
img-417.jpg,480,300,medium_pothole,85,95,421,251,336,156,52416,0.7,0.52,0.364
img-418.jpg,450,300,medium_pothole,33,145,88,159,55,14,770,0.12222222222222222,0.04666666666666667,0.005703703703703704
img-418.jpg,450,300,medium_pothole,1,164,43,187,42,23,966,0.09333333333333334,0.07666666666666666,0.007155555555555556
img-418.jpg,450,300,major_pothole,1,227,90,257,89,30,2670,0.19777777777777777,0.1,0.019777777777777776
img-418.jpg,450,300,medium_pothole,150,158,238,193,88,35,3080,0.19555555555555557,0.11666666666666667,0.022814814814814816
img-418.jpg,450,300,medium_pothole,276,117,338,139,62,22,1364,0.13777777777777778,0.07333333333333333,0.010103703703703703
img-418.jpg,450,300,medium_pothole,257,95,291,103,34,8,272,0.07555555555555556,0.02666666666666667,0.0020148148148148148
img-418.jpg,450,300,minor_pothole,1,85,39,101,38,16,608,0.08444444444444445,0.05333333333333334,0.004503703703703703
img-419.jpg,451,300,major_pothole,1,161,154,300,153,139,21267,0.3392461197339246,0.4633333333333333,0.15718403547671841
img-419.jpg,451,300,major_pothole,208,14,344,201,136,187,25432,0.30155210643015523,0.6233333333333333,0.18796747967479674
img-42.jpg,720,720,medium_pothole,368,386,509,480,141,94,13254,0.19583333333333333,0.13055555555555556,0.02556712962962963
img-42.jpg,720,720,major_pothole,41,265,386,381,345,116,40020,0.4791666666666667,0.16111111111111112,0.07719907407407407
img-420.jpg,450,300,major_pothole,68,106,352,215,284,109,30956,0.6311111111111111,0.36333333333333334,0.2293037037037037
img-421.jpg,533,300,medium_pothole,118,201,244,237,126,36,4536,0.23639774859287055,0.12,0.028367729831144467
img-421.jpg,533,300,medium_pothole,268,202,342,245,74,43,3182,0.13883677298311445,0.14333333333333334,0.01989993746091307
img-421.jpg,533,300,medium_pothole,382,216,440,253,58,37,2146,0.10881801125703565,0.12333333333333334,0.013420888055034396
img-421.jpg,533,300,medium_pothole,318,83,335,94,17,11,187,0.03189493433395872,0.03666666666666667,0.0011694809255784866
img-422.jpg,450,300,medium_pothole,46,158,446,288,400,130,52000,0.8888888888888888,0.43333333333333335,0.3851851851851852
img-423.jpg,443,300,major_pothole,118,152,291,232,173,80,13840,0.3905191873589165,0.26666666666666666,0.10413844996237773
img-424.jpg,533,300,medium_pothole,49,93,468,245,419,152,63688,0.7861163227016885,0.5066666666666667,0.3982989368355222
img-425.jpg,400,300,medium_pothole,89,201,223,250,134,49,6566,0.335,0.16333333333333333,0.05471666666666666
img-425.jpg,400,300,medium_pothole,230,165,386,195,156,30,4680,0.39,0.1,0.039
img-426.jpg,600,300,major_pothole,1,52,438,272,437,220,96140,0.7283333333333334,0.7333333333333333,0.5341111111111111
img-427.jpg,300,300,major_pothole,43,75,241,181,198,106,20988,0.66,0.35333333333333333,0.2332
img-428.jpg,300,356,major_pothole,87,291,197,341,110,50,5500,0.36666666666666664,0.1404494382022472,0.05149812734082397
img-428.jpg,300,356,medium_pothole,61,212,118,234,57,22,1254,0.19,0.06179775280898876,0.011741573033707865
img-428.jpg,300,356,major_pothole,157,191,210,212,53,21,1113,0.17666666666666667,0.05898876404494382,0.010421348314606742
img-428.jpg,300,356,medium_pothole,159,159,191,171,32,12,384,0.10666666666666667,0.033707865168539325,0.0035955056179775282
img-428.jpg,300,356,major_pothole,123,158,156,167,33,9,297,0.11,0.025280898876404494,0.0027808988764044945
img-428.jpg,300,356,major_pothole,143,133,181,141,38,8,304,0.12666666666666668,0.02247191011235955,0.002846441947565543
img-429.jpg,533,300,medium_pothole,52,68,486,189,434,121,52514,0.8142589118198874,0.4033333333333333,0.32841776110068793
img-429.jpg,533,300,minor_pothole,41,220,211,288,170,68,11560,0.31894934333958724,0.22666666666666666,0.07229518449030645
img-43.jpg,720,720,major_pothole,257,115,545,263,288,148,42624,0.4,0.20555555555555555,0.08222222222222222
img-43.jpg,720,720,medium_pothole,156,465,328,720,172,255,43860,0.2388888888888889,0.3541666666666667,0.08460648148148148
img-43.jpg,720,720,minor_pothole,0,127,58,207,58,80,4640,0.08055555555555556,0.1111111111111111,0.008950617283950617
img-430.jpg,451,300,major_pothole,225,230,371,277,146,47,6862,0.3237250554323725,0.15666666666666668,0.050716925351071696
img-430.jpg,451,300,medium_pothole,128,51,170,63,42,12,504,0.09312638580931264,0.04,0.0037250554323725055
img-431.jpg,533,300,major_pothole,92,176,177,206,85,30,2550,0.15947467166979362,0.1,0.01594746716697936
img-431.jpg,533,300,major_pothole,119,197,435,255,316,58,18328,0.5928705440900562,0.19333333333333333,0.11462163852407754
img-431.jpg,533,300,major_pothole,273,256,533,300,260,44,11440,0.4878048780487805,0.14666666666666667,0.07154471544715447
img-431.jpg,533,300,medium_pothole,110,281,204,299,94,18,1692,0.17636022514071295,0.06,0.010581613508442778
img-432.jpg,482,300,medium_pothole,99,54,362,209,263,155,40765,0.5456431535269709,0.5166666666666667,0.2819156293222683
img-433.jpg,400,300,medium_pothole,138,85,276,199,138,114,15732,0.345,0.38,0.1311
img-433.jpg,400,300,medium_pothole,58,7,171,91,113,84,9492,0.2825,0.28,0.0791
img-434.jpg,450,300,major_pothole,177,154,409,278,232,124,28768,0.5155555555555555,0.41333333333333333,0.21309629629629628
img-435.jpg,601,300,medium_pothole,335,227,516,282,181,55,9955,0.3011647254575707,0.18333333333333332,0.05521353300055463
img-436.jpg,534,300,minor_pothole,484,184,527,198,43,14,602,0.08052434456928839,0.04666666666666667,0.0037578027465667917
img-436.jpg,534,300,medium_pothole,376,168,462,197,86,29,2494,0.16104868913857678,0.09666666666666666,0.015568039950062422
img-436.jpg,534,300,major_pothole,300,156,346,182,46,26,1196,0.08614232209737828,0.08666666666666667,0.007465667915106117
img-436.jpg,534,300,medium_pothole,239,147,302,182,63,35,2205,0.11797752808988764,0.11666666666666667,0.013764044943820225
img-436.jpg,534,300,minor_pothole,252,128,276,141,24,13,312,0.0449438202247191,0.043333333333333335,0.001947565543071161
img-436.jpg,534,300,medium_pothole,163,135,213,148,50,13,650,0.09363295880149813,0.043333333333333335,0.004057428214731586
img-436.jpg,534,300,medium_pothole,109,188,309,234,200,46,9200,0.37453183520599254,0.15333333333333332,0.05742821473158552
img-437.jpg,533,300,major_pothole,1,108,533,257,532,149,79268,0.99812382739212,0.49666666666666665,0.4957348342714196
img-438.jpg,400,300,major_pothole,257,54,378,126,121,72,8712,0.3025,0.24,0.0726
img-439.jpg,684,300,major_pothole,89,73,555,237,466,164,76424,0.6812865497076024,0.5466666666666666,0.3724366471734893
img-439.jpg,684,300,medium_pothole,331,56,408,88,77,32,2464,0.11257309941520467,0.10666666666666667,0.012007797270955165
img-439.jpg,684,300,minor_pothole,386,18,517,44,131,26,3406,0.1915204678362573,0.08666666666666667,0.016598440545808966
img-44.jpg,720,720,medium_pothole,283,248,439,342,156,94,14664,0.21666666666666667,0.13055555555555556,0.028287037037037038
img-44.jpg,720,720,minor_pothole,473,200,571,248,98,48,4704,0.1361111111111111,0.06666666666666667,0.009074074074074075
img-440.jpg,533,300,major_pothole,93,41,516,300,423,259,109557,0.7936210131332082,0.8633333333333333,0.6851594746716698
img-441.jpg,533,300,major_pothole,166,114,341,169,175,55,9625,0.32833020637898686,0.18333333333333332,0.060193871169480925
img-441.jpg,533,300,minor_pothole,418,160,484,184,66,24,1584,0.12382739212007504,0.08,0.009906191369606004
img-441.jpg,533,300,medium_pothole,134,104,166,115,32,11,352,0.0600375234521576,0.03666666666666667,0.0022013758599124453
img-442.jpg,450,300,major_pothole,163,129,272,197,109,68,7412,0.24222222222222223,0.22666666666666666,0.054903703703703705
img-443.jpg,533,300,major_pothole,36,187,143,217,107,30,3210,0.20075046904315197,0.1,0.0200750469043152
img-443.jpg,533,300,medium_pothole,120,171,154,178,34,7,238,0.06378986866791744,0.023333333333333334,0.0014884302689180738
img-443.jpg,533,300,medium_pothole,164,165,233,175,69,10,690,0.1294559099437148,0.03333333333333333,0.004315196998123828
img-443.jpg,533,300,major_pothole,378,181,533,220,155,39,6045,0.29080675422138835,0.13,0.03780487804878049
img-443.jpg,533,300,major_pothole,44,227,210,294,166,67,11122,0.31144465290806755,0.22333333333333333,0.06955597248280175
img-444.jpg,458,300,medium_pothole,158,151,232,193,74,42,3108,0.1615720524017467,0.14,0.022620087336244543
img-444.jpg,458,300,medium_pothole,195,117,237,136,42,19,798,0.09170305676855896,0.06333333333333334,0.005807860262008734
img-444.jpg,458,300,medium_pothole,327,135,401,163,74,28,2072,0.1615720524017467,0.09333333333333334,0.015080058224163027
img-444.jpg,458,300,medium_pothole,411,155,454,167,43,12,516,0.09388646288209607,0.04,0.0037554585152838427
img-444.jpg,458,300,medium_pothole,308,158,362,186,54,28,1512,0.11790393013100436,0.09333333333333334,0.011004366812227074
img-444.jpg,458,300,medium_pothole,244,219,380,300,136,81,11016,0.29694323144104806,0.27,0.08017467248908297
img-444.jpg,458,300,medium_pothole,131,86,152,95,21,9,189,0.04585152838427948,0.03,0.0013755458515283842
img-444.jpg,458,300,medium_pothole,113,79,127,84,14,5,70,0.03056768558951965,0.016666666666666666,0.0005094614264919942
img-445.jpg,401,300,major_pothole,73,108,352,229,279,121,33759,0.6957605985037406,0.4033333333333333,0.28062344139650874
img-445.jpg,401,300,medium_pothole,131,26,193,40,62,14,868,0.1546134663341646,0.04666666666666667,0.007215295095594348
img-446.jpg,396,300,medium_pothole,188,106,223,116,35,10,350,0.08838383838383838,0.03333333333333333,0.002946127946127946
img-446.jpg,396,300,major_pothole,182,95,206,105,24,10,240,0.06060606060606061,0.03333333333333333,0.00202020202020202
img-446.jpg,396,300,medium_pothole,161,89,182,95,21,6,126,0.05303030303030303,0.02,0.0010606060606060607
img-446.jpg,396,300,medium_pothole,171,134,205,142,34,8,272,0.08585858585858586,0.02666666666666667,0.0022895622895622897
img-446.jpg,396,300,medium_pothole,178,144,244,163,66,19,1254,0.16666666666666666,0.06333333333333334,0.010555555555555556
img-446.jpg,396,300,major_pothole,188,174,315,218,127,44,5588,0.3207070707070707,0.14666666666666667,0.04703703703703704
img-446.jpg,396,300,minor_pothole,168,242,214,266,46,24,1104,0.11616161616161616,0.08,0.009292929292929294
img-446.jpg,396,300,medium_pothole,240,261,305,300,65,39,2535,0.16414141414141414,0.13,0.021338383838383837
img-447.jpg,534,300,major_pothole,42,116,300,266,258,150,38700,0.48314606741573035,0.5,0.24157303370786518
img-448.jpg,435,300,major_pothole,14,154,341,285,327,131,42837,0.7517241379310344,0.43666666666666665,0.3282528735632184
img-448.jpg,435,300,medium_pothole,283,220,435,300,152,80,12160,0.34942528735632183,0.26666666666666666,0.0931800766283525
img-448.jpg,435,300,minor_pothole,383,138,416,156,33,18,594,0.07586206896551724,0.06,0.004551724137931035
img-449.jpg,557,300,medium_pothole,166,28,339,123,173,95,16435,0.3105924596050269,0.31666666666666665,0.09835427887492519
img-449.jpg,557,300,major_pothole,457,44,557,101,100,57,5700,0.17953321364452424,0.19,0.03411131059245961
img-449.jpg,557,300,minor_pothole,429,86,477,112,48,26,1248,0.08617594254937164,0.08666666666666667,0.007468581687612209
img-449.jpg,557,300,medium_pothole,81,135,527,300,446,165,73590,0.800718132854578,0.55,0.44039497307001796
img-45.jpg,720,720,medium_pothole,245,299,422,397,177,98,17346,0.24583333333333332,0.1361111111111111,0.03346064814814815
img-450.jpg,400,300,major_pothole,91,82,314,168,223,86,19178,0.5575,0.2866666666666667,0.15981666666666666
img-451.jpg,470,300,medium_pothole,329,210,372,238,43,28,1204,0.09148936170212765,0.09333333333333334,0.008539007092198582
img-451.jpg,470,300,major_pothole,215,166,322,237,107,71,7597,0.2276595744680851,0.23666666666666666,0.053879432624113474
img-451.jpg,470,300,medium_pothole,159,180,214,209,55,29,1595,0.11702127659574468,0.09666666666666666,0.011312056737588653
img-452.jpg,604,300,major_pothole,53,95,452,299,399,204,81396,0.6605960264900662,0.68,0.44920529801324505
img-453.jpg,450,300,major_pothole,110,178,300,297,190,119,22610,0.4222222222222222,0.39666666666666667,0.16748148148148148
img-454.jpg,381,300,medium_pothole,166,125,199,133,33,8,264,0.08661417322834646,0.02666666666666667,0.002309711286089239
img-454.jpg,381,300,major_pothole,144,183,283,216,139,33,4587,0.3648293963254593,0.11,0.04013123359580052
img-454.jpg,381,300,major_pothole,18,224,189,300,171,76,12996,0.44881889763779526,0.25333333333333335,0.1137007874015748
img-454.jpg,381,300,major_pothole,195,128,258,143,63,15,945,0.16535433070866143,0.05,0.00826771653543307
img-455.jpg,455,300,major_pothole,266,109,323,138,57,29,1653,0.12527472527472527,0.09666666666666666,0.012109890109890109
img-456.jpg,533,300,major_pothole,107,144,403,205,296,61,18056,0.5553470919324578,0.20333333333333334,0.11292057535959975
img-457.jpg,400,300,medium_pothole,165,124,193,135,28,11,308,0.07,0.03666666666666667,0.0025666666666666667
img-457.jpg,400,300,medium_pothole,66,105,90,113,24,8,192,0.06,0.02666666666666667,0.0016
img-457.jpg,400,300,medium_pothole,213,162,367,207,154,45,6930,0.385,0.15,0.05775
img-458.jpg,481,300,major_pothole,70,93,340,141,270,48,12960,0.5613305613305614,0.16,0.08981288981288982
img-459.jpg,533,300,medium_pothole,16,128,170,154,154,26,4004,0.28893058161350843,0.08666666666666667,0.025040650406504064
img-459.jpg,533,300,major_pothole,255,167,511,236,256,69,17664,0.4803001876172608,0.23,0.11046904315196998
img-46.jpg,720,720,medium_pothole,215,349,434,472,219,123,26937,0.30416666666666664,0.17083333333333334,0.05196180555555555
img-460.jpg,451,300,medium_pothole,154,90,385,130,231,40,9240,0.5121951219512195,0.13333333333333333,0.06829268292682927
img-460.jpg,451,300,medium_pothole,1,194,216,264,215,70,15050,0.47671840354767187,0.23333333333333334,0.11123429416112343
img-461.jpg,463,300,medium_pothole,185,227,276,283,91,56,5096,0.19654427645788336,0.18666666666666668,0.03668826493880489
img-462.jpg,425,300,major_pothole,187,203,315,272,128,69,8832,0.30117647058823527,0.23,0.06927058823529411
img-463.jpg,370,300,major_pothole,92,177,366,284,274,107,29318,0.7405405405405405,0.3566666666666667,0.2641261261261261
img-464.jpg,690,300,major_pothole,217,109,509,295,292,186,54312,0.42318840579710143,0.62,0.2623768115942029
img-465.jpg,510,300,major_pothole,168,92,482,201,314,109,34226,0.615686274509804,0.36333333333333334,0.22369934640522876
img-465.jpg,510,300,medium_pothole,159,202,313,247,154,45,6930,0.30196078431372547,0.15,0.045294117647058825
img-465.jpg,510,300,medium_pothole,29,260,148,299,119,39,4641,0.23333333333333334,0.13,0.030333333333333334
img-466.jpg,382,300,major_pothole,196,207,317,260,121,53,6413,0.31675392670157065,0.17666666666666667,0.055959860383944154
img-467.jpg,716,300,major_pothole,120,160,596,225,476,65,30940,0.664804469273743,0.21666666666666667,0.14404096834264432
img-468.jpg,401,300,major_pothole,162,120,300,152,138,32,4416,0.34413965087281795,0.10666666666666667,0.03670822942643392
img-469.jpg,450,300,major_pothole,195,193,332,300,137,107,14659,0.30444444444444446,0.3566666666666667,0.10858518518518519
img-469.jpg,450,300,medium_pothole,268,150,358,184,90,34,3060,0.2,0.11333333333333333,0.02266666666666667
img-469.jpg,450,300,minor_pothole,377,144,414,166,37,22,814,0.08222222222222222,0.07333333333333333,0.00602962962962963
img-47.jpg,720,720,medium_pothole,231,241,467,385,236,144,33984,0.3277777777777778,0.2,0.06555555555555556
img-470.jpg,459,300,major_pothole,52,77,180,141,128,64,8192,0.2788671023965142,0.21333333333333335,0.05949164851125636
img-471.jpg,400,300,major_pothole,125,200,214,232,89,32,2848,0.2225,0.10666666666666667,0.023733333333333332
img-471.jpg,400,300,medium_pothole,237,237,289,273,52,36,1872,0.13,0.12,0.0156
img-471.jpg,400,300,medium_pothole,208,183,254,202,46,19,874,0.115,0.06333333333333334,0.0072833333333333335
img-471.jpg,400,300,medium_pothole,200,164,237,179,37,15,555,0.0925,0.05,0.004625
img-471.jpg,400,300,medium_pothole,154,176,192,191,38,15,570,0.095,0.05,0.00475
img-471.jpg,400,300,medium_pothole,151,148,185,158,34,10,340,0.085,0.03333333333333333,0.0028333333333333335
img-471.jpg,400,300,major_pothole,215,139,280,151,65,12,780,0.1625,0.04,0.0065
img-471.jpg,400,300,medium_pothole,271,150,310,162,39,12,468,0.0975,0.04,0.0039
img-471.jpg,400,300,medium_pothole,194,127,229,135,35,8,280,0.0875,0.02666666666666667,0.0023333333333333335
img-471.jpg,400,300,major_pothole,1,185,63,211,62,26,1612,0.155,0.08666666666666667,0.013433333333333334
img-471.jpg,400,300,medium_pothole,33,169,73,182,40,13,520,0.1,0.043333333333333335,0.004333333333333333
img-471.jpg,400,300,medium_pothole,50,155,95,170,45,15,675,0.1125,0.05,0.005625
img-471.jpg,400,300,medium_pothole,85,138,112,145,27,7,189,0.0675,0.023333333333333334,0.001575
img-471.jpg,400,300,medium_pothole,111,128,139,135,28,7,196,0.07,0.023333333333333334,0.0016333333333333334
img-471.jpg,400,300,major_pothole,86,115,129,124,43,9,387,0.1075,0.03,0.003225
img-471.jpg,400,300,major_pothole,139,102,180,110,41,8,328,0.1025,0.02666666666666667,0.0027333333333333333
img-471.jpg,400,300,medium_pothole,130,110,156,116,26,6,156,0.065,0.02,0.0013
img-471.jpg,400,300,medium_pothole,194,114,217,120,23,6,138,0.0575,0.02,0.00115
img-472.jpg,506,300,major_pothole,46,143,379,271,333,128,42624,0.658102766798419,0.4266666666666667,0.2807905138339921
img-473.jpg,400,300,major_pothole,65,90,353,191,288,101,29088,0.72,0.33666666666666667,0.2424
img-474.jpg,401,300,medium_pothole,102,189,223,243,121,54,6534,0.30174563591022446,0.18,0.054314214463840396
img-474.jpg,401,300,major_pothole,222,168,293,201,71,33,2343,0.1770573566084788,0.11,0.019476309226932668
img-474.jpg,401,300,medium_pothole,266,139,332,170,66,31,2046,0.16458852867830423,0.10333333333333333,0.017007481296758106
img-475.jpg,460,300,major_pothole,17,34,415,253,398,219,87162,0.8652173913043478,0.73,0.6316086956521739
img-476.jpg,450,300,medium_pothole,64,155,131,185,67,30,2010,0.14888888888888888,0.1,0.014888888888888889
img-476.jpg,450,300,medium_pothole,287,135,321,150,34,15,510,0.07555555555555556,0.05,0.003777777777777778
img-476.jpg,450,300,medium_pothole,297,176,338,205,41,29,1189,0.09111111111111111,0.09666666666666666,0.008807407407407408
img-476.jpg,450,300,major_pothole,259,232,325,274,66,42,2772,0.14666666666666667,0.14,0.020533333333333334
img-477.jpg,400,300,major_pothole,137,129,277,198,140,69,9660,0.35,0.23,0.0805
img-477.jpg,400,300,medium_pothole,158,32,247,57,89,25,2225,0.2225,0.08333333333333333,0.018541666666666668
img-477.jpg,400,300,medium_pothole,259,217,384,299,125,82,10250,0.3125,0.2733333333333333,0.08541666666666667
img-478.jpg,427,300,major_pothole,111,156,328,279,217,123,26691,0.5081967213114754,0.41,0.20836065573770493
img-478.jpg,427,300,major_pothole,333,151,398,169,65,18,1170,0.1522248243559719,0.06,0.009133489461358314
e7a7d17b-img-479.jpg,720,280,major_pothole,194,81,501,204,307,123,37761,0.4263888888888889,0.4392857142857143,0.1873065476190476
img-48.jpg,720,720,medium_pothole,173,301,429,396,256,95,24320,0.35555555555555557,0.13194444444444445,0.04691358024691358
img-48.jpg,720,720,minor_pothole,389,396,489,468,100,72,7200,0.1388888888888889,0.1,0.013888888888888888
db9c2aaa-img-480.jpg,450,300,major_pothole,151,134,308,299,157,165,25905,0.3488888888888889,0.55,0.1918888888888889
db9c2aaa-img-480.jpg,450,300,minor_pothole,319,148,366,177,47,29,1363,0.10444444444444445,0.09666666666666666,0.010096296296296296
db9c2aaa-img-480.jpg,450,300,medium_pothole,157,115,213,129,56,14,784,0.12444444444444444,0.04666666666666667,0.005807407407407408
db9c2aaa-img-480.jpg,450,300,minor_pothole,383,95,414,103,31,8,248,0.06888888888888889,0.02666666666666667,0.001837037037037037
db9c2aaa-img-480.jpg,450,300,minor_pothole,341,91,370,96,29,5,145,0.06444444444444444,0.016666666666666666,0.001074074074074074
db9c2aaa-img-480.jpg,450,300,minor_pothole,307,106,353,112,46,6,276,0.10222222222222223,0.02,0.0020444444444444447
db9c2aaa-img-480.jpg,450,300,minor_pothole,411,206,449,229,38,23,874,0.08444444444444445,0.07666666666666666,0.006474074074074074
1e952089-img-481.jpg,533,300,major_pothole,32,186,374,253,342,67,22914,0.6416510318949343,0.22333333333333333,0.14330206378986868
1e952089-img-481.jpg,533,300,major_pothole,293,131,521,168,228,37,8436,0.4277673545966229,0.12333333333333334,0.05275797373358349
img-482.jpg,571,300,major_pothole,232,76,293,89,61,13,793,0.10683012259194395,0.043333333333333335,0.004629305312317571
img-482.jpg,571,300,major_pothole,107,112,280,127,173,15,2595,0.30297723292469353,0.05,0.015148861646234676
img-482.jpg,571,300,major_pothole,146,142,397,188,251,46,11546,0.4395796847635727,0.15333333333333332,0.06740221833041447
img-482.jpg,571,300,major_pothole,99,193,507,286,408,93,37944,0.7145359019264448,0.31,0.2215061295971979
img-483.jpg,400,300,major_pothole,74,39,307,272,233,233,54289,0.5825,0.7766666666666666,0.45240833333333336
img-484.jpg,450,300,medium_pothole,78,100,150,110,72,10,720,0.16,0.03333333333333333,0.005333333333333333
img-484.jpg,450,300,medium_pothole,202,91,233,102,31,11,341,0.06888888888888889,0.03666666666666667,0.002525925925925926
img-484.jpg,450,300,major_pothole,178,116,321,168,143,52,7436,0.31777777777777777,0.17333333333333334,0.05508148148148148
img-484.jpg,450,300,major_pothole,298,113,378,141,80,28,2240,0.17777777777777778,0.09333333333333334,0.016592592592592593
img-484.jpg,450,300,major_pothole,13,180,370,298,357,118,42126,0.7933333333333333,0.3933333333333333,0.31204444444444446
img-485.jpg,534,300,major_pothole,145,173,532,300,387,127,49149,0.7247191011235955,0.42333333333333334,0.30679775280898874
img-486.jpg,400,300,major_pothole,162,151,280,187,118,36,4248,0.295,0.12,0.0354
img-486.jpg,400,300,medium_pothole,14,146,118,179,104,33,3432,0.26,0.11,0.0286
img-486.jpg,400,300,minor_pothole,54,186,123,218,69,32,2208,0.1725,0.10666666666666667,0.0184
img-486.jpg,400,300,medium_pothole,27,229,106,260,79,31,2449,0.1975,0.10333333333333333,0.020408333333333334
img-486.jpg,400,300,medium_pothole,183,196,307,262,124,66,8184,0.31,0.22,0.0682
img-486.jpg,400,300,medium_pothole,110,114,163,125,53,11,583,0.1325,0.03666666666666667,0.004858333333333333
img-487.jpg,533,300,major_pothole,248,147,422,188,174,41,7134,0.32645403377110693,0.13666666666666666,0.04461538461538461
img-487.jpg,533,300,major_pothole,82,164,465,300,383,136,52088,0.7185741088180112,0.4533333333333333,0.3257535959974984
img-488.jpg,400,300,medium_pothole,191,163,219,186,28,23,644,0.07,0.07666666666666666,0.005366666666666666
img-488.jpg,400,300,major_pothole,184,196,391,250,207,54,11178,0.5175,0.18,0.09315
img-489.jpg,300,300,major_pothole,1,81,179,226,178,145,25810,0.5933333333333334,0.48333333333333334,0.2867777777777778
img-489.jpg,300,300,medium_pothole,1,246,66,282,65,36,2340,0.21666666666666667,0.12,0.026
img-49.jpg,720,720,medium_pothole,239,302,491,524,252,222,55944,0.35,0.30833333333333335,0.10791666666666666
img-49.jpg,720,720,minor_pothole,110,135,257,208,147,73,10731,0.20416666666666666,0.10138888888888889,0.020700231481481483
img-490.jpg,533,300,medium_pothole,243,123,366,159,123,36,4428,0.23076923076923078,0.12,0.027692307692307693
img-490.jpg,533,300,minor_pothole,36,119,193,139,157,20,3140,0.2945590994371482,0.06666666666666667,0.01963727329580988
img-490.jpg,533,300,medium_pothole,1,149,100,177,99,28,2772,0.18574108818011256,0.09333333333333334,0.017335834896810506
img-490.jpg,533,300,medium_pothole,1,175,468,300,467,125,58375,0.8761726078799249,0.4166666666666667,0.36507191994996874
img-491.jpg,480,300,medium_pothole,145,236,348,298,203,62,12586,0.42291666666666666,0.20666666666666667,0.08740277777777777
img-491.jpg,480,300,major_pothole,313,181,463,252,150,71,10650,0.3125,0.23666666666666666,0.07395833333333333
img-492.jpg,300,400,major_pothole,103,85,209,123,106,38,4028,0.35333333333333333,0.095,0.03356666666666667
img-492.jpg,300,400,medium_pothole,73,60,114,77,41,17,697,0.13666666666666666,0.0425,0.005808333333333334
img-492.jpg,300,400,major_pothole,108,45,176,61,68,16,1088,0.22666666666666666,0.04,0.009066666666666667
img-492.jpg,300,400,medium_pothole,180,53,219,75,39,22,858,0.13,0.055,0.00715
img-492.jpg,300,400,major_pothole,4,214,279,400,275,186,51150,0.9166666666666666,0.465,0.42625
img-493.jpg,300,400,major_pothole,91,177,117,193,26,16,416,0.08666666666666667,0.04,0.0034666666666666665
img-493.jpg,300,400,major_pothole,92,163,110,174,18,11,198,0.06,0.0275,0.00165
img-493.jpg,300,400,medium_pothole,87,243,107,256,20,13,260,0.06666666666666667,0.0325,0.0021666666666666666
img-493.jpg,300,400,medium_pothole,72,281,100,298,28,17,476,0.09333333333333334,0.0425,0.003966666666666667
img-493.jpg,300,400,major_pothole,100,293,164,348,64,55,3520,0.21333333333333335,0.1375,0.029333333333333333
img-493.jpg,300,400,medium_pothole,253,255,269,275,16,20,320,0.05333333333333334,0.05,0.0026666666666666666
img-493.jpg,300,400,medium_pothole,186,267,203,288,17,21,357,0.056666666666666664,0.0525,0.002975
img-493.jpg,300,400,medium_pothole,152,164,167,173,15,9,135,0.05,0.0225,0.001125
img-493.jpg,300,400,medium_pothole,209,147,253,162,44,15,660,0.14666666666666667,0.0375,0.0055
img-493.jpg,300,400,medium_pothole,268,170,281,180,13,10,130,0.043333333333333335,0.025,0.0010833333333333333
img-493.jpg,300,400,minor_pothole,253,181,266,190,13,9,117,0.043333333333333335,0.0225,0.000975
img-493.jpg,300,400,medium_pothole,277,212,300,222,23,10,230,0.07666666666666666,0.025,0.0019166666666666666
img-493.jpg,300,400,medium_pothole,275,202,293,209,18,7,126,0.06,0.0175,0.00105
img-493.jpg,300,400,medium_pothole,194,226,213,237,19,11,209,0.06333333333333334,0.0275,0.0017416666666666668
img-493.jpg,300,400,minor_pothole,214,244,226,254,12,10,120,0.04,0.025,0.001
img-493.jpg,300,400,medium_pothole,167,353,202,400,35,47,1645,0.11666666666666667,0.1175,0.013708333333333333
img-494.jpg,400,300,medium_pothole,50,40,95,64,45,24,1080,0.1125,0.08,0.009
img-494.jpg,400,300,minor_pothole,1,74,30,101,29,27,783,0.0725,0.09,0.006525
img-494.jpg,400,300,major_pothole,93,78,290,232,197,154,30338,0.4925,0.5133333333333333,0.2528166666666667
img-494.jpg,400,300,minor_pothole,331,138,372,158,41,20,820,0.1025,0.06666666666666667,0.006833333333333334
img-495.jpg,544,300,major_pothole,136,59,544,300,408,241,98328,0.75,0.8033333333333333,0.6025
img-496.jpg,465,300,major_pothole,1,106,465,300,464,194,90016,0.9978494623655914,0.6466666666666666,0.6452759856630824
img-497.jpg,450,300,major_pothole,105,61,350,270,245,209,51205,0.5444444444444444,0.6966666666666667,0.3792962962962963
img-498.jpg,453,300,major_pothole,16,211,127,248,111,37,4107,0.24503311258278146,0.12333333333333334,0.03022075055187638
img-498.jpg,453,300,minor_pothole,205,171,248,192,43,21,903,0.09492273730684327,0.07,0.006644591611479029
img-498.jpg,453,300,medium_pothole,239,151,277,165,38,14,532,0.08388520971302428,0.04666666666666667,0.003914643119941133
img-498.jpg,453,300,medium_pothole,285,116,331,131,46,15,690,0.10154525386313466,0.05,0.005077262693156733
img-498.jpg,453,300,major_pothole,323,98,359,107,36,9,324,0.07947019867549669,0.03,0.0023841059602649007
img-499.jpg,400,300,major_pothole,75,92,312,205,237,113,26781,0.5925,0.37666666666666665,0.223175
img-5.jpg,720,720,medium_pothole,233,315,528,412,295,97,28615,0.4097222222222222,0.13472222222222222,0.055198688271604936
img-5.jpg,720,720,minor_pothole,125,453,212,507,87,54,4698,0.12083333333333333,0.075,0.0090625
img-50.jpg,720,720,medium_pothole,276,272,394,344,118,72,8496,0.1638888888888889,0.1,0.01638888888888889
img-500.jpg,300,451,medium_pothole,172,187,300,236,128,49,6272,0.4266666666666667,0.10864745011086474,0.046356245380635624
img-500.jpg,300,451,medium_pothole,85,166,161,227,76,61,4636,0.25333333333333335,0.1352549889135255,0.03426459719142646
img-501.jpg,450,300,medium_pothole,30,230,153,271,123,41,5043,0.2733333333333333,0.13666666666666666,0.03735555555555556
img-501.jpg,450,300,medium_pothole,30,214,86,233,56,19,1064,0.12444444444444444,0.06333333333333334,0.00788148148148148
img-501.jpg,450,300,major_pothole,251,227,426,263,175,36,6300,0.3888888888888889,0.12,0.04666666666666667
img-502.jpg,450,300,medium_pothole,86,53,148,73,62,20,1240,0.13777777777777778,0.06666666666666667,0.009185185185185185
img-502.jpg,450,300,minor_pothole,42,63,89,87,47,24,1128,0.10444444444444445,0.08,0.008355555555555555
img-502.jpg,450,300,major_pothole,1,101,59,122,58,21,1218,0.1288888888888889,0.07,0.009022222222222221
img-502.jpg,450,300,major_pothole,14,117,162,153,148,36,5328,0.3288888888888889,0.12,0.039466666666666664
img-502.jpg,450,300,major_pothole,270,150,450,195,180,45,8100,0.4,0.15,0.06
img-502.jpg,450,300,major_pothole,19,172,302,300,283,128,36224,0.6288888888888889,0.4266666666666667,0.2683259259259259
img-503.jpg,600,300,major_pothole,75,80,523,229,448,149,66752,0.7466666666666667,0.49666666666666665,0.3708444444444444
img-504.jpg,460,300,minor_pothole,234,55,283,81,49,26,1274,0.10652173913043478,0.08666666666666667,0.009231884057971014
img-504.jpg,460,300,minor_pothole,243,107,338,163,95,56,5320,0.20652173913043478,0.18666666666666668,0.03855072463768116
img-504.jpg,460,300,medium_pothole,71,155,345,260,274,105,28770,0.5956521739130435,0.35,0.20847826086956522
img-505.jpg,571,300,major_pothole,166,209,337,280,171,71,12141,0.29947460595446584,0.23666666666666666,0.07087565674255691
img-506.jpg,520,300,major_pothole,67,150,323,272,256,122,31232,0.49230769230769234,0.4066666666666667,0.2002051282051282
img-507.jpg,373,300,major_pothole,174,200,275,223,101,23,2323,0.2707774798927614,0.07666666666666666,0.020759606791778372
img-507.jpg,373,300,major_pothole,41,152,242,190,201,38,7638,0.5388739946380697,0.12666666666666668,0.06825737265415549
img-507.jpg,373,300,medium_pothole,70,139,127,148,57,9,513,0.15281501340482573,0.03,0.004584450402144772
img-507.jpg,373,300,medium_pothole,63,107,177,135,114,28,3192,0.30563002680965146,0.09333333333333334,0.028525469168900804
img-507.jpg,373,300,major_pothole,120,59,249,78,129,19,2451,0.34584450402144773,0.06333333333333334,0.021903485254691688
img-507.jpg,373,300,major_pothole,111,29,246,47,135,18,2430,0.36193029490616624,0.06,0.021715817694369973
img-507.jpg,373,300,major_pothole,122,18,234,30,112,12,1344,0.3002680965147453,0.04,0.012010723860589812
img-508.jpg,533,300,major_pothole,237,35,363,77,126,42,5292,0.23639774859287055,0.14,0.033095684803001874
img-508.jpg,533,300,major_pothole,74,5,170,28,96,23,2208,0.1801125703564728,0.07666666666666666,0.013808630393996248
img-508.jpg,533,300,major_pothole,62,34,189,77,127,43,5461,0.23827392120075047,0.14333333333333334,0.03415259537210757
img-508.jpg,533,300,major_pothole,184,85,277,126,93,41,3813,0.17448405253283303,0.13666666666666666,0.023846153846153847
img-508.jpg,533,300,medium_pothole,295,123,402,163,107,40,4280,0.20075046904315197,0.13333333333333333,0.026766729205753598
img-508.jpg,533,300,medium_pothole,352,203,514,288,162,85,13770,0.30393996247654786,0.2833333333333333,0.08611632270168855
img-508.jpg,533,300,major_pothole,85,152,289,242,204,90,18360,0.3827392120075047,0.3,0.11482176360225141
img-508.jpg,533,300,medium_pothole,366,30,445,55,79,25,1975,0.14821763602251406,0.08333333333333333,0.01235146966854284
img-508.jpg,533,300,medium_pothole,439,53,533,87,94,34,3196,0.17636022514071295,0.11333333333333333,0.019987492182614135
img-508.jpg,533,300,medium_pothole,320,1,408,19,88,18,1584,0.1651031894934334,0.06,0.009906191369606004
img-509.jpg,533,300,medium_pothole,229,185,333,300,104,115,11960,0.1951219512195122,0.38333333333333336,0.07479674796747968
img-509.jpg,533,300,medium_pothole,333,159,451,235,118,76,8968,0.22138836772983114,0.25333333333333335,0.05608505315822389
img-509.jpg,533,300,minor_pothole,482,226,520,254,38,28,1064,0.07129455909943715,0.09333333333333334,0.0066541588492808005
img-509.jpg,533,300,medium_pothole,303,90,371,119,68,29,1972,0.1275797373358349,0.09666666666666666,0.012332707942464041
img-509.jpg,533,300,medium_pothole,234,83,286,104,52,21,1092,0.0975609756097561,0.07,0.006829268292682927
img-509.jpg,533,300,medium_pothole,189,103,335,163,146,60,8760,0.27392120075046905,0.2,0.05478424015009381
img-509.jpg,533,300,minor_pothole,320,132,356,149,36,17,612,0.0675422138836773,0.056666666666666664,0.003827392120075047
img-509.jpg,533,300,minor_pothole,289,143,316,156,27,13,351,0.05065666041275797,0.043333333333333335,0.0021951219512195124
img-509.jpg,533,300,medium_pothole,37,115,203,254,166,139,23074,0.31144465290806755,0.4633333333333333,0.14430268918073796
img-51.jpg,720,720,medium_pothole,273,284,439,387,166,103,17098,0.23055555555555557,0.14305555555555555,0.032982253086419756
img-51.jpg,720,720,minor_pothole,389,387,490,493,101,106,10706,0.14027777777777778,0.14722222222222223,0.020652006172839507
img-510.jpg,583,300,medium_pothole,171,150,233,178,62,28,1736,0.10634648370497427,0.09333333333333334,0.009925671812464265
img-510.jpg,583,300,minor_pothole,192,124,237,144,45,20,900,0.07718696397941681,0.06666666666666667,0.005145797598627788
img-510.jpg,583,300,minor_pothole,259,140,299,156,40,16,640,0.0686106346483705,0.05333333333333334,0.003659233847913093
img-510.jpg,583,300,medium_pothole,320,147,361,163,41,16,656,0.07032590051457976,0.05333333333333334,0.0037507146941109207
img-510.jpg,583,300,medium_pothole,324,106,364,125,40,19,760,0.0686106346483705,0.06333333333333334,0.004345340194396798
img-510.jpg,583,300,medium_pothole,400,107,437,129,37,22,814,0.0634648370497427,0.07333333333333333,0.004654088050314465
img-510.jpg,583,300,medium_pothole,236,181,327,224,91,43,3913,0.15608919382504288,0.14333333333333334,0.022372784448256147
img-510.jpg,583,300,medium_pothole,271,233,333,275,62,42,2604,0.10634648370497427,0.14,0.014888507718696398
img-510.jpg,583,300,major_pothole,479,24,574,53,95,29,2755,0.16295025728987994,0.09666666666666666,0.015751858204688392
img-510.jpg,583,300,major_pothole,265,51,329,68,64,17,1088,0.1097770154373928,0.056666666666666664,0.006220697541452259
img-510.jpg,583,300,medium_pothole,184,80,224,93,40,13,520,0.0686106346483705,0.043333333333333335,0.0029731275014293884
img-510.jpg,583,300,major_pothole,139,57,177,73,38,16,608,0.06518010291595197,0.05333333333333334,0.0034762721555174386
img-510.jpg,583,300,medium_pothole,109,73,142,89,33,16,528,0.05660377358490566,0.05333333333333334,0.0030188679245283017
img-510.jpg,583,300,medium_pothole,50,82,107,101,57,19,1083,0.09777015437392796,0.06333333333333334,0.0061921097770154376
img-510.jpg,583,300,major_pothole,109,104,165,128,56,24,1344,0.09605488850771869,0.08,0.007684391080617496
img-510.jpg,583,300,minor_pothole,186,94,218,107,32,13,416,0.0548885077186964,0.043333333333333335,0.0023785020011435104
img-510.jpg,583,300,minor_pothole,421,68,455,81,34,13,442,0.058319039451114926,0.043333333333333335,0.00252715837621498
img-511.jpg,451,300,major_pothole,132,54,380,194,248,140,34720,0.549889135254989,0.4666666666666667,0.25661492978566147
img-512.jpg,400,300,major_pothole,93,90,182,130,89,40,3560,0.2225,0.13333333333333333,0.029666666666666668
img-512.jpg,400,300,minor_pothole,303,94,337,105,34,11,374,0.085,0.03666666666666667,0.0031166666666666665
img-512.jpg,400,300,medium_pothole,278,80,318,93,40,13,520,0.1,0.043333333333333335,0.004333333333333333
img-512.jpg,400,300,major_pothole,146,153,327,242,181,89,16109,0.4525,0.2966666666666667,0.13424166666666668
img-512.jpg,400,300,medium_pothole,222,245,352,300,130,55,7150,0.325,0.18333333333333332,0.059583333333333335
img-513.jpg,400,300,major_pothole,43,94,309,182,266,88,23408,0.665,0.29333333333333333,0.19506666666666667
img-514.jpg,300,397,minor_pothole,151,156,190,180,39,24,936,0.13,0.060453400503778336,0.007858942065491184
img-514.jpg,300,397,medium_pothole,122,135,154,152,32,17,544,0.10666666666666667,0.042821158690176324,0.0045675902602854744
img-514.jpg,300,397,medium_pothole,109,113,150,136,41,23,943,0.13666666666666666,0.05793450881612091,0.007917716204869857
img-514.jpg,300,397,medium_pothole,69,141,114,168,45,27,1215,0.15,0.06801007556675064,0.010201511335012594
img-514.jpg,300,397,medium_pothole,208,133,226,143,18,10,180,0.06,0.02518891687657431,0.0015113350125944584
img-514.jpg,300,397,major_pothole,94,223,223,363,129,140,18060,0.43,0.3526448362720403,0.15163727959697734
img-515.jpg,449,300,major_pothole,101,67,314,216,213,149,31737,0.47438752783964366,0.49666666666666665,0.23561247216035636
img-516.jpg,453,300,major_pothole,244,169,350,296,106,127,13462,0.23399558498896247,0.42333333333333334,0.09905813097866079
img-516.jpg,453,300,minor_pothole,191,264,246,299,55,35,1925,0.12141280353200883,0.11666666666666667,0.014164827078734364
img-516.jpg,453,300,major_pothole,18,8,149,59,131,51,6681,0.2891832229580574,0.17,0.04916114790286976
img-516.jpg,453,300,minor_pothole,403,23,453,49,50,26,1300,0.11037527593818984,0.08666666666666667,0.009565857247976454
img-517.jpg,533,300,medium_pothole,299,137,401,173,102,36,3672,0.19136960600375236,0.12,0.022964352720450283
img-517.jpg,533,300,major_pothole,135,191,487,272,352,81,28512,0.6604127579737336,0.27,0.17831144465290807
img-518.jpg,533,300,major_pothole,118,111,433,230,315,119,37485,0.5909943714821764,0.39666666666666667,0.2344277673545966
img-519.jpg,300,450,medium_pothole,72,144,117,154,45,10,450,0.15,0.022222222222222223,0.0033333333333333335
img-519.jpg,300,450,medium_pothole,141,78,177,87,36,9,324,0.12,0.02,0.0024
img-519.jpg,300,450,major_pothole,182,83,234,95,52,12,624,0.17333333333333334,0.02666666666666667,0.004622222222222222
img-519.jpg,300,450,major_pothole,182,128,248,148,66,20,1320,0.22,0.044444444444444446,0.009777777777777778
img-519.jpg,300,450,medium_pothole,201,157,265,182,64,25,1600,0.21333333333333335,0.05555555555555555,0.011851851851851851
img-519.jpg,300,450,medium_pothole,68,79,116,86,48,7,336,0.16,0.015555555555555555,0.002488888888888889
img-519.jpg,300,450,medium_pothole,134,58,147,66,13,8,104,0.043333333333333335,0.017777777777777778,0.0007703703703703704
img-519.jpg,300,450,major_pothole,94,226,283,392,189,166,31374,0.63,0.3688888888888889,0.2324
img-52.jpg,720,720,medium_pothole,289,297,499,423,210,126,26460,0.2916666666666667,0.175,0.051041666666666666
img-52.jpg,720,720,minor_pothole,262,420,360,478,98,58,5684,0.1361111111111111,0.08055555555555556,0.010964506172839505
img-520.jpg,720,251,major_pothole,183,180,453,250,270,70,18900,0.375,0.2788844621513944,0.10458167330677291
img-521.jpg,450,300,major_pothole,41,130,283,224,242,94,22748,0.5377777777777778,0.31333333333333335,0.1685037037037037
img-522.jpg,450,300,major_pothole,39,179,198,230,159,51,8109,0.35333333333333333,0.17,0.060066666666666664
img-522.jpg,450,300,medium_pothole,231,217,259,228,28,11,308,0.06222222222222222,0.03666666666666667,0.0022814814814814816
img-522.jpg,450,300,major_pothole,269,245,402,278,133,33,4389,0.29555555555555557,0.11,0.03251111111111111
img-523.jpg,400,300,major_pothole,89,138,328,215,239,77,18403,0.5975,0.25666666666666665,0.15335833333333335
img-523.jpg,400,300,minor_pothole,28,115,93,136,65,21,1365,0.1625,0.07,0.011375
img-524.jpg,533,300,major_pothole,277,218,439,272,162,54,8748,0.30393996247654786,0.18,0.05470919324577861
img-524.jpg,533,300,minor_pothole,297,166,385,182,88,16,1408,0.1651031894934334,0.05333333333333334,0.008805503439649781
img-524.jpg,533,300,medium_pothole,354,153,453,180,99,27,2673,0.18574108818011256,0.09,0.016716697936210133
img-524.jpg,533,300,medium_pothole,223,132,289,155,66,23,1518,0.12382739212007504,0.07666666666666666,0.00949343339587242
img-524.jpg,533,300,medium_pothole,1,209,195,253,194,44,8536,0.36397748592870544,0.14666666666666667,0.0533833646028768
img-525.jpg,400,300,major_pothole,71,161,248,214,177,53,9381,0.4425,0.17666666666666667,0.078175
img-525.jpg,400,300,medium_pothole,29,261,93,296,64,35,2240,0.16,0.11666666666666667,0.018666666666666668
img-525.jpg,400,300,minor_pothole,93,267,165,299,72,32,2304,0.18,0.10666666666666667,0.0192
img-525.jpg,400,300,major_pothole,236,89,334,113,98,24,2352,0.245,0.08,0.0196
img-526.jpg,407,300,major_pothole,105,152,224,184,119,32,3808,0.29238329238329236,0.10666666666666667,0.031187551187551187
img-526.jpg,407,300,major_pothole,94,122,152,152,58,30,1740,0.14250614250614252,0.1,0.01425061425061425
img-526.jpg,407,300,major_pothole,37,146,77,158,40,12,480,0.09828009828009827,0.04,0.003931203931203931
img-526.jpg,407,300,major_pothole,33,170,139,220,106,50,5300,0.26044226044226043,0.16666666666666666,0.043407043407043405
img-526.jpg,407,300,major_pothole,75,219,272,254,197,35,6895,0.48402948402948404,0.11666666666666667,0.05647010647010647
img-526.jpg,407,300,major_pothole,247,179,407,252,160,73,11680,0.3931203931203931,0.24333333333333335,0.09565929565929567
img-526.jpg,407,300,medium_pothole,325,268,365,300,40,32,1280,0.09828009828009827,0.10666666666666667,0.010483210483210484
img-526.jpg,407,300,major_pothole,356,144,401,154,45,10,450,0.11056511056511056,0.03333333333333333,0.0036855036855036856
img-526.jpg,407,300,medium_pothole,300,154,372,188,72,34,2448,0.1769041769041769,0.11333333333333333,0.02004914004914005
img-526.jpg,407,300,medium_pothole,257,139,346,154,89,15,1335,0.21867321867321868,0.05,0.010933660933660933
img-527.jpg,450,300,major_pothole,158,180,318,233,160,53,8480,0.35555555555555557,0.17666666666666667,0.06281481481481481
img-528.jpg,450,300,major_pothole,107,27,406,279,299,252,75348,0.6644444444444444,0.84,0.5581333333333334
img-529.jpg,450,300,major_pothole,145,73,244,125,99,52,5148,0.22,0.17333333333333334,0.03813333333333333
img-529.jpg,450,300,major_pothole,277,97,347,137,70,40,2800,0.15555555555555556,0.13333333333333333,0.02074074074074074
img-529.jpg,450,300,medium_pothole,205,201,270,242,65,41,2665,0.14444444444444443,0.13666666666666666,0.01974074074074074
img-529.jpg,450,300,medium_pothole,292,188,450,300,158,112,17696,0.3511111111111111,0.37333333333333335,0.1310814814814815
img-53.jpg,720,720,medium_pothole,213,248,458,464,245,216,52920,0.3402777777777778,0.3,0.10208333333333333
img-53.jpg,720,720,minor_pothole,580,446,670,573,90,127,11430,0.125,0.1763888888888889,0.022048611111111113
img-530.jpg,509,300,major_pothole,1,15,59,54,58,39,2262,0.11394891944990176,0.13,0.01481335952848723
img-530.jpg,509,300,medium_pothole,56,1,138,16,82,15,1230,0.16110019646365423,0.05,0.008055009823182711
img-530.jpg,509,300,major_pothole,139,1,297,41,158,40,6320,0.3104125736738703,0.13333333333333333,0.041388343156516044
img-530.jpg,509,300,major_pothole,334,1,497,42,163,41,6683,0.32023575638506874,0.13666666666666666,0.04376555337262607
img-530.jpg,509,300,major_pothole,236,50,355,102,119,52,6188,0.2337917485265226,0.17333333333333334,0.040523903077930586
img-530.jpg,509,300,medium_pothole,91,93,217,143,126,50,6300,0.2475442043222004,0.16666666666666666,0.0412573673870334
img-530.jpg,509,300,major_pothole,227,125,460,238,233,113,26329,0.4577603143418468,0.37666666666666665,0.17242305173542893
img-530.jpg,509,300,medium_pothole,1,184,157,285,156,101,15756,0.30648330058939094,0.33666666666666667,0.10318271119842828
img-531.jpg,400,300,medium_pothole,118,195,161,211,43,16,688,0.1075,0.05333333333333334,0.005733333333333333
img-531.jpg,400,300,medium_pothole,174,187,232,210,58,23,1334,0.145,0.07666666666666666,0.011116666666666667
img-531.jpg,400,300,medium_pothole,156,208,208,229,52,21,1092,0.13,0.07,0.0091
img-531.jpg,400,300,medium_pothole,141,230,208,263,67,33,2211,0.1675,0.11,0.018425
img-531.jpg,400,300,major_pothole,168,174,214,187,46,13,598,0.115,0.043333333333333335,0.0049833333333333335
img-531.jpg,400,300,major_pothole,141,171,191,178,50,7,350,0.125,0.023333333333333334,0.002916666666666667
img-531.jpg,400,300,medium_pothole,146,157,161,165,15,8,120,0.0375,0.02666666666666667,0.001
img-531.jpg,400,300,medium_pothole,75,274,141,300,66,26,1716,0.165,0.08666666666666667,0.0143
img-531.jpg,400,300,medium_pothole,144,262,284,299,140,37,5180,0.35,0.12333333333333334,0.043166666666666666
img-532.jpg,517,300,major_pothole,201,196,336,300,135,104,14040,0.2611218568665377,0.3466666666666667,0.09052224371373307
img-532.jpg,517,300,medium_pothole,228,150,306,176,78,26,2028,0.15087040618955513,0.08666666666666667,0.013075435203094777
img-533.jpg,451,300,major_pothole,272,104,330,129,58,25,1450,0.1286031042128603,0.08333333333333333,0.010716925351071693
img-533.jpg,451,300,major_pothole,172,121,232,137,60,16,960,0.13303769401330376,0.05333333333333334,0.007095343680709534
img-533.jpg,451,300,major_pothole,1,171,413,300,412,129,53148,0.9135254988913526,0.43,0.3928159645232816
img-534.jpg,400,300,medium_pothole,148,166,184,176,36,10,360,0.09,0.03333333333333333,0.003
img-534.jpg,400,300,medium_pothole,1,239,53,256,52,17,884,0.13,0.056666666666666664,0.007366666666666666
img-534.jpg,400,300,major_pothole,175,245,336,290,161,45,7245,0.4025,0.15,0.060375
img-534.jpg,400,300,major_pothole,253,166,400,180,147,14,2058,0.3675,0.04666666666666667,0.01715
img-534.jpg,400,300,major_pothole,184,128,279,143,95,15,1425,0.2375,0.05,0.011875
img-535.jpg,449,300,major_pothole,181,160,353,227,172,67,11524,0.3830734966592428,0.22333333333333333,0.08555308092056421
img-535.jpg,449,300,major_pothole,153,118,282,159,129,41,5289,0.2873051224944321,0.13666666666666666,0.03926503340757238
img-535.jpg,449,300,medium_pothole,119,72,171,97,52,25,1300,0.11581291759465479,0.08333333333333333,0.009651076466221232
img-535.jpg,449,300,medium_pothole,121,48,163,59,42,11,462,0.0935412026726058,0.03666666666666667,0.0034298440979955457
img-535.jpg,449,300,medium_pothole,126,37,160,46,34,9,306,0.0757238307349666,0.03,0.0022717149220489977
img-536.jpg,533,300,major_pothole,1,50,531,300,530,250,132500,0.9943714821763602,0.8333333333333334,0.8286429018136335
img-537.jpg,400,300,major_pothole,90,16,329,300,239,284,67876,0.5975,0.9466666666666667,0.5656333333333333
img-538.jpg,450,300,major_pothole,125,95,418,275,293,180,52740,0.6511111111111111,0.6,0.39066666666666666
img-539.jpg,450,300,minor_pothole,1,116,109,193,108,77,8316,0.24,0.25666666666666665,0.0616
img-539.jpg,450,300,minor_pothole,1,50,40,89,39,39,1521,0.08666666666666667,0.13,0.011266666666666666
img-539.jpg,450,300,medium_pothole,181,126,297,147,116,21,2436,0.2577777777777778,0.07,0.018044444444444443
img-539.jpg,450,300,major_pothole,229,149,402,195,173,46,7958,0.3844444444444444,0.15333333333333332,0.058948148148148145
img-54.jpg,720,720,medium_pothole,245,296,498,506,253,210,53130,0.35138888888888886,0.2916666666666667,0.10248842592592593
img-540.jpg,450,300,major_pothole,181,75,227,96,46,21,966,0.10222222222222223,0.07,0.007155555555555556
img-540.jpg,450,300,major_pothole,175,147,352,299,177,152,26904,0.3933333333333333,0.5066666666666667,0.19928888888888888
img-541.jpg,450,300,major_pothole,168,140,376,300,208,160,33280,0.4622222222222222,0.5333333333333333,0.24651851851851853
img-542.jpg,404,300,medium_pothole,90,1,209,57,119,56,6664,0.29455445544554454,0.18666666666666668,0.054983498349834986
img-542.jpg,404,300,major_pothole,1,53,402,275,401,222,89022,0.9925742574257426,0.74,0.7345049504950495
img-543.jpg,360,300,major_pothole,125,85,264,133,139,48,6672,0.3861111111111111,0.16,0.06177777777777778
img-543.jpg,360,300,major_pothole,87,85,160,255,73,170,12410,0.20277777777777778,0.5666666666666667,0.1149074074074074
img-544.jpg,400,300,major_pothole,105,164,342,257,237,93,22041,0.5925,0.31,0.183675
img-544.jpg,400,300,major_pothole,220,153,297,177,77,24,1848,0.1925,0.08,0.0154
img-545.jpg,677,300,major_pothole,236,103,527,197,291,94,27354,0.4298375184638109,0.31333333333333335,0.1346824224519941
img-545.jpg,677,300,medium_pothole,1,133,134,194,133,61,8113,0.1964549483013294,0.20333333333333334,0.03994583948793698
img-546.jpg,464,300,major_pothole,210,194,367,251,157,57,8949,0.33836206896551724,0.19,0.06428879310344827
img-547.jpg,300,400,medium_pothole,124,153,194,191,70,38,2660,0.23333333333333334,0.095,0.022166666666666668
img-547.jpg,300,400,major_pothole,133,109,246,142,113,33,3729,0.37666666666666665,0.0825,0.031075
img-547.jpg,300,400,major_pothole,35,207,204,339,169,132,22308,0.5633333333333334,0.33,0.1859
img-548.jpg,451,300,major_pothole,124,119,303,205,179,86,15394,0.3968957871396896,0.2866666666666667,0.11377679231337767
img-548.jpg,451,300,medium_pothole,325,87,353,102,28,15,420,0.06208425720620843,0.05,0.0031042128603104213
img-549.jpg,400,300,major_pothole,205,149,368,215,163,66,10758,0.4075,0.22,0.08965
img-549.jpg,400,300,medium_pothole,310,103,377,136,67,33,2211,0.1675,0.11,0.018425
img-55.jpg,720,720,minor_pothole,96,452,172,503,76,51,3876,0.10555555555555556,0.07083333333333333,0.007476851851851852
img-55.jpg,720,720,minor_pothole,150,395,247,448,97,53,5141,0.13472222222222222,0.07361111111111111,0.009917052469135802
img-55.jpg,720,720,minor_pothole,290,306,473,419,183,113,20679,0.25416666666666665,0.15694444444444444,0.0398900462962963
img-55.jpg,720,720,minor_pothole,404,169,477,222,73,53,3869,0.10138888888888889,0.07361111111111111,0.007463348765432099
img-55.jpg,720,720,minor_pothole,0,27,201,141,201,114,22914,0.2791666666666667,0.15833333333333333,0.04420138888888889
img-550.jpg,400,300,major_pothole,110,128,222,182,112,54,6048,0.28,0.18,0.0504
img-550.jpg,400,300,major_pothole,41,135,110,190,69,55,3795,0.1725,0.18333333333333332,0.031625
img-550.jpg,400,300,minor_pothole,17,210,70,246,53,36,1908,0.1325,0.12,0.0159
img-550.jpg,400,300,medium_pothole,289,75,368,110,79,35,2765,0.1975,0.11666666666666667,0.023041666666666665
img-550.jpg,400,300,medium_pothole,260,119,346,164,86,45,3870,0.215,0.15,0.03225
img-550.jpg,400,300,medium_pothole,269,170,362,222,93,52,4836,0.2325,0.17333333333333334,0.0403
img-550.jpg,400,300,minor_pothole,267,286,319,300,52,14,728,0.13,0.04666666666666667,0.006066666666666666
img-551.jpg,527,300,major_pothole,314,157,361,176,47,19,893,0.08918406072106262,0.06333333333333334,0.0056483238456672994
img-551.jpg,527,300,major_pothole,436,195,526,221,90,26,2340,0.17077798861480076,0.08666666666666667,0.014800759013282733
img-551.jpg,527,300,medium_pothole,398,160,434,182,36,22,792,0.0683111954459203,0.07333333333333333,0.005009487666034156
img-551.jpg,527,300,medium_pothole,368,127,390,140,22,13,286,0.04174573055028463,0.043333333333333335,0.0018089816571790005
img-551.jpg,527,300,medium_pothole,291,107,328,120,37,13,481,0.07020872865275142,0.043333333333333335,0.003042378241619228
img-551.jpg,527,300,minor_pothole,328,202,372,223,44,21,924,0.08349146110056926,0.07,0.005844402277039848
img-551.jpg,527,300,medium_pothole,341,114,368,121,27,7,189,0.051233396584440226,0.023333333333333334,0.0011954459203036053
img-552.jpg,400,300,major_pothole,88,99,245,191,157,92,14444,0.3925,0.30666666666666664,0.12036666666666666
img-552.jpg,400,300,major_pothole,1,211,123,275,122,64,7808,0.305,0.21333333333333335,0.06506666666666666
img-552.jpg,400,300,medium_pothole,282,137,382,174,100,37,3700,0.25,0.12333333333333334,0.030833333333333334
img-552.jpg,400,300,medium_pothole,283,171,383,211,100,40,4000,0.25,0.13333333333333333,0.03333333333333333
img-552.jpg,400,300,medium_pothole,275,206,362,282,87,76,6612,0.2175,0.25333333333333335,0.0551
img-552.jpg,400,300,major_pothole,226,96,331,133,105,37,3885,0.2625,0.12333333333333334,0.032375
img-552.jpg,400,300,medium_pothole,236,75,298,92,62,17,1054,0.155,0.056666666666666664,0.008783333333333334
img-552.jpg,400,300,medium_pothole,118,40,187,61,69,21,1449,0.1725,0.07,0.012075
img-552.jpg,400,300,major_pothole,196,48,266,71,70,23,1610,0.175,0.07666666666666666,0.013416666666666667
img-552.jpg,400,300,medium_pothole,269,35,324,62,55,27,1485,0.1375,0.09,0.012375
img-552.jpg,400,300,major_pothole,243,22,285,37,42,15,630,0.105,0.05,0.00525
img-552.jpg,400,300,major_pothole,197,16,244,28,47,12,564,0.1175,0.04,0.0047
img-552.jpg,400,300,medium_pothole,153,23,200,36,47,13,611,0.1175,0.043333333333333335,0.005091666666666667
img-552.jpg,400,300,medium_pothole,88,30,122,40,34,10,340,0.085,0.03333333333333333,0.0028333333333333335
img-552.jpg,400,300,medium_pothole,105,17,130,23,25,6,150,0.0625,0.02,0.00125
img-552.jpg,400,300,medium_pothole,114,5,137,11,23,6,138,0.0575,0.02,0.00115
img-552.jpg,400,300,minor_pothole,141,9,165,17,24,8,192,0.06,0.02666666666666667,0.0016
img-553.jpg,455,300,minor_pothole,220,93,252,103,32,10,320,0.07032967032967033,0.03333333333333333,0.0023443223443223443
img-553.jpg,455,300,major_pothole,65,130,253,231,188,101,18988,0.41318681318681316,0.33666666666666667,0.1391062271062271
img-554.jpg,532,300,medium_pothole,182,163,269,191,87,28,2436,0.16353383458646617,0.09333333333333334,0.015263157894736841
img-554.jpg,532,300,major_pothole,108,150,183,170,75,20,1500,0.14097744360902256,0.06666666666666667,0.009398496240601503
img-554.jpg,532,300,medium_pothole,43,126,131,147,88,21,1848,0.16541353383458646,0.07,0.011578947368421053
img-554.jpg,532,300,major_pothole,15,212,204,253,189,41,7749,0.35526315789473684,0.13666666666666666,0.04855263157894737
img-554.jpg,532,300,major_pothole,150,254,257,297,107,43,4601,0.20112781954887218,0.14333333333333334,0.028828320802005012
img-554.jpg,532,300,medium_pothole,324,232,409,252,85,20,1700,0.15977443609022557,0.06666666666666667,0.010651629072681704
img-554.jpg,532,300,medium_pothole,132,129,231,145,99,16,1584,0.18609022556390978,0.05333333333333334,0.009924812030075189
img-555.jpg,400,300,major_pothole,135,135,312,200,177,65,11505,0.4425,0.21666666666666667,0.095875
d0c3cc66-img-556.jpg,400,300,major_pothole,143,148,284,196,141,48,6768,0.3525,0.16,0.0564
d0c3cc66-img-556.jpg,400,300,major_pothole,105,103,138,122,33,19,627,0.0825,0.06333333333333334,0.005225
d0c3cc66-img-556.jpg,400,300,major_pothole,97,76,124,81,27,5,135,0.0675,0.016666666666666666,0.001125
d0c3cc66-img-556.jpg,400,300,medium_pothole,137,82,165,96,28,14,392,0.07,0.04666666666666667,0.003266666666666667
d0c3cc66-img-556.jpg,400,300,medium_pothole,110,92,119,97,9,5,45,0.0225,0.016666666666666666,0.000375
d0c3cc66-img-556.jpg,400,300,medium_pothole,183,106,262,145,79,39,3081,0.1975,0.13,0.025675
d0c3cc66-img-556.jpg,400,300,minor_pothole,291,158,319,177,28,19,532,0.07,0.06333333333333334,0.004433333333333333
d0c3cc66-img-556.jpg,400,300,minor_pothole,342,186,374,207,32,21,672,0.08,0.07,0.0056
d0c3cc66-img-556.jpg,400,300,medium_pothole,334,167,397,182,63,15,945,0.1575,0.05,0.007875
d0c3cc66-img-556.jpg,400,300,minor_pothole,407,54,414,55,7,1,7,0.0175,0.0033333333333333335,5.833333333333333e-05
d0c3cc66-img-556.jpg,400,300,medium_pothole,414,60,428,63,14,3,42,0.035,0.01,0.00035
d0c3cc66-img-556.jpg,400,300,medium_pothole,420,51,440,54,20,3,60,0.05,0.01,0.0005
img-557.jpg,400,300,medium_pothole,147,142,246,186,99,44,4356,0.2475,0.14666666666666667,0.0363
img-558.jpg,400,300,medium_pothole,92,147,263,193,171,46,7866,0.4275,0.15333333333333332,0.06555
img-558.jpg,400,300,minor_pothole,178,132,229,150,51,18,918,0.1275,0.06,0.00765
img-558.jpg,400,300,minor_pothole,270,145,293,157,23,12,276,0.0575,0.04,0.0023
img-559.jpg,533,300,major_pothole,268,42,469,197,201,155,31155,0.3771106941838649,0.5166666666666667,0.1948405253283302
img-559.jpg,533,300,minor_pothole,1,258,47,300,46,42,1932,0.08630393996247655,0.14,0.012082551594746718
img-56.jpg,720,720,medium_pothole,268,275,457,376,189,101,19089,0.2625,0.14027777777777778,0.036822916666666664
img-56.jpg,720,720,minor_pothole,411,73,451,90,40,17,680,0.05555555555555555,0.02361111111111111,0.0013117283950617284
img-560.jpg,450,300,medium_pothole,116,140,138,151,22,11,242,0.04888888888888889,0.03666666666666667,0.0017925925925925926
img-560.jpg,450,300,medium_pothole,262,126,292,137,30,11,330,0.06666666666666667,0.03666666666666667,0.0024444444444444444
img-560.jpg,450,300,medium_pothole,246,106,259,112,13,6,78,0.028888888888888888,0.02,0.0005777777777777778
img-560.jpg,450,300,major_pothole,182,97,210,105,28,8,224,0.06222222222222222,0.02666666666666667,0.0016592592592592592
img-561.jpg,400,300,medium_pothole,176,38,212,52,36,14,504,0.09,0.04666666666666667,0.0042
img-561.jpg,400,300,major_pothole,190,5,247,25,57,20,1140,0.1425,0.06666666666666667,0.0095
img-561.jpg,400,300,major_pothole,279,1,400,161,121,160,19360,0.3025,0.5333333333333333,0.16133333333333333
img-561.jpg,400,300,major_pothole,20,87,298,191,278,104,28912,0.695,0.3466666666666667,0.24093333333333333
img-561.jpg,400,300,medium_pothole,61,201,179,300,118,99,11682,0.295,0.33,0.09735
img-561.jpg,400,300,minor_pothole,2,231,44,255,42,24,1008,0.105,0.08,0.0084
img-561.jpg,400,300,minor_pothole,163,57,191,76,28,19,532,0.07,0.06333333333333334,0.004433333333333333
img-561.jpg,400,300,minor_pothole,124,70,160,87,36,17,612,0.09,0.056666666666666664,0.0051
img-561.jpg,400,300,medium_pothole,339,163,400,193,61,30,1830,0.1525,0.1,0.01525
img-562.jpg,400,300,medium_pothole,164,110,197,128,33,18,594,0.0825,0.06,0.00495
img-562.jpg,400,300,minor_pothole,185,259,228,300,43,41,1763,0.1075,0.13666666666666666,0.014691666666666667
img-563.jpg,533,300,medium_pothole,204,212,260,252,56,40,2240,0.1050656660412758,0.13333333333333333,0.014008755472170106
img-563.jpg,533,300,major_pothole,312,38,385,71,73,33,2409,0.13696060037523453,0.11,0.015065666041275797
img-564.jpg,400,300,major_pothole,163,205,245,243,82,38,3116,0.205,0.12666666666666668,0.025966666666666666
img-564.jpg,400,300,major_pothole,4,174,109,212,105,38,3990,0.2625,0.12666666666666668,0.03325
img-564.jpg,400,300,major_pothole,202,158,304,180,102,22,2244,0.255,0.07333333333333333,0.0187
img-564.jpg,400,300,medium_pothole,314,189,360,206,46,17,782,0.115,0.056666666666666664,0.006516666666666666
img-564.jpg,400,300,medium_pothole,137,124,190,136,53,12,636,0.1325,0.04,0.0053
img-565.jpg,406,300,major_pothole,1,84,388,256,387,172,66564,0.9532019704433498,0.5733333333333334,0.5465024630541871
img-566.jpg,438,300,medium_pothole,234,52,268,64,34,12,408,0.0776255707762557,0.04,0.0031050228310502285
img-566.jpg,438,300,medium_pothole,218,32,247,44,29,12,348,0.06621004566210045,0.04,0.0026484018264840183
img-566.jpg,438,300,medium_pothole,240,120,278,147,38,27,1026,0.0867579908675799,0.09,0.007808219178082192
img-566.jpg,438,300,major_pothole,296,104,344,131,48,27,1296,0.1095890410958904,0.09,0.009863013698630137
img-566.jpg,438,300,medium_pothole,343,208,381,237,38,29,1102,0.0867579908675799,0.09666666666666666,0.008386605783866057
img-566.jpg,438,300,minor_pothole,188,172,232,197,44,25,1100,0.1004566210045662,0.08333333333333333,0.00837138508371385
img-566.jpg,438,300,medium_pothole,135,95,153,106,18,11,198,0.0410958904109589,0.03666666666666667,0.0015068493150684932
img-566.jpg,438,300,medium_pothole,122,85,139,97,17,12,204,0.03881278538812785,0.04,0.0015525114155251142
img-566.jpg,438,300,medium_pothole,89,118,126,140,37,22,814,0.08447488584474885,0.07333333333333333,0.00619482496194825
img-566.jpg,438,300,minor_pothole,82,154,124,188,42,34,1428,0.0958904109589041,0.11333333333333333,0.010867579908675798
img-567.jpg,450,300,major_pothole,72,47,403,269,331,222,73482,0.7355555555555555,0.74,0.5443111111111111
img-568.jpg,400,300,major_pothole,113,102,268,168,155,66,10230,0.3875,0.22,0.08525
img-568.jpg,400,300,medium_pothole,90,81,135,101,45,20,900,0.1125,0.06666666666666667,0.0075
img-569.jpg,400,300,major_pothole,158,124,242,146,84,22,1848,0.21,0.07333333333333333,0.0154
img-569.jpg,400,300,major_pothole,151,156,278,190,127,34,4318,0.3175,0.11333333333333333,0.03598333333333333
img-57.jpg,720,720,medium_pothole,274,296,437,391,163,95,15485,0.2263888888888889,0.13194444444444445,0.029870756172839505
img-570.jpg,533,300,major_pothole,285,126,365,172,80,46,3680,0.150093808630394,0.15333333333333332,0.023014383989993746
img-570.jpg,533,300,medium_pothole,232,188,322,216,90,28,2520,0.16885553470919323,0.09333333333333334,0.01575984990619137
img-570.jpg,533,300,minor_pothole,158,264,215,300,57,36,2052,0.10694183864915573,0.12,0.012833020637898688
img-570.jpg,533,300,minor_pothole,416,214,472,240,56,26,1456,0.1050656660412758,0.08666666666666667,0.009105691056910569
img-570.jpg,533,300,medium_pothole,349,39,396,74,47,35,1645,0.08818011257035648,0.11666666666666667,0.010287679799874922
img-571.jpg,533,300,major_pothole,172,152,209,165,37,13,481,0.06941838649155722,0.043333333333333335,0.0030081300813008132
img-571.jpg,533,300,major_pothole,25,220,107,273,82,53,4346,0.15384615384615385,0.17666666666666667,0.02717948717948718
img-571.jpg,533,300,medium_pothole,87,252,131,283,44,31,1364,0.0825515947467167,0.10333333333333333,0.008530331457160726
img-571.jpg,533,300,medium_pothole,152,206,201,233,49,27,1323,0.09193245778611632,0.09,0.008273921200750468
img-571.jpg,533,300,medium_pothole,204,212,254,237,50,25,1250,0.09380863039399624,0.08333333333333333,0.007817385866166354
img-571.jpg,533,300,medium_pothole,282,221,323,240,41,19,779,0.07692307692307693,0.06333333333333334,0.004871794871794872
img-571.jpg,533,300,medium_pothole,236,249,284,279,48,30,1440,0.0900562851782364,0.1,0.00900562851782364
img-571.jpg,533,300,medium_pothole,159,253,211,286,52,33,1716,0.0975609756097561,0.11,0.010731707317073172
img-571.jpg,533,300,medium_pothole,181,285,249,300,68,15,1020,0.1275797373358349,0.05,0.006378986866791745
img-571.jpg,533,300,medium_pothole,305,273,373,298,68,25,1700,0.1275797373358349,0.08333333333333333,0.010631644777986242
img-571.jpg,533,300,minor_pothole,234,166,257,178,23,12,276,0.043151969981238276,0.04,0.001726078799249531
img-571.jpg,533,300,minor_pothole,216,161,235,167,19,6,114,0.03564727954971857,0.02,0.0007129455909943715
img-571.jpg,533,300,medium_pothole,241,137,323,177,82,40,3280,0.15384615384615385,0.13333333333333333,0.020512820512820513
img-571.jpg,533,300,major_pothole,326,178,499,248,173,70,12110,0.324577861163227,0.23333333333333334,0.07573483427141964
img-571.jpg,533,300,major_pothole,464,246,533,300,69,54,3726,0.1294559099437148,0.18,0.02330206378986867
img-572.jpg,533,300,medium_pothole,193,153,291,175,98,22,2156,0.18386491557223264,0.07333333333333333,0.013483427141963728
img-572.jpg,533,300,medium_pothole,287,154,315,169,28,15,420,0.0525328330206379,0.05,0.002626641651031895
img-572.jpg,533,300,medium_pothole,28,125,62,135,34,10,340,0.06378986866791744,0.03333333333333333,0.0021263289555972483
img-573.jpg,544,300,medium_pothole,75,122,452,204,377,82,30914,0.6930147058823529,0.2733333333333333,0.18942401960784314
img-574.jpg,498,300,major_pothole,261,194,469,230,208,36,7488,0.41767068273092367,0.12,0.05012048192771084
img-574.jpg,498,300,major_pothole,87,158,237,185,150,27,4050,0.30120481927710846,0.09,0.02710843373493976
img-574.jpg,498,300,major_pothole,50,135,147,155,97,20,1940,0.19477911646586346,0.06666666666666667,0.012985274431057564
img-574.jpg,498,300,major_pothole,178,122,266,136,88,14,1232,0.17670682730923695,0.04666666666666667,0.008246318607764392
img-574.jpg,498,300,major_pothole,39,107,89,117,50,10,500,0.10040160642570281,0.03333333333333333,0.0033467202141900937
img-574.jpg,498,300,major_pothole,1,100,23,109,22,9,198,0.04417670682730924,0.03,0.001325301204819277
img-574.jpg,498,300,major_pothole,240,71,290,79,50,8,400,0.10040160642570281,0.02666666666666667,0.002677376171352075
img-574.jpg,498,300,medium_pothole,275,52,343,58,68,6,408,0.13654618473895583,0.02,0.0027309236947791163
img-574.jpg,498,300,medium_pothole,303,138,351,155,48,17,816,0.0963855421686747,0.056666666666666664,0.005461847389558233
img-575.jpg,409,300,major_pothole,47,87,171,145,124,58,7192,0.30317848410757947,0.19333333333333333,0.058614506927465365
img-575.jpg,409,300,major_pothole,207,60,353,78,146,18,2628,0.3569682151589242,0.06,0.021418092909535454
img-575.jpg,409,300,medium_pothole,234,48,336,57,102,9,918,0.24938875305623473,0.03,0.007481662591687041
img-575.jpg,409,300,major_pothole,189,106,313,134,124,28,3472,0.30317848410757947,0.09333333333333334,0.028296658516707415
img-575.jpg,409,300,major_pothole,117,163,388,267,271,104,28184,0.6625916870415648,0.3466666666666667,0.22969845150774246
img-576.jpg,400,300,major_pothole,4,141,394,264,390,123,47970,0.975,0.41,0.39975
img-576.jpg,400,300,medium_pothole,198,111,283,135,85,24,2040,0.2125,0.08,0.017
img-577.jpg,480,300,major_pothole,37,154,235,234,198,80,15840,0.4125,0.26666666666666666,0.11
img-577.jpg,480,300,medium_pothole,104,120,141,132,37,12,444,0.07708333333333334,0.04,0.0030833333333333333
img-577.jpg,480,300,medium_pothole,35,241,96,300,61,59,3599,0.12708333333333333,0.19666666666666666,0.024993055555555557
img-577.jpg,480,300,medium_pothole,274,194,342,237,68,43,2924,0.14166666666666666,0.14333333333333334,0.020305555555555556
img-577.jpg,480,300,minor_pothole,313,242,354,283,41,41,1681,0.08541666666666667,0.13666666666666666,0.01167361111111111
img-577.jpg,480,300,medium_pothole,361,227,419,270,58,43,2494,0.12083333333333333,0.14333333333333334,0.017319444444444443
img-577.jpg,480,300,medium_pothole,359,182,437,218,78,36,2808,0.1625,0.12,0.0195
img-577.jpg,480,300,major_pothole,366,146,479,189,113,43,4859,0.23541666666666666,0.14333333333333334,0.033743055555555554
img-577.jpg,480,300,medium_pothole,322,126,363,150,41,24,984,0.08541666666666667,0.08,0.006833333333333334
img-577.jpg,480,300,medium_pothole,339,110,402,131,63,21,1323,0.13125,0.07,0.0091875
img-577.jpg,480,300,medium_pothole,254,141,324,185,70,44,3080,0.14583333333333334,0.14666666666666667,0.021388888888888888
img-577.jpg,480,300,minor_pothole,214,117,248,138,34,21,714,0.07083333333333333,0.07,0.004958333333333334
img-577.jpg,480,300,medium_pothole,432,219,480,259,48,40,1920,0.1,0.13333333333333333,0.013333333333333334
img-577.jpg,480,300,minor_pothole,222,204,253,237,31,33,1023,0.06458333333333334,0.11,0.007104166666666667
img-578.jpg,449,300,major_pothole,102,61,378,260,276,199,54924,0.6146993318485523,0.6633333333333333,0.40775055679287303
img-579.jpg,400,300,major_pothole,1,156,400,284,399,128,51072,0.9975,0.4266666666666667,0.4256
img-58.jpg,720,720,medium_pothole,249,297,402,416,153,119,18207,0.2125,0.16527777777777777,0.03512152777777778
img-58.jpg,720,720,minor_pothole,96,132,220,191,124,59,7316,0.17222222222222222,0.08194444444444444,0.014112654320987654
img-58.jpg,720,720,medium_pothole,482,6,536,45,54,39,2106,0.075,0.05416666666666667,0.0040625
img-580.jpg,535,300,major_pothole,146,196,202,222,56,26,1456,0.10467289719626169,0.08666666666666667,0.00907165109034268
img-580.jpg,535,300,major_pothole,157,168,185,181,28,13,364,0.052336448598130844,0.043333333333333335,0.00226791277258567
img-580.jpg,535,300,medium_pothole,231,243,289,269,58,26,1508,0.10841121495327102,0.08666666666666667,0.00939563862928349
img-581.jpg,447,300,major_pothole,66,143,111,160,45,17,765,0.10067114093959731,0.056666666666666664,0.005704697986577181
img-581.jpg,447,300,major_pothole,79,167,143,204,64,37,2368,0.14317673378076062,0.12333333333333334,0.017658463832960478
img-581.jpg,447,300,major_pothole,303,167,402,201,99,34,3366,0.2214765100671141,0.11333333333333333,0.0251006711409396
img-581.jpg,447,300,minor_pothole,365,227,391,237,26,10,260,0.058165548098434,0.03333333333333333,0.0019388516032811335
img-581.jpg,447,300,medium_pothole,355,246,401,280,46,34,1564,0.1029082774049217,0.11333333333333333,0.011662938105891125
img-581.jpg,447,300,medium_pothole,293,214,350,243,57,29,1653,0.12751677852348994,0.09666666666666666,0.01232662192393736
img-582.jpg,481,300,major_pothole,29,24,422,276,393,252,99036,0.817047817047817,0.84,0.6863201663201663
img-583.jpg,533,300,major_pothole,338,94,496,154,158,60,9480,0.2964352720450281,0.2,0.05928705440900563
img-584.jpg,459,300,medium_pothole,94,77,389,275,295,198,58410,0.6427015250544662,0.66,0.4241830065359477
img-584.jpg,459,300,medium_pothole,367,7,448,62,81,55,4455,0.17647058823529413,0.18333333333333332,0.03235294117647059
img-585.jpg,450,300,major_pothole,122,91,296,136,174,45,7830,0.38666666666666666,0.15,0.058
img-585.jpg,450,300,medium_pothole,44,96,103,113,59,17,1003,0.13111111111111112,0.056666666666666664,0.00742962962962963
img-585.jpg,450,300,major_pothole,80,23,218,75,138,52,7176,0.30666666666666664,0.17333333333333334,0.05315555555555555
img-585.jpg,450,300,major_pothole,188,8,263,21,75,13,975,0.16666666666666666,0.043333333333333335,0.007222222222222222
img-585.jpg,450,300,major_pothole,1,198,383,300,382,102,38964,0.8488888888888889,0.34,0.2886222222222222
img-586.jpg,400,300,major_pothole,1,28,396,252,395,224,88480,0.9875,0.7466666666666667,0.7373333333333333
img-587.jpg,503,300,major_pothole,78,184,240,254,162,70,11340,0.3220675944333996,0.23333333333333334,0.07514910536779323
img-587.jpg,503,300,medium_pothole,315,182,360,200,45,18,810,0.08946322067594434,0.06,0.00536779324055666
img-588.jpg,491,300,major_pothole,241,143,428,245,187,102,19074,0.38085539714867617,0.34,0.1294908350305499
img-589.jpg,450,300,major_pothole,141,233,203,262,62,29,1798,0.13777777777777778,0.09666666666666666,0.013318518518518518
img-589.jpg,450,300,medium_pothole,201,219,238,236,37,17,629,0.08222222222222222,0.056666666666666664,0.00465925925925926
img-589.jpg,450,300,major_pothole,87,172,147,196,60,24,1440,0.13333333333333333,0.08,0.010666666666666666
img-589.jpg,450,300,medium_pothole,181,171,212,185,31,14,434,0.06888888888888889,0.04666666666666667,0.003214814814814815
img-589.jpg,450,300,major_pothole,236,175,272,185,36,10,360,0.08,0.03333333333333333,0.0026666666666666666
img-589.jpg,450,300,major_pothole,301,173,323,183,22,10,220,0.04888888888888889,0.03333333333333333,0.0016296296296296295
img-589.jpg,450,300,medium_pothole,231,169,284,177,53,8,424,0.11777777777777777,0.02666666666666667,0.003140740740740741
img-589.jpg,450,300,major_pothole,175,142,213,156,38,14,532,0.08444444444444445,0.04666666666666667,0.00394074074074074
img-589.jpg,450,300,medium_pothole,78,141,94,148,16,7,112,0.035555555555555556,0.023333333333333334,0.0008296296296296296
img-589.jpg,450,300,major_pothole,123,145,152,157,29,12,348,0.06444444444444444,0.04,0.002577777777777778
img-589.jpg,450,300,medium_pothole,154,130,168,137,14,7,98,0.03111111111111111,0.023333333333333334,0.000725925925925926
img-589.jpg,450,300,major_pothole,320,216,408,246,88,30,2640,0.19555555555555557,0.1,0.019555555555555555
img-59.jpg,720,720,medium_pothole,218,237,522,411,304,174,52896,0.4222222222222222,0.24166666666666667,0.10203703703703704
img-59.jpg,720,720,minor_pothole,249,456,426,567,177,111,19647,0.24583333333333332,0.15416666666666667,0.037899305555555554
img-590.jpg,534,300,major_pothole,92,131,475,300,383,169,64727,0.7172284644194756,0.5633333333333334,0.4040387016229713
img-591.jpg,540,300,medium_pothole,129,99,368,165,239,66,15774,0.4425925925925926,0.22,0.09737037037037037
img-591.jpg,540,300,medium_pothole,83,181,446,294,363,113,41019,0.6722222222222223,0.37666666666666665,0.2532037037037037
img-592.jpg,336,300,major_pothole,90,154,184,200,94,46,4324,0.27976190476190477,0.15333333333333332,0.0428968253968254
img-592.jpg,336,300,medium_pothole,154,30,171,38,17,8,136,0.050595238095238096,0.02666666666666667,0.0013492063492063493
img-592.jpg,336,300,medium_pothole,123,29,142,34,19,5,95,0.05654761904761905,0.016666666666666666,0.0009424603174603175
img-593.jpg,521,300,major_pothole,172,184,356,255,184,71,13064,0.3531669865642994,0.23666666666666666,0.0835828534868842
img-593.jpg,521,300,major_pothole,293,153,486,189,193,36,6948,0.3704414587332054,0.12,0.04445297504798464
img-593.jpg,521,300,major_pothole,369,124,521,161,152,37,5624,0.29174664107485604,0.12333333333333334,0.03598208573256558
img-594.jpg,457,300,medium_pothole,22,59,87,83,65,24,1560,0.1422319474835886,0.08,0.011378555798687089
img-594.jpg,457,300,major_pothole,120,8,179,34,59,26,1534,0.12910284463894967,0.08666666666666667,0.011188913202042305
img-594.jpg,457,300,medium_pothole,332,4,379,23,47,19,893,0.10284463894967177,0.06333333333333334,0.006513493800145879
img-594.jpg,457,300,medium_pothole,58,99,146,142,88,43,3784,0.1925601750547046,0.14333333333333334,0.02760029175784099
img-594.jpg,457,300,minor_pothole,126,80,168,100,42,20,840,0.09190371991247265,0.06666666666666667,0.00612691466083151
img-594.jpg,457,300,major_pothole,195,120,389,172,194,52,10088,0.424507658643326,0.17333333333333334,0.07358132749817652
img-595.jpg,300,300,major_pothole,162,155,241,214,79,59,4661,0.2633333333333333,0.19666666666666666,0.05178888888888889
img-595.jpg,300,300,major_pothole,33,215,164,298,131,83,10873,0.43666666666666665,0.27666666666666667,0.1208111111111111
img-595.jpg,300,300,medium_pothole,192,264,291,300,99,36,3564,0.33,0.12,0.0396
img-595.jpg,300,300,medium_pothole,253,204,300,245,47,41,1927,0.15666666666666668,0.13666666666666666,0.02141111111111111
img-595.jpg,300,300,major_pothole,45,113,162,162,117,49,5733,0.39,0.16333333333333333,0.0637
img-595.jpg,300,300,medium_pothole,184,106,230,126,46,20,920,0.15333333333333332,0.06666666666666667,0.010222222222222223
img-595.jpg,300,300,medium_pothole,243,117,285,147,42,30,1260,0.14,0.1,0.014
img-595.jpg,300,300,minor_pothole,285,146,300,164,15,18,270,0.05,0.06,0.003
img-595.jpg,300,300,medium_pothole,166,48,212,64,46,16,736,0.15333333333333332,0.05333333333333334,0.008177777777777779
img-595.jpg,300,300,medium_pothole,117,75,174,94,57,19,1083,0.19,0.06333333333333334,0.012033333333333333
img-595.jpg,300,300,medium_pothole,109,61,134,72,25,11,275,0.08333333333333333,0.03666666666666667,0.0030555555555555557
img-595.jpg,300,300,medium_pothole,37,59,95,80,58,21,1218,0.19333333333333333,0.07,0.013533333333333333
img-595.jpg,300,300,medium_pothole,194,33,224,44,30,11,330,0.1,0.03666666666666667,0.0036666666666666666
img-595.jpg,300,300,medium_pothole,157,27,197,39,40,12,480,0.13333333333333333,0.04,0.005333333333333333
img-595.jpg,300,300,medium_pothole,66,38,140,58,74,20,1480,0.24666666666666667,0.06666666666666667,0.016444444444444446
img-595.jpg,300,300,major_pothole,199,11,253,32,54,21,1134,0.18,0.07,0.0126
img-595.jpg,300,300,medium_pothole,151,96,192,112,41,16,656,0.13666666666666666,0.05333333333333334,0.007288888888888889
img-595.jpg,300,300,minor_pothole,198,80,217,91,19,11,209,0.06333333333333334,0.03666666666666667,0.002322222222222222
img-595.jpg,300,300,medium_pothole,1,198,26,230,25,32,800,0.08333333333333333,0.10666666666666667,0.008888888888888889
img-596.jpg,450,300,major_pothole,1,62,450,280,449,218,97882,0.9977777777777778,0.7266666666666667,0.7250518518518518
img-597.jpg,450,300,medium_pothole,163,192,280,244,117,52,6084,0.26,0.17333333333333334,0.045066666666666665
img-597.jpg,450,300,minor_pothole,208,283,252,300,44,17,748,0.09777777777777778,0.056666666666666664,0.005540740740740741
img-598.jpg,533,300,medium_pothole,22,130,73,151,51,21,1071,0.09568480300187618,0.07,0.006697936210131332
img-598.jpg,533,300,major_pothole,220,162,300,195,80,33,2640,0.150093808630394,0.11,0.01651031894934334
img-598.jpg,533,300,medium_pothole,275,64,313,77,38,13,494,0.07129455909943715,0.043333333333333335,0.003089430894308943
img-598.jpg,533,300,major_pothole,214,51,286,68,72,17,1224,0.1350844277673546,0.056666666666666664,0.007654784240150094
img-598.jpg,533,300,medium_pothole,471,191,529,300,58,109,6322,0.10881801125703565,0.36333333333333334,0.03953721075672295
ab5a6542-img-599.jpg,533,300,major_pothole,168,182,255,220,87,38,3306,0.16322701688555347,0.12666666666666668,0.020675422138836774
ab5a6542-img-599.jpg,533,300,major_pothole,0,126,59,148,59,22,1298,0.11069418386491557,0.07333333333333333,0.008117573483427142
ab5a6542-img-599.jpg,533,300,major_pothole,182,126,209,137,27,11,297,0.05065666041275797,0.03666666666666667,0.0018574108818011257
ab5a6542-img-599.jpg,533,300,major_pothole,326,225,413,285,87,60,5220,0.16322701688555347,0.2,0.03264540337711069
ab5a6542-img-599.jpg,533,300,major_pothole,242,160,285,180,43,20,860,0.08067542213883677,0.06666666666666667,0.0053783614759224515
ab5a6542-img-599.jpg,533,300,major_pothole,308,184,414,213,106,29,3074,0.19887429643527205,0.09666666666666666,0.019224515322076297
ab5a6542-img-599.jpg,533,300,major_pothole,308,197,311,199,3,2,6,0.005628517823639775,0.006666666666666667,3.75234521575985e-05
ab5a6542-img-599.jpg,533,300,major_pothole,331,88,381,98,50,10,500,0.09380863039399624,0.03333333333333333,0.0031269543464665416
ab5a6542-img-599.jpg,533,300,major_pothole,317,104,346,116,29,12,348,0.054409005628517824,0.04,0.002176360225140713
ab5a6542-img-599.jpg,533,300,medium_pothole,349,112,362,118,13,6,78,0.024390243902439025,0.02,0.0004878048780487805
ab5a6542-img-599.jpg,533,300,medium_pothole,321,153,342,165,21,12,252,0.039399624765478425,0.04,0.001575984990619137
ab5a6542-img-599.jpg,533,300,medium_pothole,368,145,429,176,61,31,1891,0.11444652908067542,0.10333333333333333,0.01182614133833646
ab5a6542-img-599.jpg,533,300,medium_pothole,407,121,437,139,30,18,540,0.05628517823639775,0.06,0.003377110694183865
ab5a6542-img-599.jpg,533,300,minor_pothole,397,108,412,114,15,6,90,0.028142589118198873,0.02,0.0005628517823639775
ab5a6542-img-599.jpg,533,300,minor_pothole,329,118,344,122,15,4,60,0.028142589118198873,0.013333333333333334,0.000375234521575985
ab5a6542-img-599.jpg,533,300,minor_pothole,237,100,245,102,8,2,16,0.0150093808630394,0.006666666666666667,0.00010006253908692933
ab5a6542-img-599.jpg,533,300,major_pothole,268,88,297,94,29,6,174,0.054409005628517824,0.02,0.0010881801125703565
ab5a6542-img-599.jpg,533,300,major_pothole,208,82,225,86,17,4,68,0.03189493433395872,0.013333333333333334,0.00042526579111944966
ab5a6542-img-599.jpg,533,300,major_pothole,300,71,324,77,24,6,144,0.0450281425891182,0.02,0.000900562851782364
ab5a6542-img-599.jpg,533,300,medium_pothole,286,76,306,81,20,5,100,0.0375234521575985,0.016666666666666666,0.0006253908692933083
ab5a6542-img-599.jpg,533,300,medium_pothole,385,134,410,141,25,7,175,0.04690431519699812,0.023333333333333334,0.0010944340212632896
ab5a6542-img-599.jpg,533,300,medium_pothole,316,67,327,69,11,2,22,0.020637898686679174,0.006666666666666667,0.00013758599124452783
ab5a6542-img-599.jpg,533,300,minor_pothole,412,70,421,73,9,3,27,0.016885553470919325,0.01,0.00016885553470919325
img-6.jpg,720,720,medium_pothole,276,215,443,357,167,142,23714,0.23194444444444445,0.19722222222222222,0.0457445987654321
img-6.jpg,720,720,minor_pothole,264,322,502,608,238,286,68068,0.33055555555555555,0.3972222222222222,0.131304012345679
img-60.jpg,720,720,medium_pothole,308,282,443,404,135,122,16470,0.1875,0.16944444444444445,0.03177083333333333
img-60.jpg,720,720,minor_pothole,364,426,432,471,68,45,3060,0.09444444444444444,0.0625,0.005902777777777778
img-600.jpg,450,300,major_pothole,166,159,328,225,162,66,10692,0.36,0.22,0.0792
img-600.jpg,450,300,major_pothole,235,123,348,163,113,40,4520,0.2511111111111111,0.13333333333333333,0.03348148148148148
img-600.jpg,450,300,medium_pothole,335,86,386,110,51,24,1224,0.11333333333333333,0.08,0.009066666666666667
img-600.jpg,450,300,medium_pothole,344,61,388,75,44,14,616,0.09777777777777778,0.04666666666666667,0.004562962962962963
img-600.jpg,450,300,medium_pothole,352,51,388,61,36,10,360,0.08,0.03333333333333333,0.0026666666666666666
img-601.jpg,450,300,medium_pothole,118,163,275,206,157,43,6751,0.3488888888888889,0.14333333333333334,0.05000740740740741
img-601.jpg,450,300,major_pothole,114,76,425,124,311,48,14928,0.6911111111111111,0.16,0.11057777777777777
img-602.jpg,529,300,medium_pothole,122,112,350,244,228,132,30096,0.43100189035916825,0.44,0.18964083175803403
img-603.jpg,300,533,major_pothole,1,129,300,364,299,235,70265,0.9966666666666667,0.44090056285178236,0.4394308943089431
img-604.jpg,445,300,medium_pothole,273,160,375,208,102,48,4896,0.2292134831460674,0.16,0.036674157303370786
img-604.jpg,445,300,medium_pothole,255,128,360,159,105,31,3255,0.23595505617977527,0.10333333333333333,0.02438202247191011
img-604.jpg,445,300,medium_pothole,166,113,205,128,39,15,585,0.08764044943820225,0.05,0.004382022471910113
img-604.jpg,445,300,major_pothole,1,137,153,177,152,40,6080,0.3415730337078652,0.13333333333333333,0.045543071161048686
img-604.jpg,445,300,medium_pothole,71,106,136,117,65,11,715,0.14606741573033707,0.03666666666666667,0.005355805243445693
img-604.jpg,445,300,medium_pothole,1,112,45,121,44,9,396,0.09887640449438202,0.03,0.002966292134831461
img-604.jpg,445,300,medium_pothole,1,101,44,111,43,10,430,0.09662921348314607,0.03333333333333333,0.0032209737827715358
img-604.jpg,445,300,medium_pothole,67,94,106,101,39,7,273,0.08764044943820225,0.023333333333333334,0.002044943820224719
img-604.jpg,445,300,major_pothole,1,211,314,300,313,89,27857,0.7033707865168539,0.2966666666666667,0.20866666666666667
img-605.jpg,421,300,major_pothole,70,76,382,265,312,189,58968,0.7410926365795725,0.63,0.46688836104513065
img-606.jpg,600,300,major_pothole,191,49,411,300,220,251,55220,0.36666666666666664,0.8366666666666667,0.30677777777777776
img-607.jpg,485,300,major_pothole,52,100,417,266,365,166,60590,0.7525773195876289,0.5533333333333333,0.41642611683848796
img-608.jpg,300,357,major_pothole,16,176,257,357,241,181,43621,0.8033333333333333,0.5070028011204482,0.4072922502334267
img-609.jpg,400,300,minor_pothole,34,152,112,178,78,26,2028,0.195,0.08666666666666667,0.0169
img-609.jpg,400,300,major_pothole,86,141,321,289,235,148,34780,0.5875,0.49333333333333335,0.28983333333333333
img-609.jpg,400,300,major_pothole,271,63,315,74,44,11,484,0.11,0.03666666666666667,0.004033333333333333
img-609.jpg,400,300,major_pothole,254,74,394,114,140,40,5600,0.35,0.13333333333333333,0.04666666666666667
img-609.jpg,400,300,medium_pothole,391,120,400,140,9,20,180,0.0225,0.06666666666666667,0.0015
img-61.jpg,720,720,medium_pothole,277,265,401,341,124,76,9424,0.17222222222222222,0.10555555555555556,0.01817901234567901
img-610.jpg,300,400,major_pothole,102,212,237,282,135,70,9450,0.45,0.175,0.07875
img-610.jpg,300,400,medium_pothole,125,147,195,172,70,25,1750,0.23333333333333334,0.0625,0.014583333333333334
img-610.jpg,300,400,medium_pothole,61,157,106,175,45,18,810,0.15,0.045,0.00675
img-610.jpg,300,400,minor_pothole,1,211,69,238,68,27,1836,0.22666666666666666,0.0675,0.0153
img-611.jpg,437,300,major_pothole,47,99,396,193,349,94,32806,0.7986270022883295,0.31333333333333335,0.2502364607170099
img-612.jpg,400,300,major_pothole,19,117,305,254,286,137,39182,0.715,0.45666666666666667,0.3265166666666667
img-612.jpg,400,300,medium_pothole,226,59,272,74,46,15,690,0.115,0.05,0.00575
img-612.jpg,400,300,minor_pothole,221,96,262,111,41,15,615,0.1025,0.05,0.005125
img-612.jpg,400,300,minor_pothole,314,89,360,103,46,14,644,0.115,0.04666666666666667,0.005366666666666666
3fca2974-img-613.jpg,506,300,major_pothole,107,95,392,205,285,110,31350,0.5632411067193676,0.36666666666666664,0.20652173913043478
3fca2974-img-613.jpg,506,300,minor_pothole,242,214,288,259,46,45,2070,0.09090909090909091,0.15,0.013636363636363636
3fca2974-img-613.jpg,506,300,minor_pothole,14,51,111,71,97,20,1940,0.191699604743083,0.06666666666666667,0.012779973649538867
img-614.jpg,474,300,major_pothole,168,93,339,295,171,202,34542,0.36075949367088606,0.6733333333333333,0.2429113924050633
img-614.jpg,474,300,medium_pothole,221,38,271,60,50,22,1100,0.10548523206751055,0.07333333333333333,0.007735583684950774
img-615.jpg,486,300,major_pothole,24,73,358,198,334,125,41750,0.6872427983539094,0.4166666666666667,0.28635116598079563
img-616.jpg,451,300,medium_pothole,148,161,169,172,21,11,231,0.04656319290465632,0.03666666666666667,0.0017073170731707317
img-616.jpg,451,300,major_pothole,93,155,340,240,247,85,20995,0.5476718403547672,0.2833333333333333,0.15517368810051738
img-616.jpg,451,300,medium_pothole,304,121,366,142,62,21,1302,0.13747228381374724,0.07,0.009623059866962306
img-616.jpg,451,300,medium_pothole,262,111,285,119,23,8,184,0.050997782705099776,0.02666666666666667,0.001359940872135994
img-616.jpg,451,300,major_pothole,420,193,451,216,31,23,713,0.06873614190687362,0.07666666666666666,0.005269770879526977
img-617.jpg,450,300,medium_pothole,210,207,272,223,62,16,992,0.13777777777777778,0.05333333333333334,0.007348148148148148
img-617.jpg,450,300,medium_pothole,249,207,285,243,36,36,1296,0.08,0.12,0.0096
img-617.jpg,450,300,major_pothole,84,245,287,297,203,52,10556,0.45111111111111113,0.17333333333333334,0.07819259259259259
img-617.jpg,450,300,major_pothole,174,186,209,198,35,12,420,0.07777777777777778,0.04,0.003111111111111111
img-617.jpg,450,300,major_pothole,166,169,214,176,48,7,336,0.10666666666666667,0.023333333333333334,0.002488888888888889
img-618.jpg,533,300,medium_pothole,116,137,185,202,69,65,4485,0.1294559099437148,0.21666666666666667,0.02804878048780488
img-618.jpg,533,300,major_pothole,213,224,328,300,115,76,8740,0.21575984990619138,0.25333333333333335,0.054659161976235146
img-618.jpg,533,300,medium_pothole,310,180,345,219,35,39,1365,0.06566604127579738,0.13,0.00853658536585366
img-618.jpg,533,300,major_pothole,248,69,300,93,52,24,1248,0.0975609756097561,0.08,0.007804878048780488
img-618.jpg,533,300,major_pothole,244,100,323,185,79,85,6715,0.14821763602251406,0.2833333333333333,0.041994996873045656
img-618.jpg,533,300,medium_pothole,300,52,335,102,35,50,1750,0.06566604127579738,0.16666666666666666,0.010944340212632896
img-618.jpg,533,300,major_pothole,270,47,298,57,28,10,280,0.0525328330206379,0.03333333333333333,0.0017510944340212633
img-619.jpg,472,300,major_pothole,159,107,348,189,189,82,15498,0.4004237288135593,0.2733333333333333,0.10944915254237288
img-62.jpg,720,720,major_pothole,251,217,382,327,131,110,14410,0.18194444444444444,0.1527777777777778,0.027797067901234568
img-62.jpg,720,720,medium_pothole,211,341,373,506,162,165,26730,0.225,0.22916666666666666,0.0515625
img-620.jpg,571,300,major_pothole,53,210,409,271,356,61,21716,0.6234676007005254,0.20333333333333334,0.1267717454757735
img-620.jpg,571,300,medium_pothole,494,224,534,238,40,14,560,0.07005253940455342,0.04666666666666667,0.0032691185055458262
img-621.jpg,303,300,medium_pothole,198,146,240,183,42,37,1554,0.13861386138613863,0.12333333333333334,0.017095709570957095
img-621.jpg,303,300,major_pothole,7,44,114,117,107,73,7811,0.35313531353135313,0.24333333333333335,0.08592959295929593
img-621.jpg,303,300,major_pothole,1,25,49,40,48,15,720,0.15841584158415842,0.05,0.007920792079207921
img-621.jpg,303,300,major_pothole,147,45,214,69,67,24,1608,0.22112211221122113,0.08,0.01768976897689769
img-621.jpg,303,300,medium_pothole,224,65,287,87,63,22,1386,0.2079207920792079,0.07333333333333333,0.015247524752475247
img-621.jpg,303,300,medium_pothole,3,158,45,221,42,63,2646,0.13861386138613863,0.21,0.02910891089108911
783bde8f-img-622.jpg,655,300,major_pothole,313,147,535,299,222,152,33744,0.33893129770992364,0.5066666666666667,0.17172519083969465
783bde8f-img-622.jpg,655,300,major_pothole,96,65,311,192,215,127,27305,0.3282442748091603,0.42333333333333334,0.13895674300254454
783bde8f-img-622.jpg,655,300,major_pothole,355,15,406,51,51,36,1836,0.07786259541984733,0.12,0.009343511450381679
783bde8f-img-622.jpg,655,300,major_pothole,269,2,348,17,79,15,1185,0.12061068702290076,0.05,0.006030534351145038
783bde8f-img-622.jpg,655,300,major_pothole,198,0,254,8,56,8,448,0.08549618320610687,0.02666666666666667,0.0022798982188295164
783bde8f-img-622.jpg,655,300,major_pothole,196,13,234,32,38,19,722,0.05801526717557252,0.06333333333333334,0.0036743002544529263
783bde8f-img-622.jpg,655,300,medium_pothole,327,55,392,82,65,27,1755,0.09923664122137404,0.09,0.008931297709923664
783bde8f-img-622.jpg,655,300,medium_pothole,404,80,452,125,48,45,2160,0.0732824427480916,0.15,0.01099236641221374
783bde8f-img-622.jpg,655,300,major_pothole,445,70,496,101,51,31,1581,0.07786259541984733,0.10333333333333333,0.008045801526717557
783bde8f-img-622.jpg,655,300,medium_pothole,484,120,516,148,32,28,896,0.04885496183206107,0.09333333333333334,0.004559796437659033
783bde8f-img-622.jpg,655,300,minor_pothole,571,131,606,158,35,27,945,0.05343511450381679,0.09,0.004809160305343512
783bde8f-img-622.jpg,655,300,minor_pothole,439,26,462,37,23,11,253,0.035114503816793895,0.03666666666666667,0.001287531806615776
783bde8f-img-622.jpg,655,300,major_pothole,271,23,316,35,45,12,540,0.06870229007633588,0.04,0.002748091603053435
783bde8f-img-622.jpg,655,300,medium_pothole,408,7,434,22,26,15,390,0.03969465648854962,0.05,0.001984732824427481
783bde8f-img-622.jpg,655,300,medium_pothole,359,0,401,12,42,12,504,0.06412213740458016,0.04,0.0025648854961832063
783bde8f-img-622.jpg,655,300,minor_pothole,281,248,339,295,58,47,2726,0.08854961832061069,0.15666666666666668,0.013872773536895673
img-623.jpg,534,300,major_pothole,94,51,414,267,320,216,69120,0.599250936329588,0.72,0.4314606741573034
img-624.jpg,427,300,major_pothole,71,166,159,201,88,35,3080,0.20608899297423888,0.11666666666666667,0.024043715846994537
img-624.jpg,427,300,major_pothole,178,195,247,230,69,35,2415,0.16159250585480095,0.11666666666666667,0.018852459016393444
img-624.jpg,427,300,medium_pothole,126,239,185,286,59,47,2773,0.13817330210772832,0.15666666666666668,0.021647150663544105
img-624.jpg,427,300,medium_pothole,291,282,339,300,48,18,864,0.11241217798594848,0.06,0.006744730679156909
img-624.jpg,427,300,major_pothole,60,143,94,160,34,17,578,0.07962529274004684,0.056666666666666664,0.004512099921935988
img-624.jpg,427,300,major_pothole,20,136,57,151,37,15,555,0.08665105386416862,0.05,0.004332552693208431
img-624.jpg,427,300,medium_pothole,128,127,184,143,56,16,896,0.13114754098360656,0.05333333333333334,0.006994535519125683
img-624.jpg,427,300,major_pothole,92,129,125,140,33,11,363,0.07728337236533958,0.03666666666666667,0.0028337236533957848
img-624.jpg,427,300,medium_pothole,93,117,112,126,19,9,171,0.04449648711943794,0.03,0.0013348946135831382
img-624.jpg,427,300,minor_pothole,305,147,343,157,38,10,380,0.08899297423887588,0.03333333333333333,0.002966432474629196
img-624.jpg,427,300,medium_pothole,398,149,427,171,29,22,638,0.06791569086651054,0.07333333333333333,0.00498048399687744
b8f567ca-img-625.jpg,533,300,major_pothole,72,128,460,196,388,68,26384,0.7279549718574109,0.22666666666666666,0.16500312695434646
b8f567ca-img-625.jpg,533,300,medium_pothole,72,200,232,271,160,71,11360,0.300187617260788,0.23666666666666666,0.07104440275171983
b8f567ca-img-625.jpg,533,300,medium_pothole,254,201,472,280,218,79,17222,0.4090056285178236,0.2633333333333333,0.10770481550969356
img-626.jpg,450,300,major_pothole,114,101,310,157,196,56,10976,0.43555555555555553,0.18666666666666668,0.0813037037037037
img-626.jpg,450,300,minor_pothole,414,76,450,90,36,14,504,0.08,0.04666666666666667,0.0037333333333333333
img-627.jpg,600,300,major_pothole,85,198,214,252,129,54,6966,0.215,0.18,0.0387
img-627.jpg,600,300,medium_pothole,383,231,482,262,99,31,3069,0.165,0.10333333333333333,0.01705
img-628.jpg,447,300,major_pothole,114,59,330,220,216,161,34776,0.48322147651006714,0.5366666666666666,0.2593288590604027
img-629.jpg,400,300,major_pothole,93,56,279,204,186,148,27528,0.465,0.49333333333333335,0.2294
img-63.jpg,720,720,medium_pothole,270,259,471,390,201,131,26331,0.2791666666666667,0.18194444444444444,0.050792824074074074
img-630.jpg,450,300,major_pothole,32,164,306,283,274,119,32606,0.6088888888888889,0.39666666666666667,0.24152592592592592
img-630.jpg,450,300,major_pothole,257,123,359,157,102,34,3468,0.22666666666666666,0.11333333333333333,0.02568888888888889
img-631.jpg,452,300,major_pothole,351,26,452,86,101,60,6060,0.2234513274336283,0.2,0.04469026548672567
img-631.jpg,452,300,medium_pothole,84,82,177,111,93,29,2697,0.20575221238938052,0.09666666666666666,0.01988938053097345
img-631.jpg,452,300,major_pothole,2,92,452,297,450,205,92250,0.995575221238938,0.6833333333333333,0.6803097345132744
img-632.jpg,450,300,major_pothole,41,227,132,256,91,29,2639,0.20222222222222222,0.09666666666666666,0.019548148148148148
img-633.jpg,399,300,major_pothole,57,74,367,184,310,110,34100,0.7769423558897243,0.36666666666666664,0.28487886382623223
img-634.jpg,450,300,major_pothole,212,76,250,100,38,24,912,0.08444444444444445,0.08,0.0067555555555555554
img-634.jpg,450,300,major_pothole,254,57,276,73,22,16,352,0.04888888888888889,0.05333333333333334,0.0026074074074074072
img-634.jpg,450,300,major_pothole,244,112,277,142,33,30,990,0.07333333333333333,0.1,0.007333333333333333
img-634.jpg,450,300,major_pothole,191,161,236,177,45,16,720,0.1,0.05333333333333334,0.005333333333333333
img-634.jpg,450,300,minor_pothole,208,151,240,160,32,9,288,0.07111111111111111,0.03,0.0021333333333333334
img-634.jpg,450,300,medium_pothole,320,170,345,204,25,34,850,0.05555555555555555,0.11333333333333333,0.006296296296296296
img-634.jpg,450,300,medium_pothole,330,213,369,258,39,45,1755,0.08666666666666667,0.15,0.013
img-634.jpg,450,300,medium_pothole,305,116,325,137,20,21,420,0.044444444444444446,0.07,0.003111111111111111
img-634.jpg,450,300,medium_pothole,287,75,313,99,26,24,624,0.057777777777777775,0.08,0.004622222222222222
img-634.jpg,450,300,medium_pothole,205,110,223,119,18,9,162,0.04,0.03,0.0012
img-634.jpg,450,300,medium_pothole,201,122,219,128,18,6,108,0.04,0.02,0.0008
img-634.jpg,450,300,medium_pothole,215,101,228,108,13,7,91,0.028888888888888888,0.023333333333333334,0.0006740740740740741
img-634.jpg,450,300,medium_pothole,229,47,245,54,16,7,112,0.035555555555555556,0.023333333333333334,0.0008296296296296296
img-635.jpg,300,300,major_pothole,1,85,300,240,299,155,46345,0.9966666666666667,0.5166666666666667,0.5149444444444444
img-636.jpg,450,300,major_pothole,132,158,288,188,156,30,4680,0.3466666666666667,0.1,0.034666666666666665
img-636.jpg,450,300,major_pothole,201,128,290,144,89,16,1424,0.19777777777777777,0.05333333333333334,0.010548148148148149
img-636.jpg,450,300,medium_pothole,243,110,272,119,29,9,261,0.06444444444444444,0.03,0.0019333333333333333
img-636.jpg,450,300,medium_pothole,322,108,381,129,59,21,1239,0.13111111111111112,0.07,0.009177777777777778
img-636.jpg,450,300,major_pothole,379,147,450,184,71,37,2627,0.15777777777777777,0.12333333333333334,0.01945925925925926
img-636.jpg,450,300,major_pothole,1,226,149,282,148,56,8288,0.3288888888888889,0.18666666666666668,0.061392592592592596
img-636.jpg,450,300,medium_pothole,302,75,317,85,15,10,150,0.03333333333333333,0.03333333333333333,0.0011111111111111111
img-637.jpg,464,300,major_pothole,143,57,191,68,48,11,528,0.10344827586206896,0.03666666666666667,0.003793103448275862
img-637.jpg,464,300,medium_pothole,100,232,157,255,57,23,1311,0.12284482758620689,0.07666666666666666,0.009418103448275861
img-638.jpg,533,300,major_pothole,22,27,489,272,467,245,114415,0.8761726078799249,0.8166666666666667,0.7155409631019387
img-639.jpg,534,300,major_pothole,92,28,383,103,291,75,21825,0.5449438202247191,0.25,0.13623595505617977
img-64.jpg,720,720,medium_pothole,209,333,456,476,247,143,35321,0.34305555555555556,0.1986111111111111,0.0681346450617284
img-640.jpg,400,300,major_pothole,66,131,303,242,237,111,26307,0.5925,0.37,0.219225
img-641.jpg,464,300,medium_pothole,13,87,202,173,189,86,16254,0.4073275862068966,0.2866666666666667,0.11676724137931034
img-642.jpg,300,400,major_pothole,86,135,173,159,87,24,2088,0.29,0.06,0.0174
img-642.jpg,300,400,major_pothole,77,209,247,301,170,92,15640,0.5666666666666667,0.23,0.13033333333333333
img-642.jpg,300,400,medium_pothole,218,330,294,381,76,51,3876,0.25333333333333335,0.1275,0.0323
img-643.jpg,400,300,major_pothole,170,169,315,215,145,46,6670,0.3625,0.15333333333333332,0.05558333333333333
img-644.jpg,300,399,major_pothole,101,28,244,64,143,36,5148,0.4766666666666667,0.09022556390977443,0.04300751879699248
img-644.jpg,300,399,major_pothole,104,83,196,138,92,55,5060,0.30666666666666664,0.13784461152882205,0.04227234753550543
img-644.jpg,300,399,major_pothole,29,163,248,361,219,198,43362,0.73,0.49624060150375937,0.3622556390977444
img-645.jpg,451,300,medium_pothole,171,227,384,289,213,62,13206,0.4722838137472284,0.20666666666666667,0.09760532150776054
img-646.jpg,534,300,major_pothole,143,174,397,244,254,70,17780,0.4756554307116105,0.23333333333333334,0.11098626716604244
img-647.jpg,533,300,major_pothole,189,83,386,265,197,182,35854,0.3696060037523452,0.6066666666666667,0.22422764227642275
img-648.jpg,720,266,major_pothole,262,231,419,262,157,31,4867,0.21805555555555556,0.11654135338345864,0.0254124895572264
img-648.jpg,720,266,major_pothole,144,213,240,237,96,24,2304,0.13333333333333333,0.09022556390977443,0.012030075187969926
img-648.jpg,720,266,medium_pothole,228,200,384,215,156,15,2340,0.21666666666666667,0.05639097744360902,0.012218045112781954
img-648.jpg,720,266,major_pothole,347,180,428,193,81,13,1053,0.1125,0.04887218045112782,0.00549812030075188
img-648.jpg,720,266,major_pothole,244,153,307,162,63,9,567,0.0875,0.03383458646616541,0.0029605263157894738
img-648.jpg,720,266,medium_pothole,1,194,88,248,87,54,4698,0.12083333333333333,0.20300751879699247,0.024530075187969926
img-648.jpg,720,266,major_pothole,159,128,217,141,58,13,754,0.08055555555555556,0.04887218045112782,0.0039369256474519635
img-648.jpg,720,266,major_pothole,326,124,378,134,52,10,520,0.07222222222222222,0.03759398496240601,0.0027151211361737676
img-648.jpg,720,266,medium_pothole,512,197,557,209,45,12,540,0.0625,0.045112781954887216,0.002819548872180451
img-648.jpg,720,266,medium_pothole,501,172,546,182,45,10,450,0.0625,0.03759398496240601,0.002349624060150376
img-648.jpg,720,266,major_pothole,459,158,515,170,56,12,672,0.07777777777777778,0.045112781954887216,0.0035087719298245615
img-648.jpg,720,266,medium_pothole,560,232,720,266,160,34,5440,0.2222222222222222,0.12781954887218044,0.028404344193817876
8d4997e8-img-649.jpg,532,300,major_pothole,151,71,359,175,208,104,21632,0.39097744360902253,0.3466666666666667,0.1355388471177945
8d4997e8-img-649.jpg,532,300,medium_pothole,359,208,510,299,151,91,13741,0.28383458646616544,0.30333333333333334,0.08609649122807017
img-65.jpg,720,720,medium_pothole,233,357,492,504,259,147,38073,0.3597222222222222,0.20416666666666666,0.07344328703703704
img-650.jpg,435,300,medium_pothole,206,193,269,218,63,25,1575,0.14482758620689656,0.08333333333333333,0.01206896551724138
img-650.jpg,435,300,medium_pothole,139,212,214,258,75,46,3450,0.1724137931034483,0.15333333333333332,0.026436781609195402
img-651.jpg,400,300,major_pothole,128,118,306,214,178,96,17088,0.445,0.32,0.1424
img-652.jpg,450,300,major_pothole,133,195,423,297,290,102,29580,0.6444444444444445,0.34,0.21911111111111112
img-652.jpg,450,300,major_pothole,1,150,194,229,193,79,15247,0.4288888888888889,0.2633333333333333,0.11294074074074074
img-652.jpg,450,300,major_pothole,1,107,111,142,110,35,3850,0.24444444444444444,0.11666666666666667,0.02851851851851852
img-653.jpg,450,300,medium_pothole,1,57,87,126,86,69,5934,0.19111111111111112,0.23,0.04395555555555555
img-653.jpg,450,300,minor_pothole,60,1,124,14,64,13,832,0.14222222222222222,0.043333333333333335,0.006162962962962963
img-653.jpg,450,300,major_pothole,52,80,379,259,327,179,58533,0.7266666666666667,0.5966666666666667,0.4335777777777778
img-654.jpg,450,300,medium_pothole,238,179,381,221,143,42,6006,0.31777777777777777,0.14,0.04448888888888889
img-654.jpg,450,300,minor_pothole,270,169,290,177,20,8,160,0.044444444444444446,0.02666666666666667,0.0011851851851851852
img-654.jpg,450,300,medium_pothole,43,43,80,52,37,9,333,0.08222222222222222,0.03,0.0024666666666666665
c0a58e21-img-655.jpg,534,300,major_pothole,0,190,165,273,165,83,13695,0.3089887640449438,0.27666666666666667,0.08548689138576779
c0a58e21-img-655.jpg,534,300,major_pothole,370,170,533,276,163,106,17278,0.3052434456928839,0.35333333333333333,0.10785268414481898
c0a58e21-img-655.jpg,534,300,major_pothole,103,86,282,145,179,59,10561,0.3352059925093633,0.19666666666666666,0.06592384519350812
c0a58e21-img-655.jpg,534,300,major_pothole,297,88,452,139,155,51,7905,0.2902621722846442,0.17,0.04934456928838951
c0a58e21-img-655.jpg,534,300,major_pothole,17,56,146,102,129,46,5934,0.24157303370786518,0.15333333333333332,0.03704119850187266
c0a58e21-img-655.jpg,534,300,medium_pothole,0,51,17,83,17,32,544,0.031835205992509365,0.10666666666666667,0.0033957553058676653
c0a58e21-img-655.jpg,534,300,medium_pothole,171,44,239,72,68,28,1904,0.12734082397003746,0.09333333333333334,0.011885143570536829
c0a58e21-img-655.jpg,534,300,medium_pothole,297,0,363,13,66,13,858,0.12359550561797752,0.043333333333333335,0.005355805243445693
c0a58e21-img-655.jpg,534,300,minor_pothole,481,49,533,106,52,57,2964,0.09737827715355805,0.19,0.01850187265917603
c0a58e21-img-655.jpg,534,300,medium_pothole,525,126,534,143,9,17,153,0.016853932584269662,0.056666666666666664,0.000955056179775281
img-656.jpg,300,440,major_pothole,76,199,234,295,158,96,15168,0.5266666666666666,0.21818181818181817,0.1149090909090909
img-656.jpg,300,440,medium_pothole,145,52,171,58,26,6,156,0.08666666666666667,0.013636363636363636,0.0011818181818181819
img-657.jpg,400,300,major_pothole,7,76,383,232,376,156,58656,0.94,0.52,0.4888
img-658.jpg,300,400,medium_pothole,224,175,283,226,59,51,3009,0.19666666666666666,0.1275,0.025075
img-658.jpg,300,400,medium_pothole,88,168,130,188,42,20,840,0.14,0.05,0.007
img-658.jpg,300,400,major_pothole,66,240,229,314,163,74,12062,0.5433333333333333,0.185,0.10051666666666667
img-658.jpg,300,400,medium_pothole,136,63,182,82,46,19,874,0.15333333333333332,0.0475,0.0072833333333333335
img-659.jpg,533,300,major_pothole,93,173,462,243,369,70,25830,0.6923076923076923,0.23333333333333334,0.16153846153846155
img-66.jpg,720,720,major_pothole,244,198,485,467,241,269,64829,0.3347222222222222,0.3736111111111111,0.1250559413580247
img-66.jpg,720,720,medium_pothole,414,212,504,306,90,94,8460,0.125,0.13055555555555556,0.016319444444444445
img-66.jpg,720,720,minor_pothole,374,27,435,66,61,39,2379,0.08472222222222223,0.05416666666666667,0.00458912037037037
img-66.jpg,720,720,minor_pothole,59,30,122,52,63,22,1386,0.0875,0.030555555555555555,0.002673611111111111
img-66.jpg,720,720,minor_pothole,137,47,207,119,70,72,5040,0.09722222222222222,0.1,0.009722222222222222
img-66.jpg,720,720,minor_pothole,287,160,320,185,33,25,825,0.04583333333333333,0.034722222222222224,0.001591435185185185
img-660.jpg,450,300,medium_pothole,212,226,288,274,76,48,3648,0.1688888888888889,0.16,0.027022222222222222
img-661.jpg,533,300,major_pothole,113,125,531,300,418,175,73150,0.7842401500938087,0.5833333333333334,0.45747342088805504
img-662.jpg,452,300,major_pothole,169,205,239,233,70,28,1960,0.15486725663716813,0.09333333333333334,0.014454277286135693
img-662.jpg,452,300,major_pothole,216,241,260,267,44,26,1144,0.09734513274336283,0.08666666666666667,0.008436578171091445
img-662.jpg,452,300,major_pothole,293,244,337,277,44,33,1452,0.09734513274336283,0.11,0.010707964601769912
img-662.jpg,452,300,medium_pothole,260,166,306,183,46,17,782,0.10176991150442478,0.056666666666666664,0.005766961651917404
img-662.jpg,452,300,medium_pothole,157,144,180,153,23,9,207,0.05088495575221239,0.03,0.0015265486725663717
cd8b432e-img-663.jpg,335,300,medium_pothole,142,171,190,207,48,36,1728,0.14328358208955225,0.12,0.017194029850746268
cd8b432e-img-663.jpg,335,300,medium_pothole,118,51,145,62,27,11,297,0.08059701492537313,0.03666666666666667,0.002955223880597015
cd8b432e-img-663.jpg,335,300,minor_pothole,222,128,247,141,25,13,325,0.07462686567164178,0.043333333333333335,0.003233830845771144
cd8b432e-img-663.jpg,335,300,minor_pothole,177,76,208,91,31,15,465,0.09253731343283582,0.05,0.004626865671641791
cd8b432e-img-663.jpg,335,300,minor_pothole,110,75,150,84,40,9,360,0.11940298507462686,0.03,0.003582089552238806
cd8b432e-img-663.jpg,335,300,minor_pothole,79,112,121,124,42,12,504,0.1253731343283582,0.04,0.005014925373134328
cd8b432e-img-663.jpg,335,300,minor_pothole,191,57,206,69,15,12,180,0.04477611940298507,0.04,0.001791044776119403
cd8b432e-img-663.jpg,335,300,minor_pothole,197,37,211,51,14,14,196,0.041791044776119404,0.04666666666666667,0.0019502487562189055
cd8b432e-img-663.jpg,335,300,major_pothole,52,232,157,276,105,44,4620,0.31343283582089554,0.14666666666666667,0.04597014925373134
cd8b432e-img-663.jpg,335,300,medium_pothole,69,153,123,181,54,28,1512,0.16119402985074627,0.09333333333333334,0.015044776119402985
cd8b432e-img-663.jpg,335,300,major_pothole,29,125,126,149,97,24,2328,0.28955223880597014,0.08,0.02316417910447761
cd8b432e-img-663.jpg,335,300,major_pothole,268,72,318,99,50,27,1350,0.14925373134328357,0.09,0.013432835820895522
cd8b432e-img-663.jpg,335,300,medium_pothole,262,64,294,74,32,10,320,0.0955223880597015,0.03333333333333333,0.0031840796019900496
cd8b432e-img-663.jpg,335,300,medium_pothole,257,54,283,64,26,10,260,0.07761194029850746,0.03333333333333333,0.0025870646766169153
cd8b432e-img-663.jpg,335,300,medium_pothole,248,48,271,56,23,8,184,0.06865671641791045,0.02666666666666667,0.0018308457711442786
cd8b432e-img-663.jpg,335,300,minor_pothole,244,42,261,50,17,8,136,0.050746268656716415,0.02666666666666667,0.0013532338308457712
cd8b432e-img-663.jpg,335,300,medium_pothole,232,21,252,28,20,7,140,0.05970149253731343,0.023333333333333334,0.0013930348258706469
img-664.jpg,400,300,major_pothole,1,57,377,227,376,170,63920,0.94,0.5666666666666667,0.5326666666666666
img-665.jpg,452,300,major_pothole,114,129,284,197,170,68,11560,0.37610619469026546,0.22666666666666666,0.08525073746312685
img-666.jpg,750,1000,major_pothole,162,366,551,578,389,212,82468,0.5186666666666667,0.212,0.10995733333333334
img-667.jpg,1000,750,major_pothole,415,394,616,522,201,128,25728,0.201,0.17066666666666666,0.034304
img-667.jpg,1000,750,medium_pothole,228,483,286,552,58,69,4002,0.058,0.092,0.005336
img-667.jpg,1000,750,medium_pothole,98,453,175,482,77,29,2233,0.077,0.03866666666666667,0.002977333333333333
img-667.jpg,1000,750,medium_pothole,659,451,722,493,63,42,2646,0.063,0.056,0.003528
img-668.jpg,750,1000,major_pothole,350,483,471,549,121,66,7986,0.16133333333333333,0.066,0.010648
img-669.jpg,408,306,major_pothole,264,96,351,159,87,63,5481,0.21323529411764705,0.20588235294117646,0.04390138408304498
img-67.jpg,720,720,medium_pothole,160,282,379,449,219,167,36573,0.30416666666666664,0.23194444444444445,0.07054976851851852
img-67.jpg,720,720,major_pothole,445,169,622,320,177,151,26727,0.24583333333333332,0.20972222222222223,0.051556712962962964
img-67.jpg,720,720,minor_pothole,552,0,705,47,153,47,7191,0.2125,0.06527777777777778,0.013871527777777778
img-670.jpg,116,116,medium_pothole,38,17,44,22,6,5,30,0.05172413793103448,0.04310344827586207,0.0022294887039239
img-670.jpg,116,116,medium_pothole,37,24,45,27,8,3,24,0.06896551724137931,0.02586206896551724,0.0017835909631391202
img-670.jpg,116,116,medium_pothole,31,32,39,36,8,4,32,0.06896551724137931,0.034482758620689655,0.0023781212841854932
img-670.jpg,116,116,medium_pothole,21,50,31,58,10,8,80,0.08620689655172414,0.06896551724137931,0.005945303210463734
img-670.jpg,116,116,medium_pothole,20,59,25,63,5,4,20,0.04310344827586207,0.034482758620689655,0.0014863258026159335
img-670.jpg,116,116,minor_pothole,18,63,21,66,3,3,9,0.02586206896551724,0.02586206896551724,0.00066884661117717
img-670.jpg,116,116,minor_pothole,62,22,66,24,4,2,8,0.034482758620689655,0.017241379310344827,0.0005945303210463733
img-670.jpg,116,116,minor_pothole,60,18,64,20,4,2,8,0.034482758620689655,0.017241379310344827,0.0005945303210463733
img-670.jpg,116,116,medium_pothole,56,9,61,12,5,3,15,0.04310344827586207,0.02586206896551724,0.00111474435196195
img-670.jpg,116,116,medium_pothole,1,59,15,69,14,10,140,0.1206896551724138,0.08620689655172414,0.010404280618311534
img-670.jpg,116,116,medium_pothole,0,68,26,81,26,13,338,0.22413793103448276,0.11206896551724138,0.025118906064209273
img-670.jpg,116,116,medium_pothole,0,98,6,105,6,7,42,0.05172413793103448,0.0603448275862069,0.00312128418549346
img-670.jpg,116,116,minor_pothole,26,38,35,43,9,5,45,0.07758620689655173,0.04310344827586207,0.00334423305588585
img-670.jpg,116,116,minor_pothole,22,41,26,47,4,6,24,0.034482758620689655,0.05172413793103448,0.0017835909631391202
img-670.jpg,116,116,minor_pothole,123,75,130,81,7,6,42,0.0603448275862069,0.05172413793103448,0.00312128418549346
img-670.jpg,116,116,minor_pothole,128,50,140,53,12,3,36,0.10344827586206896,0.02586206896551724,0.00267538644470868
img-671.jpg,116,116,major_pothole,0,21,78,115,78,94,7332,0.6724137931034483,0.8103448275862069,0.5448870392390012
img-672.jpg,731,409,major_pothole,63,92,511,225,448,133,59584,0.612859097127223,0.3251833740831296,0.1992915890413708
img-673.jpg,450,337,major_pothole,164,182,274,237,110,55,6050,0.24444444444444444,0.1632047477744807,0.03989449390042862
img-673.jpg,450,337,minor_pothole,337,291,383,313,46,22,1012,0.10222222222222223,0.06528189910979229,0.006673260797889878
img-674.jpg,427,352,major_pothole,206,97,280,125,74,28,2072,0.17330210772833723,0.07954545454545454,0.013785394932935917
img-676.jpg,424,310,major_pothole,163,138,360,211,197,73,14381,0.46462264150943394,0.23548387096774193,0.10941113816189897
img-676.jpg,424,344,major_pothole,61,14,259,86,198,72,14256,0.4669811320754717,0.20930232558139536,0.09774023694602896
img-677.jpg,425,407,major_pothole,44,147,407,345,363,198,71874,0.8541176470588235,0.4864864864864865,0.415516693163752
img-678.jpg,800,480,major_pothole,357,240,486,301,129,61,7869,0.16125,0.12708333333333333,0.0204921875
img-678.jpg,800,480,medium_pothole,514,157,554,175,40,18,720,0.05,0.0375,0.001875
img-679.jpg,2554,1916,major_pothole,558,912,1722,1534,1164,622,724008,0.4557556773688332,0.3246346555323591,0.14795408732954815
img-68.jpg,720,720,medium_pothole,331,255,564,404,233,149,34717,0.3236111111111111,0.20694444444444443,0.06696952160493827
img-68.jpg,720,720,medium_pothole,206,156,379,191,173,35,6055,0.24027777777777778,0.04861111111111111,0.01168016975308642
img-680.jpg,484,369,medium_pothole,74,82,429,212,355,130,46150,0.7334710743801653,0.3523035230352303,0.25840444354856773
img-681.jpg,1200,900,major_pothole,398,400,917,634,519,234,121446,0.4325,0.26,0.11245
img-682.jpg,714,502,major_pothole,323,352,621,456,298,104,30992,0.4173669467787115,0.20717131474103587,0.0864664590935976
img-683.jpg,1147,522,major_pothole,379,317,756,505,377,188,70876,0.32868352223190933,0.36015325670498083,0.11837644095708612
img-684.jpg,684,451,major_pothole,334,208,446,444,112,236,26432,0.16374269005847952,0.5232815964523282,0.08568353626119993
img-684.jpg,684,451,medium_pothole,369,99,396,124,27,25,675,0.039473684210526314,0.05543237250554324,0.002188119967324075
img-684.jpg,684,451,medium_pothole,371,139,396,151,25,12,300,0.03654970760233918,0.026607538802660754,0.0009724977632551445
img-684.jpg,684,451,medium_pothole,366,175,391,193,25,18,450,0.03654970760233918,0.03991130820399113,0.0014587466448827168
img-685.jpg,327,523,major_pothole,104,174,281,291,177,117,20709,0.5412844036697247,0.2237093690248566,0.1210903924079499
img-686.jpg,624,383,major_pothole,160,153,524,252,364,99,36036,0.5833333333333334,0.2584856396866841,0.15078328981723238
img-687.jpg,724,359,medium_pothole,463,195,616,346,153,151,23103,0.21132596685082872,0.4206128133704735,0.0888864094553625
img-688.jpg,723,603,medium_pothole,260,168,276,183,16,15,240,0.022130013831258646,0.024875621890547265,0.0005504978564989713
img-689.jpg,805,522,medium_pothole,40,261,63,277,23,16,368,0.02857142857142857,0.03065134099616858,0.000875752599890531
img-69.jpg,720,720,medium_pothole,330,332,441,437,111,105,11655,0.15416666666666667,0.14583333333333334,0.02248263888888889
img-69.jpg,720,720,minor_pothole,154,35,271,105,117,70,8190,0.1625,0.09722222222222222,0.01579861111111111
img-690.jpg,1000,563,major_pothole,305,253,387,278,82,25,2050,0.082,0.04440497335701599,0.003641207815275311
img-691.jpg,368,491,major_pothole,78,100,260,222,182,122,22204,0.4945652173913043,0.2484725050916497,0.1228858584964137
img-692.jpg,834,471,major_pothole,213,151,511,348,298,197,58706,0.35731414868105515,0.4182590233545648,0.14944986685810588
img-692.jpg,834,471,minor_pothole,678,93,740,123,62,30,1860,0.07434052757793765,0.06369426751592357,0.004735065450824054
img-692.jpg,834,471,medium_pothole,777,220,833,307,56,87,4872,0.0671462829736211,0.18471337579617833,0.012402816600223006
img-693.jpg,417,426,medium_pothole,251,252,334,271,83,19,1577,0.19904076738609114,0.04460093896713615,0.008877405118158994
img-693.jpg,417,426,medium_pothole,1,225,24,250,23,25,575,0.05515587529976019,0.05868544600938967,0.003236847142004706
img-693.jpg,417,426,medium_pothole,74,154,98,159,24,5,120,0.05755395683453238,0.011737089201877934,0.0006755159252879386
img-693.jpg,417,426,medium_pothole,23,149,40,157,17,8,136,0.0407673860911271,0.018779342723004695,0.0007655847153263305
img-693.jpg,417,426,minor_pothole,362,308,414,333,52,25,1300,0.12470023980815348,0.05868544600938967,0.007318089190619335
img-693.jpg,417,426,medium_pothole,3,168,32,180,29,12,348,0.06954436450839328,0.028169014084507043,0.0019589961833350223
img-693.jpg,417,426,medium_pothole,39,204,87,222,48,18,864,0.11510791366906475,0.04225352112676056,0.004863714662073158
img-693.jpg,417,426,medium_pothole,453,269,489,283,36,14,504,0.08633093525179857,0.03286384976525822,0.0028371668862093424
img-693.jpg,417,426,minor_pothole,28,311,87,345,59,34,2006,0.14148681055155876,0.07981220657276995,0.011292374551063375
img-693.jpg,417,426,minor_pothole,443,297,469,298,26,1,26,0.06235011990407674,0.002347417840375587,0.0001463617838123867
img-693.jpg,417,426,medium_pothole,57,160,83,166,26,6,156,0.06235011990407674,0.014084507042253521,0.0008781707028743202
img-694.jpg,563,1000,major_pothole,0,222,439,627,439,405,177795,0.7797513321492007,0.405,0.3157992895204263
img-695.jpg,1000,750,medium_pothole,729,333,853,379,124,46,5704,0.124,0.06133333333333333,0.007605333333333334
img-695.jpg,1000,750,medium_pothole,251,357,586,412,335,55,18425,0.335,0.07333333333333333,0.024566666666666667
img-696.jpg,1000,750,major_pothole,478,504,656,569,178,65,11570,0.178,0.08666666666666667,0.015426666666666667
img-697.jpg,795,1000,medium_pothole,378,86,683,226,305,140,42700,0.3836477987421384,0.14,0.05371069182389937
img-697.jpg,795,1000,major_pothole,386,369,794,576,408,207,84456,0.5132075471698113,0.207,0.10623396226415094
img-698.jpg,779,1000,major_pothole,61,276,569,636,508,360,182880,0.6521181001283697,0.36,0.2347625160462131
img-699.jpg,768,501,medium_pothole,420,308,505,329,85,21,1785,0.11067708333333333,0.041916167664670656,0.004639159181636727
img-699.jpg,768,501,medium_pothole,471,414,534,436,63,22,1386,0.08203125,0.043912175648702596,0.003602170658682635
img-699.jpg,768,501,minor_pothole,513,291,577,310,64,19,1216,0.08333333333333333,0.03792415169660679,0.003160345974717232
img-699.jpg,768,501,minor_pothole,399,347,474,392,75,45,3375,0.09765625,0.08982035928143713,0.008771519461077844
img-699.jpg,768,501,minor_pothole,455,398,519,416,64,18,1152,0.08333333333333333,0.03592814371257485,0.0029940119760479044
img-7.jpg,720,720,major_pothole,140,198,512,373,372,175,65100,0.5166666666666667,0.24305555555555555,0.1255787037037037
img-70.jpg,720,720,medium_pothole,255,250,456,356,201,106,21306,0.2791666666666667,0.14722222222222223,0.04109953703703704
img-70.jpg,720,720,minor_pothole,456,287,545,350,89,63,5607,0.12361111111111112,0.0875,0.010815972222222222
img-700.jpg,768,622,medium_pothole,461,369,502,396,41,27,1107,0.053385416666666664,0.04340836012861737,0.002317373392282958
img-701.jpg,768,907,medium_pothole,266,363,316,393,50,30,1500,0.06510416666666667,0.03307607497243661,0.002153390297684675
img-702.jpg,768,1024,medium_pothole,312,301,438,344,126,43,5418,0.1640625,0.0419921875,0.00688934326171875
img-703.jpg,768,939,major_pothole,394,224,574,305,180,81,14580,0.234375,0.08626198083067092,0.0202176517571885
img-703.jpg,768,939,medium_pothole,572,373,694,454,122,81,9882,0.15885416666666666,0.08626198083067092,0.013703075079872205
img-703.jpg,768,939,medium_pothole,475,475,641,577,166,102,16932,0.21614583333333334,0.10862619808306709,0.023479100106496273
img-703.jpg,768,939,minor_pothole,415,686,602,790,187,104,19448,0.24348958333333334,0.11075612353567625,0.026967962371317003
img-704.jpg,436,361,major_pothole,107,194,230,239,123,45,5535,0.28211009174311924,0.12465373961218837,0.03516607791811736
img-705.jpg,998,449,major_pothole,32,124,827,240,795,116,92220,0.7965931863727455,0.2583518930957684,0.20580135772658903
img-705.jpg,998,449,minor_pothole,861,165,997,231,136,66,8976,0.13627254509018036,0.14699331848552338,0.020031153621273726
img-706.jpg,960,540,major_pothole,308,192,601,391,293,199,58307,0.30520833333333336,0.3685185185185185,0.11247492283950618
img-707.jpg,1512,2016,medium_pothole,609,751,676,976,67,225,15075,0.04431216931216931,0.11160714285714286,0.004945554610733182
img-707.jpg,1512,2016,minor_pothole,502,1095,564,1349,62,254,15748,0.041005291005291,0.1259920634920635,0.0051663412278491645
img-708.jpg,1512,2016,medium_pothole,688,564,761,885,73,321,23433,0.04828042328042328,0.15922619047619047,0.007687507873519778
img-708.jpg,1512,2016,minor_pothole,609,1089,704,1518,95,429,40755,0.06283068783068783,0.21279761904761904,0.013370220773494583
img-709.jpg,1512,2016,medium_pothole,604,813,677,1027,73,214,15622,0.04828042328042328,0.10615079365079365,0.005125005249013185
img-709.jpg,1512,2016,minor_pothole,496,1123,563,1433,67,310,20770,0.04431216931216931,0.15376984126984128,0.006813875241454607
img-71.jpg,720,720,medium_pothole,290,327,435,443,145,116,16820,0.2013888888888889,0.16111111111111112,0.03244598765432099
img-71.jpg,720,720,minor_pothole,638,541,720,590,82,49,4018,0.11388888888888889,0.06805555555555555,0.007750771604938271
img-710.jpg,1512,2016,medium_pothole,615,768,914,869,299,101,30199,0.19775132275132276,0.05009920634920635,0.009907184324347023
img-710.jpg,1512,2016,minor_pothole,1140,897,1484,992,344,95,32680,0.2275132275132275,0.04712301587301587,0.010721109431426892
img-711.jpg,1200,1600,medium_pothole,363,752,699,886,336,134,45024,0.28,0.08375,0.02345
img-712.jpg,1200,1600,medium_pothole,340,667,765,805,425,138,58650,0.3541666666666667,0.08625,0.030546875
img-713.jpg,1200,1600,medium_pothole,304,596,662,708,358,112,40096,0.29833333333333334,0.07,0.020883333333333334
img-714.jpg,1200,1600,medium_pothole,484,766,672,927,188,161,30268,0.15666666666666668,0.100625,0.015764583333333332
img-715.jpg,1600,1200,medium_pothole,608,393,1041,708,433,315,136395,0.270625,0.2625,0.0710390625
img-716.jpg,1200,1600,medium_pothole,497,851,662,998,165,147,24255,0.1375,0.091875,0.0126328125
img-717.jpg,1200,1600,medium_pothole,667,878,725,913,58,35,2030,0.04833333333333333,0.021875,0.0010572916666666667
img-72.jpg,720,720,medium_pothole,260,287,493,433,233,146,34018,0.3236111111111111,0.20277777777777778,0.06562114197530865
img-73.jpg,720,720,medium_pothole,236,325,474,516,238,191,45458,0.33055555555555555,0.2652777777777778,0.08768904320987654
img-73.jpg,720,720,major_pothole,249,82,404,137,155,55,8525,0.2152777777777778,0.0763888888888889,0.01644483024691358
img-74.jpg,720,720,medium_pothole,311,322,415,378,104,56,5824,0.14444444444444443,0.07777777777777778,0.011234567901234569
img-75.jpg,720,720,medium_pothole,285,291,418,398,133,107,14231,0.18472222222222223,0.1486111111111111,0.027451774691358025
img-76.jpg,720,720,medium_pothole,194,211,377,359,183,148,27084,0.25416666666666665,0.20555555555555555,0.05224537037037037
img-76.jpg,720,720,medium_pothole,319,323,461,486,142,163,23146,0.19722222222222222,0.2263888888888889,0.04464891975308642
img-77.jpg,720,720,medium_pothole,257,359,407,471,150,112,16800,0.20833333333333334,0.15555555555555556,0.032407407407407406
img-77.jpg,720,720,medium_pothole,162,256,353,413,191,157,29987,0.2652777777777778,0.21805555555555556,0.057845293209876546
img-77.jpg,720,720,medium_pothole,253,15,329,49,76,34,2584,0.10555555555555556,0.04722222222222222,0.0049845679012345675
img-77.jpg,720,720,medium_pothole,470,351,720,720,250,369,92250,0.3472222222222222,0.5125,0.1779513888888889
img-78.jpg,720,720,medium_pothole,284,272,485,443,201,171,34371,0.2791666666666667,0.2375,0.06630208333333333
img-78.jpg,720,720,minor_pothole,146,171,202,251,56,80,4480,0.07777777777777778,0.1111111111111111,0.008641975308641974
img-79.jpg,720,720,major_pothole,106,236,609,449,503,213,107139,0.6986111111111111,0.29583333333333334,0.2066724537037037
img-8.jpg,720,720,medium_pothole,196,311,387,449,191,138,26358,0.2652777777777778,0.19166666666666668,0.05084490740740741
img-8.jpg,720,720,medium_pothole,383,273,498,391,115,118,13570,0.1597222222222222,0.1638888888888889,0.0261766975308642
img-80.jpg,720,720,medium_pothole,216,226,449,421,233,195,45435,0.3236111111111111,0.2708333333333333,0.08764467592592592
img-81.jpg,720,720,medium_pothole,235,327,526,464,291,137,39867,0.4041666666666667,0.19027777777777777,0.07690393518518518
img-81.jpg,720,720,minor_pothole,237,243,378,325,141,82,11562,0.19583333333333333,0.11388888888888889,0.02230324074074074
img-82.jpg,720,720,medium_pothole,221,182,470,395,249,213,53037,0.3458333333333333,0.29583333333333334,0.10230902777777778
img-82.jpg,720,720,minor_pothole,453,85,514,121,61,36,2196,0.08472222222222223,0.05,0.0042361111111111115
img-83.jpg,720,720,medium_pothole,276,263,468,474,192,211,40512,0.26666666666666666,0.29305555555555557,0.07814814814814815
img-84.jpg,720,720,medium_pothole,209,235,351,340,142,105,14910,0.19722222222222222,0.14583333333333334,0.028761574074074075
img-84.jpg,720,720,medium_pothole,269,344,385,438,116,94,10904,0.16111111111111112,0.13055555555555556,0.021033950617283952
img-84.jpg,720,720,minor_pothole,74,603,223,716,149,113,16837,0.20694444444444443,0.15694444444444444,0.03247878086419753
img-85.jpg,720,720,medium_pothole,231,289,383,381,152,92,13984,0.2111111111111111,0.12777777777777777,0.02697530864197531
img-85.jpg,720,720,minor_pothole,441,292,510,357,69,65,4485,0.09583333333333334,0.09027777777777778,0.00865162037037037
img-86.jpg,720,720,major_pothole,230,282,395,395,165,113,18645,0.22916666666666666,0.15694444444444444,0.035966435185185185
img-86.jpg,720,720,medium_pothole,357,378,514,464,157,86,13502,0.21805555555555556,0.11944444444444445,0.026045524691358023
img-87.jpg,720,720,major_pothole,235,265,440,530,205,265,54325,0.2847222222222222,0.3680555555555556,0.10479359567901235
img-88.jpg,720,720,medium_pothole,263,314,391,486,128,172,22016,0.17777777777777778,0.2388888888888889,0.04246913580246914
img-89.jpg,720,720,medium_pothole,228,249,438,387,210,138,28980,0.2916666666666667,0.19166666666666668,0.05590277777777778
img-89.jpg,720,720,minor_pothole,573,466,648,550,75,84,6300,0.10416666666666667,0.11666666666666667,0.012152777777777778
img-9.jpg,720,720,medium_pothole,264,289,480,416,216,127,27432,0.3,0.1763888888888889,0.05291666666666667
img-9.jpg,720,720,medium_pothole,388,37,498,84,110,47,5170,0.1527777777777778,0.06527777777777778,0.009972993827160494
img-90.jpg,720,720,medium_pothole,264,337,476,491,212,154,32648,0.29444444444444445,0.21388888888888888,0.06297839506172839
img-91.jpg,720,720,medium_pothole,296,315,386,421,90,106,9540,0.125,0.14722222222222223,0.01840277777777778
img-92.jpg,720,720,medium_pothole,171,279,524,493,353,214,75542,0.49027777777777776,0.2972222222222222,0.14572145061728395
img-93.jpg,720,720,medium_pothole,2,37,139,114,137,77,10549,0.19027777777777777,0.10694444444444444,0.020349151234567903
img-93.jpg,720,720,medium_pothole,0,141,141,261,141,120,16920,0.19583333333333333,0.16666666666666666,0.03263888888888889
img-93.jpg,720,720,medium_pothole,158,284,483,464,325,180,58500,0.4513888888888889,0.25,0.11284722222222222
img-94.jpg,720,720,medium_pothole,180,305,509,426,329,121,39809,0.45694444444444443,0.16805555555555557,0.0767920524691358
img-95.jpg,720,720,medium_pothole,288,233,440,366,152,133,20216,0.2111111111111111,0.18472222222222223,0.038996913580246914
img-95.jpg,720,720,minor_pothole,110,180,259,345,149,165,24585,0.20694444444444443,0.22916666666666666,0.04742476851851852
img-96.jpg,720,720,medium_pothole,257,306,382,409,125,103,12875,0.1736111111111111,0.14305555555555555,0.024836033950617283
img-97.jpg,720,720,major_pothole,245,263,477,348,232,85,19720,0.32222222222222224,0.11805555555555555,0.03804012345679012
img-97.jpg,720,720,medium_pothole,188,166,312,184,124,18,2232,0.17222222222222222,0.025,0.0043055555555555555
img-97.jpg,720,720,medium_pothole,151,87,237,127,86,40,3440,0.11944444444444445,0.05555555555555555,0.006635802469135803
img-98.jpg,720,720,minor_pothole,505,44,585,101,80,57,4560,0.1111111111111111,0.07916666666666666,0.008796296296296297
img-98.jpg,720,720,medium_pothole,234,243,492,426,258,183,47214,0.35833333333333334,0.25416666666666665,0.09107638888888889
img-98.jpg,720,720,medium_pothole,547,272,720,394,173,122,21106,0.24027777777777778,0.16944444444444445,0.040713734567901234
img-98.jpg,720,720,medium_pothole,653,345,720,420,67,75,5025,0.09305555555555556,0.10416666666666667,0.009693287037037037
img-99.jpg,720,720,medium_pothole,228,269,478,474,250,205,51250,0.3472222222222222,0.2847222222222222,0.09886188271604938
