bbox_width,bbox_height,bbox_area,rel_bbox_width,rel_bbox_height,rel_bbox_area,bbox_aspect_ratio,log_bbox_area
312,138,43056,0.4333333333333333,0.1916666666666666,0.0830555555555555,2.260869565217391,10.670280098263682
159,141,22419,0.2208333333333333,0.1958333333333333,0.0432465277777777,1.127659574468085,10.017708696626151
166,129,21414,0.2305555555555555,0.1791666666666666,0.0413078703703703,1.2868217054263567,9.971846890049472
157,94,14758,0.2180555555555555,0.1305555555555555,0.0284683641975308,1.6702127659574468,9.599608345181776
262,304,79648,0.3638888888888889,0.4222222222222222,0.153641975308642,0.8618421052631579,11.285384760331572
215,115,24725,0.2986111111111111,0.1597222222222222,0.0476948302469135,1.8695652173913044,10.115610600566873
245,171,41895,0.3402777777777778,0.2375,0.0808159722222222,1.432748538011696,10.642945635959324
65,59,3835,0.0902777777777777,0.0819444444444444,0.007397762345679,1.1016949152542372,8.252185436003328
151,113,17063,0.2097222222222222,0.1569444444444444,0.0329147376543209,1.336283185840708,9.744726260151186
43,37,1591,0.0597222222222222,0.0513888888888888,0.0030690586419753,1.162162162162162,7.3727463664043285
226,173,39098,0.3138888888888889,0.2402777777777777,0.075420524691358,1.30635838150289,10.57385217019883
172,128,22016,0.2388888888888889,0.1777777777777777,0.0424691358024691,1.34375,9.999570161213173
73,67,4891,0.1013888888888888,0.0930555555555555,0.009434799382716,1.0895522388059702,8.495356496807062
59,32,1888,0.0819444444444444,0.0444444444444444,0.0036419753086419,1.84375,7.543802867501509
118,122,14396,0.1638888888888889,0.1694444444444444,0.027770061728395,0.9672131147540983,9.574775130526355
48,63,3024,0.0666666666666666,0.0875,0.0058333333333333,0.7619047619047619,8.014666370464942
114,93,10602,0.1583333333333333,0.1291666666666666,0.0204513888888888,1.2258064516129032,9.268892258925797
172,166,28552,0.2388888888888889,0.2305555555555555,0.0550771604938271,1.036144578313253,10.259517288372871
168,94,15792,0.2333333333333333,0.1305555555555555,0.0304629629629629,1.7872340425531914,9.667322082870054
243,244,59292,0.3375,0.3388888888888889,0.114375,0.9959016393442623,10.990246534173238
505,317,160085,0.7013888888888888,0.4402777777777777,0.3088059413580247,1.5930599369085174,11.98346644981458
132,113,14916,0.1833333333333333,0.1569444444444444,0.0287731481481481,1.168141592920354,9.61025678115393
224,119,26656,0.3111111111111111,0.1652777777777777,0.0514197530864197,1.8823529411764706,10.190807059268902
235,146,34310,0.3263888888888889,0.2027777777777777,0.0661844135802469,1.6095890410958904,10.443221281449327
91,95,8645,0.1263888888888888,0.1319444444444444,0.016676311728395,0.9578947368421052,9.064852065227576
124,247,30628,0.1722222222222222,0.3430555555555555,0.0590817901234567,0.5020242914979757,10.329702551562889
108,38,4104,0.15,0.0527777777777777,0.0079166666666666,2.8421052631578947,8.31996102188653
349,444,154956,0.4847222222222222,0.6166666666666667,0.298912037037037,0.786036036036036,11.950902938058677
207,177,36639,0.2875,0.2458333333333333,0.0706770833333333,1.1694915254237288,10.508895818788067
158,123,19434,0.2194444444444444,0.1708333333333333,0.0374884259259259,1.2845528455284554,9.874830843286324
250,94,23500,0.3472222222222222,0.1305555555555555,0.0453317901234567,2.6595744680851063,10.064798252418377
216,142,30672,0.3,0.1972222222222222,0.0591666666666666,1.5211267605633803,10.33113806777952
182,169,30758,0.2527777777777777,0.2347222222222222,0.059332561728395,1.0769230769230769,10.3339379133382
168,108,18144,0.2333333333333333,0.15,0.035,1.5555555555555556,9.806150319647172
92,34,3128,0.1277777777777777,0.0472222222222222,0.0060339506172839,2.7058823529411766,8.048468743668883
95,39,3705,0.1319444444444444,0.0541666666666666,0.0071469907407407,2.4358974358974357,8.217708406845306
235,132,31020,0.3263888888888889,0.1833333333333333,0.0598379629629629,1.7803030303030303,10.3424196734772
81,64,5184,0.1125,0.0888888888888888,0.01,1.265625,8.553525120663627
48,26,1248,0.0666666666666666,0.0361111111111111,0.0024074074074074,1.8461538461538463,7.130098510125578
180,92,16560,0.25,0.1277777777777777,0.0319444444444444,1.9565217391304348,9.714805812589491
105,82,8610,0.1458333333333333,0.1138888888888888,0.0166087962962962,1.2804878048780488,9.060795734696166
183,135,24705,0.2541666666666666,0.1875,0.04765625,1.3555555555555556,10.11480140809676
168,196,32928,0.2333333333333333,0.2722222222222222,0.0635185185185185,0.8571428571428571,10.402109007463212
236,145,34220,0.3277777777777778,0.2013888888888889,0.0660108024691358,1.6275862068965516,10.440594769696007
230,69,15870,0.3194444444444444,0.0958333333333333,0.0306134259259259,3.3333333333333335,9.672248823507559
104,38,3952,0.1444444444444444,0.0527777777777777,0.0076234567901234,2.736842105263158,8.282230063296685
74,28,2072,0.1027777777777777,0.0388888888888888,0.0039969135802469,2.642857142857143,7.636752112435779
103,88,9064,0.1430555555555555,0.1222222222222222,0.0174845679012345,1.1704545454545454,9.112176123188952
487,212,103244,0.6763888888888889,0.2944444444444444,0.1991589506172839,2.297169811320755,11.544860083500573
45,41,1845,0.0625,0.0569444444444444,0.0035590277777777,1.0975609756097562,7.520776415062797
110,129,14190,0.1527777777777778,0.1791666666666666,0.0273726851851851,0.8527131782945736,9.560363239834537
162,142,23004,0.225,0.1972222222222222,0.044375,1.1408450704225352,10.043466862589568
114,56,6384,0.1583333333333333,0.0777777777777777,0.0123148148148148,2.0357142857142856,8.76170676846664
201,147,29547,0.2791666666666667,0.2041666666666666,0.0569965277777777,1.3673469387755102,10.293771338648629
255,114,29070,0.3541666666666667,0.1583333333333333,0.0560763888888888,2.236842105263158,10.277496392686066
357,98,34986,0.4958333333333333,0.1361111111111111,0.0674884259259259,3.642857142857143,10.462731842903445
170,110,18700,0.2361111111111111,0.1527777777777778,0.0360725308641975,1.5454545454545454,9.83633227734872
72,45,3240,0.1,0.0625,0.00625,1.6,8.083637203141548
147,91,13377,0.2041666666666666,0.1263888888888888,0.0258043981481481,1.6153846153846154,9.501366845678353
286,168,48048,0.3972222222222222,0.2333333333333333,0.0926851851851851,1.7023809523809523,10.779976602527347
311,118,36698,0.4319444444444444,0.1638888888888889,0.0707908950617283,2.635593220338983,10.510504785715026
343,121,41503,0.4763888888888888,0.1680555555555555,0.080059799382716,2.834710743801653,10.63354508711617
214,140,29960,0.2972222222222222,0.1944444444444444,0.0577932098765432,1.5285714285714285,10.307651814911244
82,44,3608,0.1138888888888888,0.0611111111111111,0.0069598765432098,1.8636363636363635,8.19118600464279
187,56,10472,0.2597222222222222,0.0777777777777777,0.0202006172839506,3.3392857142857144,9.256555795773146
123,59,7257,0.1708333333333333,0.0819444444444444,0.0139988425925925,2.0847457627118646,8.889859587773016
114,85,9690,0.1583333333333333,0.1180555555555555,0.0186921296296296,1.3411764705882352,9.17895289873455
89,54,4806,0.1236111111111111,0.075,0.0092708333333333,1.6481481481481481,8.47782846789396
248,170,42160,0.3444444444444444,0.2361111111111111,0.0813271604938271,1.4588235294117646,10.649250902099034
125,48,6000,0.1736111111111111,0.0666666666666666,0.011574074074074,2.6041666666666665,8.699681400989514
194,119,23086,0.2694444444444444,0.1652777777777777,0.0445331790123456,1.6302521008403361,10.047024967532325
64,34,2176,0.0888888888888888,0.0472222222222222,0.0041975308641975,1.8823529411764706,7.685703061234547
194,181,35114,0.2694444444444444,0.2513888888888889,0.0677353395061728,1.0718232044198894,10.46638366859312
139,94,13066,0.1930555555555555,0.1305555555555555,0.0252044753086419,1.4787234042553192,9.477845246989146
260,205,53300,0.3611111111111111,0.2847222222222222,0.1028163580246913,1.2682926829268293,10.883710371704016
58,51,2958,0.0805555555555555,0.0708333333333333,0.0057060185185185,1.1372549019607843,7.99260665240021
269,138,37122,0.3736111111111111,0.1916666666666666,0.0716087962962963,1.9492753623188406,10.521992002599978
191,144,27504,0.2652777777777778,0.2,0.0530555555555555,1.3263888888888888,10.222123085309558
155,97,15035,0.2152777777777778,0.1347222222222222,0.0290027006172839,1.597938144329897,9.618202604684068
74,28,2072,0.1027777777777777,0.0388888888888888,0.0039969135802469,2.642857142857143,7.636752112435779
311,159,49449,0.4319444444444444,0.2208333333333333,0.0953877314814814,1.9559748427672956,10.808717337050858
292,194,56648,0.4055555555555555,0.2694444444444444,0.1092746913580246,1.5051546391752577,10.944629614049688
153,119,18207,0.2125,0.1652777777777777,0.0351215277777777,1.2857142857142858,9.809616336926057
99,48,4752,0.1375,0.0666666666666666,0.0091666666666666,2.0625,8.46653127661401
147,94,13818,0.2041666666666666,0.1305555555555555,0.0266550925925925,1.5638297872340425,9.533799735803484
241,156,37596,0.3347222222222222,0.2166666666666666,0.0725231481481481,1.544871794871795,10.534679538960773
262,108,28296,0.3638888888888889,0.15,0.0545833333333333,2.425925925925926,10.250511070945045
298,93,27714,0.4138888888888888,0.1291666666666666,0.0534606481481481,3.204301075268817,10.229729061853906
274,133,36442,0.3805555555555555,0.1847222222222222,0.0702970679012345,2.0601503759398496,10.503504675098267
227,208,47216,0.3152777777777777,0.2888888888888888,0.0910802469135802,1.0913461538461537,10.76250927621971
143,192,27456,0.1986111111111111,0.2666666666666666,0.0529629629629629,0.7447916666666666,10.22037642353585
82,77,6314,0.1138888888888888,0.1069444444444444,0.0121797839506172,1.0649350649350648,8.750683034784592
189,118,22302,0.2625,0.1638888888888889,0.0430208333333333,1.6016949152542372,10.012476477547958
192,102,19584,0.2666666666666666,0.1416666666666666,0.0377777777777777,1.8823529411764706,9.882519246099932
151,79,11929,0.2097222222222222,0.1097222222222222,0.0230111882716049,1.9113924050632911,9.386811515091962
77,65,5005,0.1069444444444444,0.0902777777777777,0.0096547067901234,1.1846153846153846,8.518392471991719
136,86,11696,0.1888888888888888,0.1194444444444444,0.0225617283950617,1.5813953488372092,9.367087677650707
178,89,15842,0.2472222222222222,0.1236111111111111,0.0305594135802469,2.0,9.670483041375043
84,59,4956,0.1166666666666666,0.0819444444444444,0.0095601851851851,1.423728813559322,8.508555998020574
92,44,4048,0.1277777777777777,0.0611111111111111,0.0078086419753086,2.090909090909091,8.30622521603216
52,31,1612,0.0722222222222222,0.0430555555555555,0.0031095679012345,1.6774193548387097,7.385851078125209
289,142,41038,0.4013888888888889,0.1972222222222222,0.0791628086419753,2.035211267605634,10.62227811307605
175,122,21350,0.2430555555555555,0.1694444444444444,0.0411844135802469,1.4344262295081966,9.968853855967382
222,207,45954,0.3083333333333333,0.2875,0.0886458333333333,1.0724637681159421,10.73541793579221
290,137,39730,0.4027777777777778,0.1902777777777777,0.0766396604938271,2.116788321167883,10.589887018388692
243,122,29646,0.3375,0.1694444444444444,0.0571875,1.9918032786885247,10.297116218868338
239,138,32982,0.3319444444444444,0.1916666666666666,0.0636226851851851,1.7318840579710144,10.403747556197336
207,134,27738,0.2875,0.1861111111111111,0.0535069444444444,1.544776119402985,10.230594644192365
147,112,16464,0.2041666666666666,0.1555555555555555,0.0317592592592592,1.3125,9.708992194810465
135,91,12285,0.1875,0.1263888888888888,0.0236979166666666,1.4835164835164836,9.416215681723873
311,190,59090,0.4319444444444444,0.2638888888888889,0.1139853395061728,1.6368421052631579,10.986833907533804
158,87,13746,0.2194444444444444,0.1208333333333333,0.0265162037037037,1.8160919540229885,9.52857589747142
139,103,14317,0.1930555555555555,0.1430555555555555,0.0276176697530864,1.3495145631067962,9.56927276595613
208,129,26832,0.2888888888888888,0.1791666666666666,0.0517592592592592,1.6124031007751938,10.197387752301138
159,72,11448,0.2208333333333333,0.1,0.0220833333333333,2.2083333333333335,9.345657668923812
255,215,54825,0.3541666666666667,0.2986111111111111,0.1057581018518518,1.186046511627907,10.911919812973826
216,115,24840,0.3,0.1597222222222222,0.0479166666666666,1.8782608695652174,10.12025079288605
65,38,2470,0.0902777777777777,0.0527777777777777,0.0047646604938271,1.7105263157894737,7.81237820598861
161,76,12236,0.2236111111111111,0.1055555555555555,0.0236033950617283,2.1184210526315788,9.412219427985669
147,97,14259,0.2041666666666666,0.1347222222222222,0.027505787037037,1.5154639175257731,9.565213693968287
80,55,4400,0.1111111111111111,0.0763888888888889,0.0084876543209876,1.4545454545454546,8.38958706681109
159,124,19716,0.2208333333333333,0.1722222222222222,0.0380324074074074,1.282258064516129,9.889236486766269
155,53,8215,0.2152777777777778,0.0736111111111111,0.015846836419753,2.9245283018867925,9.013838751608395
227,83,18841,0.3152777777777777,0.1152777777777777,0.0363445216049382,2.7349397590361444,9.843843699608612
50,40,2000,0.0694444444444444,0.0555555555555555,0.003858024691358,1.25,7.601402334583733
230,105,24150,0.3194444444444444,0.1458333333333333,0.0465856481481481,2.1904761904761907,10.092081066090932
182,240,43680,0.2527777777777777,0.3333333333333333,0.0842592592592592,0.7583333333333333,10.684668503929622
109,94,10246,0.1513888888888888,0.1305555555555555,0.0197646604938271,1.1595744680851063,9.234740258799718
151,91,13741,0.2097222222222222,0.1263888888888888,0.0265065586419753,1.6593406593406594,9.528212115591021
99,83,8217,0.1375,0.1152777777777777,0.0158506944444444,1.1927710843373494,9.014082149443356
67,80,5360,0.0930555555555555,0.1111111111111111,0.0103395061728395,0.8375,8.586905803827538
114,65,7410,0.1583333333333333,0.0902777777777777,0.0142939814814814,1.7538461538461538,8.910720661951359
62,44,2728,0.0861111111111111,0.0611111111111111,0.0052623456790123,1.4090909090909092,7.911690520708339
165,121,19965,0.2291666666666666,0.1680555555555555,0.0385127314814814,1.3636363636363635,9.90178610589637
86,45,3870,0.1194444444444444,0.0625,0.0074652777777777,1.9111111111111112,8.261268150577648
133,73,9709,0.1847222222222222,0.1013888888888888,0.0187287808641975,1.821917808219178,9.18091156128537
103,67,6901,0.1430555555555555,0.0930555555555555,0.0133121141975308,1.537313432835821,8.839566503657949
55,64,3520,0.0763888888888889,0.0888888888888888,0.0067901234567901,0.859375,8.166500319155052
370,292,108040,0.5138888888888888,0.4055555555555555,0.2084104938271604,1.2671232876712328,11.59026606369489
441,218,96138,0.6125,0.3027777777777777,0.1854513888888889,2.022935779816514,11.47355033989604
326,195,63570,0.4527777777777778,0.2708333333333333,0.1226273148148148,1.6717948717948719,11.059912670497306
159,136,21624,0.2208333333333333,0.1888888888888888,0.0417129629629629,1.1691176470588236,9.98160533180008
118,143,16874,0.1638888888888889,0.1986111111111111,0.0325501543209876,0.8251748251748252,9.733588515740731
148,147,21756,0.2055555555555555,0.2041666666666666,0.0419675925925925,1.0068027210884354,9.987690823818202
210,193,40530,0.2916666666666667,0.2680555555555555,0.0781828703703703,1.0880829015544042,10.609822392399646
260,272,70720,0.3611111111111111,0.3777777777777777,0.1364197530864197,0.9558823529411765,11.166497837483046
157,124,19468,0.2180555555555555,0.1722222222222222,0.037554012345679,1.2661290322580645,9.87657873597891
298,176,52448,0.4138888888888888,0.2444444444444444,0.1011728395061728,1.6931818181818181,10.867596547865759
201,186,37386,0.2791666666666667,0.2583333333333333,0.0721180555555555,1.0806451612903225,10.529078329395084
228,202,46056,0.3166666666666666,0.2805555555555555,0.0888425925925926,1.1287128712871286,10.737635038817514
146,117,17082,0.2027777777777777,0.1625,0.0329513888888888,1.2478632478632479,9.745839095947058
183,91,16653,0.2541666666666666,0.1263888888888888,0.0321238425925925,2.010989010989011,9.720405706795765
145,87,12615,0.2013888888888889,0.1208333333333333,0.0243344907407407,1.6666666666666667,9.442721128642875
97,54,5238,0.1347222222222222,0.075,0.0101041666666666,1.7962962962962963,8.56388591940822
95,103,9785,0.1319444444444444,0.1430555555555555,0.0188753858024691,0.9223300970873787,9.188708071849069
85,75,6375,0.1180555555555555,0.1041666666666666,0.0122974537037037,1.1333333333333333,8.760296220470051
302,138,41676,0.4194444444444444,0.1916666666666666,0.0803935185185185,2.1884057971014492,10.637704696869411
165,254,41910,0.2291666666666666,0.3527777777777778,0.0808449074074074,0.6496062992125984,10.643303601288238
270,174,46980,0.375,0.2416666666666666,0.090625,1.5517241379310345,10.757498543639837
167,76,12692,0.2319444444444444,0.1055555555555555,0.024483024691358,2.1973684210526314,9.448805939388178
130,86,11180,0.1805555555555555,0.1194444444444444,0.0215663580246913,1.5116279069767442,9.321971188147367
43,37,1591,0.0597222222222222,0.0513888888888888,0.0030690586419753,1.162162162162162,7.3727463664043285
191,275,52525,0.2652777777777778,0.3819444444444444,0.1013213734567901,0.6945454545454546,10.86906356408504
109,113,12317,0.1513888888888888,0.1569444444444444,0.0237596450617283,0.9646017699115044,9.418816886246988
38,20,760,0.0527777777777777,0.0277777777777777,0.001466049382716,1.9,6.634633357861686
102,76,7752,0.1416666666666666,0.1055555555555555,0.0149537037037037,1.3421052631578947,8.955835144218959
63,30,1890,0.0875,0.0416666666666666,0.0036458333333333,2.1,7.544861068658458
30,19,570,0.0416666666666666,0.0263888888888888,0.001099537037037,1.5789473684210527,6.3473892096560105
247,166,41002,0.3430555555555555,0.2305555555555555,0.0790933641975308,1.4879518072289157,10.621400513741305
230,198,45540,0.3194444444444444,0.275,0.0878472222222222,1.1616161616161615,10.726368298094252
120,70,8400,0.1666666666666666,0.0972222222222222,0.0162037037037037,1.7142857142857142,9.036106025364846
170,110,18700,0.2361111111111111,0.1527777777777778,0.0360725308641975,1.5454545454545454,9.83633227734872
123,123,15129,0.1708333333333333,0.1708333333333333,0.0291840277777777,1.0,9.624434806782402
432,149,64368,0.6,0.2069444444444444,0.1241666666666666,2.8993288590604025,11.07238742973879
54,26,1404,0.075,0.0361111111111111,0.0027083333333333,2.076923076923077,7.247792581767846
67,40,2680,0.0930555555555555,0.0555555555555555,0.0051697530864197,1.675,7.893945138235959
170,160,27200,0.2361111111111111,0.2222222222222222,0.0524691358024691,1.0625,10.211009016314167
159,51,8109,0.2208333333333333,0.0708333333333333,0.0156423611111111,3.1176470588235294,9.000853147109458
224,121,27104,0.3111111111111111,0.1680555555555555,0.0522839506172839,1.8512396694214877,10.207473491694438
86,33,2838,0.1194444444444444,0.0458333333333333,0.005474537037037,2.606060606060606,7.951207156472972
71,24,1704,0.0986111111111111,0.0333333333333333,0.003287037037037,2.9583333333333335,7.4413203897176174
112,80,8960,0.1555555555555555,0.1111111111111111,0.0172839506172839,1.4,9.10063710688422
275,267,73425,0.3819444444444444,0.3708333333333333,0.1416377314814814,1.0299625468164795,11.204033375313541
163,119,19397,0.2263888888888889,0.1652777777777777,0.0374170524691358,1.3697478991596639,9.872925246953487
115,75,8625,0.1597222222222222,0.1041666666666666,0.0166377314814814,1.5333333333333334,9.062536177207788
221,196,43316,0.3069444444444444,0.2722222222222222,0.0835570987654321,1.1275510204081634,10.67630044663933
258,206,53148,0.3583333333333333,0.2861111111111111,0.1025231481481481,1.2524271844660195,10.880854568917648
120,82,9840,0.1666666666666666,0.1138888888888888,0.0189814814814814,1.4634146341463414,9.194312610898985
65,43,2795,0.0902777777777777,0.0597222222222222,0.0053915895061728,1.5116279069767442,7.935945103353701
102,100,10200,0.1416666666666666,0.1388888888888889,0.0196759259259259,1.02,9.23024103368252
32,89,2848,0.0444444444444444,0.1236111111111111,0.0054938271604938,0.3595505617977528,7.954723334497908
277,124,34348,0.3847222222222222,0.1722222222222222,0.0662577160493827,2.2338709677419355,10.444328185145217
223,132,29436,0.3097222222222222,0.1833333333333333,0.0567824074074074,1.6893939393939394,10.29000766547652
134,108,14472,0.1861111111111111,0.15,0.0279166666666666,1.2407407407407407,9.580040123637605
101,60,6060,0.1402777777777777,0.0833333333333333,0.0116898148148148,1.6833333333333333,8.709630081951286
175,214,37450,0.2430555555555555,0.2972222222222222,0.072241512345679,0.8177570093457944,10.530788690858559
35,28,980,0.0486111111111111,0.0388888888888888,0.0018904320987654,1.25,6.8885724595653635
36,15,540,0.05,0.0208333333333333,0.0010416666666666,2.4,6.293419278846481
39,19,741,0.0541666666666666,0.0263888888888888,0.0014293981481481,2.0526315789473686,6.60934924316738
273,157,42861,0.3791666666666666,0.2180555555555555,0.0826793981481481,1.7388535031847134,10.665740931494621
225,185,41625,0.3125,0.2569444444444444,0.0802951388888889,1.2162162162162162,10.636480251018197
142,113,16046,0.1972222222222222,0.1569444444444444,0.0309529320987654,1.2566371681415929,9.68327719519936
163,116,18908,0.2263888888888889,0.1611111111111111,0.0364737654320987,1.4051724137931034,9.84739327818122
103,89,9167,0.1430555555555555,0.1236111111111111,0.0176832561728395,1.1573033707865168,9.12347443895452
249,141,35109,0.3458333333333333,0.1958333333333333,0.0677256944444444,1.7659574468085106,10.466241269162477
160,116,18560,0.2222222222222222,0.1611111111111111,0.0358024691358024,1.3793103448275863,9.828817884199099
188,122,22936,0.2611111111111111,0.1694444444444444,0.0442438271604938,1.540983606557377,10.040506606194215
382,224,85568,0.5305555555555556,0.3111111111111111,0.1650617283950617,1.7053571428571428,11.357078347005144
490,207,101430,0.6805555555555556,0.2875,0.1956597222222222,2.367149758454106,11.527134043337512
364,232,84448,0.5055555555555555,0.3222222222222222,0.1629012345679012,1.5689655172413792,11.343903080839608
192,86,16512,0.2666666666666666,0.1194444444444444,0.0318518518518518,2.2325581395348837,9.711903228462988
121,73,8833,0.1680555555555555,0.1013888888888888,0.0170389660493827,1.6575342465753424,9.086363192156472
184,121,22264,0.2555555555555555,0.1680555555555555,0.0429475308641975,1.5206611570247934,10.010771217755803
359,94,33746,0.4986111111111111,0.1305555555555555,0.0650964506172839,3.8191489361702127,10.426646803460935
249,144,35856,0.3458333333333333,0.2,0.0691666666666666,1.7291666666666667,10.487294084986926
137,56,7672,0.1902777777777777,0.0777777777777777,0.0147993827160493,2.4464285714285716,8.945462952177666
159,190,30210,0.2208333333333333,0.2638888888888889,0.0582754629629629,0.8368421052631579,10.315961375454851
96,98,9408,0.1333333333333333,0.1361111111111111,0.0181481481481481,0.9795918367346939,9.149421957006766
154,195,30030,0.2138888888888888,0.2708333333333333,0.0579282407407407,0.7897435897435897,10.309985460456241
61,35,2135,0.0847222222222222,0.0486111111111111,0.0041184413580246,1.7428571428571429,7.666690200080086
215,170,36550,0.2986111111111111,0.2361111111111111,0.0705054012345679,1.2647058823529411,10.506463824584774
63,58,3654,0.0875,0.0805555555555555,0.0070486111111111,1.0862068965517242,8.203851372183879
146,115,16790,0.2027777777777777,0.1597222222222222,0.0323881172839506,1.2695652173913043,9.72859830755947
58,49,2842,0.0805555555555555,0.0680555555555555,0.0054822530864197,1.183673469387755,7.952615111651
252,106,26712,0.35,0.1472222222222222,0.0515277777777777,2.3773584905660377,10.192905617280958
101,86,8686,0.1402777777777777,0.1194444444444444,0.0167554012345679,1.1744186046511629,9.06958293425992
216,121,26136,0.3,0.1680555555555555,0.0504166666666666,1.7851239669421488,10.171107213950854
74,63,4662,0.1027777777777777,0.0875,0.0089930555555555,1.1746031746031746,8.44741429680832
242,122,29524,0.3361111111111111,0.1694444444444444,0.0569521604938271,1.9836065573770492,10.292992641065563
160,105,16800,0.2222222222222222,0.1458333333333333,0.0324074074074074,1.5238095238095237,9.729193687429403
237,158,37446,0.3291666666666666,0.2194444444444444,0.0722337962962963,1.5,10.530681878927565
59,47,2773,0.0819444444444444,0.0652777777777777,0.0053491512345679,1.2553191489361701,7.928045600874777
114,75,8550,0.1583333333333333,0.1041666666666666,0.0164930555555555,1.52,9.053803514155955
122,164,20008,0.1694444444444444,0.2277777777777777,0.0385956790123456,0.7439024390243902,9.903937451316493
194,142,27548,0.2694444444444444,0.1972222222222222,0.0531404320987654,1.3661971830985915,10.223721516281632
113,35,3955,0.1569444444444444,0.0486111111111111,0.0076292438271604,3.2285714285714286,8.282988692742602
236,219,51684,0.3277777777777778,0.3041666666666666,0.099699074074074,1.0776255707762556,10.852922883002584
93,83,7719,0.1291666666666666,0.1152777777777777,0.0148900462962962,1.1204819277108433,8.951569643018821
147,93,13671,0.2041666666666666,0.1291666666666666,0.0263715277777777,1.5806451612903225,9.523105224795426
135,54,7290,0.1875,0.075,0.0140625,2.5,8.89439598980643
363,164,59532,0.5041666666666667,0.2277777777777777,0.1148379629629629,2.2134146341463414,10.994286059636607
91,111,10101,0.1263888888888888,0.1541666666666666,0.0194849537037037,0.8198198198198198,9.220488703027998
91,120,10920,0.1263888888888888,0.1666666666666666,0.0210648148148148,0.7583333333333333,9.298442820197728
163,133,21679,0.2263888888888889,0.1847222222222222,0.0418190586419753,1.2255639097744362,9.984145455553582
67,64,4288,0.0930555555555555,0.0888888888888888,0.0082716049382716,1.046875,8.36380888451688
71,45,3195,0.0986111111111111,0.0625,0.0061631944444444,1.5777777777777777,8.069655306886165
74,77,5698,0.1027777777777777,0.1069444444444444,0.010991512345679,0.961038961038961,8.648045999835
206,158,32548,0.2861111111111111,0.2194444444444444,0.0627854938271604,1.3037974683544304,10.39050192519858
417,157,65469,0.5791666666666667,0.2180555555555555,0.1262905092592592,2.656050955414013,11.089347301435136
156,136,21216,0.2166666666666666,0.1888888888888888,0.0409259259259259,1.1470588235294117,9.962558026113117
89,87,7743,0.1236111111111111,0.1208333333333333,0.0149363425925925,1.0229885057471264,8.954673628956414
200,167,33400,0.2777777777777778,0.2319444444444444,0.064429012345679,1.1976047904191616,10.416341118636355
85,174,14790,0.1180555555555555,0.2416666666666666,0.0285300925925925,0.4885057471264368,9.60177416667137
214,205,43870,0.2972222222222222,0.2847222222222222,0.0846257716049382,1.0439024390243903,10.689008788520935
338,192,64896,0.8428927680798005,0.64,0.5394513715710724,1.7604166666666667,11.080556676662296
66,40,2640,0.123827392120075,0.1333333333333333,0.0165103189493433,1.65,7.878912912297133
55,25,1375,0.1031894934333958,0.0833333333333333,0.0085991244527829,2.2,7.226936018493289
30,16,480,0.0562851782363977,0.0533333333333333,0.0030018761726078,1.875,6.175867270105761
94,45,4230,0.1763602251407129,0.15,0.0264540337711069,2.088888888888889,8.350193650720067
109,50,5450,0.2045028142589118,0.1666666666666666,0.0340838023764853,2.18,8.603554357064281
107,116,12412,0.3566666666666667,0.2624434389140271,0.093604826546003,0.9224137931034483,9.426499589515949
532,146,77672,0.99812382739212,0.4866666666666667,0.4857535959974984,3.643835616438356,11.260262985619487
323,112,36176,0.6026119402985075,0.3733333333333333,0.2249751243781094,2.8839285714285716,10.496178836771703
159,101,16059,0.53,0.2274774774774774,0.120563063063063,1.5742574257425743,9.684086987500752
43,16,688,0.1433333333333333,0.036036036036036,0.0051651651651651,2.6875,6.535241271013659
39,7,273,0.13,0.0157657657657657,0.0020495495495495,5.571428571428571,5.6131281063880705
79,40,3160,0.147940074906367,0.1333333333333333,0.0197253433208489,1.975,8.058643712215618
36,18,648,0.0674157303370786,0.06,0.0040449438202247,2.0,6.47543271670409
16,11,176,0.0299625468164794,0.0366666666666666,0.0010986267166042,1.4545454545454546,5.176149732573829
16,8,128,0.0299625468164794,0.0266666666666666,0.0007990012484394,2.0,4.859812404361672
398,158,62884,0.7467166979362101,0.5266666666666666,0.393270794246404,2.518987341772152,11.049062940481257
117,44,5148,0.2605790645879732,0.1466666666666666,0.038218262806236,2.659090909090909,8.546557800046141
67,30,2010,0.1492204899777283,0.1,0.0149220489977728,2.2333333333333334,7.606387389772652
116,84,9744,0.2560706401766004,0.28,0.0716997792494481,1.380952380952381,9.184509611941662
204,168,34272,0.4503311258278146,0.56,0.2521854304635761,1.2142857142857142,10.442113151159798
163,73,11899,0.3598233995584989,0.2433333333333333,0.0875570272259014,2.232876712328767,9.38429367909962
224,204,45696,0.3111111111111111,0.2833333333333333,0.0881481481481481,1.0980392156862746,10.729787929213312
230,42,9660,0.7666666666666667,0.14,0.1073333333333333,5.476190476190476,9.17585244151751
145,17,2465,0.4833333333333333,0.0566666666666666,0.0273888888888888,8.529411764705882,7.81035268372429
63,15,945,0.21,0.05,0.0105,4.2,6.852242569051878
299,95,28405,0.9966666666666668,0.3166666666666666,0.3156111111111111,3.1473684210526316,10.254355669441074
148,71,10508,0.2771535580524344,0.2366666666666666,0.0655930087390761,2.084507042253521,9.259987311865597
112,46,5152,0.2097378277153558,0.1533333333333333,0.0321598002496878,2.4347826086956523,8.547334348328224
43,17,731,0.0805243445692883,0.0566666666666666,0.0045630461922596,2.5294117647058822,6.595780513961311
41,20,820,0.0767790262172284,0.0666666666666666,0.0051186017478152,2.05,6.710523109452428
54,14,756,0.1011235955056179,0.0466666666666666,0.0047191011235955,3.857142857142857,6.6293632534374485
227,172,39044,0.5675,0.5733333333333334,0.3253666666666667,1.319767441860465,10.572470106096775
195,44,8580,0.4276315789473684,0.1466666666666666,0.062719298245614,4.431818181818182,9.057305735807121
78,58,4524,0.1710526315789473,0.1933333333333333,0.0330701754385964,1.3448275862068966,8.417372856134026
52,35,1820,0.0905923344947735,0.1166666666666666,0.0105691056910569,1.4857142857142858,7.507141079727608
106,61,6466,0.1846689895470383,0.2033333333333333,0.0375493612078977,1.7377049180327868,8.774467601446593
237,159,37683,0.4446529080675422,0.53,0.2356660412757973,1.490566037735849,10.536990880168558
115,118,13570,0.2157598499061913,0.3933333333333333,0.0848655409631019,0.9745762711864406,9.51569044208137
528,149,78672,0.9906191369606004,0.4966666666666666,0.4920075046904315,3.5436241610738257,11.27305530057358
108,25,2700,0.2394678492239468,0.0833333333333333,0.0199556541019955,4.32,7.901377353792616
73,18,1314,0.1618625277161862,0.06,0.0097117516629711,4.055555555555555,7.181591944611865
268,115,30820,0.5942350332594235,0.3833333333333333,0.227790096082779,2.3304347826086955,10.335951554811068
336,206,69216,0.7466666666666667,0.6866666666666666,0.5127111111111111,1.6310679611650485,11.145001776175004
489,128,62592,0.9174484052532832,0.4266666666666667,0.3914446529080675,3.8203125,11.044408729749485
164,203,33292,0.3644444444444444,0.6766666666666666,0.2466074074074074,0.8078817733990148,10.413102443661062
162,90,14580,0.36,0.3,0.108,1.8,9.587474590316285
285,90,25650,0.5828220858895705,0.3,0.1748466257668711,3.1666666666666665,10.152337836193743
143,87,12441,0.1986111111111111,0.1208333333333333,0.0239988425925925,1.6436781609195403,9.428833125074965
251,223,55973,0.3486111111111111,0.3097222222222222,0.1079726080246913,1.1255605381165918,10.932642576189016
610,127,77470,0.8866279069767442,0.4233333333333333,0.3753391472868217,4.803149606299213,11.257658951765176
86,35,3010,0.125,0.1166666666666666,0.0145833333333333,2.4571428571428573,8.010027528481734
253,140,35420,0.8433333333333334,0.4666666666666667,0.3935555555555555,1.8071428571428572,10.47506014357522
187,132,24684,0.4155555555555555,0.44,0.1828444444444444,1.4166666666666667,10.113951050692963
43,21,903,0.0806754221388367,0.07,0.0056472795497185,2.0476190476190474,6.806829360392176
97,41,3977,0.1819887429643527,0.1366666666666666,0.0248717948717948,2.3658536585365852,8.288534459413917
50,15,750,0.0938086303939962,0.05,0.0046904315196998,3.3333333333333335,6.621405651764134
47,25,1175,0.0881801125703564,0.0833333333333333,0.0073483427141963,1.88,7.069874128458572
40,22,880,0.075046904315197,0.0733333333333333,0.0055034396497811,1.8181818181818181,6.78105762593618
109,81,8829,0.2045028142589118,0.27,0.0552157598499061,1.345679012345679,9.085910293598007
205,150,30750,0.4638009049773756,0.5,0.2319004524886878,1.3666666666666667,10.333677793031093
117,40,4680,0.195,0.1333333333333333,0.026,2.925,8.45126704130007
337,179,60323,0.5616666666666666,0.5966666666666667,0.3351277777777778,1.8826815642458101,11.007485313480576
49,18,882,0.1172248803827751,0.06,0.0070334928229665,2.7222222222222223,6.78332520060396
32,10,320,0.0765550239234449,0.0333333333333333,0.0025518341307814,3.2,5.771441123130016
135,36,4860,0.3229665071770335,0.12,0.038755980861244,3.75,8.488999457045455
40,16,640,0.0956937799043062,0.0533333333333333,0.0051036682615629,2.5,6.46302945692067
25,10,250,0.0374812593703148,0.0333333333333333,0.0012493753123438,2.5,5.5254529391317835
33,9,297,0.0494752623688155,0.03,0.0014842578710644,3.6666666666666665,5.697093486505405
32,16,512,0.047976011994003,0.0533333333333333,0.0025587206396801,2.0,6.240275845170769
41,15,615,0.0614692653673163,0.05,0.0030734632683658,2.7333333333333334,6.423246963533519
22,14,308,0.032983508245877,0.0466666666666666,0.0015392303848075,1.5714285714285714,5.733341276897746
51,8,408,0.0764617691154422,0.0266666666666666,0.0020389805097451,6.375,6.013715156042802
178,100,17800,0.2472222222222222,0.1388888888888889,0.0343364197530864,1.78,9.787009914477434
114,90,10260,0.1583333333333333,0.125,0.0197916666666666,1.2666666666666666,9.236105579862208
221,204,45084,0.7366666666666667,0.51,0.3757,1.0833333333333333,10.716304875934007
137,63,8631,0.4566666666666666,0.1575,0.071925,2.1746031746031744,9.06323150693797
95,61,5795,0.2595628415300546,0.2033333333333333,0.0527777777777777,1.5573770491803278,8.664923303440572
76,27,2052,0.2076502732240437,0.09,0.0186885245901639,2.814814814814815,7.627057417018934
66,15,990,0.180327868852459,0.05,0.0090163934426229,4.4,6.898714534329988
45,12,540,0.1229508196721311,0.04,0.0049180327868852,3.75,6.293419278846481
39,10,390,0.1065573770491803,0.0333333333333333,0.003551912568306,3.9,5.968707559985366
35,8,280,0.0956284153005464,0.0266666666666666,0.0025500910746812,4.375,5.638354669333745
24,8,192,0.0655737704918032,0.0266666666666666,0.0017486338797814,3.0,5.262690188904886
45,14,630,0.1229508196721311,0.0466666666666666,0.0057377049180327,3.2142857142857144,6.447305862541213
32,12,384,0.087431693989071,0.04,0.0034972677595628,2.6666666666666665,5.953243334287785
27,9,243,0.0737704918032786,0.03,0.0022131147540983,3.0,5.497168225293202
33,10,330,0.0901639344262295,0.0333333333333333,0.0030054644808743,3.3,5.802118375377063
23,9,207,0.0628415300546448,0.03,0.0018852459016393,2.5555555555555554,5.337538079701318
45,30,1350,0.1229508196721311,0.1,0.0122950819672131,1.5,7.208600337960199
25,16,400,0.0554323725055432,0.0533333333333333,0.0029563932002956,1.5625,5.993961427306569
54,12,648,0.1197339246119734,0.04,0.0047893569844789,4.5,6.47543271670409
38,12,456,0.0842572062084257,0.04,0.003370288248337,3.1666666666666665,6.124683390894205
123,41,5043,0.2727272727272727,0.1366666666666666,0.0372727272727272,3.0,8.52595469708481
156,60,9360,0.291044776119403,0.2,0.0582089552238805,2.6,9.144307401371744
67,25,1675,0.125,0.0833333333333333,0.0104166666666666,2.68,7.424165281042028
58,17,986,0.1082089552238805,0.0566666666666666,0.0061318407960199,3.411764705882353,6.894670039433482
286,159,45474,0.5335820895522388,0.53,0.2827985074626866,1.79874213836478,10.724918003386323
107,55,5885,0.2675,0.1833333333333333,0.0490416666666666,1.9454545454545455,8.680331928793418
66,30,1980,0.165,0.1,0.0165,2.2,7.591357046698551
41,15,615,0.1025,0.05,0.005125,2.7333333333333334,6.423246963533519
132,57,7524,0.33,0.19,0.0627,2.3157894736842106,8.925986089617076
56,32,1792,0.14,0.1066666666666666,0.0149333333333333,1.75,7.491645473605133
68,31,2108,0.2266666666666666,0.0769230769230769,0.0174358974358974,2.193548387096774,7.653969180478774
53,16,848,0.1766666666666666,0.0397022332506203,0.0070140612076095,3.3125,6.744059186311348
236,167,39412,0.7866666666666666,0.4143920595533499,0.3259884201819685,1.4131736526946108,10.581850990103325
193,86,16598,0.4004149377593361,0.2866666666666667,0.1147856154910096,2.244186046511628,9.71709773156622
313,171,53523,0.7825,0.57,0.446025,1.8304093567251463,10.887885430424879
145,77,11165,0.2622061482820976,0.2566666666666666,0.0672995780590717,1.8831168831168832,9.320628725870305
26,13,338,0.0470162748643761,0.0433333333333333,0.0020373719107896,2.0,5.82600010738045
47,25,1175,0.0849909584086799,0.0833333333333333,0.0070825798673899,1.88,7.069874128458572
91,27,2457,0.1645569620253164,0.09,0.0148101265822784,3.3703703703703702,7.80710329012598
82,31,2542,0.1482820976491862,0.1033333333333333,0.0153224834237492,2.6451612903225805,7.841099765422119
512,326,166912,0.7111111111111111,0.4527777777777778,0.3219753086419753,1.5705521472392638,12.02522799756925
210,63,13230,0.4666666666666667,0.21,0.098,3.3333333333333335,9.490317840042412
244,45,10980,0.5422222222222223,0.15,0.0813333333333333,5.4222222222222225,9.303921785597714
205,96,19680,0.4525386313465783,0.32,0.144812362030905,2.1354166666666665,9.887408982323437
51,33,1683,0.1125827814569536,0.11,0.0123841059602649,1.5454545454545454,7.428927194802272
70,38,2660,0.1545253863134658,0.1266666666666666,0.0195732155997056,1.8421052631578947,7.886457270977689
539,161,86779,0.998148148148148,0.5366666666666666,0.5356728395061728,3.347826086956522,11.371131459352341
320,39,12480,0.622568093385214,0.13,0.0809338521400778,8.205128205128204,9.431962766918454
97,22,2134,0.188715953307393,0.0733333333333333,0.0138391699092088,4.409090909090909,7.666221925662725
221,197,43537,0.6405797101449275,0.6566666666666666,0.4206473429951691,1.1218274111675126,10.681389398960881
56,29,1624,0.1623188405797101,0.0966666666666666,0.0156908212560386,1.9310344827586208,7.393263094763838
34,20,680,0.0985507246376811,0.0666666666666666,0.0065700483091787,1.7,6.523562306149512
19,14,266,0.0550724637681159,0.0466666666666666,0.0025700483091787,1.3571428571428572,5.58724865840025
169,98,16562,0.4225,0.3266666666666666,0.1380166666666666,1.7244897959183674,9.714926570952155
150,79,11850,0.2083333333333333,0.1097222222222222,0.0228587962962962,1.8987341772151898,9.380167531188448
467,199,92933,0.8761726078799249,0.6633333333333333,0.5811944965603503,2.3467336683417086,11.439644842775813
36,22,792,0.09,0.0733333333333333,0.0066,1.6363636363636365,6.675823221634848
55,22,1210,0.1375,0.0733333333333333,0.0100833333333333,2.5,7.099201743553092
54,22,1188,0.135,0.0733333333333333,0.0099,2.4545454545454546,7.080867896690782
47,35,1645,0.1566666666666666,0.0875,0.0137083333333333,1.3428571428571427,7.406103381237015
141,71,10011,0.2645403377110694,0.2366666666666666,0.062607879924953,1.9859154929577465,9.211539652551664
250,87,21750,0.5518763796909493,0.29,0.1600441501103753,2.8735632183908044,9.987415012471414
129,33,4257,0.2866666666666667,0.11,0.0315333333333333,3.909090909090909,8.356554845453426
31,12,372,0.0688888888888888,0.04,0.0027555555555555,2.5833333333333335,5.921578419643816
386,120,46320,0.8577777777777778,0.4,0.3431111111111111,3.216666666666667,10.743350700960299
98,74,7252,0.3266666666666666,0.167420814479638,0.0546907993966817,1.3243243243243243,8.889170455363413
82,35,2870,0.2733333333333333,0.0791855203619909,0.0216440422322775,2.342857142857143,7.962415680121064
73,34,2482,0.2433333333333333,0.0769230769230769,0.0187179487179487,2.1470588235294117,7.817222785508166
91,17,1547,0.3033333333333333,0.0384615384615384,0.0116666666666666,5.352941176470588,7.344719054149673
88,18,1584,0.2933333333333333,0.0407239819004524,0.011945701357466,4.888888888888889,7.368339686311381
82,7,574,0.2733333333333333,0.0158371040723981,0.0043288084464555,11.714285714285714,6.354370040797351
41,9,369,0.1366666666666666,0.0203619909502262,0.0027828054298642,4.555555555555555,5.91350300563827
247,180,44460,0.4634146341463415,0.6,0.2780487804878049,1.3722222222222222,10.702367679393
116,29,3364,0.2416666666666666,0.0966666666666666,0.0233611111111111,4.0,8.121183242078828
150,28,4200,0.3125,0.0933333333333333,0.0291666666666666,5.357142857142857,8.343077871169383
224,104,23296,0.4966740576496674,0.3466666666666667,0.172180339985218,2.1538461538461537,10.056079875899302
61,16,976,0.1068301225919439,0.0533333333333333,0.005697606538237,3.8125,6.884486652042782
160,50,8000,0.2802101576182136,0.1666666666666666,0.0467016929363689,3.2,8.987321812850125
347,107,37129,0.6077057793345009,0.3566666666666667,0.2167483946293053,3.2429906542056073,10.522180547171125
141,77,10857,0.2469352014010508,0.2566666666666666,0.0633800350262697,1.8311688311688312,9.292657414465397
378,124,46872,0.8181818181818182,0.4133333333333333,0.3381818181818182,3.0483870967741935,10.755197095695797
108,129,13932,0.2405345211581291,0.43,0.1034298440979955,0.8372093023255814,9.542015406113592
41,27,1107,0.0769230769230769,0.09,0.0069230769230769,1.5185185185185186,7.010311867307229
98,51,4998,0.1838649155722326,0.17,0.0312570356472795,1.9215686274509804,8.51699317141357
95,46,4370,0.1782363977485928,0.1533333333333333,0.0273295809881175,2.0652173913043477,8.382747094863314
23,12,276,0.0431519699812382,0.04,0.0017260787992495,1.9166666666666667,5.6240175061873385
41,8,328,0.0769230769230769,0.0266666666666666,0.002051282051282,5.125,5.796057750765372
470,250,117500,0.8818011257035647,0.8333333333333334,0.7348342714196373,1.88,11.674202123168433
216,102,22032,0.3,0.1416666666666666,0.0425,2.1176470588235294,10.000296608464188
220,58,12760,0.3055555555555556,0.0805555555555555,0.0246141975308641,3.793103448275862,9.454148923733976
89,48,4272,0.1236111111111111,0.0666666666666666,0.0082407407407407,1.8541666666666667,8.360071435644025
91,86,7826,0.1516666666666666,0.2866666666666667,0.0434777777777777,1.058139534883721,8.965334573804839
169,94,15886,0.3528183716075156,0.3133333333333333,0.1105497564370215,1.797872340425532,9.673256443720023
244,130,31720,0.5422222222222223,0.4333333333333333,0.2349629629629629,1.876923076923077,10.364734201103053
77,21,1617,0.1452830188679245,0.07,0.0101698113207547,3.6666666666666665,7.388946097618437
67,25,1675,0.1264150943396226,0.0833333333333333,0.0105345911949685,2.68,7.424165281042028
49,9,441,0.0917602996254681,0.03,0.002752808988764,5.444444444444445,6.091309882077698
257,126,32382,0.4812734082397004,0.42,0.2021348314606741,2.0396825396825395,10.385388872723718
157,105,16485,0.3925,0.35,0.137375,1.4952380952380953,9.710266814873172
161,54,8694,0.3788235294117647,0.18,0.0681882352941176,2.9814814814814814,9.070503426788383
339,203,68817,0.7533333333333333,0.6766666666666666,0.5097555555555555,1.6699507389162562,11.1392206176098
197,183,36051,0.6566666666666666,0.4575,0.300425,1.0765027322404372,10.4927176196763
168,29,4872,0.3725055432372505,0.0966666666666666,0.0360088691796008,5.793103448275862,8.491465042843506
116,21,2436,0.2572062084257206,0.07,0.0180044345898004,5.523809523809524,7.798523053625206
64,8,512,0.1419068736141907,0.0266666666666666,0.0037841832963784,8.0,6.240275845170769
408,205,83640,0.8927789934354485,0.6833333333333333,0.6100656455142232,1.9902439024390244,11.33428910947301
77,76,5852,0.1925,0.2533333333333333,0.0487666666666666,1.013157894736842,8.67470962929122
23,12,276,0.0575,0.04,0.0023,1.9166666666666667,5.6240175061873385
42,8,336,0.0935412026726058,0.0266666666666666,0.0024944320712694,5.25,5.820082930352362
130,14,1820,0.289532293986637,0.0466666666666666,0.0135115070527097,9.285714285714286,7.507141079727608
193,17,3281,0.4298440979955457,0.0566666666666666,0.0243578322197475,11.352941176470589,8.096208271650037
44,20,880,0.0979955456570155,0.0666666666666666,0.0065330363771343,2.2,6.78105762593618
120,42,5040,0.267260579064588,0.14,0.0374164810690423,2.857142857142857,8.525359754082631
139,43,5977,0.3088888888888889,0.1433333333333333,0.044274074074074,3.2325581395348837,8.695841342843883
128,59,7552,0.2844444444444444,0.1966666666666666,0.0559407407407407,2.169491525423729,8.929700114313448
138,85,11730,0.3066666666666666,0.2833333333333333,0.0868888888888888,1.6235294117647059,9.369990189505721
302,136,41072,0.6711111111111111,0.4533333333333333,0.304237037037037,2.2205882352941178,10.623106250301866
30,11,330,0.0665188470066518,0.0366666666666666,0.0024390243902439,2.727272727272727,5.802118375377063
85,43,3655,0.188470066518847,0.1433333333333333,0.0270140428677014,1.9767441860465116,8.204124932574041
105,42,4410,0.2328159645232816,0.14,0.0325942350332594,2.5,8.39185670010494
61,25,1525,0.1144465290806754,0.0833333333333333,0.0095372107567229,2.44,7.330405211844402
103,22,2266,0.1932457786116322,0.0733333333333333,0.0141713570981863,4.681818181818182,7.726212650507529
78,29,2262,0.1463414634146341,0.0966666666666666,0.0141463414634146,2.689655172413793,7.724446645633537
576,260,149760,0.8421052631578947,0.8666666666666667,0.7298245614035088,2.2153846153846155,11.916795969039553
27,16,432,0.0604026845637583,0.0533333333333333,0.0032214765100671,1.6875,6.07073772800249
112,22,2464,0.2505592841163311,0.0733333333333333,0.0183743475018642,5.090909090909091,7.80994708647679
106,87,9222,0.2371364653243848,0.29,0.0687695749440715,1.2183908045977012,9.129455643235719
45,63,2835,0.1006711409395973,0.21,0.0211409395973154,0.7142857142857143,7.950149887652018
166,80,13280,0.3713646532438479,0.2666666666666666,0.0990305741983594,2.075,9.49408972140025
35,22,770,0.0782997762863534,0.0733333333333333,0.0057419835943325,1.5909090909090908,6.647688373563329
58,24,1392,0.1297539149888143,0.08,0.0103803131991051,2.4166666666666665,7.239214973779806
27,12,324,0.0604026845637583,0.04,0.0024161073825503,2.25,5.783825182329737
27,13,351,0.0604026845637583,0.0433333333333333,0.0026174496644295,2.076923076923077,5.863631175598097
50,20,1000,0.1118568232662192,0.0666666666666666,0.0074571215510812,2.5,6.90875477931522
21,10,210,0.046979865771812,0.0333333333333333,0.001565995525727,2.1,5.351858133476067
25,17,425,0.0559284116331096,0.0566666666666666,0.0031692766592095,1.4705882352941178,6.054439346269371
27,18,486,0.0604026845637583,0.06,0.0036241610738255,1.5,6.18826412308259
76,13,988,0.1700223713646532,0.0433333333333333,0.0073676360924683,5.846153846153846,6.8966943316227125
208,253,52624,0.2888888888888888,0.3513888888888888,0.1015123456790123,0.8221343873517787,10.870946570984682
311,50,15550,0.5834896810506567,0.1666666666666666,0.0972482801751094,6.22,9.651880224221337
116,133,15428,0.2583518930957684,0.4433333333333333,0.1145360059391239,0.8721804511278195,9.644004134443026
113,98,11074,0.2825,0.3266666666666666,0.0922833333333333,1.153061224489796,9.312445594913337
130,66,8580,0.325,0.22,0.0715,1.9696969696969697,9.057305735807121
41,27,1107,0.1025,0.09,0.009225,1.5185185185185186,7.010311867307229
118,71,8378,0.295,0.2366666666666666,0.0698166666666666,1.6619718309859155,9.033483854613287
108,39,4212,0.27,0.13,0.0351,2.769230769230769,8.345930261979017
58,21,1218,0.145,0.07,0.01015,2.761904761904762,7.105786129481271
51,16,816,0.1275,0.0533333333333333,0.0068,3.1875,6.705639094860003
32,32,1024,0.08,0.1066666666666666,0.0085333333333333,1.0,6.932447891572509
380,240,91200,0.8370044052863436,0.8,0.6696035242290749,1.5833333333333333,11.420821140914589
62,12,744,0.155,0.04,0.0062,5.166666666666667,6.61338421837956
66,24,1584,0.165,0.08,0.0132,2.75,7.368339686311381
118,54,6372,0.295,0.18,0.0531,2.185185185185185,8.759825595314295
45,12,540,0.1125,0.04,0.0045,3.75,6.293419278846481
71,23,1633,0.1775,0.0766666666666666,0.0136083333333333,3.0869565217391304,7.3987862754199485
35,40,1400,0.0875,0.1333333333333333,0.0116666666666666,0.875,7.244941546337007
73,14,1022,0.1825,0.0466666666666666,0.0085166666666666,5.214285714285714,6.930494765951626
25,11,275,0.0625,0.0366666666666666,0.0022916666666666,2.272727272727273,5.62040086571715
33,8,264,0.0825,0.0266666666666666,0.0022,4.125,5.579729825986222
75,20,1500,0.1666666666666666,0.0666666666666666,0.0111111111111111,3.75,7.313886831633462
27,9,243,0.06,0.03,0.0018,3.0,5.497168225293202
142,79,11218,0.3155555555555555,0.2633333333333333,0.0830962962962963,1.7974683544303798,9.325364048544964
395,166,65570,0.5486111111111112,0.2305555555555555,0.1264853395061728,2.3795180722891565,11.090888804018297
214,82,17548,0.2972222222222222,0.1138888888888888,0.0338503086419753,2.6097560975609757,9.772752247213607
169,143,24167,0.4225,0.4766666666666667,0.2013916666666666,1.1818181818181819,10.092784723066508
98,55,5390,0.2217194570135746,0.1833333333333333,0.0406485671191553,1.7818181818181817,8.592486175451668
80,28,2240,0.1809954751131221,0.0933333333333333,0.016892911010558,2.857142857142857,7.714677473800927
64,19,1216,0.1447963800904977,0.0633333333333333,0.0091704374057315,3.3684210526315788,7.104144092987527
45,12,540,0.1018099547511312,0.04,0.0040723981900452,3.75,6.293419278846481
56,17,952,0.1266968325791855,0.0566666666666666,0.0071794871794871,3.2941176470588234,6.859614903654202
44,13,572,0.0995475113122171,0.0433333333333333,0.004313725490196,3.3846153846153846,6.35088571671474
36,11,396,0.0814479638009049,0.0366666666666666,0.0029864253393665,3.272727272727273,5.983936280687191
23,7,161,0.0520361990950226,0.0233333333333333,0.0012141779788838,3.2857142857142856,5.087596335232384
33,8,264,0.0746606334841629,0.0266666666666666,0.0019909502262443,4.125,5.579729825986222
35,8,280,0.0791855203619909,0.0266666666666666,0.0021116138763197,4.375,5.638354669333745
44,27,1188,0.0995475113122171,0.09,0.0089592760180995,1.6296296296296295,7.080867896690782
24,7,168,0.0542986425339366,0.0233333333333333,0.0012669683257918,3.4285714285714284,5.1298987149230735
35,10,350,0.0791855203619909,0.0333333333333333,0.0026395173453996,3.5,5.860786223465865
188,113,21244,0.4177777777777778,0.3766666666666666,0.1573629629629629,1.663716814159292,9.963876852548912
50,24,1200,0.1111111111111111,0.08,0.0088888888888888,2.0833333333333335,7.0909098220799835
306,150,45900,0.6970387243735763,0.5,0.3485193621867881,2.04,10.734242182303689
336,156,52416,0.7,0.52,0.364,2.1538461538461537,10.866986245174834
55,14,770,0.1222222222222222,0.0466666666666666,0.0057037037037037,3.9285714285714284,6.647688373563329
42,23,966,0.0933333333333333,0.0766666666666666,0.0071555555555555,1.826086956521739,6.874198495453294
89,30,2670,0.1977777777777777,0.1,0.0197777777777777,2.966666666666667,7.890208213109961
88,35,3080,0.1955555555555555,0.1166666666666666,0.0228148148148148,2.5142857142857142,8.033009498596668
62,22,1364,0.1377777777777777,0.0733333333333333,0.0101037037037037,2.8181818181818183,7.21890970761906
34,8,272,0.0755555555555555,0.0266666666666666,0.0020148148148148,4.25,5.60947179518496
38,16,608,0.0844444444444444,0.0533333333333333,0.0045037037037037,2.375,6.411818267709897
153,139,21267,0.3392461197339246,0.4633333333333333,0.1571840354767184,1.1007194244604317,9.964958874624228
136,187,25432,0.3015521064301552,0.6233333333333333,0.1879674796747967,0.7272727272727273,10.143802822358657
284,109,30956,0.6311111111111111,0.3633333333333333,0.2293037037037037,2.6055045871559632,10.340354423783824
400,130,52000,0.8888888888888888,0.4333333333333333,0.3851851851851852,3.076923076923077,10.859018228147887
173,80,13840,0.3905191873589165,0.2666666666666666,0.1041384499623777,2.1625,9.535390480896702
419,152,63688,0.7861163227016885,0.5066666666666667,0.3982989368355222,2.7565789473684212,11.061767142190178
134,49,6566,0.335,0.1633333333333333,0.0547166666666666,2.7346938775510203,8.789812386190972
156,30,4680,0.39,0.1,0.039,5.2,8.45126704130007
437,220,96140,0.7283333333333334,0.7333333333333333,0.5341111111111111,1.9863636363636363,11.473571142891672
198,106,20988,0.66,0.3533333333333333,0.2332,1.8679245283018868,9.951753769945617
110,50,5500,0.3666666666666666,0.1404494382022472,0.0514981273408239,2.2,8.612685172875459
57,22,1254,0.19,0.0617977528089887,0.0117415730337078,2.590909090909091,7.134890851565884
53,21,1113,0.1766666666666666,0.0589887640449438,0.0104213483146067,2.5238095238095237,7.01571242048723
32,12,384,0.1066666666666666,0.0337078651685393,0.0035955056179775,2.6666666666666665,5.953243334287785
33,9,297,0.11,0.0252808988764044,0.0027808988764044,3.6666666666666665,5.697093486505405
38,8,304,0.1266666666666666,0.0224719101123595,0.0028464419475655,4.75,5.720311776607412
288,148,42624,0.4,0.2055555555555555,0.0822222222222222,1.945945945945946,10.660196214585818
172,255,43860,0.2388888888888889,0.3541666666666667,0.0846064814814814,0.6745098039215687,10.68878082152957
58,80,4640,0.0805555555555555,0.1111111111111111,0.0089506172839506,0.725,8.442685139241176
146,47,6862,0.3237250554323725,0.1566666666666666,0.0507169253510716,3.106382978723404,8.833899942908635
42,12,504,0.0931263858093126,0.04,0.0037250554323725,3.5,6.22455842927536
232,124,28768,0.5155555555555555,0.4133333333333333,0.2130962962962962,1.8709677419354838,10.267053697512587
181,55,9955,0.3011647254575707,0.1833333333333333,0.0552135330005546,3.290909090909091,9.205930663487482
43,14,602,0.0805243445692883,0.0466666666666666,0.0037578027465667,3.0714285714285716,6.401917196727186
86,29,2494,0.1610486891385767,0.0966666666666666,0.0155680399500624,2.9655172413793105,7.822044008185619
46,26,1196,0.0861423220973782,0.0866666666666666,0.0074656679151061,1.7692307692307692,7.087573705557973
63,35,2205,0.1179775280898876,0.1166666666666666,0.0137640449438202,1.8,7.698936199813447
24,13,312,0.0449438202247191,0.0433333333333333,0.0019475655430711,1.8461538461538463,5.746203190540153
50,13,650,0.0936329588014981,0.0433333333333333,0.0040574282147315,3.8461538461538463,6.478509642208569
200,46,9200,0.3745318352059925,0.1533333333333333,0.0574282147315855,4.3478260869565215,9.127067452782361
532,149,79268,0.99812382739212,0.4966666666666666,0.4957348342714196,3.5704697986577183,11.280602410638725
121,72,8712,0.3025,0.24,0.0726,1.6805555555555556,9.072571442231286
466,164,76424,0.6812865497076024,0.5466666666666666,0.3724366471734893,2.841463414634146,11.244065146759036
77,32,2464,0.1125730994152046,0.1066666666666666,0.0120077972709551,2.40625,7.80994708647679
131,26,3406,0.1915204678362573,0.0866666666666666,0.0165984405458089,5.038461538461538,8.133587417660966
156,94,14664,0.2166666666666666,0.1305555555555555,0.028287037037037,1.6595744680851063,9.593218981411551
98,48,4704,0.1361111111111111,0.0666666666666666,0.009074074074074,2.0416666666666665,8.45638105201948
175,55,9625,0.3283302063789868,0.1833333333333333,0.0601938711694809,3.1818181818181817,9.172223049863055
66,24,1584,0.123827392120075,0.08,0.009906191369606,2.75,7.368339686311381
32,11,352,0.0600375234521576,0.0366666666666666,0.0022013758599124,2.909090909090909,5.8664680569332965
109,68,7412,0.2422222222222222,0.2266666666666666,0.0549037037037037,1.6029411764705883,8.910990494656719
74,42,3108,0.1615720524017467,0.14,0.0226200873362445,1.7619047619047619,8.042056410058754
42,19,798,0.0917030567685589,0.0633333333333333,0.0058078602620087,2.210526315789474,6.683360945766275
74,28,2072,0.1615720524017467,0.0933333333333333,0.015080058224163,2.642857142857143,7.636752112435779
43,12,516,0.093886462882096,0.04,0.0037554585152838,3.5833333333333335,6.248042874508429
54,28,1512,0.1179039301310043,0.0933333333333333,0.011004366812227,1.9285714285714286,7.321849713788356
136,81,11016,0.296943231441048,0.27,0.0801746724890829,1.6790123456790123,9.307194813340065
21,9,189,0.0458515283842794,0.03,0.0013755458515283,2.3333333333333335,5.247024072160486
14,5,70,0.0305676855895196,0.0166666666666666,0.0005094614264919,2.8,4.2626798770413155
35,10,350,0.0883838383838383,0.0333333333333333,0.0029461279461279,3.5,5.860786223465865
24,10,240,0.0606060606060606,0.0333333333333333,0.002020202020202,2.4,5.484796933490655
21,6,126,0.053030303030303,0.02,0.001060606060606,3.5,4.844187086458591
34,8,272,0.0858585858585858,0.0266666666666666,0.0022895622895622,4.25,5.60947179518496
66,19,1254,0.1666666666666666,0.0633333333333333,0.0105555555555555,3.473684210526316,7.134890851565884
127,44,5588,0.3207070707070707,0.1466666666666666,0.047037037037037,2.8863636363636362,8.628555659269699
46,24,1104,0.1161616161616161,0.08,0.0092929292929292,1.9166666666666667,7.007600613951853
65,39,2535,0.1641414141414141,0.13,0.0213383838383838,1.6666666666666667,7.8383433155571165
258,150,38700,0.4831460674157303,0.5,0.2415730337078651,1.72,10.563620718477313
177,98,17346,0.2458333333333333,0.1361111111111111,0.0334606481481481,1.8061224489795917,9.76117485976141
223,86,19178,0.5575,0.2866666666666667,0.1598166666666666,2.5930232558139537,9.861571209434837
43,28,1204,0.0914893617021276,0.0933333333333333,0.0085390070921985,1.5357142857142858,7.094234845924755
107,71,7597,0.2276595744680851,0.2366666666666666,0.0538794326241134,1.5070422535211268,8.935640333747571
55,29,1595,0.1170212765957446,0.0966666666666666,0.0113120567375886,1.896551724137931,7.3752557780097545
399,204,81396,0.6605960264900662,0.68,0.449205298013245,1.9558823529411764,11.307093696274613
190,119,22610,0.4222222222222222,0.3966666666666666,0.1674814814814814,1.596638655462185,10.026191792511579
57,29,1653,0.1252747252747252,0.0966666666666666,0.0121098901098901,1.9655172413793103,7.4109518755836366
296,61,18056,0.5553470919324578,0.2033333333333333,0.1129205753595997,4.852459016393443,9.801288700215881
28,11,308,0.07,0.0366666666666666,0.0025666666666666,2.5454545454545454,5.733341276897746
24,8,192,0.06,0.0266666666666666,0.0016,3.0,5.262690188904886
154,45,6930,0.385,0.15,0.05775,3.422222222222222,8.843759381917984
154,26,4004,0.2889305816135084,0.0866666666666666,0.025040650406504,5.923076923076923,8.29529885950246
256,69,17664,0.4803001876172608,0.23,0.1104690431519699,3.710144927536232,9.779340559793246
91,56,5096,0.1965442764578833,0.1866666666666666,0.0366882649388048,1.625,8.536407410340042
128,69,8832,0.3011764705882352,0.23,0.0692705882352941,1.855072463768116,9.086249986745132
274,107,29318,0.7405405405405405,0.3566666666666667,0.2641261261261261,2.560747663551402,10.285991049006945
292,186,54312,0.4231884057971014,0.62,0.2623768115942029,1.5698924731182795,10.902518887949263
314,109,34226,0.615686274509804,0.3633333333333333,0.2236993464052287,2.8807339449541285,10.440770085264479
154,45,6930,0.3019607843137254,0.15,0.0452941176470588,3.422222222222222,8.843759381917984
119,39,4641,0.2333333333333333,0.13,0.0303333333333333,3.051282051282051,8.442900586834382
121,53,6413,0.3167539267015706,0.1766666666666666,0.0559598603839441,2.2830188679245285,8.7662383802531
476,65,30940,0.664804469273743,0.2166666666666666,0.1440409683426443,7.323076923076923,10.339837444225314
138,32,4416,0.3441396508728179,0.1066666666666666,0.0367082294264339,4.3125,8.393216011596527
137,107,14659,0.3044444444444444,0.3566666666666667,0.1085851851851851,1.280373831775701,9.592877975440642
90,34,3060,0.2,0.1133333333333333,0.0226666666666666,2.6470588235294117,8.026496938945412
37,22,814,0.0822222222222222,0.0733333333333333,0.0060296296296296,1.6818181818181819,6.703188113240863
128,64,8192,0.2788671023965142,0.2133333333333333,0.0594916485112563,2.0,9.011035410141815
89,32,2848,0.2225,0.1066666666666666,0.0237333333333333,2.78125,7.954723334497908
52,36,1872,0.13,0.12,0.0156,1.4444444444444444,7.5352967024440884
46,19,874,0.115,0.0633333333333333,0.0072833333333333,2.4210526315789473,6.774223886357614
37,15,555,0.0925,0.05,0.004625,2.466666666666667,6.320768294250582
38,15,570,0.095,0.05,0.00475,2.533333333333333,6.3473892096560105
34,10,340,0.085,0.0333333333333333,0.0028333333333333,3.4,5.831882477283517
65,12,780,0.1625,0.04,0.0065,5.416666666666667,6.660575149839686
39,12,468,0.0975,0.04,0.0039,3.25,6.150602768446279
35,8,280,0.0875,0.0266666666666666,0.0023333333333333,4.375,5.638354669333745
62,26,1612,0.155,0.0866666666666666,0.0134333333333333,2.3846153846153846,7.385851078125209
40,13,520,0.1,0.0433333333333333,0.0043333333333333,3.076923076923077,6.255750041753367
45,15,675,0.1125,0.05,0.005625,3.0,6.516193076042964
27,7,189,0.0675,0.0233333333333333,0.001575,3.857142857142857,5.247024072160486
28,7,196,0.07,0.0233333333333333,0.0016333333333333,4.0,5.2832037287379885
43,9,387,0.1075,0.03,0.003225,4.777777777777778,5.961005339623274
41,8,328,0.1025,0.0266666666666666,0.0027333333333333,5.125,5.796057750765372
26,6,156,0.065,0.02,0.0013,4.333333333333333,5.056245805348308
23,6,138,0.0575,0.02,0.00115,3.8333333333333335,4.9344739331306915
333,128,42624,0.658102766798419,0.4266666666666667,0.2807905138339921,2.6015625,10.660196214585818
288,101,29088,0.72,0.3366666666666666,0.2424,2.8514851485148514,10.278115374824123
121,54,6534,0.3017456359102244,0.18,0.0543142144638403,2.240740740740741,8.784927626058323
71,33,2343,0.1770573566084788,0.11,0.0194763092269326,2.1515151515151514,7.759614150696903
66,31,2046,0.1645885286783042,0.1033333333333333,0.0170074812967581,2.129032258064516,7.624130585661289
307,123,37761,0.4263888888888889,0.4392857142857143,0.1873065476190476,2.4959349593495936,10.539058584958477
157,165,25905,0.3488888888888889,0.55,0.1918888888888889,0.9515151515151515,10.162229881090202
47,29,1363,0.1044444444444444,0.0966666666666666,0.0100962962962962,1.6206896551724137,7.218176838403408
56,14,784,0.1244444444444444,0.0466666666666666,0.0058074074074074,4.0,6.665683717782408
31,8,248,0.0688888888888888,0.0266666666666666,0.001837037037037,3.875,5.517452896464707
29,5,145,0.0644444444444444,0.0166666666666666,0.001074074074074,5.8,4.983606621708336
46,6,276,0.1022222222222222,0.02,0.0020444444444444,7.666666666666667,5.6240175061873385
38,23,874,0.0844444444444444,0.0766666666666666,0.006474074074074,1.6521739130434783,6.774223886357614
342,67,22914,0.6416510318949343,0.2233333333333333,0.1433020637898686,5.104477611940299,10.039546996943224
228,37,8436,0.4277673545966229,0.1233333333333333,0.0527579737335834,6.162162162162162,9.040382074165628
61,13,793,0.1068301225919439,0.0433333333333333,0.0046293053123175,4.6923076923076925,6.677083461247136
173,15,2595,0.3029772329246935,0.05,0.0151488616462346,11.533333333333333,7.86172707782398
251,46,11546,0.4395796847635727,0.1533333333333333,0.0674022183304144,5.456521739130435,9.354180941951856
408,93,37944,0.7145359019264448,0.31,0.2215061295971979,4.387096774193548,10.543893021838013
233,233,54289,0.5825,0.7766666666666666,0.4524083333333333,1.0,10.902095326899497
72,10,720,0.16,0.0333333333333333,0.0053333333333333,7.2,6.580639137284949
31,11,341,0.0688888888888888,0.0366666666666666,0.0025259259259259,2.8181818181818183,5.834810737062605
143,52,7436,0.3177777777777777,0.1733333333333333,0.0550814814814814,2.75,8.9142228207033
80,28,2240,0.1777777777777777,0.0933333333333333,0.0165925925925925,2.857142857142857,7.714677473800927
357,118,42126,0.7933333333333333,0.3933333333333333,0.3120444444444444,3.0254237288135593,10.648444144272437
387,127,49149,0.7247191011235955,0.4233333333333333,0.3067977528089887,3.047244094488189,10.802632125575313
118,36,4248,0.295,0.12,0.0354,3.2777777777777777,8.354438940114811
104,33,3432,0.26,0.11,0.0286,3.1515151515151514,8.141189793457691
69,32,2208,0.1725,0.1066666666666666,0.0184,2.15625,7.700295203420117
79,31,2449,0.1975,0.1033333333333333,0.0204083333333333,2.5483870967741935,7.803843303538772
124,66,8184,0.31,0.22,0.0682,1.878787878787879,9.010058489805235
53,11,583,0.1325,0.0366666666666666,0.0048583333333333,4.818181818181818,6.369900982828227
174,41,7134,0.3264540337711069,0.1366666666666666,0.0446153846153846,4.2439024390243905,8.872767529910936
383,136,52088,0.7185741088180112,0.4533333333333333,0.3257535959974984,2.8161764705882355,10.860709073012247
28,23,644,0.07,0.0766666666666666,0.0053666666666666,1.2173913043478262,6.4692503167957724
207,54,11178,0.5175,0.18,0.09315,3.8333333333333335,9.321792297270326
178,145,25810,0.5933333333333334,0.4833333333333333,0.2867777777777778,1.2275862068965517,10.158556036634712
65,36,2340,0.2166666666666666,0.12,0.026,1.8055555555555556,7.75833346749091
252,222,55944,0.35,0.3083333333333333,0.1079166666666666,1.135135135135135,10.93212434424182
147,73,10731,0.2041666666666666,0.1013888888888888,0.0207002314814814,2.0136986301369864,9.280985211545515
123,36,4428,0.2307692307692307,0.12,0.0276923076923076,3.4166666666666665,8.395929103923198
157,20,3140,0.2945590994371482,0.0666666666666666,0.0196372732958098,7.85,8.052296499538647
99,28,2772,0.1857410881801125,0.0933333333333333,0.0173358348968105,3.5357142857142856,7.927685045615778
467,125,58375,0.8761726078799249,0.4166666666666667,0.3650719199499687,3.736,10.974660125445457
203,62,12586,0.4229166666666666,0.2066666666666666,0.0874027777777777,3.274193548387097,9.440419814291506
150,71,10650,0.3125,0.2366666666666666,0.0739583333333333,2.112676056338028,9.273409063443166
408,241,98328,0.75,0.8033333333333333,0.6025,1.6929460580912863,11.496074277886223
464,194,90016,0.9978494623655914,0.6466666666666666,0.6452759856630824,2.3917525773195876,11.40775382036403
245,209,51205,0.5444444444444444,0.6966666666666667,0.3792962962962963,1.1722488038277512,10.84361199166168
111,37,4107,0.2450331125827814,0.1233333333333333,0.0302207505518763,3.0,8.32069157104845
43,21,903,0.0949227373068432,0.07,0.006644591611479,2.0476190476190474,6.806829360392176
38,14,532,0.0838852097130242,0.0466666666666666,0.0039146431199411,2.7142857142857144,6.278521424165844
46,15,690,0.1015452538631346,0.05,0.0050772626931567,3.066666666666667,6.53813982376767
36,9,324,0.0794701986754966,0.03,0.0023841059602649,4.0,5.783825182329737
237,113,26781,0.5925,0.3766666666666666,0.223175,2.0973451327433628,10.19548529905551
295,97,28615,0.4097222222222222,0.1347222222222222,0.0551986882716049,3.0412371134020617,10.261721280938854
87,54,4698,0.1208333333333333,0.075,0.0090625,1.6111111111111112,8.455104999102815
128,49,6272,0.4266666666666667,0.1086474501108647,0.0463562453806356,2.6122448979591835,8.744009988096744
76,61,4636,0.2533333333333333,0.1352549889135255,0.0342645971914264,1.2459016393442623,8.441822884391462
123,41,5043,0.2733333333333333,0.1366666666666666,0.0373555555555555,3.0,8.52595469708481
56,19,1064,0.1244444444444444,0.0633333333333333,0.0078814814814814,2.9473684210526314,6.970730078143525
175,36,6300,0.3888888888888889,0.12,0.0466666666666666,4.861111111111111,8.748463629942055
62,20,1240,0.1377777777777777,0.0666666666666666,0.0091851851851851,3.1,7.123672785204607
47,24,1128,0.1044444444444444,0.08,0.0083555555555555,1.9583333333333333,7.029087564149662
58,21,1218,0.1288888888888889,0.07,0.0090222222222222,2.761904761904762,7.105786129481271
148,36,5328,0.3288888888888889,0.12,0.0394666666666666,4.111111111111111,8.580918882296782
180,45,8100,0.4,0.15,0.06,4.0,8.999742789830492
283,128,36224,0.6288888888888889,0.4266666666666667,0.2683259259259259,2.2109375,10.497504767188882
448,149,66752,0.7466666666666667,0.4966666666666666,0.3708444444444444,3.0067114093959733,11.108754519072777
49,26,1274,0.1065217391304347,0.0866666666666666,0.009231884057971,1.8846153846153846,7.150701457592526
95,56,5320,0.2065217391304347,0.1866666666666666,0.0385507246376811,1.6964285714285714,8.579416534596369
274,105,28770,0.5956521739130435,0.35,0.2084782608695652,2.6095238095238096,10.267123214370452
171,71,12141,0.2994746059544658,0.2366666666666666,0.0708756567425569,2.408450704225352,9.40442579569038
256,122,31232,0.4923076923076923,0.4066666666666667,0.2002051282051282,2.098360655737705,10.349230507142863
101,23,2323,0.2707774798927614,0.0766666666666666,0.0207596067917783,4.391304347826087,7.751045117971802
201,38,7638,0.5388739946380697,0.1266666666666666,0.0682573726541554,5.2894736842105265,8.94102198354136
57,9,513,0.1528150134048257,0.03,0.0045844504021447,6.333333333333333,6.2422232654551655
114,28,3192,0.3056300268096514,0.0933333333333333,0.0285254691689008,4.071428571428571,8.068716192714781
129,19,2451,0.3458445040214477,0.0633333333333333,0.0219034852546916,6.7894736842105265,7.804659297056102
135,18,2430,0.3619302949061662,0.06,0.0217158176943699,7.5,7.796057974316123
112,12,1344,0.3002680965147453,0.04,0.0120107238605898,9.333333333333334,7.20414929203594
126,42,5292,0.2363977485928705,0.14,0.0330956848030018,3.0,8.574140471857987
96,23,2208,0.1801125703564728,0.0766666666666666,0.0138086303939962,4.173913043478261,7.700295203420117
127,43,5461,0.2382739212007504,0.1433333333333333,0.0341525953721075,2.953488372093023,8.60557030203365
93,41,3813,0.174484052532833,0.1366666666666666,0.0238461538461538,2.268292682926829,8.246433786160365
107,40,4280,0.2007504690431519,0.1333333333333333,0.0267667292057535,2.675,8.361941906144946
162,85,13770,0.3039399624765478,0.2833333333333333,0.0861163227016885,1.9058823529411764,9.530320210727126
204,90,18360,0.3827392120075047,0.3,0.1148217636022514,2.2666666666666666,9.817984128922188
79,25,1975,0.148217636022514,0.0833333333333333,0.0123514696685428,3.16,7.588829878307813
94,34,3196,0.1763602251407129,0.1133333333333333,0.0199874921826141,2.764705882352941,8.069968149059841
88,18,1584,0.1651031894934334,0.06,0.009906191369606,4.888888888888889,7.368339686311381
104,115,11960,0.1951219512195122,0.3833333333333333,0.0747967479674796,0.9043478260869565,9.389406636049465
118,76,8968,0.2213883677298311,0.2533333333333333,0.0560850531582238,1.5526315789473684,9.101529466118004
38,28,1064,0.0712945590994371,0.0933333333333333,0.0066541588492808,1.3571428571428572,6.970730078143525
68,29,1972,0.1275797373358349,0.0966666666666666,0.012332707942464,2.3448275862068964,7.587310506022615
52,21,1092,0.0975609756097561,0.07,0.0068292682926829,2.4761904761904763,6.996681488176539
146,60,8760,0.273921200750469,0.2,0.0547842401500938,2.433333333333333,9.078065332666364
36,17,612,0.0675422138836773,0.0566666666666666,0.003827392120075,2.1176470588235294,6.418364935936212
27,13,351,0.0506566604127579,0.0433333333333333,0.0021951219512195,2.076923076923077,5.863631175598097
166,139,23074,0.3114446529080675,0.4633333333333333,0.1443026891807379,1.1942446043165467,10.046505059371054
166,103,17098,0.2305555555555555,0.1430555555555555,0.0329822530864197,1.6116504854368932,9.746775261248594
101,106,10706,0.1402777777777777,0.1472222222222222,0.0206520061728395,0.9528301886792453,9.27865301215827
62,28,1736,0.1063464837049742,0.0933333333333333,0.0099256718124642,2.2142857142857144,7.459914766241105
45,20,900,0.0771869639794168,0.0666666666666666,0.0051457975986277,2.25,6.803505257608338
40,16,640,0.0686106346483705,0.0533333333333333,0.003659233847913,2.5,6.46302945692067
41,16,656,0.0703259005145797,0.0533333333333333,0.0037507146941109,2.5625,6.48768401848461
40,19,760,0.0686106346483705,0.0633333333333333,0.0043453401943967,2.1052631578947367,6.634633357861686
37,22,814,0.0634648370497427,0.0733333333333333,0.0046540880503144,1.6818181818181819,6.703188113240863
91,43,3913,0.1560891938250428,0.1433333333333333,0.0223727844482561,2.116279069767442,8.272315147956022
62,42,2604,0.1063464837049742,0.14,0.0148885077186963,1.4761904761904763,7.865187954187467
95,29,2755,0.1629502572898799,0.0966666666666666,0.0157518582046883,3.2758620689655173,7.9215356321335495
64,17,1088,0.1097770154373928,0.0566666666666666,0.0062206975414522,3.764705882352941,6.9930151229329605
40,13,520,0.0686106346483705,0.0433333333333333,0.0029731275014293,3.076923076923077,6.255750041753367
38,16,608,0.0651801029159519,0.0533333333333333,0.0034762721555174,2.375,6.411818267709897
33,16,528,0.0566037735849056,0.0533333333333333,0.0030188679245283,2.0625,6.270988431858299
57,19,1083,0.0977701543739279,0.0633333333333333,0.0061921097770154,3.0,6.988413181999592
56,24,1344,0.0960548885077186,0.08,0.0076843910806174,2.3333333333333335,7.20414929203594
32,13,416,0.0548885077186964,0.0433333333333333,0.0023785020011435,2.4615384615384617,6.0330862217988015
34,13,442,0.0583190394511149,0.0433333333333333,0.0025271583762149,2.6153846153846154,6.093569770045136
248,140,34720,0.549889135254989,0.4666666666666667,0.2566149297856614,1.7714285714285714,10.45509997020284
89,40,3560,0.2225,0.1333333333333333,0.0296666666666666,2.225,8.177796683277778
34,11,374,0.085,0.0366666666666666,0.0031166666666666,3.090909090909091,5.926926025970411
40,13,520,0.1,0.0433333333333333,0.0043333333333333,3.076923076923077,6.255750041753367
181,89,16109,0.4525,0.2966666666666667,0.1342416666666666,2.033707865168539,9.68719547617102
130,55,7150,0.325,0.1833333333333333,0.0595833333333333,2.3636363636363638,8.875007486048396
266,88,23408,0.665,0.2933333333333333,0.1950666666666666,3.022727272727273,10.06087584278487
213,149,31737,0.4743875278396436,0.4966666666666666,0.2356124721603563,1.429530201342282,10.365269980122788
106,127,13462,0.2339955849889624,0.4233333333333333,0.0990581309786607,0.8346456692913385,9.507700460979235
55,35,1925,0.1214128035320088,0.1166666666666666,0.0141648270787343,1.5714285714285714,7.563200592358071
131,51,6681,0.2891832229580574,0.17,0.0491611479028697,2.5686274509803924,8.807172622916703
50,26,1300,0.1103752759381898,0.0866666666666666,0.0095658572479764,1.9230769230769231,7.170888478512505
102,36,3672,0.1913696060037523,0.12,0.0229643527204502,2.8333333333333335,8.208764045819667
352,81,28512,0.6604127579737336,0.27,0.178311444652908,4.345679012345679,10.258115402607235
315,119,37485,0.5909943714821764,0.3966666666666666,0.2344277673545966,2.6470588235294117,10.53172280891893
45,10,450,0.15,0.0222222222222222,0.0033333333333333,4.5,6.111467339502679
36,9,324,0.12,0.02,0.0024,4.0,5.783825182329737
52,12,624,0.1733333333333333,0.0266666666666666,0.0046222222222222,4.333333333333333,6.437751649736401
66,20,1320,0.22,0.0444444444444444,0.0097777777777777,3.3,7.186144304522325
64,25,1600,0.2133333333333333,0.0555555555555555,0.0118518518518518,2.56,7.3783837129967145
48,7,336,0.16,0.0155555555555555,0.0024888888888888,6.857142857142857,5.820082930352362
13,8,104,0.0433333333333333,0.0177777777777777,0.0007703703703703,1.625,4.653960350157523
189,166,31374,0.63,0.3688888888888889,0.2324,1.1385542168674698,10.353766676434086
210,126,26460,0.2916666666666667,0.175,0.0510416666666666,1.6666666666666667,10.183427229849748
98,58,5684,0.1361111111111111,0.0805555555555555,0.0109645061728395,1.6896551724137931,8.645586406184636
270,70,18900,0.375,0.2788844621513944,0.1045816733067729,3.857142857142857,9.846970109700957
242,94,22748,0.5377777777777778,0.3133333333333333,0.1685037037037037,2.574468085106383,10.032276467369046
239,77,18403,0.5975,0.2566666666666666,0.1533583333333333,3.103896103896104,9.82032331127536
65,21,1365,0.1625,0.07,0.011375,3.0952380952380953,7.2196420401307355
162,54,8748,0.3039399624765478,0.18,0.0547091932457786,3.0,9.076694687106265
88,16,1408,0.1651031894934334,0.0533333333333333,0.0088055034396497,5.5,7.25063551189868
99,27,2673,0.1857410881801125,0.09,0.0167166979362101,3.6666666666666665,7.891330757661889
66,23,1518,0.123827392120075,0.0766666666666666,0.0094934333958724,2.869565217391304,7.325807502595773
194,44,8536,0.3639774859287054,0.1466666666666666,0.0533833646028768,4.409090909090909,9.052164937010307
177,53,9381,0.4425,0.1766666666666666,0.078175,3.339622641509434,9.146548238888403
64,35,2240,0.16,0.1166666666666666,0.0186666666666666,1.8285714285714285,7.714677473800927
72,32,2304,0.18,0.1066666666666666,0.0192,2.25,7.742835955430749
98,24,2352,0.245,0.08,0.0196,4.083333333333333,7.763446388727362
160,53,8480,0.3555555555555555,0.1766666666666666,0.0628148148148148,3.018867924528302,9.0455836463617
299,252,75348,0.6644444444444444,0.84,0.5581333333333334,1.1865079365079365,11.229885932566443
99,52,5148,0.22,0.1733333333333333,0.0381333333333333,1.9038461538461537,8.546557800046141
70,40,2800,0.1555555555555555,0.1333333333333333,0.0207407407407407,1.75,7.937731775260109
65,41,2665,0.1444444444444444,0.1366666666666666,0.0197407407407407,1.5853658536585367,7.888334500738654
158,112,17696,0.3511111111111111,0.3733333333333333,0.1310814814814815,1.4107142857142858,9.781150412671185
245,216,52920,0.3402777777777778,0.3,0.1020833333333333,1.1342592592592593,10.876555514497824
90,127,11430,0.125,0.1763888888888889,0.0220486111111111,0.7086614173228346,9.344084242025778
43,16,688,0.1075,0.0533333333333333,0.0057333333333333,2.6875,6.535241271013659
58,23,1334,0.145,0.0766666666666666,0.0111166666666666,2.5217391304347827,7.19668657083435
52,21,1092,0.13,0.07,0.0091,2.4761904761904763,6.996681488176539
67,33,2211,0.1675,0.11,0.018425,2.0303030303030303,7.701652362642226
46,13,598,0.115,0.0433333333333333,0.0049833333333333,3.5384615384615383,6.395261598115449
50,7,350,0.125,0.0233333333333333,0.0029166666666666,7.142857142857143,5.860786223465865
15,8,120,0.0375,0.0266666666666666,0.001,1.875,4.795790545596741
66,26,1716,0.165,0.0866666666666666,0.0143,2.5384615384615383,7.448333860897476
140,37,5180,0.35,0.1233333333333333,0.0431666666666666,3.7837837837837838,8.552753366814787
135,104,14040,0.2611218568665377,0.3466666666666667,0.090522243713733,1.2980769230769231,9.549736900114642
78,26,2028,0.1508704061895551,0.0866666666666666,0.0130754352030947,3.0,7.615298339825815
36,10,360,0.09,0.0333333333333333,0.003,3.6,5.8888779583328805
52,17,884,0.13,0.0566666666666666,0.0073666666666666,3.0588235294117645,6.785587645007929
161,45,7245,0.4025,0.15,0.060375,3.577777777777778,8.888204871455022
147,14,2058,0.3675,0.0466666666666666,0.01715,10.5,7.629975707027789
95,15,1425,0.2375,0.05,0.011875,6.333333333333333,7.262628600974241
172,67,11524,0.3830734966592428,0.2233333333333333,0.0855530809205642,2.5671641791044775,9.352273867864849
129,41,5289,0.2873051224944321,0.1366666666666666,0.0392650334075723,3.1463414634146343,8.573573524852344
52,25,1300,0.1158129175946547,0.0833333333333333,0.0096510764662212,2.08,7.170888478512505
42,11,462,0.0935412026726058,0.0366666666666666,0.0034298440979955,3.8181818181818183,6.137727054086234
34,9,306,0.0757238307349666,0.03,0.0022717149220489,3.7777777777777777,5.726847747587197
530,250,132500,0.9943714821763602,0.8333333333333334,0.8286429018136335,2.12,11.794345471549745
239,284,67876,0.5975,0.9466666666666668,0.5656333333333333,0.8415492957746479,11.125452522732143
293,180,52740,0.6511111111111111,0.6,0.3906666666666666,1.6277777777777778,10.873148420667984
108,77,8316,0.24,0.2566666666666666,0.0616,1.4025974025974026,9.026056891868688
39,39,1521,0.0866666666666666,0.13,0.0112666666666666,1.0,7.3277805384216315
116,21,2436,0.2577777777777778,0.07,0.0180444444444444,5.523809523809524,7.798523053625206
173,46,7958,0.3844444444444444,0.1533333333333333,0.0589481481481481,3.760869565217391,8.98205864280585
253,210,53130,0.3513888888888888,0.2916666666666667,0.1024884259259259,1.2047619047619047,10.880515841025813
46,21,966,0.1022222222222222,0.07,0.0071555555555555,2.1904761904761907,6.874198495453294
177,152,26904,0.3933333333333333,0.5066666666666667,0.1992888888888888,1.1644736842105263,10.20006742192352
139,48,6672,0.3861111111111111,0.16,0.0617777777777777,2.8958333333333335,8.805824812903607
73,170,12410,0.2027777777777777,0.5666666666666667,0.1149074074074074,0.4294117647058823,9.426338455129521
237,93,22041,0.5925,0.31,0.183675,2.5483870967741935,10.000705003251488
77,24,1848,0.1925,0.08,0.0154,3.2083333333333335,7.522400231387125
291,94,27354,0.4298375184638109,0.3133333333333333,0.1346824224519941,3.095744680851064,10.216654606497926
133,61,8113,0.1964549483013294,0.2033333333333333,0.0399458394879369,2.180327868852459,9.001346243766392
157,57,8949,0.3383620689655172,0.19,0.0642887931034482,2.754385964912281,9.099408811268901
70,38,2660,0.2333333333333333,0.095,0.0221666666666666,1.8421052631578947,7.886457270977689
113,33,3729,0.3766666666666666,0.0825,0.031075,3.4242424242424243,8.224163512637862
169,132,22308,0.5633333333333334,0.33,0.1859,1.2803030303030303,10.01274546347265
163,66,10758,0.4075,0.22,0.08965,2.4696969696969697,9.283497892593909
67,33,2211,0.1675,0.11,0.018425,2.0303030303030303,7.701652362642226
76,51,3876,0.1055555555555555,0.0708333333333333,0.0074768518518518,1.4901960784313726,8.262816937670928
97,53,5141,0.1347222222222222,0.0736111111111111,0.0099170524691358,1.830188679245283,8.545197387825835
183,113,20679,0.2541666666666666,0.1569444444444444,0.0398900462962963,1.6194690265486726,9.936922328622366
73,53,3869,0.1013888888888888,0.0736111111111111,0.007463348765432,1.3773584905660377,8.261009786023827
201,114,22914,0.2791666666666667,0.1583333333333333,0.0442013888888888,1.763157894736842,10.039546996943224
112,54,6048,0.28,0.18,0.0504,2.074074074074074,8.707648248106914
69,55,3795,0.1725,0.1833333333333333,0.031625,1.2545454545454546,8.241703159729818
53,36,1908,0.1325,0.12,0.0159,1.4722222222222223,7.554334823725748
79,35,2765,0.1975,0.1166666666666666,0.0230416666666666,2.257142857142857,7.925157512224703
86,45,3870,0.215,0.15,0.03225,1.9111111111111112,8.261268150577648
93,52,4836,0.2325,0.1733333333333333,0.0403,1.7884615384615385,8.484049972822984
52,14,728,0.13,0.0466666666666666,0.0060666666666666,3.7142857142857144,6.591673732008658
47,19,893,0.0891840607210626,0.0633333333333333,0.0056483238456672,2.473684210526316,6.795705775173514
90,26,2340,0.1707779886148007,0.0866666666666666,0.0148007590132827,3.4615384615384617,7.75833346749091
36,22,792,0.0683111954459203,0.0733333333333333,0.0050094876660341,1.6363636363636365,6.675823221634848
22,13,286,0.0417457305502846,0.0433333333333333,0.001808981657179,1.6923076923076923,5.659482215759621
37,13,481,0.0702087286527514,0.0433333333333333,0.0030423782416192,2.8461538461538463,6.1779441140506
44,21,924,0.0834914611005692,0.07,0.0058444022770398,2.0952380952380953,6.829793737512425
27,7,189,0.0512333965844402,0.0233333333333333,0.0011954459203036,3.857142857142857,5.247024072160486
87,28,2436,0.1635338345864661,0.0933333333333333,0.0152631578947368,3.107142857142857,7.798523053625206
75,20,1500,0.1409774436090225,0.0666666666666666,0.0093984962406015,3.75,7.313886831633462
88,21,1848,0.1654135338345864,0.07,0.011578947368421,4.190476190476191,7.522400231387125
189,41,7749,0.3552631578947368,0.1366666666666666,0.0485526315789473,4.609756097560975,8.955448122347393
107,43,4601,0.2011278195488721,0.1433333333333333,0.028828320802005,2.488372093023256,8.434246270595311
85,20,1700,0.1597744360902255,0.0666666666666666,0.0106516290726817,4.25,7.438971592395862
99,16,1584,0.1860902255639097,0.0533333333333333,0.0099248120300751,6.1875,7.368339686311381
141,48,6768,0.3525,0.16,0.0564,2.9375,8.820108644508608
33,19,627,0.0825,0.0633333333333333,0.005225,1.736842105263158,6.4425401664681985
27,5,135,0.0675,0.0166666666666666,0.001125,5.4,4.912654885736052
28,14,392,0.07,0.0466666666666666,0.0032666666666666,2.0,5.973809611869261
9,5,45,0.0225,0.0166666666666666,0.000375,1.8,3.828641396489095
79,39,3081,0.1975,0.13,0.025675,2.0256410256410255,8.033334015880062
28,19,532,0.07,0.0633333333333333,0.0044333333333333,1.4736842105263157,6.278521424165844
32,21,672,0.08,0.07,0.0056,1.5238095238095237,6.511745329644728
63,15,945,0.1575,0.05,0.007875,4.2,6.852242569051878
7,1,7,0.0175,0.0033333333333333,5.833333333333333e-05,7.0,2.0794415416798357
14,3,42,0.035,0.01,0.00035,4.666666666666667,3.7612001156935624
20,3,60,0.05,0.01,0.0005,6.666666666666667,4.110873864173311
99,44,4356,0.2475,0.1466666666666666,0.0363,2.25,8.379539026117442
201,155,31155,0.3771106941838649,0.5166666666666667,0.1948405253283302,1.2967741935483872,10.34676212203984
46,42,1932,0.0863039399624765,0.14,0.0120825515947467,1.0952380952380953,7.566828479208331
189,101,19089,0.2625,0.1402777777777777,0.0368229166666666,1.8712871287128714,9.856919916719793
40,17,680,0.0555555555555555,0.0236111111111111,0.0013117283950617,2.3529411764705883,6.523562306149512
22,11,242,0.0488888888888888,0.0366666666666666,0.0017925925925925,2.0,5.493061443340548
30,11,330,0.0666666666666666,0.0366666666666666,0.0024444444444444,2.727272727272727,5.802118375377063
13,6,78,0.0288888888888888,0.02,0.0005777777777777,2.1666666666666665,4.3694478524670215
28,8,224,0.0622222222222222,0.0266666666666666,0.0016592592592592,3.5,5.41610040220442
36,14,504,0.09,0.0466666666666666,0.0042,2.5714285714285716,6.22455842927536
57,20,1140,0.1425,0.0666666666666666,0.0095,2.85,7.039660349862076
121,160,19360,0.3025,0.5333333333333333,0.1613333333333333,0.75625,9.871016012389166
278,104,28912,0.695,0.3466666666666667,0.2409333333333333,2.673076923076923,10.272046599948313
118,99,11682,0.295,0.33,0.09735,1.1919191919191918,9.365890072717148
42,24,1008,0.105,0.08,0.0084,1.75,6.9167150203536085
28,19,532,0.07,0.0633333333333333,0.0044333333333333,1.4736842105263157,6.278521424165844
36,17,612,0.09,0.0566666666666666,0.0051,2.1176470588235294,6.418364935936212
61,30,1830,0.1525,0.1,0.01525,2.033333333333333,7.5126175446745105
33,18,594,0.0825,0.06,0.00495,1.8333333333333333,6.38856140554563
43,41,1763,0.1075,0.1366666666666666,0.0146916666666666,1.048780487804878,7.475339236566737
82,38,3116,0.205,0.1266666666666666,0.0259666666666666,2.1578947368421053,8.044626279767337
105,38,3990,0.2625,0.1266666666666666,0.03325,2.763157894736842,8.291797105048733
102,22,2244,0.255,0.0733333333333333,0.0187,4.636363636363637,7.716460800176355
46,17,782,0.115,0.0566666666666666,0.0065166666666666,2.7058823529411766,6.663132695990803
53,12,636,0.1325,0.04,0.0053,4.416666666666667,6.456769655572163
387,172,66564,0.9532019704433498,0.5733333333333334,0.5465024630541871,2.25,11.105934192866018
331,222,73482,0.7355555555555555,0.74,0.5443111111111111,1.490990990990991,11.204809365931682
84,22,1848,0.21,0.0733333333333333,0.0154,3.8181818181818183,7.522400231387125
127,34,4318,0.3175,0.1133333333333333,0.0359833333333333,3.735294117647059,8.3707791729607
377,82,30914,0.6930147058823529,0.2733333333333333,0.1894240196078431,4.597560975609756,10.33899678199267
208,36,7488,0.4176706827309236,0.12,0.0501204819277108,5.777777777777778,8.921190556249368
150,27,4050,0.3012048192771084,0.09,0.0271084337349397,5.555555555555555,8.30671904320269
97,20,1940,0.1947791164658634,0.0666666666666666,0.0129852744310575,4.85,7.57095858316901
88,14,1232,0.1767068273092369,0.0466666666666666,0.0082463186077643,6.285714285714286,7.117205503164344
50,10,500,0.1004016064257028,0.0333333333333333,0.00334672021419,5.0,6.2166061010848646
22,9,198,0.0441767068273092,0.03,0.0013253012048192,2.4444444444444446,5.293304824724492
50,8,400,0.1004016064257028,0.0266666666666666,0.002677376171352,6.25,5.993961427306569
68,6,408,0.1365461847389558,0.02,0.0027309236947791,11.333333333333334,6.013715156042802
48,17,816,0.0963855421686747,0.0566666666666666,0.0054618473895582,2.823529411764706,6.705639094860003
124,58,7192,0.3031784841075794,0.1933333333333333,0.0586145069274653,2.1379310344827585,8.880863609867356
146,18,2628,0.3569682151589242,0.06,0.0214180929095354,8.11111111111111,7.874358824729881
102,9,918,0.2493887530562347,0.03,0.007481662591687,11.333333333333334,6.823286122355687
124,28,3472,0.3031784841075794,0.0933333333333333,0.0282966585167074,4.428571428571429,8.152774052744075
271,104,28184,0.6625916870415648,0.3466666666666667,0.2296984515077424,2.605769230769231,10.246545200515675
198,80,15840,0.4125,0.2666666666666666,0.11,2.475,9.670356794688852
37,12,444,0.0770833333333333,0.04,0.0030833333333333,3.0833333333333335,6.09807428216624
61,59,3599,0.1270833333333333,0.1966666666666666,0.0249930555555555,1.0338983050847457,8.1886891244442
68,43,2924,0.1416666666666666,0.1433333333333333,0.0203055555555555,1.5813953488372092,7.981049759665957
41,41,1681,0.0854166666666666,0.1366666666666666,0.0116736111111111,1.0,7.427738840532894
58,43,2494,0.1208333333333333,0.1433333333333333,0.0173194444444444,1.3488372093023255,7.822044008185619
78,36,2808,0.1625,0.12,0.0195,2.1666666666666665,7.940583827104244
113,43,4859,0.2354166666666666,0.1433333333333333,0.0337430555555555,2.627906976744186,8.48879371689454
41,24,984,0.0854166666666666,0.08,0.0068333333333333,1.7083333333333333,6.892641641172089
63,21,1323,0.13125,0.07,0.0091875,3.0,7.188412736496954
70,44,3080,0.1458333333333333,0.1466666666666666,0.0213888888888888,1.5909090909090908,8.033009498596668
34,21,714,0.0708333333333333,0.07,0.0049583333333333,1.619047619047619,6.5722825426940075
48,40,1920,0.1,0.1333333333333333,0.0133333333333333,1.2,7.560601162768557
31,33,1023,0.0645833333333333,0.11,0.0071041666666666,0.9393939393939394,6.931471805599453
276,199,54924,0.6146993318485523,0.6633333333333333,0.407750556792873,1.3869346733668342,10.913723897252812
153,119,18207,0.2125,0.1652777777777777,0.0351215277777777,1.2857142857142858,9.809616336926057
124,59,7316,0.1722222222222222,0.0819444444444444,0.0141126543209876,2.1016949152542375,8.89795568688403
54,39,2106,0.075,0.0541666666666666,0.0040625,1.3846153846153846,7.653020413804189
56,26,1456,0.1046728971962616,0.0866666666666666,0.0090716510903426,2.1538461538461537,7.284134806195205
28,13,364,0.0523364485981308,0.0433333333333333,0.0022679127725856,2.1538461538461537,5.8998973535824915
58,26,1508,0.108411214953271,0.0866666666666666,0.0093956386292834,2.230769230769231,7.319202458767849
45,17,765,0.1006711409395973,0.0566666666666666,0.0057046979865771,2.6470588235294117,6.641182169740591
64,37,2368,0.1431767337807606,0.1233333333333333,0.0176584638329604,1.7297297297297298,7.7702232041587855
99,34,3366,0.2214765100671141,0.1133333333333333,0.0251006711409396,2.911764705882353,8.121777419161074
26,10,260,0.058165548098434,0.0333333333333333,0.0019388516032811,2.6,5.564520407322694
46,34,1564,0.1029082774049217,0.1133333333333333,0.0116629381058911,1.3529411764705883,7.355641102974253
57,29,1653,0.1275167785234899,0.0966666666666666,0.0123266219239373,1.9655172413793103,7.4109518755836366
158,60,9480,0.2964352720450281,0.2,0.0592870544090056,2.6333333333333333,9.15704507491796
174,45,7830,0.3866666666666666,0.15,0.058,3.8666666666666667,8.965845494750937
59,17,1003,0.1311111111111111,0.0566666666666666,0.0074296296296296,3.4705882352941178,6.911747300251674
138,52,7176,0.3066666666666666,0.1733333333333333,0.0531555555555555,2.6538461538461537,8.878636747430072
75,13,975,0.1666666666666666,0.0433333333333333,0.0072222222222222,5.769230769230769,6.883462586413092
382,102,38964,0.8488888888888889,0.34,0.2886222222222222,3.7450980392156863,10.570419086277662
395,224,88480,0.9875,0.7466666666666667,0.7373333333333333,1.7633928571428572,11.390543118681444
62,29,1798,0.1377777777777777,0.0966666666666666,0.0133185185185185,2.1379310344827585,7.4949862339505335
37,17,629,0.0822222222222222,0.0566666666666666,0.0046592592592592,2.176470588235294,6.4457198193855785
60,24,1440,0.1333333333333333,0.08,0.0106666666666666,2.5,7.273092595999522
31,14,434,0.0688888888888888,0.0466666666666666,0.0032148148148148,2.2142857142857144,6.075346031088684
36,10,360,0.08,0.0333333333333333,0.0026666666666666,3.6,5.8888779583328805
22,10,220,0.0488888888888888,0.0333333333333333,0.0016296296296296,2.2,5.3981627015177525
53,8,424,0.1177777777777777,0.0266666666666666,0.0031407407407407,6.625,6.052089168924417
38,14,532,0.0844444444444444,0.0466666666666666,0.0039407407407407,2.7142857142857144,6.278521424165844
16,7,112,0.0355555555555555,0.0233333333333333,0.0008296296296296,2.2857142857142856,4.727387818712341
29,12,348,0.0644444444444444,0.04,0.0025777777777777,2.4166666666666665,5.855071922202427
14,7,98,0.0311111111111111,0.0233333333333333,0.0007259259259259,2.0,4.59511985013459
88,30,2640,0.1955555555555555,0.1,0.0195555555555555,2.933333333333333,7.878912912297133
304,174,52896,0.4222222222222222,0.2416666666666666,0.102037037037037,1.7471264367816093,10.876101905463226
177,111,19647,0.2458333333333333,0.1541666666666666,0.0378993055555555,1.5945945945945945,9.88573083094687
383,169,64727,0.7172284644194756,0.5633333333333334,0.4040387016229713,2.2662721893491122,11.077949153487676
239,66,15774,0.4425925925925926,0.22,0.0973703703703703,3.621212121212121,9.666181687409415
363,113,41019,0.6722222222222223,0.3766666666666666,0.2532037037037037,3.2123893805309733,10.621815031626372
184,71,13064,0.3531669865642994,0.2366666666666666,0.0835828534868842,2.591549295774648,9.477692177954713
193,36,6948,0.3704414587332054,0.12,0.0444529750479846,5.361111111111111,8.846353043314327
152,37,5624,0.291746641074856,0.1233333333333333,0.0359820857325655,4.108108108108108,8.63497622707262
65,24,1560,0.1422319474835886,0.08,0.011378555798687,2.7083333333333335,7.353081920515432
59,26,1534,0.1291028446389496,0.0866666666666666,0.0111889132020423,2.269230769230769,7.336285660021297
47,19,893,0.1028446389496717,0.0633333333333333,0.0065134938001458,2.473684210526316,6.795705775173514
88,43,3784,0.1925601750547046,0.1433333333333333,0.0276002917578409,2.046511627906977,8.23880116587155
42,20,840,0.0919037199124726,0.0666666666666666,0.0061269146608315,2.1,6.734591659972948
194,52,10088,0.424507658643326,0.1733333333333333,0.0735813274981765,3.730769230769231,9.219201000408379
117,52,6084,0.26,0.1733333333333333,0.0450666666666666,2.25,8.713582005421628
44,17,748,0.0977777777777777,0.0566666666666666,0.0055407407407407,2.588235294117647,6.618738983517219
51,21,1071,0.0956848030018761,0.07,0.0066979362101313,2.4285714285714284,6.977281341630747
80,33,2640,0.150093808630394,0.11,0.0165103189493433,2.4242424242424243,7.878912912297133
38,13,494,0.0712945590994371,0.0433333333333333,0.0030894308943089,2.923076923076923,6.20455776256869
72,17,1224,0.1350844277673546,0.0566666666666666,0.00765478424015,4.235294117647059,7.110696122978827
58,109,6322,0.1088180112570356,0.3633333333333333,0.0395372107567229,0.5321100917431193,8.751949058058614
87,38,3306,0.1632270168855534,0.1266666666666666,0.0206754221388367,2.289473684210526,8.103796712981794
59,22,1298,0.1106941838649155,0.0733333333333333,0.0081175734834271,2.6818181818181817,7.1693500166706
27,11,297,0.0506566604127579,0.0366666666666666,0.0018574108818011,2.4545454545454546,5.697093486505405
87,60,5220,0.1632270168855534,0.2,0.0326454033771106,1.45,8.560444233410552
43,20,860,0.0806754221388367,0.0666666666666666,0.0053783614759224,2.15,6.7580945044277305
106,29,3074,0.198874296435272,0.0966666666666666,0.0192245153220762,3.6551724137931036,8.031060180240619
3,2,6,0.0056285178236397,0.0066666666666666,3.75234521575985e-05,1.5,1.9459101490553132
50,10,500,0.0938086303939962,0.0333333333333333,0.0031269543464665,5.0,6.2166061010848646
29,12,348,0.0544090056285178,0.04,0.0021763602251407,2.4166666666666665,5.855071922202427
13,6,78,0.024390243902439,0.02,0.0004878048780487,2.1666666666666665,4.3694478524670215
21,12,252,0.0393996247654784,0.04,0.0015759849906191,1.75,5.53338948872752
61,31,1891,0.1144465290806754,0.1033333333333333,0.0118261413383364,1.967741935483871,7.545389749611823
30,18,540,0.0562851782363977,0.06,0.0033771106941838,1.6666666666666667,6.293419278846481
15,6,90,0.0281425891181988,0.02,0.0005628517823639,2.5,4.51085950651685
15,4,60,0.0281425891181988,0.0133333333333333,0.0003752345215759,3.75,4.110873864173311
8,2,16,0.0150093808630394,0.0066666666666666,0.0001000625390869,4.0,2.833213344056216
29,6,174,0.0544090056285178,0.02,0.0010881801125703,4.833333333333333,5.1647859739235145
17,4,68,0.0318949343339587,0.0133333333333333,0.0004252657911194,4.25,4.23410650459726
24,6,144,0.0450281425891182,0.02,0.0009005628517823,4.0,4.976733742420574
20,5,100,0.0375234521575985,0.0166666666666666,0.0006253908692933,4.0,4.61512051684126
25,7,175,0.0469043151969981,0.0233333333333333,0.0010944340212632,3.5714285714285716,5.170483995038151
11,2,22,0.0206378986866791,0.0066666666666666,0.0001375859912445,5.5,3.1354942159291497
9,3,27,0.0168855534709193,0.01,0.0001688555347091,3.0,3.332204510175204
167,142,23714,0.2319444444444444,0.1972222222222222,0.0457445987654321,1.176056338028169,10.073863038311682
238,286,68068,0.3305555555555555,0.3972222222222222,0.131304012345679,0.8321678321678322,11.128277175574574
135,122,16470,0.1875,0.1694444444444444,0.0317708333333333,1.1065573770491803,9.709356537782675
68,45,3060,0.0944444444444444,0.0625,0.0059027777777777,1.511111111111111,8.026496938945412
162,66,10692,0.36,0.22,0.0792,2.4545454545454546,9.277344600756656
113,40,4520,0.2511111111111111,0.1333333333333333,0.0334814814814814,2.825,8.416488487294606
51,24,1224,0.1133333333333333,0.08,0.0090666666666666,2.125,7.110696122978827
44,14,616,0.0977777777777777,0.0466666666666666,0.0045629629629629,3.142857142857143,6.424869023905388
36,10,360,0.08,0.0333333333333333,0.0026666666666666,3.6,5.8888779583328805
157,43,6751,0.3488888888888889,0.1433333333333333,0.0500074074074074,3.6511627906976742,8.817594036275793
311,48,14928,0.6911111111111111,0.16,0.1105777777777777,6.479166666666667,9.61106090905359
228,132,30096,0.4310018903591682,0.44,0.189640831758034,1.7272727272727273,10.312180777995717
299,235,70265,0.9966666666666668,0.4409005628517823,0.4394308943089431,1.2723404255319148,11.160043319270192
312,189,58968,0.7410926365795725,0.63,0.4668883610451306,1.6507936507936507,10.984767161075625
220,251,55220,0.3666666666666666,0.8366666666666667,0.3067777777777777,0.8764940239043825,10.919098594700833
365,166,60590,0.7525773195876289,0.5533333333333333,0.4164261168384879,2.1987951807228914,11.011901646176499
78,26,2028,0.195,0.0866666666666666,0.0169,3.0,7.615298339825815
235,148,34780,0.5875,0.4933333333333333,0.2898333333333333,1.587837837837838,10.45682653965135
44,11,484,0.11,0.0366666666666666,0.0040333333333333,4.0,6.184148890937483
140,40,5600,0.35,0.1333333333333333,0.0466666666666666,3.5,8.630700432209832
9,20,180,0.0225,0.0666666666666666,0.0015,0.45,5.198497031265826
124,76,9424,0.1722222222222222,0.1055555555555555,0.018179012345679,1.631578947368421,9.151121012316212
135,70,9450,0.45,0.175,0.07875,1.9285714285714286,9.153875834995056
70,25,1750,0.2333333333333333,0.0625,0.0145833333333333,2.8,7.467942332285852
45,18,810,0.15,0.045,0.00675,2.5,6.698268054115413
68,27,1836,0.2266666666666666,0.0675,0.0153,2.5185185185185186,7.515889085215125
286,137,39182,0.715,0.4566666666666666,0.3265166666666667,2.0875912408759123,10.575998258245631
46,15,690,0.115,0.05,0.00575,3.066666666666667,6.53813982376767
41,15,615,0.1025,0.05,0.005125,2.7333333333333334,6.423246963533519
46,14,644,0.115,0.0466666666666666,0.0053666666666666,3.2857142857142856,6.4692503167957724
285,110,31350,0.5632411067193676,0.3666666666666666,0.2065217391304347,2.590909090909091,10.353001443478973
46,45,2070,0.0909090909090909,0.15,0.0136363636363636,1.0222222222222221,7.635786861395585
97,20,1940,0.191699604743083,0.0666666666666666,0.0127799736495388,4.85,7.57095858316901
171,202,34542,0.360759493670886,0.6733333333333333,0.2429113924050633,0.8465346534653465,10.449960203748262
50,22,1100,0.1054852320675105,0.0733333333333333,0.0077355836849507,2.272727272727273,7.00397413672268
21,11,231,0.0465631929046563,0.0366666666666666,0.0017073170731707,1.9090909090909092,5.44673737166631
247,85,20995,0.5476718403547672,0.2833333333333333,0.1551736881005173,2.9058823529411764,9.95208722237219
62,21,1302,0.1374722838137472,0.07,0.0096230598669623,2.9523809523809526,7.172424577124845
23,8,184,0.0509977827050997,0.0266666666666666,0.0013599408721359,2.875,5.220355825078324
31,23,713,0.0687361419068736,0.0766666666666666,0.0052697708795269,1.3478260869565217,6.570882962339584
62,16,992,0.1377777777777777,0.0533333333333333,0.0073481481481481,3.875,6.900730664045173
36,36,1296,0.08,0.12,0.0096,1.0,7.167809184316444
203,52,10556,0.4511111111111111,0.1733333333333333,0.0781925925925925,3.9038461538461537,9.264544425989694
35,12,420,0.0777777777777777,0.04,0.0031111111111111,2.9166666666666665,6.042632833682381
48,7,336,0.1066666666666666,0.0233333333333333,0.0024888888888888,6.857142857142857,5.820082930352362
69,65,4485,0.1294559099437148,0.2166666666666666,0.0280487804878048,1.0615384615384615,8.408716715080153
115,76,8740,0.2157598499061913,0.2533333333333333,0.0546591619762351,1.513157894736842,9.075779878580487
35,39,1365,0.0656660412757973,0.13,0.0085365853658536,0.8974358974358975,7.2196420401307355
52,24,1248,0.0975609756097561,0.08,0.0078048780487804,2.1666666666666665,7.130098510125578
79,85,6715,0.148217636022514,0.2833333333333333,0.0419949968730456,0.9294117647058824,8.812248018197431
35,50,1750,0.0656660412757973,0.1666666666666666,0.0109443402126328,0.7,7.467942332285852
28,10,280,0.0525328330206379,0.0333333333333333,0.0017510944340212,2.8,5.638354669333745
189,82,15498,0.4004237288135593,0.2733333333333333,0.1094491525423728,2.3048780487804876,9.648530784697051
131,110,14410,0.1819444444444444,0.1527777777777778,0.0277970679012345,1.190909090909091,9.575747082838362
162,165,26730,0.225,0.2291666666666666,0.0515625,0.9818181818181818,10.193579219581707
356,61,21716,0.6234676007005254,0.2033333333333333,0.1267717454757735,5.836065573770492,9.985850642961251
40,14,560,0.0700525394045534,0.0466666666666666,0.0032691185055458,2.857142857142857,6.329720905522696
222,152,33744,0.3389312977099236,0.5066666666666667,0.1717251908396946,1.4605263157894737,10.426587537177507
215,127,27305,0.3282442748091603,0.4233333333333333,0.1389567430025445,1.6929133858267718,10.214861737244696
51,36,1836,0.0778625954198473,0.12,0.0093435114503816,1.4166666666666667,7.515889085215125
79,15,1185,0.1206106870229007,0.05,0.006030534351145,5.266666666666667,7.078341579557671
56,8,448,0.0854961832061068,0.0266666666666666,0.0022798982188295,7.0,6.1070228877422545
38,19,722,0.0580152671755725,0.0633333333333333,0.0036743002544529,2.0,6.583409222158765
65,27,1755,0.099236641221374,0.09,0.0089312977099236,2.4074074074074074,7.470793774195062
48,45,2160,0.0732824427480916,0.15,0.0109923664122137,1.0666666666666667,7.6783263565068856
51,31,1581,0.0778625954198473,0.1033333333333333,0.0080458015267175,1.6451612903225807,7.366445148327599
32,28,896,0.048854961832061,0.0933333333333333,0.004559796437659,1.1428571428571428,6.799055862058796
35,27,945,0.0534351145038167,0.09,0.0048091603053435,1.2962962962962963,6.852242569051878
23,11,253,0.0351145038167938,0.0366666666666666,0.0012875318066157,2.090909090909091,5.537334267018537
45,12,540,0.0687022900763358,0.04,0.0027480916030534,3.75,6.293419278846481
26,15,390,0.0396946564885496,0.05,0.0019847328244274,1.7333333333333334,5.968707559985366
42,12,504,0.0641221374045801,0.04,0.0025648854961832,3.5,6.22455842927536
58,47,2726,0.0885496183206106,0.1566666666666666,0.0138727735368956,1.2340425531914894,7.910957382845589
88,35,3080,0.2060889929742388,0.1166666666666666,0.0240437158469945,2.5142857142857142,8.033009498596668
69,35,2415,0.1615925058548009,0.1166666666666666,0.0188524590163934,1.9714285714285715,7.789868559054706
59,47,2773,0.1381733021077283,0.1566666666666666,0.0216471506635441,1.2553191489361701,7.928045600874777
48,18,864,0.1124121779859484,0.06,0.0067447306791569,2.6666666666666665,6.762729506931879
34,17,578,0.0796252927400468,0.0566666666666666,0.0045120999219359,2.0,6.361302477572996
37,15,555,0.0866510538641686,0.05,0.0043325526932084,2.466666666666667,6.320768294250582
56,16,896,0.1311475409836065,0.0533333333333333,0.0069945355191256,3.5,6.799055862058796
33,11,363,0.0772833723653395,0.0366666666666666,0.0028337236533957,3.0,5.8971538676367405
19,9,171,0.0444964871194379,0.03,0.0013348946135831,2.111111111111111,5.147494476813453
38,10,380,0.0889929742388758,0.0333333333333333,0.0029664324746291,3.8,5.942799375126701
29,22,638,0.0679156908665105,0.0733333333333333,0.0049804839968774,1.3181818181818181,6.459904454377535
196,56,10976,0.4355555555555555,0.1866666666666666,0.0813037037037037,3.5,9.303557453687317
36,14,504,0.08,0.0466666666666666,0.0037333333333333,2.5714285714285716,6.22455842927536
201,131,26331,0.2791666666666667,0.1819444444444444,0.050792824074074,1.534351145038168,10.178540208587767
91,29,2639,0.2022222222222222,0.0966666666666666,0.0195481481481481,3.1379310344827585,7.878534196140362
310,110,34100,0.7769423558897243,0.3666666666666666,0.2848788638262322,2.8181818181818183,10.43708198835482
38,24,912,0.0844444444444444,0.08,0.0067555555555555,1.5833333333333333,6.816735880594968
22,16,352,0.0488888888888888,0.0533333333333333,0.0026074074074074,1.375,5.8664680569332965
33,30,990,0.0733333333333333,0.1,0.0073333333333333,1.1,6.898714534329988
45,16,720,0.1,0.0533333333333333,0.0053333333333333,2.8125,6.580639137284949
32,9,288,0.0711111111111111,0.03,0.0021333333333333,3.5555555555555554,5.666426688112432
25,34,850,0.0555555555555555,0.1133333333333333,0.0062962962962962,0.7352941176470589,6.7464121285733745
39,45,1755,0.0866666666666666,0.15,0.013,0.8666666666666667,7.470793774195062
20,21,420,0.0444444444444444,0.07,0.0031111111111111,0.9523809523809523,6.042632833682381
26,24,624,0.0577777777777777,0.08,0.0046222222222222,1.0833333333333333,6.437751649736401
18,9,162,0.04,0.03,0.0012,2.0,5.093750200806762
18,6,108,0.04,0.02,0.0008,3.0,4.6913478822291435
13,7,91,0.0288888888888888,0.0233333333333333,0.000674074074074,1.8571428571428572,4.5217885770490405
16,7,112,0.0355555555555555,0.0233333333333333,0.0008296296296296,2.2857142857142856,4.727387818712341
299,155,46345,0.9966666666666668,0.5166666666666667,0.5149444444444444,1.929032258064516,10.743890267377827
156,30,4680,0.3466666666666667,0.1,0.0346666666666666,5.2,8.45126704130007
89,16,1424,0.1977777777777777,0.0533333333333333,0.0105481481481481,5.5625,7.261927092702751
29,9,261,0.0644444444444444,0.03,0.0019333333333333,3.2222222222222223,5.568344503761097
59,21,1239,0.1311111111111111,0.07,0.0091777777777777,2.8095238095238093,7.122866658599083
71,37,2627,0.1577777777777777,0.1233333333333333,0.0194592592592592,1.9189189189189189,7.873978379604501
148,56,8288,0.3288888888888889,0.1866666666666666,0.0613925925925925,2.642857142857143,9.022684613591526
15,10,150,0.0333333333333333,0.0333333333333333,0.0011111111111111,1.5,5.017279836814924
48,11,528,0.1034482758620689,0.0366666666666666,0.0037931034482758,4.363636363636363,6.270988431858299
57,23,1311,0.1228448275862068,0.0766666666666666,0.0094181034482758,2.4782608695652173,7.179307969504034
291,75,21825,0.5449438202247191,0.25,0.1362359550561797,3.88,9.990857198673035
247,143,35321,0.3430555555555555,0.1986111111111111,0.0681346450617284,1.7272727272727273,10.472261278256317
237,111,26307,0.5925,0.37,0.219225,2.135135135135135,10.177628354421241
189,86,16254,0.4073275862068966,0.2866666666666667,0.1167672413793103,2.197674418604651,9.696155832738006
87,24,2088,0.29,0.06,0.0174,3.625,7.644440761556566
170,92,15640,0.5666666666666667,0.23,0.1303333333333333,1.8478260869565217,9.657650950674242
76,51,3876,0.2533333333333333,0.1275,0.0323,1.4901960784313726,8.262816937670928
145,46,6670,0.3625,0.1533333333333333,0.0555833333333333,3.152173913043478,8.805525052709516
143,36,5148,0.4766666666666667,0.0902255639097744,0.0430075187969924,3.9722222222222223,8.546557800046141
92,55,5060,0.3066666666666666,0.137844611528822,0.0422723475355054,1.6727272727272726,8.529319371214077
219,198,43362,0.73,0.4962406015037593,0.3622556390977444,1.106060606060606,10.677361821912017
213,62,13206,0.4722838137472284,0.2066666666666666,0.0976053215077605,3.435483870967742,9.488502271043805
254,70,17780,0.4756554307116105,0.2333333333333333,0.1109862671660424,3.6285714285714286,9.785885750455948
157,31,4867,0.2180555555555555,0.1165413533834586,0.0254124895572264,5.064516129032258,8.490438454107418
96,24,2304,0.1333333333333333,0.0902255639097744,0.0120300751879699,4.0,7.742835955430749
156,15,2340,0.2166666666666666,0.056390977443609,0.0122180451127819,10.4,7.75833346749091
81,13,1053,0.1125,0.0488721804511278,0.0054981203007518,6.230769230769231,6.960347729101308
63,9,567,0.0875,0.0338345864661654,0.0029605263157894,7.0,6.342121418721152
87,54,4698,0.1208333333333333,0.2030075187969924,0.0245300751879699,1.6111111111111112,8.455104999102815
58,13,754,0.0805555555555555,0.0488721804511278,0.0039369256474519,4.461538461538462,6.626717749249025
52,10,520,0.0722222222222222,0.037593984962406,0.0027151211361737,5.2,6.255750041753367
45,12,540,0.0625,0.0451127819548872,0.0028195488721804,3.75,6.293419278846481
45,10,450,0.0625,0.037593984962406,0.0023496240601503,4.5,6.111467339502679
56,12,672,0.0777777777777777,0.0451127819548872,0.0035087719298245,4.666666666666667,6.511745329644728
160,34,5440,0.2222222222222222,0.1278195488721804,0.0284043441938178,4.705882352941177,8.601718146485926
63,25,1575,0.1448275862068965,0.0833333333333333,0.0120689655172413,2.52,7.362645270417825
75,46,3450,0.1724137931034483,0.1533333333333333,0.0264367816091954,1.6304347826086956,8.146419323098003
178,96,17088,0.445,0.32,0.1424,1.8541666666666667,9.746190260646909
86,69,5934,0.1911111111111111,0.23,0.0439555555555555,1.2463768115942029,8.688622307043769
64,13,832,0.1422222222222222,0.0433333333333333,0.0061629629629629,4.923076923076923,6.725033642166843
327,179,58533,0.7266666666666667,0.5966666666666667,0.4335777777777778,1.8268156424581006,10.977363060971824
143,42,6006,0.3177777777777777,0.14,0.0444888888888888,3.4047619047619047,8.700680734850161
20,8,160,0.0444444444444444,0.0266666666666666,0.0011851851851851,2.5,5.081404364984463
37,9,333,0.0822222222222222,0.03,0.0024666666666666,4.111111111111111,5.811140992976701
165,83,13695,0.3089887640449438,0.2766666666666666,0.0854868913857677,1.9879518072289157,9.524859098381523
163,106,17278,0.3052434456928839,0.3533333333333333,0.1078526841448189,1.5377358490566038,9.757247170313121
179,59,10561,0.3352059925093633,0.1966666666666666,0.0659238451935081,3.0338983050847457,9.26501793326688
155,51,7905,0.2902621722846442,0.17,0.0493445692883895,3.0392156862745097,8.97537724385663
129,46,5934,0.2415730337078651,0.1533333333333333,0.0370411985018726,2.8043478260869565,8.688622307043769
17,32,544,0.0318352059925093,0.1066666666666666,0.0033957553058676,0.53125,6.300785794663244
68,28,1904,0.1273408239700374,0.0933333333333333,0.0118851435705368,2.4285714285714284,7.552237287560802
66,13,858,0.1235955056179775,0.0433333333333333,0.0053558052434456,5.076923076923077,6.755768921984255
52,57,2964,0.097378277153558,0.19,0.018501872659176,0.9122807017543859,7.994632311431825
9,17,153,0.0168539325842696,0.0566666666666666,0.0009550561797752,0.5294117647058824,5.0369526024136295
59,51,3009,0.1966666666666666,0.1275,0.025075,1.1568627450980393,8.009695357742922
42,20,840,0.14,0.05,0.007,2.1,6.734591659972948
163,74,12062,0.5433333333333333,0.185,0.1005166666666666,2.2027027027027026,9.397898195565384
46,19,874,0.1533333333333333,0.0475,0.0072833333333333,2.4210526315789473,6.774223886357614
369,70,25830,0.6923076923076923,0.2333333333333333,0.1615384615384615,5.271428571428571,10.159330600013353
241,269,64829,0.3347222222222222,0.3736111111111111,0.1250559413580247,0.895910780669145,11.07952373816904
90,94,8460,0.125,0.1305555555555555,0.0163194444444444,0.9574468085106383,9.0432226489245
61,39,2379,0.0847222222222222,0.0541666666666666,0.0045891203703703,1.564102564102564,7.77485576666552
63,22,1386,0.0875,0.0305555555555555,0.0026736111111111,2.8636363636363638,7.234898420314831
70,72,5040,0.0972222222222222,0.1,0.0097222222222222,0.9722222222222222,8.525359754082631
33,25,825,0.0458333333333333,0.0347222222222222,0.0015914351851851,1.32,6.716594773520978
76,48,3648,0.1688888888888889,0.16,0.0270222222222222,1.5833333333333333,8.202208436436448
70,28,1960,0.1548672566371681,0.0933333333333333,0.0144542772861356,2.5,7.581209826196346
44,26,1144,0.0973451327433628,0.0866666666666666,0.0084365781710914,1.6923076923076923,7.0431599159883405
44,33,1452,0.0973451327433628,0.11,0.0107079646017699,1.3333333333333333,7.2813856635702825
46,17,782,0.1017699115044247,0.0566666666666666,0.0057669616519174,2.7058823529411766,6.663132695990803
23,9,207,0.0508849557522123,0.03,0.0015265486725663,2.5555555555555554,5.337538079701318
48,36,1728,0.1432835820895522,0.12,0.0171940298507462,1.3333333333333333,7.455298485683291
27,11,297,0.0805970149253731,0.0366666666666666,0.002955223880597,2.4545454545454546,5.697093486505405
25,13,325,0.0746268656716417,0.0433333333333333,0.0032338308457711,1.9230769230769231,5.786897381366708
31,15,465,0.0925373134328358,0.05,0.0046268656716417,2.066666666666667,6.144185634125646
40,9,360,0.1194029850746268,0.03,0.0035820895522388,4.444444444444445,5.8888779583328805
42,12,504,0.1253731343283582,0.04,0.0050149253731343,3.5,6.22455842927536
15,12,180,0.044776119402985,0.04,0.0017910447761194,1.25,5.198497031265826
14,14,196,0.0417910447761194,0.0466666666666666,0.0019502487562189,1.0,5.2832037287379885
105,44,4620,0.3134328358208955,0.1466666666666666,0.0459701492537313,2.3863636363636362,8.438366410870266
54,28,1512,0.1611940298507462,0.0933333333333333,0.0150447761194029,1.9285714285714286,7.321849713788356
97,24,2328,0.2895522388059701,0.08,0.0231641791044776,4.041666666666667,7.753194269884341
50,27,1350,0.1492537313432835,0.09,0.0134328358208955,1.8518518518518519,7.208600337960199
32,10,320,0.0955223880597015,0.0333333333333333,0.00318407960199,3.2,5.771441123130016
26,10,260,0.0776119402985074,0.0333333333333333,0.0025870646766169,2.6,5.564520407322694
23,8,184,0.0686567164179104,0.0266666666666666,0.0018308457711442,2.875,5.220355825078324
17,8,136,0.0507462686567164,0.0266666666666666,0.0013532338308457,2.125,4.919980925828125
20,7,140,0.0597014925373134,0.0233333333333333,0.0013930348258706,2.857142857142857,4.948759890378168
376,170,63920,0.94,0.5666666666666667,0.5326666666666666,2.211764705882353,11.065403224873476
389,212,82468,0.5186666666666667,0.212,0.1099573333333333,1.8349056603773586,11.320177744132447
121,66,7986,0.1613333333333333,0.066,0.010648,1.8333333333333333,8.985570498917388
87,63,5481,0.213235294117647,0.2058823529411764,0.0439013840830449,1.380952380952381,8.60922527686273
6,5,30,0.0517241379310344,0.043103448275862,0.0022294887039239,1.2,3.4339872044851463
8,3,24,0.0689655172413793,0.0258620689655172,0.0017835909631391,2.6666666666666665,3.2188758248682006
8,4,32,0.0689655172413793,0.0344827586206896,0.0023781212841854,2.0,3.4965075614664802
10,8,80,0.0862068965517241,0.0689655172413793,0.0059453032104637,1.25,4.394449154672439
5,4,20,0.043103448275862,0.0344827586206896,0.0014863258026159,1.25,3.044522437723423
3,3,9,0.0258620689655172,0.0258620689655172,0.0006688466111771,1.0,2.302585092994046
4,2,8,0.0344827586206896,0.0172413793103448,0.0005945303210463,2.0,2.1972245773362196
4,2,8,0.0344827586206896,0.0172413793103448,0.0005945303210463,2.0,2.1972245773362196
5,3,15,0.043103448275862,0.0258620689655172,0.0011147443519619,1.6666666666666667,2.772588722239781
14,10,140,0.1206896551724138,0.0862068965517241,0.0104042806183115,1.4,4.948759890378168
26,13,338,0.2241379310344827,0.1120689655172413,0.0251189060642092,2.0,5.82600010738045
6,7,42,0.0517241379310344,0.0603448275862069,0.0031212841854934,0.8571428571428571,3.7612001156935624
9,5,45,0.0775862068965517,0.043103448275862,0.0033442330558858,1.8,3.828641396489095
4,6,24,0.0344827586206896,0.0517241379310344,0.0017835909631391,0.6666666666666666,3.2188758248682006
7,6,42,0.0603448275862069,0.0517241379310344,0.0031212841854934,1.1666666666666667,3.7612001156935624
12,3,36,0.1034482758620689,0.0258620689655172,0.0026753864447086,4.0,3.6109179126442243
78,94,7332,0.6724137931034483,0.8103448275862069,0.5448870392390012,0.8297872340425532,8.9001399880938
110,55,6050,0.2444444444444444,0.1632047477744807,0.0398944939004286,2.0,8.707978826622321
46,22,1012,0.1022222222222222,0.0652818991097922,0.0066732607978898,2.090909090909091,6.920671504248683
74,28,2072,0.1733021077283372,0.0795454545454545,0.0137853949329359,2.642857142857143,7.636752112435779
197,73,14381,0.4646226415094339,0.2354838709677419,0.1094111381618989,2.6986301369863015,9.57373270366244
198,72,14256,0.4669811320754717,0.2093023255813953,0.0977402369460289,2.75,9.56500329315396
363,198,71874,0.8541176470588235,0.4864864864864865,0.415516693163752,1.8333333333333333,11.182683778099651
355,130,46150,0.7334710743801653,0.3523035230352303,0.2584044435485677,2.730769230769231,10.739673908168612
519,234,121446,0.4325,0.26,0.11245,2.217948717948718,11.70723323260197
298,104,30992,0.4173669467787115,0.2071713147410358,0.0864664590935976,2.8653846153846154,10.341516651517555
377,188,70876,0.3286835222319093,0.3601532567049808,0.1183764409570861,2.00531914893617,11.168701259326799
112,236,26432,0.1637426900584795,0.5232815964523282,0.0856835362611999,0.4745762711864407,10.18236850853484
27,25,675,0.0394736842105263,0.0554323725055432,0.002188119967324,1.08,6.516193076042964
25,12,300,0.0365497076023391,0.0266075388026607,0.0009724977632551,2.0833333333333335,5.707110264748875
25,18,450,0.0365497076023391,0.0399113082039911,0.0014587466448827,1.3888888888888888,6.111467339502679
364,99,36036,0.5833333333333334,0.2584856396866841,0.1507832898172323,3.676767676767677,10.492301467414055
23,16,368,0.0285714285714285,0.0306513409961685,0.0008757525998905,1.4375,5.910796644040527
82,25,2050,0.082,0.0444049733570159,0.0036412078152753,3.28,7.62608275807238
182,122,22204,0.4945652173913043,0.2484725050916497,0.1228858584964137,1.4918032786885247,10.008072767726203
298,197,58706,0.3573141486810551,0.4182590233545648,0.1494498668581058,1.5126903553299493,10.980314249132315
62,30,1860,0.0743405275779376,0.0636942675159235,0.004735065450824,2.066666666666667,7.528869256642251
56,87,4872,0.0671462829736211,0.1847133757961783,0.012402816600223,0.6436781609195402,8.491465042843506
83,19,1577,0.1990407673860911,0.0446009389671361,0.0088774051181589,4.368421052631579,7.363913501405819
23,25,575,0.0551558752997601,0.0586854460093896,0.0032368471420047,0.92,6.3561076606958915
24,5,120,0.0575539568345323,0.0117370892018779,0.0006755159252879,4.8,4.795790545596741
17,8,136,0.0407673860911271,0.0187793427230046,0.0007655847153263,2.125,4.919980925828125
52,25,1300,0.1247002398081534,0.0586854460093896,0.0073180891906193,2.08,7.170888478512505
29,12,348,0.0695443645083932,0.028169014084507,0.001958996183335,2.4166666666666665,5.855071922202427
48,18,864,0.1151079136690647,0.0422535211267605,0.0048637146620731,2.6666666666666665,6.762729506931879
36,14,504,0.0863309352517985,0.0328638497652582,0.0028371668862093,2.5714285714285716,6.22455842927536
59,34,2006,0.1414868105515587,0.0798122065727699,0.0112923745510633,1.7352941176470589,7.604396348796338
26,1,26,0.0623501199040767,0.0023474178403755,0.0001463617838123,26.0,3.295836866004329
26,6,156,0.0623501199040767,0.0140845070422535,0.0008781707028743,4.333333333333333,5.056245805348308
439,405,177795,0.7797513321492007,0.405,0.3157992895204263,1.0839506172839506,12.088392104621024
124,46,5704,0.124,0.0613333333333333,0.0076053333333333,2.6956521739130435,8.649098262296176
335,55,18425,0.335,0.0733333333333333,0.0245666666666666,6.090909090909091,9.821517989668877
178,65,11570,0.178,0.0866666666666666,0.0154266666666666,2.7384615384615385,9.356257246876337
305,140,42700,0.3836477987421384,0.14,0.0537106918238993,2.1785714285714284,10.661977618146238
408,207,84456,0.5132075471698113,0.207,0.1062339622641509,1.9710144927536233,11.343997808084419
508,360,182880,0.6521181001283697,0.36,0.2347625160462131,1.4111111111111112,12.11659094708018
201,106,21306,0.2791666666666667,0.1472222222222222,0.041099537037037,1.8962264150943395,9.966790936205367
89,63,5607,0.1236111111111111,0.0875,0.0108159722222222,1.4126984126984128,8.631949428714426
50,30,1500,0.0651041666666666,0.0330760749724366,0.0021533902976846,1.6666666666666667,7.313886831633462
795,116,92220,0.7965931863727455,0.2583518930957684,0.205801357726589,6.853448275862069,11.431943149336691
136,66,8976,0.1362725450901803,0.1469933184855233,0.0200311536212737,2.0606060606060606,9.10242102975669
293,199,58307,0.3052083333333333,0.3685185185185185,0.1124749228395061,1.4723618090452262,10.973494584193903
67,225,15075,0.0443121693121693,0.1116071428571428,0.0049455546107331,0.29777777777777775,9.620859354387026
62,254,15748,0.041005291005291,0.1259920634920635,0.0051663412278491,0.2440944881889764,9.664532150174582
73,321,23433,0.0482804232804232,0.1592261904761904,0.0076875078735197,0.22741433021806853,10.061943238228102
95,429,40755,0.0628306878306878,0.212797619047619,0.0133702207734945,0.22144522144522144,10.615358347094176
145,116,16820,0.2013888888888889,0.1611111111111111,0.0324459876543209,1.25,9.730383384791782
82,49,4018,0.1138888888888888,0.0680555555555555,0.0077507716049382,1.6734693877551021,8.2987883944492
299,101,30199,0.1977513227513227,0.0500992063492063,0.009907184324347,2.9603960396039604,10.31559720336296
344,95,32680,0.2275132275132275,0.0471230158730158,0.0107211094314268,3.6210526315789475,10.394549148260978
336,134,45024,0.28,0.08375,0.02345,2.5074626865671643,10.714973170044157
425,138,58650,0.3541666666666667,0.08625,0.030546875,3.079710144927536,10.979359904234647
358,112,40096,0.2983333333333333,0.07,0.0208833333333333,3.1964285714285716,10.59905679752845
433,315,136395,0.270625,0.2625,0.0710390625,1.3746031746031746,11.823317698448301
58,35,2030,0.0483333333333333,0.021875,0.0010572916666666,1.6571428571428573,7.616283561580385
233,146,34018,0.3236111111111111,0.2027777777777777,0.0656211419753086,1.595890410958904,10.434674471043987
238,191,45458,0.3305555555555555,0.2652777777777778,0.0876890432098765,1.2460732984293195,10.724566099804273
155,55,8525,0.2152777777777778,0.0763888888888889,0.0164448302469135,2.8181818181818183,9.050875597325156
104,56,5824,0.1444444444444444,0.0777777777777777,0.0112345679012345,1.8571428571428572,8.669914278433902
133,107,14231,0.1847222222222222,0.1486111111111111,0.027451774691358,1.2429906542056075,9.563248229345671
183,148,27084,0.2541666666666666,0.2055555555555555,0.0522453703703703,1.2364864864864864,10.206735348092
142,163,23146,0.1972222222222222,0.2263888888888889,0.0446489197530864,0.8711656441717791,10.04962046148409
150,112,16800,0.2083333333333333,0.1555555555555555,0.0324074074074074,1.3392857142857142,9.729193687429403
191,157,29987,0.2652777777777778,0.2180555555555555,0.0578452932098765,1.21656050955414,10.308552580622953
76,34,2584,0.1055555555555555,0.0472222222222222,0.0049845679012345,2.235294117647059,7.85748078694253
250,369,92250,0.3472222222222222,0.5125,0.1779513888888889,0.6775067750677507,11.43226840195242
201,171,34371,0.2791666666666667,0.2375,0.0663020833333333,1.1754385964912282,10.444997558433114
56,80,4480,0.0777777777777777,0.1111111111111111,0.0086419753086419,0.7,8.407601514786142
191,138,26358,0.2652777777777778,0.1916666666666666,0.0508449074074074,1.3840579710144927,10.179565051629774
115,118,13570,0.1597222222222222,0.1638888888888889,0.0261766975308642,0.9745762711864406,9.51569044208137
233,195,45435,0.3236111111111111,0.2708333333333333,0.0876446759259259,1.1948717948717948,10.724060021351312
249,213,53037,0.3458333333333333,0.2958333333333333,0.1023090277777777,1.1690140845070423,10.878763916758155
61,36,2196,0.0847222222222222,0.05,0.0042361111111111,1.6944444444444444,7.69484807238461
192,211,40512,0.2666666666666666,0.2930555555555555,0.0781481481481481,0.909952606635071,10.609378189243436
142,105,14910,0.1972222222222222,0.1458333333333333,0.028761574074074,1.3523809523809525,9.609854474590907
116,94,10904,0.1611111111111111,0.1305555555555555,0.0210339506172839,1.2340425531914894,9.29697667863573
149,113,16837,0.2069444444444444,0.1569444444444444,0.0324787808641975,1.3185840707964602,9.73139351589761
152,92,13984,0.2111111111111111,0.1277777777777777,0.0269753086419753,1.6521739130434783,9.54574060563606
69,65,4485,0.0958333333333333,0.0902777777777777,0.0086516203703703,1.0615384615384615,8.408716715080153
165,113,18645,0.2291666666666666,0.1569444444444444,0.0359664351851851,1.4601769911504425,9.833386924856638
157,86,13502,0.2180555555555555,0.1194444444444444,0.026045524691358,1.8255813953488371,9.510667161961042
210,138,28980,0.2916666666666667,0.1916666666666666,0.0559027777777777,1.5217391304347827,10.274395721835582
75,84,6300,0.1041666666666666,0.1166666666666666,0.0121527777777777,0.8928571428571429,8.748463629942055
216,127,27432,0.3,0.1763888888888889,0.0529166666666666,1.7007874015748032,10.219501947254944
110,47,5170,0.1527777777777778,0.0652777777777777,0.0099729938271604,2.3404255319148937,8.550821372396221
212,154,32648,0.2944444444444444,0.2138888888888888,0.0629783950617283,1.3766233766233766,10.393569506364171
90,106,9540,0.125,0.1472222222222222,0.0184027777777777,0.8490566037735849,9.163353580751846
353,214,75542,0.4902777777777777,0.2972222222222222,0.1457214506172839,1.6495327102803738,11.232457309536642
137,77,10549,0.1902777777777777,0.1069444444444444,0.0203491512345679,1.7792207792207793,9.263881138904212
141,120,16920,0.1958333333333333,0.1666666666666666,0.0326388888888888,1.175,9.736310733068626
325,180,58500,0.4513888888888889,0.25,0.1128472222222222,1.8055555555555556,10.97679912709094
329,121,39809,0.4569444444444444,0.1680555555555555,0.0767920524691358,2.71900826446281,10.591873415994362
232,85,19720,0.3222222222222222,0.1180555555555555,0.0380401234567901,2.7294117647058824,9.889439336810069
124,18,2232,0.1722222222222222,0.025,0.0043055555555555,6.888888888888889,7.711101251840158
86,40,3440,0.1194444444444444,0.0555555555555555,0.0066358024691358,2.15,8.14351740579748
80,57,4560,0.1111111111111111,0.0791666666666666,0.0087962962962962,1.4035087719298245,8.4252971767117
258,183,47214,0.3583333333333333,0.2541666666666666,0.0910763888888888,1.4098360655737705,10.76246691769717
173,122,21106,0.2402777777777777,0.1694444444444444,0.0407137345679012,1.4180327868852458,9.957360018000617
67,75,5025,0.0930555555555555,0.1041666666666666,0.009693287037037,0.8933333333333333,8.522379718103538
250,205,51250,0.3472222222222222,0.2847222222222222,0.0988618827160493,1.2195121951219512,10.844490409005417
