bbox_width,bbox_height,bbox_area,rel_bbox_width,rel_bbox_height,rel_bbox_area,bbox_aspect_ratio,log_bbox_area
1.698554276185144,1.0334233027225435,1.2727000699957598,0.9908132675491794,0.2217085683216195,0.20322146513592698,-0.14462751810396512,1.27884509705742
0.27233649823319234,1.0786606036379185,0.358452264321094,-0.10163976523465496,0.24977427974922184,-0.16598031392633092,-0.8487613924736133,0.9305590096979893
0.3375882919956999,0.8977113999764185,0.3139293663852003,-0.05165825393081943,0.13751143403881344,-0.1839600487694558,-0.7498640576111906,0.906081949974341
0.2536931285867616,0.3699428892970432,0.019059308015738845,-0.11592019703575092,-0.18992186594987728,-0.3030377752528781,-0.5116393375203082,0.7074132586541092
1.2324700350243754,3.5365539533732946,2.8937765687721018,0.6338024725217827,1.7746779339822678,0.8578627162599349,-1.0139303249700855,1.607134684266707
0.794350848333253,0.6866039957046683,0.4606112719232542,0.2982123251960297,0.006538114043337408,-0.12472532034598664,-0.3877692559475251,0.9828105655936189
1.074001393029714,1.5310336127916688,1.2212661550668318,0.5124188022124679,0.5304313940252426,0.18245084607834722,-0.6591906371140205,1.2642563288365494
-0.6039018751490524,-0.15782562138233205,-0.4648447856696018,-0.7728200598861612,-0.517355165938568,-0.4984533411150205,-0.864894850736583,-0.011724374221946273
0.19776301964746937,0.6564457950944184,0.12117401422691802,-0.1587614924390384,-0.012172360241730943,-0.26180067195595996,-0.7191305623891912,0.7848646313063972
-0.8089789412597905,-0.4895658280950822,-0.5642571070309407,-0.9299048096982155,-0.7231703830743168,-0.5385991371229532,-0.8273227880250724,-0.48109277107943776
0.8968893813886221,1.5611918134019187,1.0973551644930062,0.37675470010205697,0.5491418683103102,0.13241172333583934,-0.7377247052136898,1.227380221806055
0.39351840093499213,0.8826322996712934,0.3405988037557555,-0.008816958527531529,0.12815619689627925,-0.1731900981470065,-0.7144909661748091,0.9208782306850505
-0.5293283965633294,-0.03719281894133199,-0.4180625167936776,-0.7156983326817778,-0.4425132687982959,-0.4795612018171702,-0.8724398511182703,0.11805927414794863
-0.6598319840883446,-0.5649613296207072,-0.551099593909587,-0.8156613552894487,-0.7699465687869866,-0.5332857229454332,-0.4038098567080378,-0.389797627996194
-0.10985257951863782,0.7921576978405434,0.0030222044806208995,-0.3943886171571202,0.07202477404107532,-0.30951405785308833,-0.9484567607015273,0.6941594397659537
-0.7623705171437137,-0.09750922016183201,-0.5007732137551837,-0.8942037301954762,-0.47993421736843167,-0.5129623609735026,-1.0760276143935819,-0.13849147710455456
-0.1471393188114993,0.35486378899191817,-0.1650572729012506,-0.42294948075931216,-0.19927710309241145,-0.3773897931713134,-0.7877766311095112,0.5309056589954628
0.39351840093499213,1.4556381112660437,0.6301526952074983,-0.008816958527531529,0.4836552083125723,-0.056259205674703786,-0.9056253535500743,1.0596154901046162
0.35623166164213066,0.3699428892970432,0.06486694629008126,-0.03737782212972346,-0.18992186594987728,-0.28453922219039934,-0.4389267374323405,0.7435529863540257
1.0553580233832833,2.6318079350657944,1.991977453963094,0.49813837041137204,1.2133637054302264,0.4936881068403816,-0.9306307954042535,1.4496154645139772
3.49763944706571,3.73258225733992,6.457247555109897,2.3688749363549313,1.8962960168352097,2.2969034441966905,-0.5595791905751513,1.9797102211002153
0.020651008006377355,0.6564457950944184,0.026058927790735074,-0.2944255945494493,-0.012172360241730943,-0.30021111047157073,-0.8236073956612028,0.7130964713905739
0.8782460117421913,0.7469203969251684,0.5461572579075435,0.3624742683009612,0.04395906261347299,-0.09017918305039009,-0.37982344752126507,1.02294392160477
0.9807845447975604,1.1540561051635436,0.8852401044760319,0.44101664320698847,0.2965504654618916,0.04675304629217563,-0.5493086297203015,1.1576607688593252
-0.3615380697454528,0.3850219896021682,-0.25175509505104565,-0.587174446471915,-0.18056662880734328,-0.4124010778359853,-0.9542468486777848,0.4220066779048291
-0.0539224705793456,2.6770452359811694,0.7221223828840311,-0.35154732175383274,1.241429416857828,-0.019118977282338533,-1.2375075201430354,1.0970743040296569
-0.2030694277507915,-0.4744867277899572,-0.4529277114957158,-0.4657907761625996,-0.7138151459317826,-0.49364085487342835,0.2165303848917325,0.024448362687025077
2.0434566146441124,5.647627996090796,6.230025720768406,1.2550012558694532,3.0844111339370306,2.205144180504762,-1.0610333523536797,1.9623306392311866
0.71977736974753,1.6215082146224187,0.9884180440707547,0.2410905979916461,0.5865628168804465,0.08841951639131759,-0.8227685986054953,1.1927121480516296
0.26301481340997696,0.8072367981456684,0.22621261224284245,-0.10877998113520301,0.0813800111836095,-0.21938280995292542,-0.7512738414317998,0.8543031879056584
1.120609817145791,0.3699428892970432,0.40634206797154293,0.5481198817152074,-0.18992186594987728,-0.1466409175428305,0.10311264504160099,0.9556913356031901
0.8036725331564684,1.0937397039430434,0.7240716440871946,0.3053525410965776,0.25912951689175584,-0.018331804811594552,-0.6042757486439035,1.0978404582392602
0.48673524916714583,1.5008754121814187,0.7278815637115597,0.06258520047794745,0.5117209197401744,-0.016793240436958883,-0.8802871351690958,1.0993347732711427
0.35623166164213066,0.5810502935687933,0.1690638178773669,-0.03737782212972346,-0.058948545954400695,-0.2424612755724586,-0.5828829961923574,0.8176474736097938
-0.35221638492223745,-0.5348031290104572,-0.49616586909316085,-0.5800342305713669,-0.7512360945019184,-0.5111017714971993,0.13188661512988784,-0.12045069830683018
-0.3242513304525913,-0.45940762748483216,-0.4706039664971303,-0.5586135828697231,-0.7044599087892486,-0.5007790779604001,-0.035871812002999486,-0.030125225928123903
0.9807845447975604,0.9429487008917935,0.7394885281485787,0.44101664320698847,0.16557714546641558,-0.01210598617934826,-0.44323340658355614,1.1038616021289822
-0.4547549179776065,-0.08243011985670701,-0.4050822092362479,-0.6585766054773938,-0.4705789802258982,-0.4743193487733532,-0.7630348895289921,0.1491046468983445
-0.7623705171437137,-0.6554359314514573,-0.5794524841374198,-0.8942037301954762,-0.8260779916421905,-0.5447355043380694,-0.40231619752790904,-0.6105971781947546
0.46809187952071507,0.3397846886867932,0.09889041456348066,0.048304768676851906,-0.20863234023494545,-0.270799484519235,-0.3337377586489562,0.7688956881575614
-0.23103448222043763,0.1889936856355431,-0.2533056437353803,-0.4872114238642436,-0.3021847116602858,-0.41302723775589534,-0.7537997041103914,0.4198417600333495
0.4960569339903612,0.9881860018071685,0.4597252441036344,0.06972541637849536,0.19364285689401792,-0.1250831260145058,-0.7071554399790659,0.9823786887466882
0.35623166164213066,1.9080111204197938,0.8240155821403052,-0.03737782212972346,0.764312322588593,0.022028674597450552,-1.0168502602094347,1.135718598220002
0.9901062296207758,1.1389770048584185,0.8812529792877428,0.4481568591075364,0.2871952283193582,0.045142920783836096,-0.5381258708438877,1.1562589643982781
0.9341761206814836,-0.007034618331081972,0.06832245478659839,0.40531556370424865,-0.4238027945132277,-0.28314378008317137,0.5217609485783852,0.7461824537437478
-0.24035616704365298,-0.4744867277899572,-0.4596615229248261,-0.4943516397647915,-0.7138151459317826,-0.4963601779541795,0.15112383553030706,0.004310845310992978
-0.520006711740114,-0.6252777308412073,-0.542948137969085,-0.7085581167812297,-0.807367517357123,-0.5299939107950496,0.09272513074331988,-0.34018937247053765
-0.24967785186686836,0.27946828746629315,-0.23319281223001137,-0.5014918556653396,-0.2460532888050812,-0.40490504908049346,-0.8221702143422697,0.4472641607549488
3.3298491202478337,2.149276725301794,3.939112190359513,2.240351050145069,0.9139961168691373,1.280001843979711,-0.12207191663734537,1.7456201355844954
-0.7903355716133598,-0.4292494268745822,-0.5530045537217695,-0.9156243778971196,-0.6857494345041804,-0.5340550051327511,-0.867463524647015,-0.40208715371785847
-0.18442605810436077,0.8977113999764185,-0.006103882061462793,-0.4515103443615036,0.13751143403881344,-0.3131994562388435,-1.0196026952877673,0.6864676208969234
0.3003015527028384,1.0937397039430434,0.3843685780449725,-0.08021911753301093,0.25912951689175584,-0.1555144981221232,-0.8405684234496168,0.9443064874735115
-0.1471393188114993,-0.20306292229770706,-0.35192054005906137,-0.42294948075931216,-0.5454208773661703,-0.4528510086621594,-0.28453050218061676,0.2602139774503813
0.6638472608082379,1.1691352054686686,0.6742325792335822,0.19824930258835863,0.3059057026044258,-0.03845837366583893,-0.6998287199372192,1.0778973349982475
1.167218241261868,0.6715248953995433,0.6531008157356505,0.5838209612179474,-0.0028171230991967675,-0.04699203886003863,-0.15955727393646427,1.0692111786066814
2.1180300932298355,0.43025929051754325,0.9151878447791802,1.3121229830738363,-0.15250091737974095,0.05884687788814804,0.7140873496768625,1.168073816525816
0.3748750312885614,0.6112084941790433,0.1936953912627967,-0.023097390328627496,-0.040238071669332534,-0.23251427798760577,-0.5891593822421912,0.8337559882188346
-0.5386500813865448,-0.36893302565408215,-0.4912041133032901,-0.7228385485823253,-0.648328485934044,-0.5090980597534874,-0.5552668975730888,-0.10168082099155568
0.1604762803546079,0.3247055883816682,-0.04212091292900669,-0.18732235604123032,-0.21798757737747962,-0.32774425666417706,-0.545707478820265,0.6549804560634495
1.4561904707815443,1.4857963118762938,1.4938526137728558,0.8051676541349332,0.5023656825976405,0.2925297599984936,-0.4916512418251309,1.3373915889372778
1.6892325913619286,0.7318412966200434,0.991031826138633,0.9836730516486315,0.03460382547093956,0.08947504311345074,0.08821160372927486,1.1935708752258134
1.9875265057048204,0.7770785975354184,1.2039000098022843,1.2121599604661653,0.06266953689854134,0.17543785497535694,0.21193570993659114,1.2592391301554589
0.7850291635100377,1.0635815033327936,0.6925290537087305,0.2910721092954818,0.24041904260668767,-0.031069686610902425,-0.5996499132111991,1.085305530876983
-0.4454332331543911,-0.38401212595920714,-0.47490120142228626,-0.6514363895768465,-0.6576837230765781,-0.5025144354527219,-0.3914532216724277,-0.04428058680864642
0.5333436732832226,-0.20306292229770706,-0.17081645372877913,0.09828627998068729,-0.5454208773661703,-0.379715530016692,0.5254595332148944,0.5243215235698081
-0.06324415540256097,-0.15782562138233205,-0.3132454257326581,-0.35868753765438066,-0.517355165938568,-0.4372327912312665,-0.2540641948358121,0.3286108515829218
-0.1471393188114993,0.23423098655091815,-0.20546014147591238,-0.42294948075931216,-0.27411900023268354,-0.39370573165582023,-0.7160900601205941,0.4829038192243429
-0.38018143939188354,-0.23322112290795707,-0.4218281350270617,-0.6014548782730105,-0.5641313516512378,-0.48108187590837964,-0.5253494574022146,0.10870433062154193
1.1019664474993602,1.5159545124865437,1.233006023676794,0.5338394499141114,0.5210761568827086,0.18719177118623553,-0.6429886225990008,1.2676215337291465
-0.04460078575613023,-0.3236957247387071,-0.368932274195761,-0.34440710585328466,-0.6202627745064424,-0.459720877497742,0.06868433060601013,0.2271102090329625
0.5985954670457303,0.7469203969251684,0.38800129210541356,0.14826779128452267,0.04395906261347299,-0.1540474948811923,-0.5364693850675363,0.946205495682908
-0.6132235599722677,-0.5348031290104572,-0.5383407933070622,-0.7799602757867093,-0.7512360945019184,-0.5281333213187464,-0.37982344752126507,-0.31406359621544433
0.5985954670457303,1.6818246158429189,0.9208584228247468,0.14826779128452267,0.6239837654505829,0.061136834166675334,-0.8834560032639545,1.170022844751669
0.08590280176888494,0.3699428892970432,-0.0558986455240942,-0.24444408324561376,-0.18992186594987728,-0.3333081348096617,-0.6306235922097099,0.6424266641636734
1.2138266653779446,2.043723023165919,1.726523519205009,0.6195220407206868,0.8485094568713993,0.3864895285518193,-0.7613772921461663,1.39275568932986
-0.66915366891156,-0.2784584238233321,-0.503697105559929,-0.8228015711899966,-0.5921970630788401,-0.5141431196796181,-0.8427992184913556,-0.15026504375754962
1.297721828786883,1.0334233027225435,1.0098156159145724,0.6837839838256183,0.2217085683216195,0.09706052328607352,-0.338240383423837,1.1997017565569128
0.5706304125760842,1.1238979045532935,0.583724837459422,0.1268471435828792,0.2778399911768242,-0.0750082227051464,-0.725278504697961,1.0396577036583152
0.23504975894033087,0.4151801902124182,0.03133079331747274,-0.13020062883684647,-0.16185615452227514,-0.29808216674387744,-0.5565480567873847,0.7173372637103349
-0.520006711740114,-0.6252777308412073,-0.542948137969085,-0.7085581167812297,-0.807367517357123,-0.5299939107950496,0.09272513074331988,-0.34018937247053765
1.6892325913619286,1.3500844091301687,1.5559188625372211,0.9836730516486315,0.4181685483148342,0.3175940470783125,-0.3340775793866831,1.3527309034550627
1.5121205797208366,1.877852919809544,1.8748445762093593,0.8480089495382206,0.7456018483035247,0.4463861974620501,-0.6142002214307032,1.4252691039665322
0.2164063892939001,0.7469203969251684,0.1718548055091692,-0.14448106063794242,0.04395906261347299,-0.24133418771662166,-0.7505521663807736,0.8194973334010044
-0.28696459115972983,-0.3236957247387071,-0.4242204101400351,-0.530052719267531,-0.6202627745064424,-0.4820479512133836,-0.2678868713163254,0.10267486849805361
0.1604762803546079,0.3699428892970432,-0.022583999506390624,-0.18732235604123032,-0.18992186594987728,-0.3198546416733136,-0.5777417012366425,0.6722903234206379
1.0367146537368526,1.3048471082147937,1.030814475239561,0.483857938610276,0.39010283688723185,0.1055405176299947,-0.5895214814373738,1.2064732644505218
1.2324700350243754,0.5810502935687933,0.6188115391163652,0.6338024725217827,-0.058948545954400695,-0.06083911823175819,-0.042067731565014664,1.0548087513753757
1.5680506886601286,0.35486378899191817,0.5930281295654297,0.8908502449415081,-0.19927710309241145,-0.07125126318568743,0.4415851783934117,1.04371711509518
1.34433025290296,0.9580278011969184,0.9796906700474999,0.7194850633283576,0.17493238260894975,0.08489513055639628,-0.26934683893600003,1.1898348225399669
0.9062110662118374,2.088960324081294,1.4569938564766731,0.3838949160026046,0.876575168299001,0.2776450441880661,-0.8713251800883236,1.3280690432035063
0.12318954106174643,1.8476947191992938,0.5815983706923346,-0.21588321964342183,0.7268913740184567,-0.07586695630959425,-1.0866610452235457,1.0387254869022962
-0.4454332331543911,0.11359818410991808,-0.3550216374277306,-0.6514363895768465,-0.34896089737295566,-0.45410332850197965,-0.8877360328985688,0.2543304633052954
0.5519870429296534,0.7318412966200434,0.35326900157631835,0.1125667117817834,0.03460382547093956,-0.16807347708717194,-0.5542137412698117,0.9277665043776849
0.5799520973992995,0.4905756917380433,0.23285782088999077,0.13398735948342685,-0.1150799688096052,-0.21669926743902662,-0.37982344752126507,0.8584065913451523
0.19776301964746937,0.1437563847201681,-0.10626932706947846,-0.1587614924390384,-0.3302504230878875,-0.3536493870650176,-0.36177942180390976,0.5938407435722459
-0.49204165727046795,-0.067351019551582,-0.4130121582218449,-0.6871374690795858,-0.46122374308336406,-0.47752170950660683,-0.8133712038993296,0.13035388228652203
0.05793774729923883,0.24931008685604314,-0.11659155116804885,-0.26586473094725777,-0.2647637630901495,-0.35781782310327437,-0.566827124902085,0.5833138676581466
0.44944850987428436,0.29454738777141815,0.0670820158391307,0.03402433687575594,-0.23669805166254712,-0.28364470801909913,-0.3067220099996718,0.7452400321964352
-0.4267898635079604,-0.15782562138233205,-0.41518292637991333,-0.6371559577757504,-0.517355165938568,-0.4783983333944808,-0.6647951531139167,0.12510402453267908
-0.35221638492223745,-0.38401212595920714,-0.45540858939065115,-0.5800342305713669,-0.6576837230765781,-0.4946427107452838,-0.250234535551168,0.017117379340617158
-0.7250837778508522,-0.5800404299258323,-0.5633267778203399,-0.865642866593284,-0.7793018059295207,-0.5382234411710078,-0.5071614354621049,-0.4740986111150482
1.4841555252511904,1.0937397039430434,1.1832998629961244,0.8265883018365772,0.25912951689175584,0.16711887318226962,-0.2848430586287723,1.2532257953771238
0.4214834554046383,0.7921576978405434,0.311094077362417,0.01260368917411192,0.07202477404107532,-0.18510502690871894,-0.6581481830030689,0.904484527642978
0.8596026420957606,2.073881223776169,1.4010855010586654,0.3481938364998651,0.8672199311564673,0.2550675065044606,-0.8830579811844069,1.3136100323808755
1.4934772100744058,1.0183442024174185,1.1253536435929912,0.8337285177371251,0.21235333117908553,0.14371838246106783,-0.23415415961327274,1.2359382348042278
1.0553580233832833,0.7921576978405434,0.6786184169407,0.49813837041137204,0.07202477404107532,-0.0366872356066647,-0.31181514294174995,1.0796825423203658
1.0180712840904218,1.0334233027225435,0.8264078572532787,0.46957750680917987,0.2217085683216195,0.02299474990245366,-0.4733191266702594,1.1365931136004246
0.71977736974753,0.9731069015020435,0.5940913629489735,0.2410905979916461,0.18428761975148375,-0.0708218963834635,-0.5895809305589711,1.0441790879692485
0.1604762803546079,0.6413666947892933,0.09463748102930573,-0.18732235604123032,-0.02152759738426493,-0.2725169517281307,-0.7339085355164824,0.7657928825724879
0.048616062476023465,0.3247055883816682,-0.09049803188024645,-0.27300494684780524,-0.21798757737747962,-0.3472804461653637,-0.6276453538444685,0.6095341406818874
1.6892325913619286,1.817536518589044,1.983028572984934,0.9836730516486315,0.7081808997333892,0.4900742695883303,-0.5323746052965899,1.4477941000213181
0.26301481340997696,0.26438918716116816,-0.02577369965702182,-0.10877998113520301,-0.2554085259476153,-0.32114274207998444,-0.4209955215276796,0.6695022910166628
0.08590280176888494,0.5056547920431682,-0.00047760540687721555,-0.24444408324561376,-0.1057247316670712,-0.31092739024374155,-0.7109090844515878,0.6912227541824608
0.7290990545707454,0.8977113999764185,0.5539543027201976,0.24823081389219373,0.13751143403881344,-0.08703049316741507,-0.5475600793537581,1.0264561255146554
0.27233649823319234,0.038202682584293046,-0.12757829613133406,-0.10163976523465496,-0.3957370830856254,-0.36225461339292114,-0.1772715477218503,0.571876385303205
1.167218241261868,2.194514026217169,1.794083140451017,0.5838209612179474,0.9420618282967396,0.4137722107764617,-0.812481955643253,1.4078114455303368
0.8036725331564684,0.6866039957046683,0.4657059318860679,0.3053525410965776,0.006538114043337408,-0.12266793775199707,-0.38236610621766826,0.9852870983123165
-0.6039018751490524,-0.4744867277899572,-0.5253161843586515,-0.7728200598861612,-0.7138151459317826,-0.522873577991504,-0.48659002074359203,-0.24645537676026827
0.2909798678796231,0.09851908380479307,-0.0926688000383149,-0.08735933343355899,-0.3583161345154897,-0.34815707005323765,-0.23313964196806816,0.6074012865986681
0.1604762803546079,0.4151801902124182,-0.003047086083774566,-0.18732235604123032,-0.16185615452227514,-0.31196502668244935,-0.6077944253592235,0.6890563731590071
-0.46407660280082186,-0.21814202260283208,-0.4398144997653431,-0.6657168213779419,-0.5547761145087038,-0.48834533097933375,-0.645646856690695,0.06160871434239371
0.27233649823319234,0.8223158984507934,0.2387056044994813,-0.10163976523465496,0.09073524832614349,-0.21433775002679467,-0.7526997316535855,0.8619916725541348
0.23504975894033087,-0.2483002232130821,-0.27080469317287087,-0.13020062883684647,-0.5734865887937719,-0.42009389970916333,0.26774494712756575,0.39478018995411585
0.9062110662118374,0.20407278594066813,0.1999418873911161,0.3838949160026046,-0.2928294745177517,-0.2299917480245408,0.14994178945751005,0.8377649347691086
-0.743727147497283,-0.44432852717970717,-0.5461378381197163,-0.8799232983943802,-0.6951046716467145,-0.5312820112017214,-0.7727436741998288,-0.35905602183062213
0.9341761206814836,0.5358129926534183,0.43513797210918564,0.40531556370424865,-0.08701425738200304,-0.13501223331593343,-0.18836730163137783,0.9702525382582958
0.48673524916714583,2.571491533845294,1.3003441379678968,0.06258520047794745,1.17594275686009,0.21438500199374785,-1.0782467651754872,1.2865243816539493
-0.19374774292757616,0.3699428892970432,-0.18082856809048262,-0.45865056026205214,-0.18992186594987728,-0.38375873407096733,-0.828930683358713,0.5126782796319739
0.19776301964746937,0.3247055883816682,-0.025995206611926763,-0.1587614924390384,-0.21798757737747962,-0.3212321934971145,-0.5183948538121972,0.6693081357603056
-0.28696459115972983,0.20407278594066813,-0.2707160903909089,-0.530052719267531,-0.2928294745177517,-0.42005811914231095,-0.808303560223134,0.3949100946348872
-0.5852585055026217,0.1588354850252931,-0.39728516442359385,-0.7585396280850653,-0.3208951859453533,-0.4711706588903782,-1.0290555895099152,0.16692036408020297
-0.1471393188114993,-0.067351019551582,-0.30646731291256685,-0.42294948075931216,-0.46122374308336406,-0.4344955778670892,-0.4596727100448515,0.33974468595791607
-0.6318669296186985,-0.38401212595920714,-0.5138864254855564,-0.7942407075878047,-0.6576837230765781,-0.5182578848675973,-0.6738905939149469,-0.1934510657629635
0.32826660717248457,0.7770785975354184,0.24973665085374752,-0.05879846983136748,0.06266953689854134,-0.20988306945372262,-0.702134331139199,0.8686895721766225
-0.4081464938615296,-0.36893302565408215,-0.46329423698526717,-0.6228755259746545,-0.648328485934044,-0.49782718119511127,-0.36195420723820887,-0.006876807942219588
0.029972692829592727,0.05328178288941805,-0.2046184150472736,-0.28728537864890125,-0.386381845943092,-0.39336581627072637,-0.417375555837152,0.48394918363131906
-0.24967785186686836,-0.03719281894133199,-0.32901672092189016,-0.5014918556653396,-0.4425132687982959,-0.44360173213092047,-0.5942179620435497,0.3017687597540114
-0.6971187233812061,-0.08243011985670701,-0.47879972382861324,-0.8442222188916402,-0.4705789802258982,-0.504088780394209,-1.015463290970744,-0.0574556674063174
2.2392119959316354,3.3556047497117945,4.151581661504336,1.4049457897809599,1.662415088271859,1.3658036432907827,-0.7621039101769942,1.7698539146696883
2.9010516183799266,2.239751327132544,3.624306506048607,1.911901118719864,0.9701275397243412,1.1528734899545916,-0.2924705829599115,1.707561171418575
1.829057863710159,1.8929320201146689,2.1814988045797636,1.0907762901568507,0.7549570854460591,0.5702227393367878,-0.5106562767265781,1.4867972134856178
0.27233649823319234,1.0032651021122936,0.3232326584912079,-0.10163976523465496,0.20299809403655136,-0.18020308924999676,-0.8230009124959241,0.9112901608881444
-0.10985257951863782,1.1088188042481686,0.11280105133151114,-0.3943886171571202,0.26848475403429,-0.2651819355234727,-1.0367139874880296,0.7789202681102892
0.16979796517782328,1.1691352054686686,0.3290804421006984,-0.1801821401406824,0.3059057026044258,-0.17784157183776572,-0.9238572750629183,0.914538069391842
0.7477424242171762,1.8627738195044188,1.160794756377782,0.2625112456932901,0.7362466111609908,0.1580306092018637,-0.873352841773265,1.2465780106155782
1.2138266653779446,3.0540227436092944,2.4982537500938338,0.6195220407206868,1.4753103454211784,0.6981382658326515,-0.9554972680038119,1.543683143035798
0.2536931285867616,0.8223158984507934,0.22771885953619608,-0.11592019703575092,0.09073524832614349,-0.21877454031644147,-0.7627217029267072,0.85523606161955
1.5680506886601286,1.6064291143172937,1.6887787340892064,0.8908502449415081,0.5772075797379126,0.3712470070728718,-0.4973672362633724,1.3841555259715783
0.6638472608082379,1.7572201173685438,1.0215111831335533,0.19824930258835863,0.6707599511632528,0.10178355811053572,-0.8779743725676062,1.2034838239705699
0.9155327510350528,1.9984857222505439,1.4056042429387263,0.39103513190315253,0.8204437454437971,0.25689231541391244,-0.8481069136249367,1.314793329926582
0.15115459553139254,0.7167621963149183,0.12201574065555681,-0.19446257194177838,0.025248588328405572,-0.2614607565708661,-0.7740713712488321,0.7854585666585217
0.4960569339903612,0.3247055883816682,0.10301044392471262,0.06972541637849536,-0.21798757737747962,-0.26913568816061795,-0.29989385374765487,0.7718844266125958
0.14183291070817716,0.26438918716116816,-0.07587857285652015,-0.20160278784232585,-0.2554085259476153,-0.34137665263478506,-0.513842749644186,0.6236804523007649
-0.3056079608061606,-0.23322112290795707,-0.40268993412327453,-0.544333151068627,-0.5641313516512378,-0.47335327346835004,-0.433295795337986,0.15463434379835822
-0.3242513304525913,0.5056547920431682,-0.20125150933271843,-0.5586135828697231,-0.1057247316670712,-0.3920061547303508,-0.9763453721513536,0.48811028562333586
-0.417468178684745,0.08343998349966807,-0.35231925257789026,-0.6300157418752025,-0.3676713716580238,-0.4530120212129932,-0.8452359330754088,0.25946114911384727
1.6053374279529902,1.0334233027225435,1.2115641504419954,0.9194111085437,0.2217085683216195,0.1785328740080544,-0.18965376585277247,1.2614591695293313
0.32826660717248457,2.782598938117044,1.2219306759315467,-0.05879846983136748,1.3069160768555665,0.1827192003297372,-1.1458056363548101,1.2644473797215638
1.3070435136100984,1.5762709137070439,1.4465387282051598,0.6909241997261663,0.5584971054528444,0.2734229372995317,-0.5852636943491909,1.3253947481904715
0.3469099768189153,0.09851908380479307,-0.07246736575098402,-0.04451803803027152,-0.3583161345154897,-0.3399991008109833,-0.184084729946999,0.6269279972000454
0.0020076383599466176,0.24931008685604314,-0.13945106891423908,-0.3087060263505453,-0.2647637630901495,-0.36704920935108803,-0.6101779773858205,0.5592345936276262
-0.8089789412597905,-0.4895658280950822,-0.5642571070309407,-0.9299048096982155,-0.7231703830743168,-0.5385991371229532,-0.8273227880250724,-0.48109277107943776
0.5706304125760842,3.0992600445246694,1.6921899411947425,0.1268471435828792,1.5033760568487808,0.3726245588966735,-1.1178821430801875,1.3849384921540135
-0.19374774292757616,0.6564457950944184,-0.0890803873688548,-0.45865056026205214,-0.012172360241730943,-0.3467079570957321,-0.9500793517273222,0.6109224383356063
-0.8555873653758673,-0.7459105332822074,-0.6010715629361424,-0.9656058892009556,-0.882209414497395,-0.5534659626499553,-0.3688582318930261,-0.8750335584466515
-0.25899953669008374,0.09851908380479307,-0.2913162371970687,-0.5086320715658875,-0.3583161345154897,-0.4283771009353982,-0.7155129435085814,0.3638228886998689
-0.6225452447954831,-0.5951195302309572,-0.551010991127625,-0.7871004916872568,-0.7886570430720548,-0.5332499423785809,-0.24458578810631745,-0.3892328518817827
-0.9301608439615904,-0.7609896335873323,-0.6094888272225302,-1.022727616405339,-0.8915646516399293,-0.5568651165008942,-0.568348207445374,-1.0283396031865895
1.0926447626761449,1.4556381112660437,1.1817050129208089,0.5266992340135634,0.4836552083125723,0.16647482297893332,-0.6248894112608231,1.2527574088713707
0.9341761206814836,1.938169321030044,1.382744725192536,0.40531556370424865,0.7830227968736614,0.24766092916609883,-0.8276620521358743,1.308780119672576
-0.09120920987220708,0.008044481974043035,-0.26260893584138795,-0.38010818535602464,-0.41444755737069366,-0.4167841972753535,-0.4842540725521126,0.4066645318565266
0.3748750312885614,0.6112084941790433,0.1936953912627967,-0.023097390328627496,-0.040238071669332534,-0.23251427798760577,-0.5891593822421912,0.8337559882188346
-0.06324415540256097,0.8072367981456684,0.03549512406968569,-0.35868753765438066,0.0813800111836095,-0.2964004801018341,-0.9280842289332144,0.7206634733465755
2.817156454970988,1.1992934060789187,2.216851314582593,1.8476391756149322,0.32461617688949396,0.5844991855107313,0.25208696541707115,1.4934551593840506
-0.7064404082044214,-0.6554359314514573,-0.5725414671443856,-0.8513624347921883,-0.8260779916421905,-0.5419446201236144,-0.258924916235553,-0.5477822776109642
-0.5852585055026217,-0.44432852717970717,-0.5160128922526438,-0.7585396280850653,-0.6951046716467145,-0.519116618472045,-0.5086647311530731,-0.20292201379178115
0.3748750312885614,1.3651635094352936,0.5702572146012015,-0.023097390328627496,0.42752378545736835,-0.08044686886664872,-0.889249090249868,1.0337259763479636
0.27233649823319234,-0.2784584238233321,-0.2755006406168557,-0.10163976523465496,-0.5921970630788401,-0.42199026975231807,0.3877416464554641,0.38784959910753164
0.8782460117421913,0.7770785975354184,0.5660042810670265,0.3624742683009612,0.06266953689854134,-0.08216433607554435,-0.39915605909722357,1.031839019559054
-0.4081464938615296,-0.5498822293155822,-0.5090132724776476,-0.6228755259746545,-0.7605913316444525,-0.5162899536907377,0.069861152990354,-0.17236050858939553
-0.5479717662097602,-0.6855941320617073,-0.5592510498500889,-0.7299787644828734,-0.8447884659272588,-0.536577535095816,0.2887501164783067,-0.44449389743228124
-0.16578268845793004,0.1588354850252931,-0.2378001568920342,-0.4372299125604081,-0.3208951859453533,-0.40676563855679676,-0.6795393413597974,0.4411056333805232
1.353651937726175,2.9786272420836695,2.6180890126974083,0.7266252792289059,1.4285341597085084,0.7465314824999675,-0.9094666343584266,1.5637163617381653
0.3096232375260538,0.7469203969251684,0.22457346077654589,-0.07307890163246303,0.04395906261347299,-0.220044750439687,-0.6983368538653499,0.8532861456491565
-0.13781763398828392,0.08343998349966807,-0.2526411228706654,-0.41580926485876407,-0.3676713716580238,-0.41275888350450535,-0.5966910455019916,0.42077065748598946
0.8502809572725453,1.9080111204197938,1.284218431650817,0.34105362059931715,0.764312322588593,0.20787293882668628,-0.8488288438651604,1.2820582375276177
1.1951832957315138,2.058802123471044,1.7197897077758986,0.6052416089195908,0.8578646940139333,0.38377020547106816,-0.7712355134742619,1.3912315091769478
-0.09120920987220708,0.1889936856355431,-0.19881493282876406,-0.38010818535602464,-0.3021847116602858,-0.39102218914192144,-0.6401358835737678,0.4911015030935622
-0.6039018751490524,-0.39909122626433213,-0.5109182322898301,-0.7728200598861612,-0.6670389602191121,-0.5170592358780555,-0.6101779773858205,-0.18050607051969766
-0.25899953669008374,0.46041749112779323,-0.1828664320756081,-0.5086320715658875,-0.13379044309467278,-0.3845816871085627,-0.9156569845545436,0.5102769829948761
-0.9115174743151596,0.29454738777141815,-0.5085702585678378,-1.008447184604243,-0.23669805166254712,-0.5161110508564777,-1.3260353129693034,-0.17048387733695133
1.3722953073726059,0.8223158984507934,0.8869235573333094,0.7409057110300017,0.09073524832614349,0.04743287706236339,-0.16140342653940778,1.1582515381703276
0.868924326918976,0.9429487008917935,0.6693151248346925,0.355334052400413,0.16557714546641558,-0.04044419512612373,-0.49972088103205997,1.0758886122746891
0.0392943776528081,0.5810502935687933,0.006389110195176048,-0.2801451627483533,-0.058948545954400695,-0.3081543963127127,-0.778497028078843,0.6969694370261621
-0.2683212215132991,-0.14274652107720703,-0.3662741907369017,-0.5157722874664356,-0.507999928796034,-0.45864746049218175,-0.5034867126619603,0.23241995315884348
0.4214834554046383,2.179434925912044,1.0243464721563367,0.01260368917411192,0.9327065911542056,0.1029285362497997,-1.0413231379911965,1.2043966667653803
-0.8835524198455135,-0.6252777308412073,-0.5913252569203248,-0.987026536902599,-0.807367517357123,-0.5495301002962363,-0.7727436741998288,-0.7395028625902185
-0.8742307350222981,-0.8213060348078324,-0.6108178689519599,-0.979886321002051,-0.9289856002100649,-0.5574018250036744,-0.058177122426254786,-1.057144077286346
-0.846265680552652,-0.7609896335873323,-0.6019132893647812,-0.9584656733004076,-0.8915646516399293,-0.5538058780350492,-0.27401873531895893,-0.8885280287178421
1.3350085680797446,1.3199262085199186,1.264061298754467,0.7123448474278097,0.399458074029766,0.19973285986785816,-0.4689885767275396,1.2764224830263717
0.8875676965654067,1.7421410170634188,1.209304779501965,0.3696144842015091,0.6614047140207189,0.17762046955332886,-0.7937356410556917,1.2608056663975167
0.11386785623853105,0.6564457950944184,0.07611949959925242,-0.2230234355439699,-0.012172360241730943,-0.2799950902001963,-0.7686195886759336,0.7520684432566872
0.3096232375260538,0.7016830960097934,0.20291008058684235,-0.07307890163246303,0.015893351185871395,-0.2287930990349991,-0.6763253988480722,0.8396593923406883
-0.24967785186686836,0.29454738777141815,-0.22862976895896953,-0.5014918556653396,-0.23669805166254712,-0.40306234988761536,-0.8303418574155785,0.4532942230314549
1.1112881323225756,1.0786606036379185,0.9206369158698419,0.5409796658146595,0.24977427974922184,0.061047382749545284,-0.4521472101756073,1.1699468442704701
0.2816581830564077,0.7016830960097934,0.18749319652545826,-0.0944995493341069,0.015893351185871395,-0.23501891766724536,-0.6923951114066982,0.8297454560649662
0.542665358106438,0.7921576978405434,0.3813560834582652,0.1054264958812355,0.07202477404107532,-0.15673103739509112,-0.5919374547560521,0.9427265590320706
2.3510722138102196,2.3302259289632943,3.1560408033795553,1.4906283805875353,1.026258962579546,0.9637731941418246,-0.48980194950687633,1.6453985106137463
3.3578141747174794,2.073881223776169,3.8587494671199996,2.261771697846713,0.8672199311564673,1.2475488698449566,-0.0785890214057142,1.7361595108049281
2.183281886992343,2.450858731404294,3.106423245480848,1.3621044943776723,1.1011008597198177,0.9437360767047103,-0.5745505526434402,1.6383666947983444
0.5799520973992995,0.24931008685604314,0.09676394779639319,0.13398735948342685,-0.2647637630901495,-0.2716582181236829,-0.16221916838722003,0.7673465401775635
-0.0818875250489917,0.05328178288941805,-0.24342643354661977,-0.3729679694554766,-0.386381845943092,-0.4090377045518978,-0.5195172904563645,0.4334874541294034
0.5053786188135766,0.7770785975354184,0.35158554871904074,0.07686563227904328,0.06266953689854134,-0.1687533078573597,-0.6045650570917831,0.9268563844131098
2.1366734628762662,0.3699428892970432,0.8602541199627541,1.3264034148749329,-0.18992186594987728,0.036662926439914145,0.8236284095496451,1.1488147482183402
1.1112881323225756,1.1238979045532935,0.9537300549326405,0.5409796658146595,0.2778399911768242,0.07441142446876328,-0.47500761096083954,1.181183013727171
0.06725943212245421,-0.20306292229770706,-0.29486034847554776,-0.25872451504670974,-0.5454208773661703,-0.4298083236094785,-0.029328162261482986,0.3582871110449829
0.27233649823319234,1.817536518589044,0.7036044014539777,-0.10163976523465496,0.7081808997333892,-0.026597115754404183,-1.0294643804434238,1.0897404545070206
-0.3149296456293759,0.43025929051754325,-0.21795313373255124,-0.5514733669691749,-0.15250091737974095,-0.398750791581951,-0.9407650905441031,0.46714276054999654
0.22572807411711548,1.8929320201146689,0.6956301510773998,-0.13734084473739494,0.7549570854460591,-0.029817366771083067,-1.058729618555139,1.086551028724592
-0.6411886144419139,-0.5197240287053322,-0.5401571503372827,-0.8013809234883528,-0.7418808573593842,-0.5288668229392127,-0.46650086629686843,-0.32421101457361756
0.794350848333253,1.5159545124865437,0.9844752202734467,0.2982123251960297,0.5210761568827086,0.08682728116640442,-0.7636059945096296,1.1914141602093484
-0.6225452447954831,-0.17290472168745705,-0.47286333743716075,-0.7871004916872568,-0.5267104030811021,-0.5016914824151255,-0.8745185204044608,-0.03752091071069615
0.15115459553139254,0.6866039957046683,0.10907973448910809,-0.19446257194177838,0.006538114043337408,-0.266684719331256,-0.7605865873076507,0.776256927243375
-0.66915366891156,-0.3086166244335821,-0.5088360669137236,-0.8228015711899966,-0.6109075373639083,-0.5162183925570338,-0.8139564744352168,-0.1716090640748144
1.1392531867922218,0.5508920929585432,0.5486381358024789,0.5624003135163033,-0.07765902023946886,-0.08917732717853462,-0.07224570096814631,1.0240639500909736
-0.2683212215132991,0.24931008685604314,-0.24993873802082514,-0.5157722874664356,-0.2647637630901495,-0.4116675762155189,-0.8197070977238755,0.42453160599844475
0.8036725331564684,0.7770785975354184,0.5231205345974294,0.3053525410965776,0.06266953689854134,-0.0994821304319076,-0.44023785869613546,1.0124298506078004
-0.520006711740114,-0.09750922016183201,-0.42820753532832406,-0.7085581167812297,-0.47993421736843167,-0.483658076721723,-0.819592412928945,0.09247188062278801
1.046036338560068,0.7921576978405434,0.6732136472410194,0.49099815451082385,0.07202477404107532,-0.03886985018463668,-0.31690827588382825,1.0774817336805043
0.2816581830564077,0.5358129926534183,0.10952274839891797,-0.0944995493341069,-0.08701425738200304,-0.26650581649699595,-0.6026087809204065,0.7765746894451377
0.9994279144439911,1.3350053088250435,1.0241692665924127,0.45529707500808403,0.4088133111723,0.10285697511609589,-0.6174031194664431,1.204339659808845
-0.6598319840883446,-0.3387748250438321,-0.5118928628914119,-0.8156613552894487,-0.6296180116489765,-0.517452822113427,-0.7694385560140121,-0.18472214067472859
-0.1471393188114993,0.08343998349966807,-0.2559637271942396,-0.42294948075931216,-0.3676713716580238,-0.41410065476145475,-0.6049758750877723,0.41610991838691336
-0.07256584022577633,1.4254799106557936,0.25164161066593005,-0.3658277535549287,0.46494473402750397,-0.2091137872664048,-1.0872135776844876,0.8698377740087174
0.5985954670457303,1.0937397039430434,0.5856740986625856,0.14826779128452267,0.25912951689175584,-0.07422105023440242,-0.7005431346758608,1.0405108076524232
-0.15646100363471466,-0.5197240287053322,-0.4595286187518831,-0.4300896966598602,-0.7418808573593842,-0.49630650710390184,0.4566658589758235,0.004715735995462229
0.9901062296207758,2.254830427437669,1.654932471379731,0.4481568591075364,0.9794827768668752,0.3575788305354113,-0.8798506320296975,1.376323994725198
-0.34289470009902207,0.20407278594066813,-0.2927781830994413,-0.572894014670819,-0.2928294745177517,-0.4289674802884569,-0.8532213109894141,0.3615463336441387
0.1604762803546079,0.35486378899191817,-0.02909630398059598,-0.18732235604123032,-0.19927710309241145,-0.32248451333693484,-0.5672932631008348,0.6665825198211051
0.048616062476023465,-0.23322112290795707,-0.3117834798302855,-0.27300494684780524,-0.5641313516512378,-0.43664241187820785,0.003959099467099536,0.33103199003756845
2.1739602021691278,1.4254799106557936,2.002609787798531,1.3549642784771245,0.46494473402750397,0.49798177486261985,-0.17411421937361088,1.4517714132958195
-0.3615380697454528,0.6262875944841683,-0.187252269782726,-0.587174446471915,-0.030882834526799106,-0.38635282516773606,-1.0400413854978168,0.5050720336548109
-0.3615380697454528,0.7619994972302934,-0.15096943056929615,-0.587174446471915,0.05331429975600716,-0.3717006830418463,-1.0782467651754872,0.5466771888829962
0.3096232375260538,0.9580278011969184,0.3256692349951623,-0.07307890163246303,0.17493238260894975,-0.1792191236615666,-0.7879273374444453,0.9126458589179627
-0.5852585055026217,-0.08243011985670701,-0.4447762555552139,-0.7585396280850653,-0.4705789802258982,-0.4903490427230447,-0.8989578749207047,0.04785055358334207
-0.5479717662097602,-0.36893302565408215,-0.49319767589743463,-0.7299787644828734,-0.648328485934044,-0.5099031225076576,-0.5690749468827232,-0.1091431460772593
-0.520006711740114,0.11359818410991808,-0.38231129427201965,-0.7085581167812297,-0.34896089737295566,-0.4651237430923919,-0.9522931465540018,0.19955170464215993
0.7104556849243147,1.3350053088250435,0.8071810535675296,0.2339503820910982,0.4088133111723,0.015230366895571694,-0.7393159598901128,1.12952374313217
2.6773311826227575,1.3199262085199186,2.265627146052662,1.7405359371067135,0.399458074029766,0.6041963875627517,0.10092326738984987,1.5025068698028894
0.24437144376354622,1.0032651021122936,0.3051576909709645,-0.12306041293629898,0.20299809403655136,-0.18750232488780239,-0.8367074320312229,0.9011243590221647
-0.38018143939188354,0.26438918716116816,-0.29171494971589756,-0.6014548782730105,-0.2554085259476153,-0.42853811348623294,-0.9138000399922135,0.36320297246513195
0.6545255759850225,1.4707172115711686,0.844925838683332,0.1911090866878107,0.4930104454551063,0.030472888374520144,-0.8053000778864665,1.1433144663547685
-0.417468178684745,1.5762709137070439,0.020476952527130485,-0.6300157418752025,0.5584971054528444,-0.3024652861832466,-1.2459074328704862,0.7085691865581469
0.7850291635100377,2.043723023165919,1.3087614022542846,0.2910721092954818,0.8485094568713993,0.21778415584468677,-0.9008049120044247,1.2888408496060257
1.9409180815887435,1.8476947191992938,2.240242449020555,3.096340075050408,3.241579117931602,4.435983645868236,-0.45559004161916633,1.497815195757881
-0.5945801903258371,-0.44432852717970717,-0.5177849478918835,-0.6003429872415932,-0.17121139166480911,-0.4139405484726328,-0.5241987866264117,-0.21094491388117992
-0.6971187233812061,-0.6705150317565822,-0.5738262074828342,-0.7064415049382906,-0.507999928796034,-0.4873115209802334,-0.18244956621296315,-0.5589137044562593
-0.9301608439615904,-0.8062269345027073,-0.6134759524108192,-0.9475744997035117,-0.7100730510747688,-0.5392222090389701,-0.3843922873663646,-1.119883156999018
-0.3335730152758067,-0.36893302565408215,-0.4473457362321112,-0.33027403310454556,-0.058948545954400695,-0.3217193261113014,-0.2514898127611346,0.040583921157102645
-0.19374774292757616,-0.29353752412845713,-0.3932980392353049,-0.18559423624541263,0.05331429975600716,-0.2509583881988329,-0.194876810591634,0.17580591967223508
-0.2123911125740069,0.7016830960097934,-0.08487175522566087,0.5966733498389336,0.6984446800827878,0.301058810956697,-0.9762933666090926,0.6150227998518715
3.749324937292525,1.1540561051635436,2.806237020193668,3.894376035182129,2.208760937395846,3.9379731346817186,0.7146953361924531,1.593726857015863
1.801092809240513,0.6413666947892933,0.9679065000465569,1.8610670443234256,1.4453735865650696,1.5194293762038908,0.2425178085219419,1.1859249246177104
0.27233649823319234,0.4754965914329182,0.07669541768200527,1.4877722942273164,0.4629219800507399,0.5510782019862781,-0.5712623606347443,0.7525006402415967
-0.8089789412597905,-0.8062269345027073,-0.6042612630867735,-0.5000638124852298,-0.8265836801363817,-0.5191591683353286,0.12046451551713878,-0.9280804448960459
-0.846265680552652,-0.9419388372488324,-0.6226463403438839,-0.5686098851304898,-0.9631195735679596,-0.5480543936741786,1.9124287719058375,-1.4202245771766941
-0.47339828762403724,-0.44432852717970717,-0.4947482245817692,-0.4763807592959968,-0.17121139166480911,-0.38412337422978465,-0.3222560654730103,-0.1150201814695077
-0.8742307350222981,-0.7760687338924573,-0.6060333187260131,-0.8903528272378772,-0.6651679127906053,-0.5295484628391844,-0.3067220099996718,-0.9600010704687152
-1.0606644314866056,-0.8816224360283323,-0.6269435752690398,-1.0828979751178214,-0.8223358967851773,-0.556873559106556,-0.645646856690695,-1.6534457813154937
-1.0606644314866056,-0.9268597369437074,-0.6290700420361273,-1.0828979751178214,-0.8896936042114223,-0.5596523824557803,-0.3067220099996718,-1.822279245442604
2.5002191709816657,1.3350053088250435,2.1511080503668056,2.6019031832405437,2.4781917671008253,3.080257765952556,0.015757116282293447,1.481006567424951
-0.11917426434185319,-0.38401212595920714,-0.4066770593115635,0.10269126840931019,-0.08140111509648268,-0.21261406704013935,0.10281217975198137,0.14538609467378547
-0.5852585055026217,-0.5951195302309572,-0.5456948242099063,-0.46979820245867543,-0.3957370830856254,-0.42867067690039334,-0.1617374922485118,-0.35639543118465977
-0.12849594916506857,0.21915188624579313,-0.203067866362939,0.07951365936798846,0.8167016505867839,0.09790432857454977,-0.6913748121966268,0.48586951140243545
0.691812315277884,1.4857963118762938,0.8835566516187542,1.0781981614843625,2.7027174585216427,1.7717865418112062,-0.7949351820188839,1.1570693448988882
0.3096232375260538,0.05328178288941805,-0.10759836879890813,0.6129019729983246,0.5697233900238853,0.2449695670581196,-0.16202121928912072,0.5924969408187315
0.8782460117421913,2.0286439228607938,1.3896557421855702,0.3624742683009612,0.8391542197288654,0.2504518133805538,-0.8671663643318867,1.3106052225497191
0.9341761206814836,-0.4141703265694572,-0.20678918320534204,2.704465083680685,-0.12630625338064552,0.4283814162221292,1.8532514177216908,0.4812490637287162
0.14183291070817716,-0.7911478341975823,-0.5255376913135564,1.2478610399689052,-0.6876204819326873,-0.3130491778580652,3.7504077724487535,-0.24753642509081006
-0.6225452447954831,-0.8213060348078324,-0.5928758056046595,-0.15733344925892873,-0.7325256202168502,-0.4696821873093353,1.0602748716541222,-0.7588926111899686
1.577372373483344,0.3850219896021682,0.6236403907332929,3.886884836811424,1.0636799111496815,2.3600167860669155,0.4062093780398666,1.0568606650269543
0.16979796517782328,0.023123582279168043,-0.16922160365346353,0.18790000088981135,0.5248182517397219,0.04126816681395389,-0.25421252670951333,0.526152969616251
-0.16578268845793004,-0.35385392534895715,-0.40649985374763953,-0.15868126529408838,-0.036495976812319274,-0.26880220523698056,-0.03656452350682706,0.14580054888084032
-0.8089789412597905,-0.7911478341975823,-0.602356303274591,-0.8229620254798969,-0.6876204819326873,-0.5247434141311514,0.022234458847497786,-0.8957698410218486
-0.8276223109062213,-0.7459105332822074,-0.598413479477283,-0.8422165402678912,-0.6202627745064424,-0.5195910125044645,-0.27565389905299476,-0.8345301827457043
-0.7064404082044214,-0.8363851351129573,-0.6012487685000663,-0.7170621941459273,-0.7549781893589322,-0.5232961103034298,0.8472363965911932,-0.8778462836829819
0.9062110662118374,1.5461127130967938,1.0949628893800327,1.6805581235421105,2.792527735089969,2.4504929586315316,-0.7293928217160933,1.2266425957051001
0.6079171518689457,-0.38401212595920714,-0.25463468546480994,0.961500802273246,-0.08140111509648268,0.01461644769590126,1.2043179314978067,0.4179791009359636
-0.4827199724472526,-0.17290472168745705,-0.4343211272837005,-0.3575601351437681,0.2329348528926606,-0.2603590917493706,-0.7138213948181997,0.07643836183107418
-0.7250837778508522,-0.5197240287053322,-0.5541120884962942,-0.7712029378180927,-0.28347423737521765,-0.4690412788143085,-0.6262797225940651,-0.4093645146040539
-0.22171279739722224,-0.12766742077208204,-0.34828782599862024,-0.2875590454604205,0.3002925603189056,-0.21881767647020797,-0.46970226414617483,0.2670246047302201
0.9994279144439911,1.3500844091301687,1.034668696254907,1.0490066969525196,2.5006443362429076,1.618580391909843,-0.6232650271922313,1.2077068581749661
-0.13781763398828392,0.7318412966200434,-0.033570744469675846,-0.1277223175017599,1.5800890014175597,0.22000785430054476,-0.9438815734823722,0.6626251510893179
3.7120381979996635,1.1992934060789187,2.850538411174657,3.8557947560196943,2.2761186448220903,3.99597390346243,0.6524277239245888,1.6005542866464753
-0.2030694277507915,-0.6705150317565822,-0.515126864433024,-0.005840549238611368,-0.507999928796034,-0.3819873976716229,1.1348383379261473,-0.19895534091867595
-0.5293283965633294,-0.7760687338924573,-0.5765285923326745,-0.4048060496683412,-0.6651679127906053,-0.4769926569344285,0.9705225511414991,-0.5831144433140587
1.2884001439636676,0.6866039957046683,0.730628249952381,1.8180017384401523,1.5127312939913147,1.54553633282628,-0.10140232026510995,1.100409480664341
1.9222747119423127,2.058802123471044,2.4316244580584265,2.6016459747127945,3.555915085920745,4.187985835182769,-0.5359624402858332,1.5322104075346261
3.348492489894264,0.8826322996712934,2.1381720442003567,3.4796272841859484,1.8046146928383768,3.063321541468588,0.8243514041527925,1.4785225528919093
0.3189449223492692,2.013564822555669,0.8401412884573852,0.6366585588820017,3.4885573784945,1.7200541546882684,-1.0474592365115798,1.1415859421924421
0.3003015527028384,0.3096264880765432,0.011173660421122838,0.6138098680002485,0.9514170654392736,0.43456429817415343,-0.4309944537863803,0.7009373113532071
1.446868785958329,0.3096264880765432,0.5015900585806689,1.7593282844768667,0.9514170654392736,1.0545214921856736,0.41820057875612787,1.0024123825961904
0.12318954106174643,0.26438918716116816,-0.0835870148872122,-0.21588321964342183,-0.2554085259476153,-0.34448956195090874,-0.5281269385851869,0.6162682389984909
1.1299315019690064,2.315146828658169,1.844941137297192,0.5552600976157553,1.0169037254370115,0.4343102561495038,-0.8500656543585993,1.4188714614939282
4.476416353503324,0.8675531993661685,2.797288139215508,3.3211804756489416,1.7821621236962946,2.913953881417859,1.4350492493730935,1.592337049310233
-0.4081464938615296,-0.5197240287053322,-0.5013934332289175,-0.5943146623724624,-0.28347423737521765,-0.43181203535318946,-0.022670709915766484,-0.1409672891308801
1.1485748716154371,1.0635815033327936,0.9344146484649294,3.098605001390931,2.074045522543356,3.082898734291037,-0.42655615222256926,1.174653595526227
0.5333436732832226,0.9429487008917935,0.45879491489303365,0.8994185040221658,1.8944249694067032,1.1286958453213645,-0.6691833043775716,0.9819248416239329
-0.8089789412597905,-0.7308314329770823,-0.5947364640258609,-0.8221853424255968,-0.5978102053643602,-0.5146878838447292,-0.27713333290759845,-0.783130248203842
-0.3056079608061606,-0.4292494268745822,-0.4585539881503014,-0.3013380737327189,-0.1487588225227277,-0.33639352061282174,-0.07939436892642456,0.007675585860953791
-0.743727147497283,-0.8213060348078324,-0.6015145768459522,-0.7546681038913348,-0.7325256202168502,-0.5235620014681774,0.5217609485783852,-0.8820933621553279
-0.771692201966929,-0.6705150317565822,-0.582686485679032,-0.7836040632631613,-0.507999928796034,-0.4989116747363756,-0.38128547627169695,-0.6427397363911571
-0.8369439957294367,-0.7157523326719573,-0.5957553960184236,-0.851121301797423,-0.5753576362222789,-0.5160219015266849,-0.4196969588966796,-0.7968849676653774
-0.19374774292757616,0.17391458533041812,-0.24360363911054372,-0.18559423624541263,0.7493439431605389,-0.05497379048880929,-0.7132923507833479,0.4332457361097308
0.7011340001010994,1.2143725063840436,0.7275271525837117,1.1474456959919688,2.2985712139641725,1.5836571054839985,-0.7002514153242487,1.099195943583268
-0.11917426434185319,-0.44432852717970717,-0.4274101102906663,-0.23444778098484637,-0.17121139166480911,-0.32593018192478074,0.26803804251385505,0.09452814190126281
1.931596396765528,1.6516664152326688,2.0376521880644933,1.6505692167598092,2.9496957190845405,2.541020655212414,-0.37961925356170745,1.4588160316561152
-0.7530488323204984,-0.7760687338924573,-0.5956667932364617,-0.6342862059305538,-0.6651679127906053,-0.5018316943014977,0.1420395925634424,-0.7956747327288561
-0.9115174743151596,-0.8967015363334574,-0.6205641749677774,-0.8433681260805703,-0.8447884659272588,-0.5433960442660608,0.4389126527205795,-1.3357308021801817
0.048616062476023465,-0.5046449284002072,-0.41943585991408827,0.4234223312989398,-0.26102166823313555,-0.2076270961537598,0.7806618731340278,0.11466643698070149
-0.8369439957294367,-0.8062269345027073,-0.606387729853861,-0.7449766342452684,-0.7100730510747688,-0.5197295104784097,0.003959099467099536,-0.9666208561498375
-0.9767692680776672,-0.8967015363334574,-0.6236652723364466,-1.044244608849269,-0.8447884659272588,-0.555475467948719,0.003959099467099536,-1.4670179868873408
-0.9021957894919442,-0.9117806366385824,-0.6215831069603401,-0.9825839737860667,-0.8672410350693401,-0.5532970912489809,0.7288816882228992,-1.375411130492806
-0.9115174743151596,-0.8062269345027073,-0.6120583078994276,-0.9902915531689664,-0.7100730510747688,-0.5433321765586875,-0.3067220099996718,-1.0855074388086456
-0.8276223109062213,-0.8213060348078324,-0.6074952646283858,-0.9209233387228638,-0.7325256202168502,-0.5385582871954303,0.14894361721825952,-0.9878533050932701
-1.0047343225473133,-0.8363851351129573,-0.6210957916595493,-1.06736734699797,-0.7549781893589322,-0.5527872584043615,-0.5730201038283329,-1.3560651998260715
-0.7344054626740676,-0.9268597369437074,-0.6166656525614505,-0.8438475448938608,-0.8896936042114223,-0.548152414362364,2.4117376978345773,-1.206425909596407
0.44944850987428436,0.46041749112779323,0.15382413937990677,0.03402433687575594,-0.13379044309467278,-0.2486155330710011,-0.44342169816505117,0.8074319833043436
-0.1471393188114993,0.3096264880765432,-0.18020834861674875,-0.42294948075931216,-0.22734281452001304,-0.3835082701030035,-0.762387637217603,0.5134069697487196
0.8502809572725453,2.0286439228607938,1.362543290905205,2.5502364202288494,2.3659289213904175,2.917300546009332,-0.876304044022086,1.303409136634026
0.06725943212245421,-0.09750922016183201,-0.2523753145247795,1.1107688946783847,-0.008430265384716936,0.09999309854526264,-0.19823019399540254,0.421141764265328
-0.3242513304525913,-0.12766742077208204,-0.3780140593468638,0.09746691094291944,0.3002925603189056,-0.07758442351848989,-0.5817511888718956,0.2085593473663301
-0.5013633420936834,-0.6403568311463322,-0.5438341657887048,-0.16941328993001972,-0.4630947905118704,-0.3937391659559934,0.19957313135358523,-0.3453635611131929
-0.5945801903258371,-0.8213060348078324,-0.590882243010515,-0.3098765535473562,-0.7325256202168502,-0.48344163362060194,1.1845473154408308,-0.7340899016044717
-0.7903355716133598,-0.8665433357232074,-0.6108178689519599,-0.6048494071437629,-0.7998833276430951,-0.5214511538174699,0.7806618731340278,-1.057144077286346
-0.846265680552652,-0.8967015363334574,-0.6174630775991082,-0.6891273653141646,-0.8447884659272588,-0.5341209938830922,0.8738662059740592,-1.230447065738038
-0.8835524198455135,-0.9268597369437074,-0.6223362306070169,-0.7453126707610993,-0.8896936042114223,-0.5434122099312158,1.169013259967492,-1.4067608230436932
-0.9860909529008826,-0.9268597369437074,-0.626234753013344,-0.8998222607401696,-0.8896936042114223,-0.5508451827697142,0.31464020893387085,-1.607257982006162
-0.7903355716133598,-0.8363851351129573,-0.6068307437636709,-0.6048494071437629,-0.7549781893589322,-0.5138492497780967,0.4477892558482015,-0.9750127488253454
-0.9115174743151596,-0.8665433357232074,-0.6177288859449941,-0.7874516498463003,-0.7998833276430951,-0.5346277874857174,0.10751946928935655,-1.2387005298781129
-0.9581258984312364,-0.9117806366385824,-0.6239753820733136,-0.8576832816549688,-0.8672410350693401,-0.5465374371474029,0.31464020893387085,-1.4821139170647903
-0.9021957894919442,-0.8967015363334574,-0.6201211610579676,-0.7734053234845665,-0.8447884659272588,-0.5391889299093413,0.5010488746139335,-1.3193579422460024
-0.9954126377240979,-0.9117806366385824,-0.6255702321486292,-0.913868587101903,-0.8672410350693401,-0.5495781987631522,0.038479222741185114,-1.5673106613494794
-0.7903355716133598,-0.5951195302309572,-0.5749337422573589,-0.6048494071437629,-0.3957370830856254,-0.4530340174631073,-0.6174031194664431,-0.5686997024572711
-0.9767692680776672,-0.8062269345027073,-0.6170200636892983,-0.9519587359719702,-0.7100730510747688,-0.5396440328119204,-0.5785679807830967,-1.216968738894531
-0.7064404082044214,-0.8665433357232074,-0.6060333187260131,-0.621387321330194,-0.7998833276430951,-0.52264453476201,1.246683537334185,-0.9600010704687152
-0.8555873653758673,-0.8665433357232074,-0.614539185794363,-0.8037715500980706,-0.7998833276430951,-0.5358054364780696,0.41820057875612787,-1.1472006780882615
-0.06324415540256097,-0.4292494268745822,-0.41132870536456734,0.1651446652312726,-0.1487588225227277,-0.22138326891783253,0.31464020893387085,0.13438994298853066
0.24437144376354622,-0.14274652107720703,-0.22007960049963868,0.25931413409602977,0.2778399911768242,-0.027213930003867903,0.06609532136045386,0.4644130537834515
-0.5852585055026217,-0.6705150317565822,-0.5605357901885376,-0.5943146623724624,-0.507999928796034,-0.4704550475533389,0.11580429887513731,-0.4536498084388833
-0.66915366891156,-0.7911478341975823,-0.5910594485744388,-0.6806366754984903,-0.6876204819326873,-0.5101939063681185,0.5704952402594472,-0.7362485026392621
1.4561904707815443,1.3500844091301687,1.3798208333877908,1.5061876570275357,2.5006443362429076,2.0557021037217815,-0.431776041483152,1.3080060779844551
-0.2123911125740069,-0.21814202260283208,-0.37402693415857474,0.138271489023756,0.16557714546641558,-0.11223432445795681,-0.340614494668774,0.21678313685858075
-0.5945801903258371,-0.5951195302309572,-0.547023865939336,-0.3886764444366818,-0.3957370830856254,-0.4140362497411206,-0.18244956621296315,-0.364417326363965
-0.8276223109062213,-0.8213060348078324,-0.6074952646283858,-0.709986159961339,-0.7325256202168502,-0.5195316730475277,0.14894361721825952,-0.9878533050932701
0.020651008006377355,-0.18798382199258207,-0.3014169543407341,0.45958120454841317,0.21048228375057917,0.014437469534132582,-0.1105023619153951,0.34789204892880254
-0.6877970385579907,-0.5649613296207072,-0.555352527443762,-0.5172003306465447,-0.35083194480146257,-0.428566022328377,-0.46206256473305746,-0.4176347268967119
-0.5759368206794063,-0.5800404299258323,-0.5413532878937695,-0.07165085845235378,-0.5511779463769602,-0.40535643469308746,-0.18645835472221203,-0.3310003929206393
-0.7157620930276368,-0.8062269345027073,-0.5971730405298153,-0.32869863087207946,-0.8018890162016933,-0.5020119093773319,0.5088159023506029,-0.8166315298699136
0.9901062296207758,1.4707172115711686,1.1112658012610366,2.807284192648575,1.7219357533672868,2.456259301514082,-0.6713537312900142,1.231649298999813
0.5892737822225149,0.24931008685604314,0.10057386742075823,0.8215812624706328,0.8616067888709471,0.4974962875032586,-0.15499402630659742,0.7701189159774546
1.7078759610083591,1.5310336127916688,1.7364027293937694,2.785863544946931,2.770075165947887,3.5695173059234486,-0.4120992284153018,1.3949839740244334
0.14183291070817716,0.11359818410991808,-0.14011558977895391,0.11105603319161289,0.6595336665922117,0.05709544178667156,-0.3793487628620339,0.5585181035504755
-0.9674475832544518,-0.8514642354180824,-0.6197667499301196,-0.9952255189945485,-0.7774307585010137,-0.5481673330285389,-0.3067220099996718,-1.306611942378472
-0.771692201966929,-0.6705150317565822,-0.582686485679032,-0.7999993627264023,-0.507999928796034,-0.5013764451999322,-0.38128547627169695,-0.6427397363911571
-0.3615380697454528,-0.6403568311463322,-0.5258921024414044,-0.3909540829264772,-0.4630947905118704,-0.42970868152457425,0.5447743640944421,-0.24927066992563768
-0.4454332331543911,-0.5800404299258323,-0.5221264842080203,-0.47462243561282547,-0.37328451394354395,-0.4249569187223856,0.09415684092519436,-0.23112629624454775
3.562891240828218,3.8682941600860445,6.759693151337109,2.4188564476587673,1.9804931511180162,2.4190404091459583,-0.5735646807073281,2.0019989178360045
0.7477424242171762,-0.09750922016183201,-0.04863321740321204,1.1621784491623302,0.34519769860306904,0.34182106889379565,0.5217609485783852,0.6490834539384747
1.0646797082064987,-0.36893302565408215,-0.14831134711043684,1.5506061941521383,-0.058948545954400695,0.18724902009319896,1.8197175836840076,0.5496013860162912
0.7011340001010994,0.4001010899072932,0.2371107544241657,1.0895468490084117,1.0861324802917636,0.7759740313925296,-0.22257920951908797,0.8610163089840666
-0.7344054626740676,-0.5498822293155822,-0.5601813790606897,-0.6581510296952422,-0.32837937565938047,-0.45220838020320164,-0.5891593822421912,-0.45110831135866103
-0.5572934510329756,-0.4744867277899572,-0.5168989200722637,-0.44252596673829764,-0.2161165299489727,-0.38553425584197376,-0.4048318340418101,-0.20691838872256332
3.8145767310550327,1.3802426097404186,3.209689787857533,3.8945010671053404,2.5455494745270704,4.40094031930442,0.5307661981281467,1.6528988446804027
1.7731277547708668,-0.45940762748483216,-0.08185926063895363,1.9636607382635245,-0.19366396080689055,0.18354410250327036,3.5489102203059,0.6179385707196945
-0.3056079608061606,-0.7157523326719573,-0.5402014517282637,-0.26675378506716996,-0.5753576362222789,-0.4387136472597529,1.190196062885681,-0.32446093889488536
0.8502809572725453,1.923090220724919,1.2940090390576156,2.0562576575787674,3.35384196364201,3.3341567197037176,-0.8523852784032397,1.2847742794632349
-0.6877970385579907,-0.6101986305360823,-0.562795161128568,-0.4024601655664355,-0.41818965222770754,-0.421540834719121,-0.3495745768226747,-0.47014271867472196
-0.8928741046687289,-0.7459105332822074,-0.6046156742146215,-0.7302892086524627,-0.6202627745064424,-0.5061298283815923,-0.4931306756797346,-0.9343136646889066
-1.0326993770169595,-0.8363851351129573,-0.6229564500807508,-0.9538090107565719,-0.7549781893589322,-0.5432271200937354,-0.7061691507426634,-1.43403678479119
0.36555334646534604,0.43025929051754325,0.09897901734544264,0.9351195835249057,1.1310376185759266,0.7129485580640268,-0.4779136417466682,0.7689601385112587
0.18844133482425401,0.1437563847201681,-0.10976913695697658,-0.16590170833958645,-0.3302504230878875,-0.3550627194556718,-0.36964476634737237,0.5902947604776341
3.143415423783526,1.9532484213351688,3.482320547954538,3.267430248792554,3.3987471019261735,4.82312286704416,-0.09127480845990069,1.6894653540071043
-0.8742307350222981,-0.7157523326719573,-0.5996539184247507,-0.7742481030662705,-0.5753576362222789,-0.5058520467286748,-0.5326719077936872,-0.8530499770999611
-0.6971187233812061,-0.7157523326719573,-0.5811359369946973,-0.530052719267531,-0.5753576362222789,-0.47354648852935055,0.003959099467099536,-0.6270871958611521
-0.7064404082044214,-0.7157523326719573,-0.5821105675962791,-0.5429051078885172,-0.5753576362222789,-0.47524678106615675,-0.024284637757152377,-0.6368722152075373
-0.771692201966929,-0.5197240287053322,-0.5618648319179672,-0.4315177398399698,-0.47993421736843167,-0.4399270679152208,-0.7150457538702856,-0.4632896860025958
0.10454617141531568,0.023123582279168043,-0.19123939497101497,0.12305599705407029,0.5248182517397219,0.013583118209991706,-0.31547359054803153,0.5002958056923794
1.120609817145791,0.26438918716116816,0.3288146337548125,1.600237787590649,0.8840593580130286,0.917238552812943,0.23607716975836535,0.9143908651861706
-0.007314046463268752,-0.5498822293155822,-0.44614959867562454,0.23680646845131753,-0.32837937565938047,-0.274612261722983,0.8795149534189097,0.043978975888360104
-0.920839159138375,-0.8665433357232074,-0.618260502636766,-0.8827793847545995,-0.7998833276430951,-0.5415066659853462,0.055739284378228185,-1.2556005184467873
2.388358953103081,0.7619994972302934,1.4172998101577072,3.1728632467566293,1.6249941397017234,2.6150606665878993,0.44926868970280515,1.3178438552781124
-0.2962862759829452,0.06836088319454306,-0.3134669326875631,0.4424446863870977,0.058394066530234136,-0.059842443256460404,-0.7265613471169303,0.32824305239648666
-0.4454332331543911,-0.5197240287053322,-0.507595627966256,0.16826039580605717,-0.5359386460542804,-0.36632874092352496,-0.09368353493674281,-0.16637836956725335
-0.5293283965633294,-0.5348031290104572,-0.5247845676668796,0.01403173235422159,-0.5511779463769602,-0.39346627709304144,-0.21534521309768026,-0.24386975985837245
-0.3615380697454528,-0.7911478341975823,-0.5662063682341042,0.32248905925789245,-0.8102460518625179,-0.45886214389329416,1.7766689593657357,-0.496051322587947
-0.3895031242150989,-0.7760687338924573,-0.5645672167678075,0.27107950477394727,-0.7950067515398382,-0.4562742860626959,1.488324400252785,-0.48344467519899637
-0.4454332331543911,-0.9419388372488324,-0.6093116216586063,0.16826039580605717,-0.9626390550893166,-0.5269158106276738,5.729368116783313,-1.0246138402147014
-0.8276223109062213,-0.9117806366385824,-0.618393406809709,-0.5343368488078601,-0.9321604544439566,-0.541253941851259,1.2812036606082704,-1.259910474936976
1.0926447626761449,1.6667455155377937,1.334899222933068,1.1454598948586083,2.972148288226622,2.011651601936726,-0.6967994029968402,1.2959706683838907
-0.12849594916506857,-0.6101986305360823,-0.4857107408216475,0.005463473273564009,-0.41818965222770754,-0.3504040896515419,0.9360024278674135,-0.0816419977080097
0.18844133482425401,-0.6252777308412073,-0.44867477796154087,0.3696144842015091,-0.440642221369789,-0.29656149265266796,1.7792797249915069,0.036786134413765346
0.8782460117421913,0.5207338923482933,0.3973045842114212,1.316445109328492,1.2657530334284168,1.0297934968281925,-0.21112782247143452,0.951038221417776
-0.6411886144419139,-0.8062269345027073,-0.5915024624842488,-0.6877251926300689,-0.7100730510747688,-0.514221135101213,0.8194970118173742,-0.7416835127262382
0.2816581830564077,-0.29353752412845713,-0.28032949223378345,0.2036138430810642,0.05331429975600716,-0.13393599647585816,0.4389126527205795,0.3806277449868793
2.0248132449976817,0.5659711932636683,1.0101257256514393,1.8872542438687603,1.3331107408546619,1.4431320278718032,0.46562542101118015,1.1998023853169426
0.10454617141531568,0.11359818410991808,-0.15376041820109845,0.032548775621352125,0.6595336665922117,0.020744333970132985,-0.41162731968975036,0.5435894404446736
2.313785474517358,0.8223158984507934,1.4417541779792131,2.969302182537372,1.7148044162700495,2.5693448121547533,0.3447061227532358,1.3241664346332427
-0.2030694277507915,0.8977113999764185,-0.017533640934557903,-0.00035683634692732614,1.8270672619804582,0.392179196507495,-1.0292362180619306,0.6766751365769641
-0.8276223109062213,-0.6403568311463322,-0.5856989802657392,-0.8414759820068143,-0.4630947905118704,-0.5028557270134635,-0.6058964117084145,-0.6745289120102941
-0.2962862759829452,-0.2784584238233321,-0.4133222679587118,-0.2916927539421101,0.07576686889808933,-0.27717473568771495,-0.35545630168073394,0.12960705684768098
-0.3242513304525913,-0.35385392534895715,-0.4411435414947728,-0.3206287133139369,-0.036495976812319274,-0.3135992184820021,-0.26619838702574516,0.057958129806568996
-0.9954126377240979,-0.8665433357232074,-0.6225134361709409,-1.0150917382377738,-0.7998833276430951,-0.5510543658702349,-0.3585021949108003,-1.414412758822009
-0.8276223109062213,-0.9268597369437074,-0.6202097638399295,-0.8414759820068143,-0.8896936042114223,-0.5480383258936381,1.635034924167649,-1.3225925786822044
3.1713804782531723,2.7222825368965444,4.570672820184489,3.2963662081643808,4.543828128172338,6.248027753679901,-0.38128547627169695,1.8146517125337238
0.8036725331564684,0.4905756917380433,0.34130762601145137,0.3053525410965776,-0.1150799688096052,-0.17290385361219024,-0.23362057247807852,0.921265945301557
0.8409592724493299,-0.17290472168745705,-0.06945487116427677,0.3339134046987695,-0.5267104030811021,-0.33878256153801634,0.8074447273984047,0.6297796194255232
-0.38018143939188354,-0.3236957247387071,-0.4454850778109097,-0.6014548782730105,-0.6202627745064424,-0.49063528725786093,-0.3973373335941467,0.04585582711913295
-0.3615380697454528,0.24931008685604314,-0.2880379342644755,-0.45722251708194245,0.8616067888709471,-0.1638356267492227,-0.8919585185301014,0.36889286135620997
0.36555334646534604,0.3699428892970432,0.06903127704229421,0.5768894363875612,1.0412273420076001,0.45821156275892877,-0.432316501060707,0.7467202341314
1.0646797082064987,0.9127905002815434,0.7704995018352708,1.5506061941521383,1.8495198311225396,1.6120598165929183,-0.3831973600222617,1.1157711640536692
-0.49204165727046795,-0.7308314329770823,-0.5631052708654349,-0.49004056601351725,-0.5978102053643602,-0.47274446374783785,0.7288816882228992,-0.4724467578053683
-0.5852585055026217,-0.6705150317565822,-0.5605357901885376,-0.5870397254171873,-0.507999928796034,-0.4693613773967308,0.11580429887513731,-0.4536498084388833
-0.7530488323204984,-0.9117806366385824,-0.6152037066590778,-0.7651984811159135,-0.8672410350693401,-0.5415321385327141,1.8335256329936418,-1.1650125662249302
1.1858616109082984,0.8524740990610434,0.7998270226646854,1.2372710568355085,1.7597095545542132,1.3076011239166674,-0.28206477908961064,1.1267948386223123
0.2536931285867616,0.5358129926534183,0.0955678102399065,0.7808909200730704,1.2882056025704982,0.7069975341852045,-0.6203619871756504,0.766473164352223
0.2909798678796231,-0.23322112290795707,-0.24958432689297722,0.7105807940876748,0.14312457632433417,0.06533713595682264,0.30313350117584226,0.4250228851755241
1.9502397664119588,2.013564822555669,2.413948203057012,2.6359190110354245,3.4885573784945,4.160575058528796,-0.5118021512240429,1.5291249258662187
0.6265605215153763,1.7119828164531687,0.9623688261739333,2.138959984357288,2.0123009574026316,2.219175887601439,-0.8805483214738177,1.184077626748643
0.35623166164213066,-0.6101986305360823,-0.4189042432223164,0.6781003086409246,-0.41818965222770754,-0.2331046970086983,2.05016916526549,0.11598235310650362
-0.12849594916506857,-0.7308314329770823,-0.5268224316520052,0.08535156514532677,-0.5978102053643602,-0.40008363753120463,1.8828400948137642,-0.25385005693520357
-0.6132235599722677,-0.9268597369437074,-0.6120583078994276,-0.5073971783502713,-0.8896936042114223,-0.5319668401442188,3.421451303601584,-1.0855074388086456
2.5934360192138195,2.043723023165919,3.070627721568209,3.3528029370923633,3.5334625167786635,5.090883225745799,-0.3127840804282917,1.6332355896612583
-0.49204165727046795,0.09851908380479307,-0.3754888800609474,-0.24730016960583268,0.6370810974501303,-0.11478476326316668,-0.9199084102630363,0.21378244039736644
-0.9954126377240979,-0.8665433357232074,-0.6225134361709409,-0.9413291551390922,-0.7998833276430951,-0.5457316353192287,-0.3585021949108003,-1.414412758822009
-0.8183006260830059,-0.9268597369437074,-0.6198553527120816,-0.7560429378926685,-0.8896936042114223,-0.5439284095027095,1.7127052015343418,-1.3097700189202184
0.0020076383599466176,-0.8363851351129573,-0.5541120884962942,0.25153853083498706,-0.7549781893589322,-0.44175249840244823,4.220345585087568,-0.4093645146040539
0.5892737822225149,-0.7911478341975823,-0.4893877562730696,0.9728752641286496,-0.6876204819326873,-0.34116017622085804,5.504842272966991,-0.0949714735488663
-0.7996572564365751,-0.7459105332822074,-0.5957553960184236,-0.7331433590579496,-0.6202627745064424,-0.5064730889915625,-0.18244956621296315,-0.7968849676653774
-0.09120920987220708,-0.4141703265694572,-0.41146160953751026,0.13704063666138988,-0.12630625338064552,-0.2200500497886752,0.22587417765765053,0.13407241394893313
0.08590280176888494,-0.39909122626433213,-0.3699512061883238,0.3510499228600844,-0.1038536842385641,-0.1564505177509719,0.4591430505463226,0.22506071862713353
-0.016635731286484122,-0.15782562138233205,-0.30017651539326645,0.22538212301044047,0.255387422034742,-0.048250083590554146,-0.20140637967195268,0.3498742735966467
0.07658111694566958,0.23423098655091815,-0.11508530387469523,0.33962557741920735,0.8391542197288654,0.23877303636006383,-0.5406466100687702,0.5848629770658842
1.6053374279529902,1.0032651021122936,1.184806110289478,2.2132182297229868,1.9842352459750296,2.2545299500965523,-0.16965681464668436,1.2536677832936225
-0.9301608439615904,-0.8816224360283323,-0.6201211610579676,-0.894963664482009,-0.8223358967851773,-0.5444422782292335,0.14517778558835912,-1.3193579422460024
-0.417468178684745,-0.39909122626433213,-0.47281903604617975,-0.2680178780924336,-0.1038536842385641,-0.31652562090684644,-0.32117229416091697,-0.037374907870689374
-0.23103448222043763,-0.4141703265694572,-0.4393714858555332,-0.04003759213258819,-0.12630625338064552,-0.2647731167629662,0.003959099467099536,0.0628200479951893
-0.6411886144419139,-0.6705150317565822,-0.567180998835686,-0.6485695861946373,-0.507999928796034,-0.4786114056631264,-0.033322633668913054,-0.5036908117213547
-0.24967785186686836,-0.7157523326719573,-0.5343536681187732,-0.24346615498906607,-0.5753576362222789,-0.43563283599661917,1.3596584862311925,-0.2924430864704262
-0.4827199724472526,-0.6101986305360823,-0.5345308736826971,-0.48459914975428703,-0.41818965222770754,-0.4358648390717417,0.12180365823035766,-0.29338562689784436
4.159479069514002,2.8730735399477942,5.999835693231188,3.0922915473314987,4.7683538195931545,6.20156608521451,-0.17289014746013945,1.9441272935719198
-0.9581258984312364,-0.8062269345027073,-0.6156024191779067,-0.9264065831160683,-0.7100730510747688,-0.537185564594267,-0.5008977034164038,-1.1759922000756171
-0.16578268845793004,-0.7157523326719573,-0.5255819927045374,0.05118002340190481,-0.5753576362222789,-0.39665294572947485,1.6138521212494599,-0.24775289776800796
-0.22171279739722224,0.26438918716116816,-0.22619319245501512,-0.017826089999363887,0.8840593580130286,0.07072866760136635,-0.7923844339937051,0.4564864717747628
-0.7903355716133598,-0.09750922016183201,-0.5091461766505906,-0.7193882429122619,0.34519769860306904,-0.37099467722610924,-1.105616291485655,-0.1729247871036132
0.3375882919956999,0.1588354850252931,-0.0464181478541626,0.6722350440133227,0.7268913740184567,0.35137894681068227,-0.26011984357965595,0.6510965574805684
-0.8835524198455135,-0.7157523326719573,-0.6006285490263324,-0.8343984319143767,-0.5753576362222789,-0.5138095679523879,-0.5609156450179393,-0.868065921912578
-0.66915366891156,-0.6855941320617073,-0.5730730838361574,-0.5698749972095132,-0.5304524979381153,-0.4707922013510581,-0.04782108544402911,-0.552360261748119
-0.9581258984312364,-0.8665433357232074,-0.6203869694038534,-0.9264065831160683,-0.7998833276430951,-0.5446548179591283,-0.15138145526628613,-1.329121264107451
-0.9581258984312364,-0.8514642354180824,-0.6191908318473668,-0.9264065831160683,-0.7774307585010137,-0.5427875046179129,-0.258924916235553,-1.2865277378304463
-0.743727147497283,-0.7459105332822074,-0.590439229100705,-0.661883148411205,-0.6202627745064424,-0.4979028246753689,0.003959099467099536,-0.7287312885342977
-1.0140560073705287,-0.8967015363334574,-0.6254373279756862,-0.995412696517337,-0.8447884659272588,-0.5525390298442596,-0.24458578810631745,-1.559667857071712
-0.9767692680776672,-0.7911478341975823,-0.6159125289147735,-0.9494086209164908,-0.6876204819326873,-0.5376696828679157,-0.6356784788468414,-1.1846908644514602
-0.9581258984312364,-0.7760687338924573,-0.6132101440649332,-0.9264065831160683,-0.6651679127906053,-0.5334509379118364,-0.6174031194664431,-1.1132667907162859
-0.5013633420936834,-0.8514642354180824,-0.5909708457924769,-0.3628566570057074,-0.7774307585010137,-0.4987327417159083,2.0831326782062614,-0.7351681108162521
0.7290990545707454,2.7675198378119195,1.6965757789018605,0.24823081389219373,1.2975608397130318,0.3743956969558468,-1.0386032006802872,1.3859434781278106
1.6892325913619286,-0.29353752412845713,0.054146009672681975,1.7627603614575744,0.05331429975600716,0.33484937648635377,2.315426553899878,0.7353114598071628
-0.12849594916506857,0.9580278011969184,0.04874123997300134,0.09124147899195095,1.9168775385487846,0.4951813279131483,-1.0075064674435168,0.731107885323672
-0.15646100363471466,0.43025929051754325,-0.14414701635822388,0.2153858207496735,1.1310376185759266,0.2888028561551908,-0.8329777668515497,0.5541506570822413
0.0020076383599466176,-0.052271919246456994,-0.25463468546480994,0.4338764273064406,0.412555406029314,0.09605151130084735,-0.32555116814917306,0.4179791009359636
-0.8276223109062213,-0.6403568311463322,-0.5856989802657392,-0.709986159961339,-0.4630947905118704,-0.48150694904258096,-0.6058964117084145,-0.6745289120102941
-0.10985257951863782,0.023123582279168043,-0.2635835664429697,0.279647763854605,0.5248182517397219,0.08043973437198652,-0.5167599431603059,0.4052650442461943
-0.2030694277507915,-0.45940762748483216,-0.448143161269769,0.1511238776447423,-0.19366396080689055,-0.24153384327965507,0.1712489276415148,0.03830849354904865
-0.66915366891156,-0.7308314329770823,-0.5807815258668495,-0.4914955534045722,-0.5978102053643602,-0.47292820033414784,0.16669682347350354,-0.6235730210032967
-0.7344054626740676,-0.8062269345027073,-0.5985906850412069,-0.5814622737514762,-0.7100730510747688,-0.5039971821430677,0.4311456249839101,-0.8371368466735649
-0.9115174743151596,-0.5649613296207072,-0.5893759957171613,-0.8256576575502157,-0.35083194480146257,-0.487921689067806,-0.9280842289332144,-0.7160859575486743
2.332428844163789,2.571491533845294,3.4055462373844843,3.066068264265262,4.319302436751522,5.6430567393975615,-0.5656229345553146,1.6794188924943643
-0.6318669296186985,-0.8665433357232074,-0.6017803851918382,-0.440085998920627,-0.7998833276430951,-0.5095617758998892,1.6609250166232135,-0.8863745084659344
-0.5945801903258371,-0.6855941320617073,-0.5645672167678075,-0.3886764444366818,-0.5304524979381153,-0.44464151540363867,0.1592996542004852,-0.48344467519899637
-0.10985257951863782,-0.23322112290795707,-0.3524521567508332,0.279647763854605,0.14312457632433417,-0.07459603057501096,-0.19165493241938616,0.25920997017204866
-0.7903355716133598,-0.8665433357232074,-0.6108178689519599,-0.6585766054773938,-0.7998833276430951,-0.52532812487755,0.7806618731340278,-1.057144077286346
-0.5479717662097602,-0.7006732323668323,-0.5623964486097391,-0.3244145013317505,-0.5529050670801974,-0.4408545002080244,0.3686717062324397,-0.46719492326770756
-0.8835524198455135,-0.44432852717970717,-0.5727186727083096,-0.7871004916872568,-0.17121139166480911,-0.45886214389329416,-1.0057545062999071,-0.549303913362452
-0.5293283965633294,-0.8363851351129573,-0.5894645984991232,-0.29870972408977786,-0.7549781893589322,-0.48807626111660685,1.6905136937152867,-0.7171283668220684
-0.9767692680776672,-0.8816224360283323,-0.6225577375619219,-0.9156243778971196,-0.8223358967851773,-0.5458089213436296,-0.13725958665416002,-1.4163430082255026
-0.9021957894919442,-0.9268597369437074,-0.6230450528627128,-0.8128052689292293,-0.8896936042114223,-0.5466590676120323,1.0136727052341064,-1.4380496862398615
-0.5106850269168987,-0.7459105332822074,-0.5682885336102106,-0.38010818535602464,-0.6202627745064424,-0.4640145455199802,0.7806618731340278,-0.51250689222802
-0.9581258984312364,-0.9117806366385824,-0.6239753820733136,-0.928476766518106,-0.8672410350693401,-0.5503687967832466,0.31464020893387085,-1.4821139170647903
0.11386785623853105,0.1437563847201681,-0.1377676160569615,0.38532295918271414,0.7044388048763753,0.20359930792188455,-0.4325675226950728,0.5610454086125771
2.4722541165120195,1.4556381112660437,2.2701015865417413,1.5834511872946588,0.4836552083125723,0.6060033061887775,-0.07090381847670088,1.5033295903542285
0.7850291635100377,0.1889936856355431,0.1426601888526976,0.2910721092954818,-0.3021847116602858,-0.2531238844943517,0.0721573917890738,0.7998224755420816
0.36555334646534604,1.1088188042481686,0.43589109575586243,0.9351195835249057,2.141403229969601,1.3007087736282947,-0.8151092800362066,0.970628089399905
-0.2962862759829452,-0.21814202260283208,-0.3959561226941642,-0.09708424287276707,0.16557714546641558,-0.19007464002872762,-0.4422919486760811,0.16989868307196845
-0.46407660280082186,-0.6252777308412073,-0.5355055042842789,-0.30644441950421786,-0.440642221369789,-0.4103922661472249,0.22587417765765053,-0.29859956459996195
-0.6132235599722677,-0.7609896335873323,-0.5808701286488115,-0.49254235428772963,-0.6427153436485239,-0.48201298016161837,0.5435631316988602,-0.6244493978476888
-0.7903355716133598,-0.8665433357232074,-0.6108178689519599,-0.7135336518431499,-0.7998833276430951,-0.5292938421476834,0.7806618731340278,-1.057144077286346
-0.6877970385579907,-0.7911478341975823,-0.5925656958677925,-0.5855913216794855,-0.6876204819326873,-0.5004776954934549,0.4973938027378539,-0.7549578975832972
-0.7996572564365751,-0.8514642354180824,-0.6094002244405682,-0.7251647727671198,-0.7774307585010137,-0.5270556948347339,0.5536256777544641,-1.0264734705919742
-0.8742307350222981,-0.8816224360283323,-0.6171972692532223,-0.8182137401588756,-0.8223358967851773,-0.5393655050559573,0.4841026322793826,-1.2223192937648582
-0.9954126377240979,-0.9419388372488324,-0.6276080961337547,-0.9694183121704786,-0.9121461733535037,-0.5558018993854329,0.49217227148631154,-1.7007079141718275
-0.9021957894919442,-0.9268597369437074,-0.6230450528627128,-0.8531071029307837,-0.8896936042114223,-0.5485978627218755,1.0136727052341064,-1.4380496862398615
-0.8835524198455135,-0.9268597369437074,-0.6223362306070169,-0.8298448610828448,-0.8896936042114223,-0.5474787890654007,1.169013259967492,-1.4067608230436932
-0.7996572564365751,-0.6403568311463322,-0.5821105675962791,-0.7251647727671198,-0.4630947905118704,-0.48397135906044975,-0.5368561651602431,-0.6368722152075373
-0.9860909529008826,-0.9419388372488324,-0.6272979863968877,-0.9577871912465094,-0.9121461733535037,-0.555312304660725,0.5809383027625319,-1.6781305681963643
-0.8835524198455135,-0.8967015363334574,-0.6192351332383478,-0.8298448610828448,-0.8447884659272588,-0.5425828418183234,0.6253213184006422,-1.2880461268440826
0.542665358106438,0.6564457950944184,0.3063981299184322,0.9108428494630428,1.4678261557071512,0.8923723573773414,-0.5156756765436951,0.9018282343346238
-0.743727147497283,-0.6855941320617073,-0.5815789509045073,-0.6657168213779419,-0.5304524979381153,-0.4846241520267271,-0.25494182508854313,-0.6315127052832837
1.6426241672458517,1.2143725063840436,1.398693225945692,2.346510934388523,2.2985712139641725,2.665218533539625,-0.28186752124233005,1.3129825170144518
1.9222747119423127,1.3048471082147937,1.6873610895778148,2.3617347204543835,2.4332866288166626,2.8087909677513134,-0.21112782247143452,1.3838297992606103
-0.6971187233812061,-0.8363851351129573,-0.6006285490263324,-0.6085950941735584,-0.7549781893589322,-0.5141645880197292,0.8916194122293032,-0.868065921912578
-0.8183006260830059,-0.7006732323668323,-0.5919454763940587,-0.7571115849049556,-0.5529050670801974,-0.5006996451019888,-0.4147850045968097,-0.7471744395362431
-0.38018143939188354,-0.5951195302309572,-0.5164559061624537,-0.22016734918375097,-0.3957370830856254,-0.3836370801436707,0.2939281349694195,-0.20491646072528608
-0.3895031242150989,-0.5197240287053322,-0.49829233586024835,-0.23159169462462748,-0.28347423737521765,-0.35547061791778367,0.012835702594721542,-0.1287015042205146
-0.6318669296186985,-0.7157523326719573,-0.5743135227836251,-0.5286246760874218,-0.5753576362222789,-0.4733575671363718,0.2016652600368632,-0.5631974539483467
-0.8928741046687289,-0.9268597369437074,-0.6226906417348649,-0.8485063484319693,-0.8896936042114223,-0.548376534820928,1.0913429826007992,-1.4221759993810756
-0.8555873653758673,-0.8062269345027073,-0.6078053743652526,-0.8028089666684625,-0.7100730510747688,-0.5252937755333722,-0.07371117789959329,-0.9939529529510249
0.2164063892939001,1.0485024030276686,0.30741706191099494,0.5071150941710408,2.0515929534012747,0.8907129260892082,-0.8655009838607712,0.9024057239918516
0.05793774729923883,1.772299217673669,0.4919323553468133,0.3133318511051721,3.1293162722211934,1.176208528419356,-1.097546652278726,0.9978571315283051
1.4375471011351135,0.5961293938739183,0.7366532391257954,2.007580011787206,1.3780158791388248,1.5595740186890719,0.06951566384999619,1.1027593507380669
2.5188625406280964,0.9127905002815434,1.6689317109297235,3.3328040829289027,1.8495198311225396,3.0052692164489607,0.3624373026979896,1.3795771619746906
0.4028400857582075,0.1588354850252931,-0.02160936890480887,0.7707076505336433,0.7268913740184567,0.39875103612247553,-0.20575064942297105,0.6731393253583764
2.6959745522691883,1.2445307069942937,2.1867263687155205,2.8044548988433298,2.343476352248336,3.126890384052248,0.1633875635355744,1.4877869698378088
0.0392943776528081,-0.3086166244335821,-0.3438576869005214,0.4852859817903858,0.03086173061392574,-0.059602541841353746,0.14978900799231867,0.27521432163565207
0.24437144376354622,-0.5951195302309572,-0.4274101102906663,0.768038531452084,-0.3957370830856254,-0.2053639838603155,1.6816370905876648,0.09452814190126281
2.863764879087065,2.269909527742794,3.624395108830569,2.507395124825562,3.8702510539098878,4.386456345842734,-0.31519513116694736,1.7075722742556527
0.6358822063385917,0.5508920929585432,0.29505697382729906,2.1560965025186034,1.3106581717125798,1.5957095287642333,-0.3887887181607057,0.8953579829628324
-0.18442605810436077,-0.29353752412845713,-0.39108296968625544,0.6480829043228782,-0.12327894068733117,-0.08945231490580152,-0.18244956621296315,0.1806791582255866
-0.6784753537347754,-0.7157523326719573,-0.5791866757915338,-0.260152558226819,-0.6530586620173482,-0.45816743805598814,0.06044657391560336,-0.6080394414546118
-0.7157620930276368,-0.7308314329770823,-0.5854331719198533,-0.32869863087207946,-0.6719793663505628,-0.47041162843850703,0.01875343801313621,-0.6716465645278288
-0.9115174743151596,-0.8665433357232074,-0.6177288859449941,-0.6885655122596955,-0.8422657053494966,-0.5337166978630208,0.10751946928935655,-1.2387005298781129
-0.9021957894919442,-0.9117806366385824,-0.6215831069603401,-0.6714289940983801,-0.8990278183491418,-0.5412716238437247,0.7288816882228992,-1.375411130492806
-0.8555873653758673,-0.9268597369437074,-0.6212729972234732,-0.5857464032918053,-0.9179485226823564,-0.5406637562360814,1.4020240920675704,-1.3630192184437764
1.474833840427975,1.1842143057737935,1.2535618690919728,0.8194480859360292,0.3152609397469598,0.1954928626958975,-0.3403091569690524,1.2734631934331768
0.39351840093499213,2.7976780384221693,1.308318388344475,-0.008816958527531529,1.3162713139981006,0.21760525301042669,-1.1303315394096225,1.2887191805729197
-0.66915366891156,0.1588354850252931,-0.4291821659299058,-0.8228015711899966,-0.3208951859453533,-0.4840516629570946,-1.0989588391399385,0.08994786596104551
0.15115459553139254,-0.3387748250438321,-0.3307444751701487,0.42732199408509497,-0.014043407670237852,-0.09669743443078847,0.38074257265020506,0.2987444404730707
-0.8183006260830059,-0.8665433357232074,-0.6124127190272755,-0.7581754929061015,-0.7998833276430951,-0.5325152110490545,0.6253213184006422,-1.0938960339445594
0.9528194903279144,0.8223158984507934,0.6397217956593919,1.4135140488616176,1.7148044162700495,1.4092612885665354,-0.3868977801846451,1.0636377724869348
0.47741356434393045,-0.21814202260283208,-0.19372027286595034,0.31134034278355965,0.16557714546641558,-0.05499444300880719,0.4954001271690833,0.4973022131900054
-0.8089789412597905,-0.8363851351129573,-0.6080711827111386,-0.8229620254798969,-0.7549781893589322,-0.5322115018821916,0.35902322457198116,-0.99923728699414
-0.4081464938615296,-0.6101986305360823,-0.5242529509751077,-0.40898995753801637,-0.41818965222770754,-0.42267954820027026,0.29321392552236947,-0.2412966088155822
-0.7810138867901444,-0.6554359314514573,-0.5817561564684313,-0.7940802532979052,-0.4855473596539525,-0.4978235629355414,-0.4501132912920278,-0.6332932353026971
-0.6225452447954831,-0.5197240287053322,-0.5370560529686135,-0.6304168775999522,-0.28347423737521765,-0.4394103804487244,-0.4309944537863803,-0.30700089311879497
-0.9860909529008826,-0.8514642354180824,-0.6209185860956253,-1.0058799159658436,-0.7774307585010137,-0.5490002262837542,-0.40231619752790904,-1.3492006244443926
-0.743727147497283,-0.8514642354180824,-0.6059447159440511,-0.755571223721916,-0.7774307585010137,-0.5294326785329674,0.8404082403391763,-0.9583588741628978
0.6545255759850225,-0.35385392534895715,-0.22716782305659688,0.6885173853776668,-0.036495976812319274,-0.03445476945240535,1.152128417061689,0.45521186257984264
3.749324937292525,1.1992934060789187,2.876942040199326,3.894376035182129,2.2761186448220903,4.030542361655734,0.669108588862402,1.6045822802558556
-0.0818875250489917,0.038202682584293046,-0.24878690185531943,0.31820492971756387,0.5472708208818039,0.10625326652168675,-0.5052127188256645,0.42612661268396274
3.1340937389603107,1.4254799106557936,2.750948884249394,2.2655297062154225,2.6129071819533154,2.8870351580681537,0.21613156446879694,1.5850818537162565
-0.49204165727046795,-0.5649613296207072,-0.5255819927045374,-0.6582008046405233,-0.35083194480146257,-0.45569838850848665,-0.054293608557920085,-0.24775289776800796
0.011329323183161986,-0.6554359314514573,-0.48385008240044597,-0.2523359008199033,-0.4855473596539525,-0.4131232803300767,1.5812631936830155,-0.07502172325286026
0.24437144376354622,0.3699428892970432,0.014894977263525898,-0.12306041293629898,-0.18992186594987728,-0.30471946189492144,-0.5182495738919416,0.7040031697310218
-0.2962862759829452,-0.3236957247387071,-0.42634687690712253,-0.537192935168079,-0.6202627745064424,-0.4829066848178315,-0.2808319175441076,0.09725755783905601
0.4214834554046383,-0.21814202260283208,-0.20833973188967667,0.4509968699347709,0.16557714546641558,-0.008805178539362284,0.4276151578308785,0.4793120088475905
-0.5945801903258371,-0.6855941320617073,-0.5645672167678075,-0.6003429872415932,-0.5304524979381153,-0.4751893603050639,0.1592996542004852,-0.48344467519899637
-0.9115174743151596,-0.8816224360283323,-0.6191465304563858,-0.9282838601222937,-0.8223358967851773,-0.546646307442901,0.258152734485367,-1.2850136563091592
-0.19374774292757616,-0.022113718636206977,-0.30637871013060486,0.008319559633783346,0.4574605443134769,-0.05786789996036872,-0.5534393616350489,0.3398886992826735
-0.520006711740114,-0.4141703265694572,-0.4970518969127806,-0.406299370318733,-0.12630625338064552,-0.3572765834370068,-0.4546653954600391,-0.12387304654077205
-0.8183006260830059,-0.7609896335873323,-0.5993881100788647,-0.7654927640930224,-0.6427153436485239,-0.5131986064629358,-0.17590891127682057,-0.8490269928889741
-0.520006711740114,-0.6252777308412073,-0.542948137969085,-0.406299370318733,-0.440642221369789,-0.42720524830924156,0.09272513074331988,-0.34018937247053765
-0.8089789412597905,-0.8665433357232074,-0.6118811023355036,-0.7542679705375761,-0.7998833276430951,-0.5322332430401273,0.6771015033117708,-1.0813620713413752
-0.7064404082044214,-0.6252777308412073,-0.5677569169184388,-0.6307952414276641,-0.440642221369789,-0.4650045266185581,-0.35110502563778195,-0.5082569954920109
0.05793774729923883,0.17391458533041812,-0.14671649703512124,0.28963783011895233,0.7493439431605389,0.1765032252595502,-0.5061716111388337,0.5513482447099785
-1.0140560073705287,-0.9117806366385824,-0.626367657186287,-1.0012134287574,-0.8672410350693401,-0.5543053216243177,-0.09960127035515748,-1.6156191980988857
-1.0793078011330361,-0.9720970378590824,-0.6316395227130246,-1.0797869836455254,-0.9570513116376671,-0.5623376682650474,0.19036776514716222,-2.14097686390026
-0.8835524198455135,-0.8967015363334574,-0.6192351332383478,-0.7825567179323629,-0.8447884659272588,-0.5397392360940101,0.6253213184006422,-1.2880461268440826
-0.9860909529008826,-0.8967015363334574,-0.6241082862462565,-0.9253610359433213,-0.8447884659272588,-0.5483265721384875,-0.058177122426254786,-1.488716641006843
-1.0140560073705287,-0.9570179375539574,-0.6291586448180893,-0.9643076681281284,-0.9345987424955852,-0.5572261749482191,0.6253213184006422,-1.8306186866478962
-0.8928741046687289,-0.9268597369437074,-0.6226906417348649,-0.7955389286606319,-0.8896936042114223,-0.5458284380164582,1.0913429826007992,-1.4221759993810756
-0.5945801903258371,-0.7609896335873323,-0.5791866757915338,-0.38010818535602464,-0.6427153436485239,-0.4691669471466672,0.6089696810602859,-0.6080394414546118
-0.02595741610969949,-0.38401212595920714,-0.3871844472799284,0.4118066690683833,-0.08140111509648268,-0.13082590699425048,0.24403086587324094,0.18914944913455164
-0.7810138867901444,-0.6855941320617073,-0.5858318844386822,-0.6397523999214042,-0.5304524979381153,-0.48087695084368237,-0.3585021949108003,-0.6759759441980587
-0.6039018751490524,-0.45940762748483216,-0.5224365939448872,-0.3930903960842936,-0.19366396080689055,-0.36916351557416,-0.513842749644186,-0.23259745041415308
1.1951832957315138,1.2143725063840436,1.0797232108825727,1.2468983142295054,2.2985712139641725,1.673363747258303,-0.48070343130106374,1.2219195591427023
0.440126825051069,0.43025929051754325,0.13371130787453786,0.026884120975207888,-0.15250091737974095,-0.256737721746403,-0.4271901953031138,0.7936434689729128
0.868924326918976,0.24931008685604314,0.21487145615170933,1.6291485690581653,0.8616067888709471,0.9151287978952071,0.06176023611208035,0.8472263439275675
-0.8089789412597905,-0.6252777308412073,-0.5814017453405833,-0.7665913609090874,-0.440642221369789,-0.4878690687958743,-0.595211611647388,-0.6297380955741142
-0.2123911125740069,0.023123582279168043,-0.29818295279912194,-0.06654636368089792,0.5248182517397219,-0.067367320718337,-0.6130273291922632,0.35304464817876235
-0.6971187233812061,-0.6101986305360823,-0.5640799014670167,-0.635332923928802,-0.41818965222770754,-0.4621509108890514,-0.37100086023417617,-0.47975346453392403
2.509540855804881,2.0286439228607938,2.9712154002068702,2.1591606481500967,3.511009947636582,3.599012416705673,-0.3341350490702693,1.6187210338084814
0.5613087277528688,0.7469203969251684,0.3669138299984629,0.9336915403447962,1.6025415705596413,0.9862147656713922,-0.5573555100737058,0.9350865514615672
-0.6784753537347754,-0.6101986305360823,-0.5615104207901194,-0.5929023119745523,-0.41818965222770754,-0.45475154655156347,-0.3281482934111733,-0.4607019797051215
1.5494073190136979,-0.12766742077208204,0.1651652954710399,1.6180805645984417,0.3002925603189056,0.48019930305081693,1.4656882538435483,0.8150527622790402
-0.948804213608021,-0.8816224360283323,-0.6210957916595493,-0.8770672120341607,-0.8223358967851773,-0.5432584825384198,0.03220283669135145,-1.3560651998260715
-0.9860909529008826,-0.9268597369437074,-0.626234753013344,-0.928476766518106,-0.8896936042114223,-0.5522236613688538,0.31464020893387085,-1.607257982006162
0.22572807411711548,-0.36893302565408215,-0.32773198058344144,0.7423337542101115,-0.058948545954400695,-0.03147042895964457,0.5769931458169221,0.30400655497503637
0.22572807411711548,-0.6554359314514573,-0.4573578505938147,0.2484451543319851,-0.4855473596539525,-0.33482749985574245,2.13092977197038,0.011285836684480972
1.1765399260850833,-0.007034618331081972,0.14779915020649229,1.2322677729740876,0.47991311345555904,0.4574630016887776,0.7558974368721838,0.8033387461063533
-0.3615380697454528,-0.20306292229770706,-0.4089807316425749,-0.22650872451486384,0.18802971460849702,-0.22680376134190233,-0.5397328420997503,0.1399686958925337
-0.016635731286484122,-0.007034618331081972,-0.24347073493760077,0.3114007239770414,0.47991311345555904,0.07537522665540275,-0.39677450549728666,0.43342703488687356
1.34433025290296,0.5659711932636683,0.6640875606989357,2.5701518332271345,1.3331107408546619,1.8825284093710912,0.04170540248642693,1.0737448903293187
1.5121205797208366,1.7572201173685438,1.7713565268777696,0.9386586470582204,3.106863703079112,1.8663047014993295,-0.573974577282916,1.4027940460761952
1.7171976458315745,0.5961293938739183,0.8815187876336288,1.928281614021121,1.3780158791388248,1.5075973992989202,0.2405327883271181,1.156352532662598
0.22572807411711548,-0.36893302565408215,-0.32773198058344144,0.3154328458973508,-0.058948545954400695,-0.14699030425444348,0.5769931458169221,0.30400655497503637
-0.10053089469542245,-0.45940762748483216,-0.42913786453892483,-0.03737782212972346,-0.19366396080689055,-0.2857414492366259,0.34650493810994987,0.09006285322386517
-0.0818875250489917,-0.2483002232130821,-0.35063579972061265,0.39148373185501933,0.12067200718225218,-0.04807276184521701,-0.13086477822602754,0.2626325592861428
3.2273105871924646,-0.067351019551582,0.7359444168700996,2.1807960650080966,0.39010283688723185,0.7688198772229512,3.00083687847734,1.102483431831375
0.07658111694566958,-0.5649613296207072,-0.4391056775096473,0.5322725197414225,-0.35083194480146257,-0.22661860423653735,1.1301781212841455,0.06354553072354603
0.06725943212245421,0.5659711932636683,0.014673470308620953,0.32820123197833084,1.3331107408546619,0.43999149455426256,-0.7538705226901651,0.7038211702822622
-0.37085975456866815,-0.5348031290104572,-0.4991783636798681,-0.20874300374287377,-0.30592680651729903,-0.35684459168490057,0.09533589636909105,-0.13217734443346144
-0.8649090501990827,-0.7157523326719573,-0.5986792878231689,-0.814233312109339,-0.5753576362222789,-0.5111418457320733,-0.5044281705694353,-0.8384449683537032
-0.016635731286484122,-0.08243011985670701,-0.2718236251654336,0.19670925602157388,0.3676502677451504,-0.015317818239120883,-0.3067220099996718,0.39328400910941835
-0.38018143939188354,-0.5649613296207072,-0.5085702585678378,-0.09307150615399723,-0.35083194480146257,-0.3469519805616621,0.1787172235421584,-0.17048387733695133
-0.7250837778508522,-0.5046449284002072,-0.5518084161652828,-0.5686098851304898,-0.26102166823313555,-0.4223831403763528,-0.6519232427405288,-0.39433748208549124
-0.7810138867901444,-0.7609896335873323,-0.5960212043643096,-0.6457242168564075,-0.6427153436485239,-0.4995145927278507,-0.04509581255396963,-0.8005322259023756
-0.8649090501990827,-0.8213060348078324,-0.6101533480872451,-0.7613957144452842,-0.7325256202168502,-0.5241688345115455,-0.016752974497351813,-1.0425475418814465
-0.8555873653758673,-0.8213060348078324,-0.6094888272225302,-0.7485433258242978,-0.7325256202168502,-0.5230095441455411,0.024671173431550883,-1.0283396031865895
-0.8928741046687289,-0.8967015363334574,-0.6196781471481576,-0.7999528803082431,-0.8447884659272588,-0.54078532975761,0.5631850965072879,-1.3034724428650102
-0.6039018751490524,-0.8665433357232074,-0.6001855351165226,-0.4015288330576681,-0.7998833276430951,-0.5067794790214785,1.8162655713565992,-0.8611880770105397
-0.846265680552652,-0.8665433357232074,-0.614007569102591,-0.7356909372033116,-0.7998833276430951,-0.5308927186343715,0.4699807636672565,-1.1333671595311336
-0.8835524198455135,-0.9268597369437074,-0.6223362306070169,-0.7871004916872568,-0.8896936042114223,-0.5454224912216279,1.169013259967492,-1.4067608230436932
-0.6318669296186985,-0.6554359314514573,-0.5633267778203399,-0.440085998920627,-0.4855473596539525,-0.4424775067204307,-0.06773654117907849,-0.4740986111150482
-0.8369439957294367,-0.8514642354180824,-0.6117038967715797,-0.7228385485823253,-0.7774307585010137,-0.5268738453655563,0.3624373026979896,-1.077248653073844
-0.7903355716133598,-0.8213060348078324,-0.6048371811695263,-0.6585766054773938,-0.7325256202168502,-0.5148945115835097,0.31464020893387085,-0.9382467213846495
-0.9581258984312364,-0.9419388372488324,-0.626367657186287,-0.8899196006551471,-0.9121461733535037,-0.5524555194420546,0.8472363965911932,-1.6156191980988857
-0.948804213608021,-0.9419388372488324,-0.62605754744942,-0.8770672120341607,-0.9121461733535037,-0.5519145172712528,0.9360024278674135,-1.5963096313606464
-0.8089789412597905,-0.9117806366385824,-0.6175959817720512,-0.6842813827193663,-0.8672410350693401,-0.5371528866107956,1.4192841537046132,-1.2345578437880134
-0.8276223109062213,-0.9268597369437074,-0.6202097638399295,-0.709986159961339,-0.8896936042114223,-0.5417127620504135,1.635034924167649,-1.3225925786822044
-0.9674475832544518,-0.9570179375539574,-0.6278296030886595,-0.9027719892761333,-0.9345987424955852,-0.5550059582472645,1.1431231675119276,-1.717440111388209
-0.9954126377240979,-0.9570179375539574,-0.6286270281263173,-0.9413291551390922,-0.9345987424955852,-0.5563971066864699,0.8324420580451565,-1.7824313886931613
1.8943096574726666,0.8826322996712934,1.2535618690919728,2.14634291115406,1.8046146928383768,2.0370793223718304,0.06706619982753746,1.2734631934331768
1.474833840427975,0.4754965914329182,0.6538982407733083,2.464553829422274,1.1983953260021716,1.6810332997021624,0.22235869127047336,1.0695415376547002
-0.0818875250489917,-0.23322112290795707,-0.345275331411913,0.3143267775401589,0.14312457632433417,-0.06333501353346423,-0.15713480914530029,0.27260725980299977
-0.5479717662097602,-0.5498822293155822,-0.530942461013237,-0.3266901112870872,-0.32837937565938047,-0.38643299683685517,-0.2125762192521654,-0.2746162589635812
-0.5945801903258371,-0.5800404299258323,-0.5440999741345908,-0.39079180016981196,-0.37328451394354395,-0.40932970431504767,-0.22654623981469862,-0.34692565016483834
1.651945852069067,0.8072367981456684,1.038124204751424,0.9551121880464398,1.8896137045905426,1.1700788311008483,0.0014332367885079892,1.208810419883751
0.2536931285867616,1.4405590109609188,0.5128869132808209,0.5566881407958651,2.6353597510953977,1.2125769438038216,-0.9582108819724164,1.0076918992963186
-0.771692201966929,-0.6101986305360823,-0.5743578241746061,-0.6999898577005722,-0.41818965222770754,-0.4734262658247284,-0.542411127526188,-0.5635885960532954
-0.6877970385579907,-0.8363851351129573,-0.6000083295525986,-0.5971707487326818,-0.7549781893589322,-0.5132028063827477,0.9360024278674135,-0.8584615659554801
-0.920839159138375,-0.9268597369437074,-0.6237538751184086,-0.8827793847545995,-0.8896936042114223,-0.5500253033414678,0.8583321505007206,-1.4712877166858465
-0.9394825287848058,-0.9720970378590824,-0.6283169183894505,-0.9056280756363528,-0.9570513116376671,-0.5571012682421177,2.0544544219477903,-1.7562086154867096
-0.7810138867901444,-0.9570179375539574,-0.6225134361709409,-0.7114142031414488,-0.9345987424955852,-0.548101740067505,3.21433056395707,-1.414412758822009
-0.8555873653758673,-0.7006732323668323,-0.5960212043643096,-0.8028089666684625,-0.5529050670801974,-0.5070199244307245,-0.5228479991939475,-0.8005322259023756
1.978204820881605,-0.03719281894133199,0.38038145285668346,2.0617652749664486,0.43500797517139544,0.7619670377875135,1.6222830875850576,0.9422144027368623
0.9155327510350528,-0.4895658280950822,-0.2610140857660723,0.9621988188370402,-0.23856909909105414,-0.07776809261962891,2.279488306642641,0.4089467163078294
-0.6411886144419139,-0.8514642354180824,-0.5996096170337697,-0.6877251926300689,-0.7774307585010137,-0.524128905654807,1.3661762717444816,-0.8523773703590009
0.4028400857582075,-0.8213060348078324,-0.5197785104860279,0.3206583629219201,-0.7325256202168502,-0.4265671431543956,5.616931143833434,-0.2201172236570008
1.1299315019690064,-0.35385392534895715,-0.12323675981519717,1.0229254819670555,-0.036495976812319274,0.05804736080852497,1.841030007618443,0.5764253701453
2.5934360192138195,0.35486378899191817,1.0462313593009451,2.4364631446604683,1.0187747728655185,1.4872567983700467,1.176529738422333,1.2113906235229766
0.9621411751511297,2.4659378317094194,1.770337594885207,1.7576724552680283,4.162134452756949,3.6287184006140767,-0.9280842289332144,1.402567985877402
-0.5386500813865448,-0.8967015363334574,-0.6028436185753819,-0.41438122167865443,-0.8447884659272588,-0.5175995224375205,2.92436152845475,-0.903850996320123
-0.920839159138375,-0.8816224360283323,-0.6196338457571766,-0.8827793847545995,-0.8223358967851773,-0.5436363253243764,0.2016652600368632,-1.3019095914457306
0.12318954106174643,-0.2633793235182071,-0.3053154767470611,0.3967473046235909,0.09821943804017076,-0.05621913143982974,0.1592996542004852,0.34161383493680814
-0.46407660280082186,-0.6252777308412073,-0.5355055042842789,-0.32298645815164123,-0.440642221369789,-0.4131775161366737,0.22587417765765053,-0.29859956459996195
2.1180300932298355,0.7318412966200434,1.2314997763834403,2.841557228971205,1.5800890014175597,2.3269383676235873,0.33043755348302867,1.2671909562840318
2.3976806379262965,0.8675531993661685,1.5426284452429244,2.488814518055147,1.7821621236962946,2.278278855092547,0.34399590431655785,1.349483144680691
-0.10985257951863782,-0.5046449284002072,-0.44654831119445343,0.279647763854605,-0.26102166823313555,-0.23875154640124432,0.4872408253042993,0.0428496889018943
-0.24035616704365298,-0.5498822293155822,-0.4826982462349403,0.0997143231607971,-0.32837937565938047,-0.30181694231188766,0.40878599968137724,-0.07096423358317303
-0.5666151358561909,-0.5649613296207072,-0.5369231487956706,-0.35011927857372305,-0.35083194480146257,-0.3964150361778526,-0.20963416329130574,-0.3062755747127377
-0.47339828762403724,-0.5800404299258323,-0.5262465135692522,-0.22159539236386008,-0.37328451394354395,-0.37778910429738105,0.03402501328646448,-0.25101056838035624
-0.0539224705793456,-0.052271919246456994,-0.2721780362932815,0.3567620955805228,0.412555406029314,0.0654462456383293,-0.3820386425976769,0.3927626136562381
-0.7157620930276368,-0.8816224360283323,-0.6089129091397774,-0.5557574965095036,-0.8223358967851773,-0.5220048258283375,1.4443896979039486,-1.0163247686749948
0.4121617705814229,-0.4292494268745822,-0.31869449682331974,0.44135155014416205,-0.1487588225227277,-0.15328509357211473,1.0875541885829119,0.3194885916390035
2.360393898633435,1.0032651021122936,1.6728302333360505,2.4572233863814112,1.9842352459750296,2.4540814661959938,0.20041921280638153,1.380479588499454
-0.948804213608021,-0.7006732323668323,-0.606210524289937,-0.8770672120341607,-0.5529050670801974,-0.5172903783399195,-0.7930054856867921,-0.9633007000098751
0.71977736974753,-0.23322112290795707,-0.13953967169620105,1.4235103511223846,0.14312457632433417,0.2968406026928221,0.8324420580451565,0.5591391171732907
0.44944850987428436,1.1389770048584185,0.508678281137627,1.8133661392923024,2.186308368253764,2.092607141641884,-0.7866707584173047,1.0057311193605771
-0.6039018751490524,-0.5046449284002072,-0.53107536518618,-0.12306041293629898,-0.26102166823313555,-0.32593018192478074,-0.42754244145897174,-0.27529977672400224
1.1392531867922218,2.300067728353044,1.8436563969587434,0.5624003135163033,1.0075484882944776,0.4337914379301499,-0.8441163615097628,1.4185948741706402
0.1604762803546079,0.05328178288941805,-0.15934239346470305,-0.18732235604123032,-0.386381845943092,-0.37508194660936,-0.29821019878140403,0.5373598295919301
-0.06324415540256097,-0.5046449284002072,-0.4385740608178754,-0.050559759176889124,-0.26102166823313555,-0.310235173892721,0.5735411334895135,0.06499354439489276
0.2536931285867616,-0.7459105332822074,-0.49563425240138903,0.2773811137038119,-0.6202627745064424,-0.3849401640822774,3.3282469707615525,-0.11840777379021487
-0.28696459115972983,-0.6252777308412073,-0.5119371642823929,-0.2820474341515014,-0.440642221369789,-0.40628444699357863,0.6475128262196972,-0.18491457384007776
3.143415423783526,0.8373949987559184,1.9513530784335271,3.267430248792554,1.7372569854121318,2.818732299520327,0.7719628020689584,1.4412967896560815
0.6824906304546686,-0.11258832046695702,-0.07716331319496883,0.9372616482950697,0.32274512946098705,0.2435390078647491,0.48501372057693914,0.622452210043732
0.18844133482425401,0.023123582279168043,-0.16293080613416314,0.3696144842015091,0.5248182517397219,0.11885088849893513,-0.23670936561279382,0.5333163379936142
2.5934360192138195,2.5865706341504193,3.7213265522969725,2.6187824928741095,4.341755005893603,5.020716986087849,-0.49751372867636123,1.719582498456263
3.11545036931388,1.877852919809544,3.3530933904629934,3.8929655368041476,3.286484256215765,5.417435290692303,-0.06330175928343862,1.6724446886978068
1.074001393029714,2.104039424386419,1.6337121050998373,1.5620305395930145,3.62327279334699,2.9506537592060833,-0.8210553299781544,1.3713546474525242
-0.1751043732811454,-0.4895658280950822,-0.45279480732277283,0.022770221747739808,-0.23856909909105414,-0.2867855783079946,0.31464020893387085,0.02483826654825842
-0.8089789412597905,-0.7308314329770823,-0.5947364640258609,-0.74894052988764,-0.5978102053643602,-0.5054384897239371,-0.27713333290759845,-0.783130248203842
-0.8555873653758673,-0.8363851351129573,-0.6111722800798078,-0.8056839675078886,-0.7549781893589322,-0.5307569136113637,0.13710814638143018,-1.0650952616375882
-0.7810138867901444,-0.8213060348078324,-0.6041726603048115,-0.7148944673154909,-0.7325256202168502,-0.5199744042469071,0.3560643568627738,-0.9265334485134794
-0.8742307350222981,-0.9117806366385824,-0.6203869694038534,-0.828381342555988,-0.8672410350693401,-0.5449516094835595,0.9360024278674135,-1.329121264107451
0.9994279144439911,0.6564457950944184,0.5516949317801672,1.8090820097519735,1.4678261557071512,1.5027344414106747,-0.24623542231587564,1.0254407607658462
1.5400856341904825,0.4151801902124182,0.6329436828393006,0.8694295972398647,-0.16185615452227514,-0.05513211781886586,0.34026339321979004,1.0607917904227873
-0.3988248090383143,-0.23322112290795707,-0.42661268525300844,-0.6157353100741064,-0.5641313516512378,-0.4830140265183867,-0.5483628729182717,0.0965765113259943
-0.016635731286484122,-0.3086166244335821,-0.3568822958489321,0.9565402312265496,-0.33748984163055806,-0.13713978866242948,0.07370383832698685,0.2507689690138735
-0.5013633420936834,-0.12766742077208204,-0.42935937149382974,0.06544128683816679,-0.15826756023034944,-0.24928163870135467,-0.7752902406708678,0.08948766901223634
-0.06324415540256097,-0.4292494268745822,-0.41132870536456734,0.16826039580605717,-0.1487588225227277,-0.22061509267530818,0.31464020893387085,0.13438994298853066
-0.6877970385579907,-0.7609896335873323,-0.5876039400779217,-0.5971707487326818,-0.6427153436485239,-0.49396717364311865,0.28193693425315797,-0.6956542424245892
0.4214834554046383,-0.5046449284002072,-0.3556418569014644,0.7623263587316457,-0.26102166823313555,-0.1342608414120418,1.4710643386157416,0.2531459372489375
-0.6318669296186985,-0.7459105332822074,-0.5798068952652677,-0.5286246760874218,-0.6202627745064424,-0.48187620449249424,0.3767764308272252,-0.6140266735504457
-0.771692201966929,-0.6855941320617073,-0.5847686510551384,-0.6999898577005722,-0.5304524979381153,-0.4895704575883459,-0.3326121024552361,-0.6645080714183096
-0.66915366891156,-0.7308314329770823,-0.5807815258668495,-0.5743220578509283,-0.5978102053643602,-0.4833875756363217,0.16669682347350354,-0.6235730210032967
0.16979796517782328,-0.5046449284002072,-0.3987028089349855,0.4538690318279748,-0.26102166823313555,-0.2010359664938994,1.0050426744155847,0.16372506396431916
0.46809187952071507,-0.36893302565408215,-0.2758993531356846,0.8194480859360292,-0.058948545954400695,-0.010603202371564105,0.9360024278674135,0.3872569865730385
1.4282254163118981,0.8826322996712934,0.9700329668136444,1.9961556663463296,1.8046146928383768,1.9214787089475345,-0.17565341694337763,1.1866325914200733
2.9663034121424343,1.1992934060789187,2.32246583068127,2.6016459747127945,2.2761186448220903,2.8722685557920915,0.31881042516832425,1.5128647614919604
-0.7530488323204984,-0.6554359314514573,-0.578300647971914,-0.6893105782667094,-0.4855473596539525,-0.48144310406590257,-0.3784176506458498,-0.5996011094989321
-0.3242513304525913,-0.20306292229770706,-0.39905722006283345,-0.17521503342725786,0.18802971460849702,-0.2095307086540713,-0.4953498264616401,0.16292324089772875
1.34433025290296,0.5358129926534183,0.6398103984413539,1.8252871954045213,1.2882056025704982,1.3664321367259227,0.07201305677886853,1.0636748745639955
0.38419671611177675,0.023123582279168043,-0.09687743218150884,0.30265151371563453,0.5248182517397219,0.09026115031337832,-0.05292617409723894,0.6032417207770078
1.1765399260850833,0.7921576978405434,0.7488804230365483,1.293997819633984,1.6698992779858866,1.2897044327694527,-0.2456044146947331,1.1074966351738216
-0.2683212215132991,-0.7006732323668323,-0.5318284888328568,0.15512086713545115,-0.5529050670801974,-0.3745312808077142,1.1791441657109736,-0.27918966636818304
0.6638472608082379,-0.4744867277899572,-0.2963665957689014,1.5333931053109244,-0.2161165299489727,0.06597833816020496,1.7372326575448764,0.355916906671111
-0.6784753537347754,-0.9117806366385824,-0.6120140065084466,-0.4513189176617573,-0.8672410350693401,-0.5245449045766576,2.3858476053790127,-1.0844680745496624
-0.1471393188114993,-0.6252777308412073,-0.4933305800703776,0.3342962580982622,-0.440642221369789,-0.3025081653075965,0.9803854435055235,-0.10964436387429181
-0.007314046463268752,-0.7609896335873323,-0.5261579107872902,0.5410370938245833,-0.6427153436485239,-0.36392258255223103,2.6692759859451907,-0.2505750617235393
0.048616062476023465,-0.7760687338924573,-0.527088239997891,0.6237334281151118,-0.6651679127906053,-0.3656630721097711,3.1107701941348127,-0.2551657027410674
-0.16578268845793004,-0.8665433357232074,-0.5751995506032449,0.306730813334753,-0.7998833276430951,-0.4556712463711366,4.249934262179641,-0.5710752852145409
-0.035279100932914864,-0.4141703265694572,-0.4002976590103011,-0.021623799805062485,-0.12630625338064552,-0.26012250966618605,0.31464020893387085,0.16010733562942742
-0.3149296456293759,-0.7006732323668323,-0.5369231487956706,-0.3109833935233276,-0.5529050670801974,-0.4389968805859003,1.0440654224645514,-0.3062755747127377
-0.02595741610969949,-0.39909122626433213,-0.392810723934514,-0.011978480014453794,-0.1038536842385641,-0.2503203797422457,0.28573964061138046,0.17688185647233304
-0.34289470009902207,-0.4292494268745822,-0.46581941627118356,-0.33991935289515424,-0.1487588225227277,-0.34590564669285817,-0.14001507321262388,-0.014794106690516706
-0.2123911125740069,-0.44432852717970717,-0.4451306666830618,-0.2048848758266306,-0.17121139166480911,-0.3188192876722663,0.11269748778046938,0.04685412224921682
0.3003015527028384,0.23423098655091815,-0.024710466273478088,0.32560771265685606,0.8391542197288654,0.2316080080566869,-0.36520316001694647,0.6704332543372047
0.691812315277884,0.3096264880765432,0.17863291832926048,0.7307111438624279,0.9514170654392736,0.49783153676015357,-0.14102541828406046,0.8239633359362928
-0.47339828762403724,-0.6705150317565822,-0.5472453728942409,-0.4749538299636783,-0.507999928796034,-0.452511059711806,0.41405816396323775,-0.36576610994335573
-0.3335730152758067,-0.5348031290104572,-0.49315337450645363,-0.33027403310454556,-0.30592680651729903,-0.3816921210305571,0.16843733389068433,-0.10897617802386754
-0.3895031242150989,-0.7760687338924573,-0.5645672167678075,-0.3881459518481984,-0.6651679127906053,-0.4751893603050639,1.488324400252785,-0.48344467519899637
-0.24035616704365298,0.6866039957046683,-0.10489598394906781,-0.2338208351984568,1.5127312939913147,0.12662661656359878,-0.9875188759616402,0.5952257943456097
-0.10985257951863782,0.09851908380479307,-0.23744574576418628,-0.09878635812993329,0.6370810974501303,-0.04691168362829039,-0.5846998447857303,0.4415818974418565
-0.8555873653758673,-0.6252777308412073,-0.5876039400779217,-0.8704119413786409,-0.440642221369789,-0.5053497600710339,-0.7061691507426634,-0.6956542424245892
-0.5759368206794063,-0.6101986305360823,-0.5473782770671839,-0.5810523476603754,-0.41818965222770754,-0.4526850620181481,-0.0924591758846572,-0.366577019258606
-0.7250837778508522,-0.7308314329770823,-0.5863635011304541,-0.7353774643101167,-0.5978102053643602,-0.5037257385451742,-0.010835239078937142,-0.6818036277038432
0.15115459553139254,-0.14274652107720703,-0.24666043508823196,0.17128259600711446,0.2778399911768242,-0.058975843534677594,-0.03746504846180344,0.4290587755081583
-0.8742307350222981,-0.7911478341975823,-0.6076281688013286,-0.8897025809598584,-0.6876204819326873,-0.531566107559916,-0.23362057247807852,-0.9904589085352541
-0.9581258984312364,-0.8514642354180824,-0.6191908318473668,-0.9765104590753383,-0.7774307585010137,-0.5467043082116814,-0.258924916235553,-1.2865277378304463
0.3375882919956999,1.0485024030276686,0.3874696754136417,0.3641889918192914,2.0515929534012747,0.7712471607924276,-0.807387970579217,0.9459280137417426
0.3375882919956999,0.5056547920431682,0.12272456291125262,-0.05165825393081943,-0.1057247316670712,-0.26117451203604986,-0.548027726090368,0.785958210604265
-0.2683212215132991,0.5508920929585432,-0.16044992823922777,-0.5157722874664356,-0.07765902023946886,-0.37552920369500914,-0.9573937675621552,0.5361151035780601
-0.6318669296186985,-0.6252777308412073,-0.5578334053386973,-0.6902115586010912,-0.440642221369789,-0.47500869238721577,-0.17357296308534115,-0.434569829920278
-0.7903355716133598,-0.7459105332822074,-0.5948693681988039,-0.8401193504067629,-0.6202627745064424,-0.5193387894017267,-0.15138145526628613,-0.7849043663304692
-0.8369439957294367,-0.8062269345027073,-0.606387729853861,-0.884209877408431,-0.7100730510747688,-0.5331256616789669,0.003959099467099536,-0.9666208561498375
-0.8276223109062213,-0.8062269345027073,-0.6056789075981652,-0.8753917720080978,-0.7100730510747688,-0.5322772387695975,0.04279423815044595,-0.9534623868066828
-0.8369439957294367,-0.7609896335873323,-0.6010715629361424,-0.884209877408431,-0.6427153436485239,-0.5267624898587022,-0.24131546063824633,-0.8750335584466515
-0.8649090501990827,-0.7157523326719573,-0.5986792878231689,-0.910664193609432,-0.5753576362222789,-0.5238990625395828,-0.5044281705694353,-0.8384449683537032
-0.3615380697454528,-0.39909122626433213,-0.46138927717308464,-0.4344865019914156,-0.1038536842385641,-0.3595701502812471,-0.23447058919344577,-0.0009808776511755662
-0.6318669296186985,-0.4141703265694572,-0.519379797967199,-0.6902115586010912,-0.12630625338064552,-0.42898174955396823,-0.6321974580124797,-0.2182701076411151
-0.3242513304525913,-0.6101986305360823,-0.5126902879290697,-0.39921408039008066,-0.41818965222770754,-0.42097475834680176,0.4860504762258827,-0.18819659808433106
-0.6132235599722677,-0.7911478341975823,-0.586540706694378,-0.6725753478004235,-0.6876204819326873,-0.509369820216645,0.789799552824227,-0.6837604158841284
-0.8369439957294367,-0.8514642354180824,-0.6117038967715797,-0.884209877408431,-0.7774307585010137,-0.5394888334992315,0.3624373026979896,-1.077248653073844
-0.8555873653758673,-0.8062269345027073,-0.6078053743652526,-0.9018460882090986,-0.7100730510747688,-0.5348225074977037,-0.07371117789959329,-0.9939529529510249
-0.9021957894919442,-0.8062269345027073,-0.6113494856437317,-0.9459366152107669,-0.7100730510747688,-0.5390646220445464,-0.2678868713163254,-1.0691157204108654
-0.6784753537347754,-0.7609896335873323,-0.5867622136492829,-0.7343020856027593,-0.6427153436485239,-0.5096349523758226,0.31464020893387085,-0.6862165333264807
-0.6877970385579907,-0.6855941320617073,-0.5751995506032449,-0.7431201910030932,-0.5304524979381153,-0.4957950536667474,-0.09960127035515748,-0.5710752852145409
-0.9115174743151596,-0.8514642354180824,-0.6163112414336025,-0.9547547206111002,-0.7774307585010137,-0.5450035824101269,-0.01993944741495971,-1.196087312650219
-0.8928741046687289,-0.8514642354180824,-0.6151594052680968,-0.937118509810433,-0.7774307585010137,-0.5436248951824035,0.07565474011327755,-1.1638064337832166
1.1019664474993602,1.0635815033327936,0.9034036747782372,1.5900214524803071,2.074045522543356,1.812867148933741,-0.4487476600416244,1.1640005839639094
-0.38018143939188354,-0.44432852717970717,-0.4770276681893737,-0.09307150615399723,-0.17121139166480911,-0.29192433118865,-0.16691551073962463,-0.051426646747705765
-0.8928741046687289,-0.8816224360283323,-0.618171899854804,-0.7999528803082431,-0.8223358967851773,-0.5381576049280001,0.3711276833823747,-1.2527464294083244
-0.8369439957294367,-0.8514642354180824,-0.6117038967715797,-0.7228385485823253,-0.7774307585010137,-0.5268738453655563,0.3624373026979896,-1.077248653073844
0.47741356434393045,0.29454738777141815,0.0789104872310547,1.0893482469767413,0.9289644962971921,0.6779379890106918,-0.2857772161030356,0.7541596822312578
0.0020076383599466176,-0.21814202260283208,-0.31798567456762394,0.4338764273064406,0.16557714546641558,-0.014467503591579296,-0.08077211220565621,0.3206840861964038
1.2697567743172369,0.27946828746629315,0.40226634000129197,2.1818012797605757,0.90651192715511,1.2420486811084683,0.32876207754599696,0.9535978931065576
0.7757074786868223,1.1992934060789187,0.7712526254819476,1.2018710524758436,2.2761186448220903,1.6180835746342737,-0.6611903899282028,1.116057116484322
-0.22171279739722224,0.8675531993661685,-0.038355294695622634,-0.03397321587250885,1.7821621236962946,0.3516345172900535,-1.0308291627726192,0.6583607912826279
-0.6971187233812061,-0.5197240287053322,-0.5494604424432904,-0.6127562795990433,-0.28347423737521765,-0.4356933975057434,-0.5730201038283329,-0.3794448027313821
0.011329323183161986,-0.2784584238233321,-0.33876302693770766,0.249743972228734,0.07576686889808933,-0.11112621688956836,0.046601604688029055,0.2844797122268822
-0.743727147497283,-0.6554359314514573,-0.5771488118064084,-0.6694997172192919,-0.4855473596539525,-0.4783457288524862,-0.3545191037637904,-0.5888270263656237
-0.25899953669008374,-0.5046449284002072,-0.47206591239950296,-0.25311147477967477,-0.26102166823313555,-0.3540837550909388,0.21107983911161385,-0.03489895106798285
2.0714216691137586,0.17391458533041812,0.6283806395682587,2.158218472872537,0.7493439431605389,1.0866553414219369,1.1507943060172798,1.0588672849166274
1.72651933065479,0.7469203969251684,1.0258970208406712,1.8013416406200098,1.6025415705596413,1.6070962396912627,0.09533589636909105,1.2048952180711257
-0.7903355716133598,-0.8967015363334574,-0.6148049941402489,-0.4657907761625996,-0.9196303630675308,-0.536148168293592,1.246683537334185,-1.154254261524412
-0.8742307350222981,-0.9117806366385824,-0.6203869694038534,-0.6200194396144351,-0.9345987424955852,-0.5448042030264252,0.9360024278674135,-1.329121264107451
-0.7250837778508522,-0.8665433357232074,-0.6070965521095568,-0.34583514903339435,-0.8896936042114223,-0.5241945965196791,1.1431231675119276,-0.9801119600185376
-0.5945801903258371,-0.7459105332822074,-0.5762627839867887,-0.10592389477498353,-0.7699465687869866,-0.47638030942402854,0.5010488746139335,-0.5806847879269433
-0.6132235599722677,-0.6705150317565822,-0.5638583945121117,-0.14019693109761386,-0.6951046716467145,-0.4571446766843985,0.04124083260311213,-0.4780840437848854
-0.7623705171437137,-0.9419388372488324,-0.6198553527120816,-0.41438122167865443,-0.9645355013516944,-0.5439798187661561,2.711323053391821,-1.3097700189202184
-1.0886294859562515,-0.9268597369437074,-0.630133275419671,-1.0141593573246812,-0.94956712192364,-0.5599179144647063,-0.5397328420997503,-1.9321452407248914
0.5519870429296534,1.4556381112660437,0.7551712205558487,2.001867839066768,1.415436827708961,1.5882900704218046,-0.8419918732978441,1.1099176494108467
0.7477424242171762,0.8524740990610434,0.5374741852752698,0.2625112456932901,0.10944572261121166,-0.09368567860188522,-0.513842749644186,1.019005207914088
-0.2962862759829452,-0.17290472168745705,-0.3829315137457535,-0.537192935168079,-0.5267104030811021,-0.4653742070603558,-0.499558560703185,0.19823898660574293
1.3070435136100984,0.008044481974043035,0.20255566945899445,0.6909241997261663,0.8091876433838558,0.4028616325476406,0.8472363965911932,0.8394335416614903
1.046036338560068,0.3699428892970432,0.3730274219538393,1.5277575032703847,1.0412273420076001,0.9956951846644962,0.05023075406853346,0.9383340238356916
1.0180712840904218,0.11359818410991808,0.180537878141443,1.834786786993946,0.6595336665922117,0.8552321289849761,0.3791973225893039,0.8252117888524979
-0.6039018751490524,-0.7308314329770823,-0.5742692213926441,-0.4015288330576681,-0.5978102053643602,-0.46156715474730403,0.37381756311801784,-0.562806598289491
0.3003015527028384,-0.23322112290795707,-0.24719205178000384,0.32560771265685606,0.14312457632433417,-0.05967185276004617,0.31464020893387085,0.4283272436358059
-0.3895031242150989,-0.8062269345027073,-0.5723642615804616,-0.3881459518481984,-0.7100730510747688,-0.48539749561046985,1.8680457562677275,-0.5462649677665246
-0.28696459115972983,-0.6403568311463322,-0.5163230019895108,-0.2820474341515014,-0.4630947905118704,-0.41202652310286925,0.7288816882228992,-0.20431734368016818
-0.5945801903258371,-0.7006732323668323,-0.5674911085725528,-0.6003429872415932,-0.5529050670801974,-0.479017411044591,0.2335929629860174,-0.5061446706569486
0.5985954670457303,-0.38401212595920714,-0.25658394666797346,0.634257945956339,-0.08140111509648268,-0.07196801574155692,1.190196062885681,0.41523538784288033
0.440126825051069,-0.2483002232130821,-0.2191492712890379,1.037938692492796,0.12067200718225218,0.1579576168454862,0.5256688870622438,0.46560901874472166
-0.6132235599722677,-0.5197240287053322,-0.5355055042842789,-0.41438122167865443,-0.28347423737521765,-0.3939418833970437,-0.4132412475311363,-0.29859956459996195
-0.5386500813865448,-0.5649613296207072,-0.5326702152614956,-0.31156211271076417,-0.35083194480146257,-0.38899557783542404,-0.15138145526628613,-0.2835710062411015
-0.2962862759829452,-0.6855941320617073,-0.5305437484944082,0.022599991434879313,-0.5304524979381153,-0.3852858486642097,0.9877826127785418,-0.27257094225783923
0.2816581830564077,-0.2483002232130821,-0.2590648245629088,0.5909611771184949,0.12067200718225218,0.015502299203647568,0.32636402438544726,0.4117228649771427
1.577372373483344,2.7524407375067943,2.70328058755385,2.1789451934003563,4.588733266456501,4.6092461921806605,-0.8121952436559267,1.5775142174076822
-0.28696459115972983,-0.2633793235182071,-0.4066770593115635,-0.10592389477498353,0.09821943804017076,-0.21340173039794685,-0.3664683772048202,0.14538609467378547
-0.5572934510329756,-0.44432852717970717,-0.5106967253349252,-0.4372299125604081,-0.17121139166480911,-0.3747062506574137,-0.46206256473305746,-0.179552499820589
-0.6039018751490524,-0.4292494268745822,-0.5166774131173587,-0.4943516397647915,-0.1487588225227277,-0.3839805735854495,-0.5643600032160186,-0.20591648608496638
0.26301481340997696,0.6413666947892933,0.14921679471788393,0.5681124862367417,1.4453735865650696,0.6486294110908906,-0.6728818890140807,0.8043046888000902
1.074001393029714,2.209593126522294,1.7096889906322332,0.5124188022124679,0.9514170654392736,0.3796912208499415,-0.8446605976875073,1.3889370463189852
-0.37085975456866815,0.8675531993661685,-0.12837572116899187,-0.5943146623724624,0.11880095975374583,-0.3625766384945888,-1.109111017126451,0.5710366263179243
-0.8089789412597905,-0.8062269345027073,-0.6042612630867735,-0.6842813827193663,-0.7100730510747688,-0.5138897932663062,0.12046451551713878,-0.9280804448960459
-0.66915366891156,-0.7006732323668323,-0.5756425645130547,-0.4914955534045722,-0.5529050670801974,-0.4639630215037138,0.01746697379174183,-0.5750582393584608
-0.7250837778508522,-0.7308314329770823,-0.5863635011304541,-0.5686098851304898,-0.5978102053643602,-0.48266623940858544,-0.010835239078937142,-0.6818036277038432
-0.5852585055026217,-0.5498822293155822,-0.5367902446227276,-0.3758240558156955,-0.32837937565938047,-0.39618317810465176,-0.2878928518501705,-0.3055512406793952
-0.7810138867901444,-0.8514642354180824,-0.6082483882750626,-0.6457242168564075,-0.7774307585010137,-0.520845535462333,0.6492198652827015,-1.0027894690139156
-0.743727147497283,-0.9419388372488324,-0.6192351332383478,-0.5943146623724624,-0.9121461733535037,-0.5400124695136073,2.888855115944262,-1.2880461268440826
-1.069986116309821,-0.9268597369437074,-0.6294244531639752,-1.0441482641069824,-0.8896936042114223,-0.5577882551256752,-0.3843922873663646,-1.8564485679700125
-0.5945801903258371,-0.6554359314514573,-0.5587194331583171,-0.3886764444366818,-0.4855473596539525,-0.43443976018279934,0.027857646349158785,-0.44075071403516725
0.09522448659210031,-0.4895658280950822,-0.40525941480017186,0.5624003135163033,-0.23856909909105414,-0.166720971660167,0.8016538399898907,0.14869275154445302
0.048616062476023465,0.5207338923482933,-0.012749090708611112,0.10548173933114292,1.2657530334284168,0.27246994231780597,-0.7428704905972545,0.6807962012259
-0.4827199724472526,-0.6554359314514573,-0.5448973991722486,-0.46131605672008996,-0.4855473596539525,-0.4457967695556036,0.31464020893387085,-0.3516395379277941
-0.8742307350222981,-0.8967015363334574,-0.6187921193285378,-0.7742481030662705,-0.8447884659272588,-0.5392396092696037,0.6874575402939965,-1.273053192125491
-0.7250837778508522,-0.7911478341975823,-0.5955781904544998,-0.5686098851304898,-0.6876204819326873,-0.49874173248384807,0.35119092769466737,-0.7944672358827646
0.2909798678796231,-0.36893302565408215,-0.31377704242443,0.8323004745570155,-0.058948545954400695,-0.007125331273550683,0.6736494909843622,0.3277277073466932
0.1604762803546079,-0.8363851351129573,-0.5435683574428188,0.6523670338632074,-0.7549781893589322,-0.40800793983789735,4.974856850935441,-0.3438060306936651
-0.3242513304525913,-0.8213060348078324,-0.5716111379337848,-0.015957174428079583,-0.7325256202168502,-0.45692999328328615,2.3858476053790127,-0.5398640956795793
0.39351840093499213,-0.03719281894133199,-0.12421139041677892,0.7324296863640953,0.43500797517139544,0.22638432189197816,0.04569238282830754,0.575407539191627
-0.007314046463268752,-0.4292494268745822,-0.4004305631832441,0.24008874141762726,-0.1487588225227277,-0.20290597845177227,0.40557126536316984,0.15980474842772044
-0.7250837778508522,-0.6705150317565822,-0.5771488118064084,-0.6415450437190717,-0.507999928796034,-0.47755537830280914,-0.2570130324849883,-0.5888270263656237
-0.8183006260830059,-0.8816224360283323,-0.614273377448477,-0.7560429378926685,-0.8223358967851773,-0.5352530962960831,0.8230274789704058,-1.1402391005404466
-0.8928741046687289,-0.9117806366385824,-0.6211843944415113,-0.8476412532315462,-0.8672410350693401,-0.5459939602661918,0.7979219347710707,-1.3595308832915893
3.7306815676460943,2.7222825368965444,5.235193684899322,3.8750853956009115,4.543828128172338,7.118039285390575,-0.2321585437276466,1.8787738248803365
1.0180712840904218,3.2349719472707945,2.3722605941439014,1.834786786993946,5.307215479003115,4.678803614140929,-1.0265395101022616,1.5217767094361094
1.521442264544052,1.6667455155377937,1.7017147402556552,2.1103991207550963,2.972148288226622,3.056106245832267,-0.538006835936046,1.3871186347608269
-0.2030694277507915,0.11359818410991808,-0.266330252683791,-0.003104785807093285,0.6595336665922117,0.0042357143132931855,-0.6779254135184115,0.4013011748691579
-0.846265680552652,-0.45940762748483216,-0.5673582043996098,-0.7913846212275859,-0.19366396080689055,-0.4625718730645085,-0.9280842289332144,-0.5050916350407941
-0.12849594916506857,-0.7308314329770823,-0.5268224316520052,0.08828997771992032,-0.5978102053643602,-0.3997125732189324,1.8828400948137642,-0.25385005693520357
0.4028400857582075,-0.35385392534895715,-0.282190150654985,0.7394776678498921,-0.036495976812319274,-0.020358416118091086,0.7874158102963489,0.37781872072190537
1.1485748716154371,2.119118524691544,1.718992282738241,0.569540529416851,0.8952856425840696,0.3834481803694004,-0.8008529174372986,1.3910507255694673
-0.7810138867901444,-0.7308314329770823,-0.5919454763940587,-0.7114142031414488,-0.5978102053643602,-0.5006996451019888,-0.18836730163137783,-0.7471744395362431
0.440126825051069,1.2445307069942937,0.5571440028708288,0.7851750496133989,2.343476352248336,1.2812069334712857,-0.825886495555987,1.0278863010415844
0.08590280176888494,-0.3236957247387071,-0.33916173945653655,0.7480459269305498,0.008409161471844317,0.005884482833832162,0.24991497779496025,0.2837603679914667
-0.5293283965633294,1.5159545124865437,-0.08496035800762285,-0.19446257194177838,2.7476225968058055,0.49862582506595615,-1.2826262009129419,0.6149368002741284
0.9994279144439911,0.35486378899191817,0.34170633853028026,1.8090820097519735,1.0187747728655185,1.1363986857532613,0.03402501328646448,0.921483911063173
-0.49204165727046795,-0.6855941320617073,-0.5528716495488265,-0.24730016960583268,-0.5304524979381153,-0.42423800496196,0.4440906712116923,-0.4012205012216392
1.5027988948976212,0.3699428892970432,0.5770796288122737,0.9728414390491298,1.0412273420076001,0.6820257004962191,0.37413233627857173,1.036739103357517
0.029972692829592727,-0.12766742077208204,-0.2753234350529317,-0.2269679565879947,0.3002925603189056,-0.19659196301110066,-0.194673085273951,0.3881127713901393
0.2536931285867616,-0.18798382199258207,-0.2382874721928251,0.5025702285565393,0.21048228375057917,0.029172449841347342,0.16202492709054467,0.4404500755781028
-0.5572934510329756,-0.4744867277899572,-0.5168989200722637,-0.03737782212972346,-0.4294159367987479,-0.36148175314891845,-0.4048318340418101,-0.20691838872256332
-0.15646100363471466,-0.5498822293155822,-0.46954073311358663,0.6994924588068234,-0.5136130710815541,-0.2788629930649991,0.578248423026889,-0.026680049608201025
0.36555334646534604,0.9429487008917935,0.35353480992220426,1.659137475840467,1.1534901877180086,1.157034054268141,-0.7539145160503274,0.927910065764271
0.3096232375260538,-0.052271919246456994,-0.15814625590821635,0.8580052517989879,0.412555406029314,0.2643804724446968,-0.01487005868240174,0.5387008810828954
-0.5852585055026217,-0.5498822293155822,-0.5367902446227276,-0.3758240558156955,-0.32837937565938047,-0.39618317810465176,-0.2878928518501705,-0.3055512406793952
-0.5013633420936834,-0.2784584238233321,-0.46302842863938126,-0.694277684980134,-0.5921970630788401,-0.4977198394945551,-0.6234949059265759,-0.00605019955037467
-0.3056079608061606,-0.2483002232130821,-0.4069871690484304,-0.544333151068627,-0.5734865887937719,-0.475088630960671,-0.41223634906385825,0.14466002447178558
0.4960569339903612,0.6564457950944184,0.28136784401417353,0.06972541637849536,-0.012172360241730943,-0.19710940708756142,-0.5431695800363295,0.8874422443089262
-0.5293283965633294,-0.2483002232130821,-0.46333853837624817,-0.7156983326817778,-0.5734865887937719,-0.4978450714785375,-0.6936079199016889,-0.00701470056107589
0.6638472608082379,0.6715248953995433,0.38038145285668346,0.19824930258835863,-0.0028171230991967675,-0.1571246236304636,-0.4538867460628793,0.9422144027368623
-0.16578268845793004,-0.23322112290795707,-0.3668058074286736,0.2025334321286875,0.14312457632433417,-0.09963670248070759,-0.26069517896755756,0.23136222192250558
-0.5666151358561909,-0.21814202260283208,-0.46661684130884135,-0.35011927857372305,0.16557714546641558,-0.2737621154545794,-0.7699193004774035,-0.017318905304308012
-0.7157620930276368,-0.5046449284002072,-0.5502135660899672,-0.5557574965095036,-0.26102166823313555,-0.4196008434979421,-0.6346631811034859,-0.38417658205949456
-0.47339828762403724,-0.5197240287053322,-0.5122472740192598,-0.22159539236386008,-0.28347423737521765,-0.3533667205868872,-0.14694315370247513,-0.18626355222503124
-0.4081464938615296,-0.36893302565408215,-0.46329423698526717,-0.13162867201695613,-0.058948545954400695,-0.26796566362455704,-0.36195420723820887,-0.006876807942219588
-0.34289470009902207,-0.2633793235182071,-0.420499093297632,-0.04166195167005204,0.09821943804017076,-0.19330736405386897,-0.43816401785099807,0.11202483103541148
-0.7250837778508522,-0.8363851351129573,-0.602489207447534,-0.5686098851304898,-0.7549781893589322,-0.5107983522902946,0.7584703653149728,-0.8979616854918003
-0.771692201966929,-0.7609896335873323,-0.5951794779356708,-0.7784428105478829,-0.6427153436485239,-0.5146781987068685,-0.012392537873256762,-0.7890670544498641
-0.37085975456866815,-0.6554359314514573,-0.53107536518618,-0.3589720623866607,-0.4855473596539525,-0.42979555938449104,0.6014227715185829,-0.27529977672400224
-0.8742307350222981,-0.7157523326719573,-0.5996539184247507,-0.8857492810077302,-0.5753576362222789,-0.5206029717348984,-0.5326719077936872,-0.8530499770999611
-1.0047343225473133,-0.8514642354180824,-0.6220704222611311,-1.0223211525020819,-0.7774307585010137,-0.5502854979941396,-0.49791038505614643,-1.3954847688652414
-0.8649090501990827,-0.8514642354180824,-0.6134316510198382,-0.8759941473295624,-0.7774307585010137,-0.5388465797717049,0.2190460214056336,-1.1187747176009857
-0.7996572564365751,-0.7308314329770823,-0.5938061348152601,-0.8077082115823869,-0.5978102053643602,-0.5128597040150963,-0.2475446558155248,-0.7708738529101046
-0.9581258984312364,-0.9419388372488324,-0.626367657186287,-0.973545484111242,-0.9121461733535037,-0.5559756265458125,0.8472363965911932,-1.6156191980988857
-0.3988248090383143,-0.6252777308412073,-0.5268224316520052,-0.3962139355076366,-0.440642221369789,-0.4255071228363232,0.3812147323910362,-0.25385005693520357
-0.5106850269168987,-0.7459105332822074,-0.5682885336102106,-0.5121753365992421,-0.6202627745064424,-0.4798978888804424,0.7806618731340278,-0.51250689222802
-0.3895031242150989,-0.7308314329770823,-0.5528716495488265,-0.3865504854166694,-0.5978102053643602,-0.45967568099224454,1.0543571362357074,-0.4012205012216392
0.5519870429296534,-0.4292494268745822,-0.29144914137001166,0.5894579737710111,-0.1487588225227277,-0.11676979378460592,1.3148818296561589,0.3636163299493139
-0.2123911125740069,-0.39909122626433213,-0.4309099201781644,-0.20294493368829397,-0.1038536842385641,-0.2996994214629051,-0.0032660426135230655,0.08544392886690838
-0.417468178684745,-0.7459105332822074,-0.5594282554140129,-0.41554083568957073,-0.6202627745064424,-0.46827593032400655,1.0913429826007992,-0.4457474819858517
-0.28696459115972983,-0.8062269345027073,-0.5645672167678075,-0.28025253441603104,-0.7100730510747688,-0.47501666628674016,2.295232281784538,-0.48344467519899637
0.10454617141531568,-0.3236957247387071,-0.33490880592236166,0.5752527021372896,0.008409161471844317,-0.04399076491249291,0.2758050702505244,0.29138384001264783
-0.9021957894919442,-0.7609896335873323,-0.6069636479366138,-0.8128052689292293,-0.6427153436485239,-0.518604240754724,-0.4702383834032356,-0.9775562645764942
-0.9581258984312364,-0.9720970378590824,-0.6287599322992603,-0.8899196006551471,-0.9570513116376671,-0.5566289647596707,1.8059095343743734,-1.7940765061897597
-0.948804213608021,-0.8363851351129573,-0.6173744748171462,-0.8770672120341607,-0.7549781893589322,-0.5367664564887947,-0.3067220099996718,-1.2277240323907481
-1.125916225249113,-0.9720970378590824,-0.6327470574875493,-1.1212625958329003,-0.9570513116376671,-0.5635847069556976,-0.4309944537863803,-2.372629007674302
-0.47339828762403724,-0.45940762748483216,-0.49824803446926735,-0.22159539236386008,-0.19366396080689055,-0.3289443368763923,-0.29078964541163227,-0.128528305004873
-0.948804213608021,-0.7609896335873323,-0.6111722800798078,-0.8770672120341607,-0.6427153436485239,-0.5259464130727527,-0.6337547568067995,-1.0650952616375882
-0.9115174743151596,-0.7308314329770823,-0.6049700853424693,-0.8256576575502157,-0.5978102053643602,-0.5151263696567107,-0.6026087809204065,-0.9406205431407387
-0.6225452447954831,-0.8213060348078324,-0.5928758056046595,-0.4272336102996407,-0.7325256202168502,-0.49402728499542925,1.0602748716541222,-0.7588926111899686
-1.1445595948955438,-1.0324134390795825,-0.6344305103448269,-1.1469673730748728,-1.0468615882059935,-0.566521575882909,2.8000890846680413,-3.306200371531881
-1.0793078011330361,-1.0022552384693324,-0.6328799616604923,-1.0570006527279687,-1.00195644992183,-0.5638165650288984,1.350243907156442,-2.408623321485546
-1.023377692193744,-1.0022552384693324,-0.6320825366228345,-0.979886321002051,-1.00195644992183,-0.5624254165896931,2.5929683450235275,-2.221997763876505
-0.28696459115972983,-0.38401212595920714,-0.4417637609685066,0.03545238005586561,-0.08140111509648268,-0.23040465576601213,-0.15138145526628613,0.05624594059834433
0.6638472608082379,1.2897680079096687,0.7454692159310121,0.7017751844906011,2.410834059674581,1.2399513733093586,-0.7436799575077759,1.1061792250215055
-0.7810138867901444,-0.4141703265694572,-0.5491503327064234,-0.7932493830537701,-0.12630625338064552,-0.4550050927693764,-0.8689068747490675,-0.377508550984387
0.5519870429296534,0.4754965914329182,0.21092863235440132,0.1125667117817834,-0.12443520595213936,-0.225554957734894,-0.3866993253079495,0.8447438867790914
-0.8369439957294367,-0.7911478341975823,-0.6046156742146215,-0.9513254573998596,-0.9102751259249966,-0.5548971853240348,-0.08741769743489199,-0.9343136646889066
-1.0047343225473133,-0.8816224360283323,-0.6240196834642945,-0.98559849372249,-0.8223358967851773,-0.5504374954716033,-0.3067220099996718,-1.4843057615347426
-0.9301608439615904,-0.8816224360283323,-0.6201211610579676,-0.8942037301954762,-0.8223358967851773,-0.5443920108962906,0.14517778558835912,-1.3193579422460024
-1.0886294859562515,-0.9570179375539574,-0.6312851115851768,-1.0884176026903802,-0.9345987424955852,-0.5617040803619577,-0.20316164017741478,-2.083993367040001
-0.948804213608021,-0.9268597369437074,-0.6248171085019524,-0.9170524210772293,-0.8896936042114223,-0.5516740718620078,0.6253213184006422,-1.525380898798111
-0.8742307350222981,-0.8363851351129573,-0.6124127190272755,-0.7742481030662705,-0.7549781893589322,-0.5281104217559607,0.048342115105209846,-1.0938960339445594
-0.6784753537347754,-0.7459105332822074,-0.5842370343633666,-0.5043479420255585,-0.6202627745064424,-0.47895651023737107,0.22143587609383952,-0.6588652342375413
-0.0818875250489917,1.3651635094352936,0.2229343093102493,0.31820492971756387,2.523096905384989,0.9291948543360615,-1.0795412697982654,0.8522671616198377
1.3816169921958212,0.5207338923482933,0.6461011959606543,2.3360299432124108,1.2657530334284168,1.66743095940771,0.11150256043636643,1.066302551313501
-0.10985257951863782,0.44533839082266824,-0.1172117706417827,0.279647763854605,1.1534901877180086,0.3357927589905724,-0.8088328939863729,0.5826746898831708
-0.8183006260830059,-0.6855941320617073,-0.5900848179728572,-0.6971337713403527,-0.5304524979381153,-0.48915826545821045,-0.46206256473305746,-0.7244828013975014
-0.948804213608021,-0.7609896335873323,-0.6111722800798078,-0.8770672120341607,-0.6427153436485239,-0.5259464130727527,-0.6337547568067995,-1.0650952616375882
-0.8742307350222981,-0.7911478341975823,-0.6076281688013286,-0.7742481030662705,-0.6876204819326873,-0.5197635311207285,-0.23362057247807852,-0.9904589085352541
-0.6411886144419139,-0.5951195302309572,-0.5536690745864843,-0.4529383875416133,-0.3957370830856254,-0.42562915340116536,-0.28600993603522046,-0.4064416519960215
-0.9021957894919442,-0.7760687338924573,-0.6084255938389865,-0.8128052689292293,-0.6651679127906053,-0.5211546795599339,-0.41028237982192894,-1.0063654514257119
-0.8089789412597905,-0.4292494268745822,-0.5566372677822106,-0.6842813827193663,-0.1487588225227277,-0.4308073170359859,-0.8977738767901148,-0.42633758375407227
-0.4454332331543911,-0.4744867277899572,-0.4966974857849327,-0.18303822650090132,-0.2161165299489727,-0.32623932602238254,-0.20861218595753345,-0.12250147269677564
-0.23103448222043763,-0.4744867277899572,-0.45797807006754854,0.1125667117817834,-0.2161165299489727,-0.2586913406965212,0.16747547287066333,0.009416903484954756
-0.25899953669008374,-0.7157523326719573,-0.5353282987203549,0.07400954591882451,-0.5753576362222789,-0.39363273929944187,1.3314147490069408,-0.29764777945549503
-0.7810138867901444,-0.7911478341975823,-0.6000969323345606,-0.6457242168564075,-0.6876204819326873,-0.5066249069726785,0.13188661512988784,-0.8598230804140318
-0.7157620930276368,-0.8665433357232074,-0.606564935417785,-0.5557574965095036,-0.7998833276430951,-0.5179086665351214,1.1949033524230563,-0.9699617958751271
2.3976806379262965,1.5461127130967938,2.314137169176844,3.6634347699493497,2.792527735089969,4.501377745277765,-0.15138145526628613,1.5113595156642017
1.8756662878262358,2.300067728353044,2.620614191983325,2.5445242475084107,3.9151561921940514,4.481054439708698,-0.6230009772946732,1.5641305183125138
-0.4267898635079604,-0.7157523326719573,-0.5528716495488265,-0.15733344925892873,-0.5753576362222789,-0.42423800496196,0.8230274789704058,-0.4012205012216392
-0.02595741610969949,-0.5348031290104572,-0.4434472138257842,0.3953192614434817,-0.30592680651729903,-0.23334152469322378,0.7715241934438287,0.05157068977652055
2.304463789694143,0.1889936856355431,0.7347925807045939,2.325823634601628,0.7717965123026204,1.1897169501160079,1.3073042416203842,1.102034759151169
0.7290990545707454,-0.5046449284002072,-0.3030118044160497,0.9102922785984218,-0.26102166823313555,-0.1022290433473397,2.040646372638156,0.3453326086143025
0.18844133482425401,-0.6403568311463322,-0.4553199866086892,0.31154646332355884,-0.4630947905118704,-0.3156502095226211,1.902565879541813,0.0173809415081042
-0.3056079608061606,-0.7459105332822074,-0.5487959215785756,-0.23558333339312656,-0.6202627745064424,-0.44663294967091766,1.4641603139609245,-0.37530425924674266
-0.3895031242150989,-0.8363851351129573,-0.5801613063931156,-0.3284921667978467,-0.7549781893589322,-0.49058355631783446,2.3562589282869393,-0.6174783484966675
-0.743727147497283,-0.8967015363334574,-0.6125899245911994,-0.7207739078399982,-0.8447884659272588,-0.5360240140375279,1.557364646800956,-1.098140297888575
-1.0047343225473133,-0.9117806366385824,-0.625968944667458,-1.0098236117657944,-0.8672410350693401,-0.5547713067033029,-0.030561023806986044,-1.59091854129701
-0.743727147497283,-0.9268597369437074,-0.6170200636892983,-0.7207739078399982,-0.8896936042114223,-0.5422317268407645,2.3340674204678846,-1.216968738894531
-0.5759368206794063,-0.9570179375539574,-0.6166656525614505,-0.534956241030558,-0.9345987424955852,-0.5417351098165051,5.492658700046726,-1.206425909596407
-0.7623705171437137,-0.7911478341975823,-0.5985906850412069,-0.7414203152632693,-0.6876204819326873,-0.5164076415792991,0.2049880526514811,-0.8371368466735649
-0.0539224705793456,-0.17290472168745705,-0.3161250161464224,0.32169298628707343,0.2329348528926606,-0.02345271254080737,-0.22101687635366601,0.32380957782364933
0.15115459553139254,-0.7760687338924573,-0.5183165645836553,0.59822359720316,-0.6651679127906053,-0.3684242679080062,3.490491550149755,-0.2133754913418382
-0.25899953669008374,-0.9117806366385824,-0.5940719431611461,0.045162375370987204,-0.8672410350693401,-0.49767522313980067,5.492658700046726,-0.7743470541801782
-0.0539224705793456,-0.6252777308412073,-0.48092619059570074,0.32169298628707343,-0.440642221369789,-0.30463022918541255,1.2023005216960747,-0.06478155942416551
1.3163651984333138,0.5207338923482933,0.6138497833264944,2.169420250135469,1.2657530334284168,1.5632350372988597,0.06968010339276275,1.0526921132705587
0.6358822063385917,0.1588354850252931,0.06699341305716872,0.8837100290409604,0.7268913740184567,0.453112944030225,-0.011574956006238975,0.745172652651047
-0.8649090501990827,-0.8665433357232074,-0.6150708024861348,-0.8406521109413664,-0.7998833276430951,-0.538466749025601,0.3664203938449995,-1.161402315401403
-0.6411886144419139,-0.15782562138233205,-0.47529991394111515,-0.5836043385216407,0.255387422034742,-0.3352689098731505,-0.9070211028676707,-0.04561320517468181
-0.5759368206794063,-0.39909122626433213,-0.5052033528532826,-0.5086320715658875,-0.1038536842385641,-0.37874229859831826,-0.566827124902085,-0.1564331120215664
-0.8276223109062213,-0.4292494268745822,-0.5602699818426516,-0.797810815538079,-0.1487588225227277,-0.4587977388729601,-0.9280842289332144,-0.4517425519304054
-0.66915366891156,-0.39909122626433213,-0.5242529509751077,-0.6157353100741064,-0.1038536842385641,-0.4064364573417584,-0.7113299665145368,-0.2412966088155822
-0.4827199724472526,-0.5046449284002072,-0.5103423142070773,-0.4015288330576681,-0.26102166823313555,-0.38621328095701324,-0.20316164017741478,-0.17803032159572743
-0.15646100363471466,-0.39909122626433213,-0.41948016130506927,-0.026667498278901736,-0.1038536842385641,-0.25411858425283745,0.08343566235394788,0.11455663070970121
-0.8276223109062213,-0.6855941320617073,-0.5911480513564008,-0.797810815538079,-0.5304524979381153,-0.5036880380454668,-0.48795265718862174,-0.7373310859279175
-0.6225452447954831,-0.7308314329770823,-0.5761298798138457,-0.5621836908199968,-0.5978102053643602,-0.4818547361523823,0.31464020893387085,-0.5794740954342876
-0.5572934510329756,-0.38401212595920714,-0.49829233586024835,-0.4872114238642436,-0.08140111509648268,-0.3686951154262798,-0.5609156450179393,-0.1287015042205146
-0.8928741046687289,-0.7308314329770823,-0.6031094269212678,-0.8727830824938322,-0.5978102053643602,-0.521077393535534,-0.5434314267362594,-0.9083110226504597
-0.7623705171437137,-0.44432852717970717,-0.5496819493981954,-0.7228385485823253,-0.17121139166480911,-0.44340493901323424,-0.803811785146506,-0.3808321530792925
-0.920839159138375,-0.5498822293155822,-0.5894202971081423,-0.9049140540462979,-0.32837937565938047,-0.5011762422524575,-0.965742545232217,-0.7166069076908794
1.3629736225493905,1.9532484213351688,1.7984689781581347,1.9232077857695062,3.3987471019261735,3.214547759729787,-0.6876576417076729,1.4087743094456382
0.2164063892939001,0.7469203969251684,0.1718548055091692,-0.14448106063794242,0.04395906261347299,-0.24133418771662166,-0.7505521663807736,0.8194973334010044
-0.0539224705793456,-0.15782562138233205,-0.3106316436647798,-0.35154732175383274,-0.517355165938568,-0.43617726450913247,-0.24353263180304022,0.33293184799063086
-0.7064404082044214,-0.45940762748483216,-0.5414418906757315,-0.8513624347921883,-0.7044599087892486,-0.5293856411585657,-0.6890987601126212,-0.3315067623877645
-0.6877970385579907,-0.6554359314514573,-0.5702377948133741,-0.6988153922814168,-0.4855473596539525,-0.4829291563514058,-0.21112782247143452,-0.5283859462363728
-0.948804213608021,-0.8514642354180824,-0.6186149137646139,-0.9678747428515968,-0.7774307585010137,-0.5460292226281351,-0.21112782247143452,-1.267171993459838
-0.66915366891156,-0.6554359314514573,-0.5679341224823627,-0.6795968672406894,-0.4855473596539525,-0.47992439129060926,-0.16333072870731574,-0.5096698709122656
-0.7903355716133598,-0.7911478341975823,-0.6008500559812374,-0.7193882429122619,-0.6876204819326873,-0.5141553667192794,0.09533589636909105,-0.8715383699348147
-0.6132235599722677,-0.4895658280950822,-0.5298349262387123,-0.5008688838082447,-0.23856909909105414,-0.40329228205379575,-0.47465774484657514,-0.26895406519972015
-0.28696459115972983,-0.5348031290104572,-0.4856221380396855,-0.09833322230084392,-0.30592680651729903,-0.3342708481822088,0.25981413079267585,-0.08132487745012748
-0.9674475832544518,-0.8967015363334574,-0.6232222584266367,-0.9379076020162793,-0.8447884659272588,-0.5490810421753421,0.06609532136045386,-1.4461671564569736
-0.7810138867901444,-0.5348031290104572,-0.5654532445874273,-0.7078872240120504,-0.30592680651729903,-0.458896723769983,-0.7087799163684346,-0.4902220790116635
-0.6784753537347754,-0.6101986305360823,-0.5615104207901194,-0.5813760161097248,-0.41818965222770754,-0.45274150571931077,-0.3281482934111733,-0.4607019797051215
0.26301481340997696,-0.14274652107720703,-0.21476343358192002,0.28702643349442075,0.2778399911768242,-0.017215290012565478,0.08680739532490521,0.4712113205636702
0.4121617705814229,-0.36893302565408215,-0.2878607287005515,0.7509020132907686,-0.058948545954400695,-0.02915184822763562,0.8531541320096079,0.36916554670040375
-0.6598319840883446,-0.7911478341975823,-0.590306324927762,-0.5628977124100516,-0.6876204819326873,-0.49815779363282325,0.6070459590202439,-0.7271341400756259
0.07658111694566958,-0.2633793235182071,-0.3168338384021182,0.33962557741920735,0.09821943804017076,-0.07408079041234286,0.0995532869953368,0.32262107154920444
-0.5106850269168987,-0.8514642354180824,-0.5915467638752298,-0.38010818535602464,-0.7774307585010137,-0.5000813569067861,2.0353355844421426,-0.7422300702530761
2.3510722138102196,0.4905756917380433,1.0914187781015536,3.1271658649931227,1.2208478951442536,2.1097131150424833,0.7776159799039615,1.2255479389884512
2.4722541165120195,2.3302259289632943,3.2850464539161948,3.839759411867807,3.960061330478215,6.271204860884672,-0.45374074930091174,1.6632591069596296
-0.6318669296186985,-0.6101986305360823,-0.555086719097876,-0.5286246760874218,-0.41818965222770754,-0.4435423363899457,-0.22101687635366601,-0.4158517184066289
-0.8649090501990827,-0.7911478341975823,-0.6068750451546518,-0.814233312109339,-0.6876204819326873,-0.5238511030779004,-0.19706985371728203,-0.9758592412760916
-0.6505102992651293,-0.6855941320617073,-0.5709466170690699,-0.5514733669691749,-0.5304524979381153,-0.4681364668213299,0.003959099467099536,-0.5342793215439702
-0.920839159138375,-0.8363851351129573,-0.6155138163959447,-0.8827793847545995,-0.7549781893589322,-0.537247347307285,-0.17357296308534115,-1.173532687067187
-0.8742307350222981,-0.8967015363334574,-0.6187921193285378,-0.8256576575502157,-0.8447884659272588,-0.5423310502456162,0.6874575402939965,-1.273053192125491
-1.0047343225473133,-0.8967015363334574,-0.6249943140658762,-0.98559849372249,-0.8447884659272588,-0.5519488666154307,-0.18244956621296315,-1.5349544896307876
-0.7157620930276368,-0.9268597369437074,-0.6159568303057545,-0.6314437850553121,-0.8896936042114223,-0.5379343341908435,2.567078252567963,-1.185945185541874
-0.8555873653758673,-0.8363851351129573,-0.6111722800798078,-0.8028089666684625,-0.7549781893589322,-0.5305148758484148,0.13710814638143018,-1.0650952616375882
-1.0606644314866056,-0.9419388372488324,-0.6297788642918231,-1.0541445663677498,-0.9121461733535037,-0.5593683249578594,-0.1291899474472311,-1.8929560184214138
-0.9394825287848058,-0.8665433357232074,-0.6193237360203098,-0.9056280756363528,-0.7998833276430951,-0.5431554345058862,-0.04782108544402911,-1.2910959258760994
-1.0793078011330361,-0.9419388372488324,-0.630399083765557,-1.0769932572495031,-0.9121461733535037,-0.5603301065948408,-0.3067220099996718,-1.9635492027738486
-0.3895031242150989,-0.5951195302309572,-0.5177849478918835,-0.23159169462462748,-0.3957370830856254,-0.3856980407943451,0.27321606100496787,-0.21094491388117992
1.623980797599421,1.5762709137070439,1.7086257572486894,0.9336915403447962,0.5584971054528444,0.3792618540477175,-0.46384808835068253,1.3886949491086962
0.440126825051069,0.6262875944841683,0.23564880852179307,0.026884120975207888,-0.030882834526799106,-0.21557217958318875,-0.5586256122700269,0.8601206571435551
2.360393898633435,1.5008754121814187,2.2327555139447677,2.450305488479158,2.725170027663724,3.1801228162220196,-0.141270531585415,1.4964235257553211
1.0180712840904218,-0.052271919246456994,0.06406952125242346,1.0384147068861658,0.412555406029314,0.33598168038355025,0.7006379509986472,0.7429443420401131
2.1739602021691278,0.6564457950944184,1.1824581365674856,2.218930402443425,1.4678261557071512,1.781230336669127,0.446610945698517,1.2529786426121818
0.5053786188135766,0.023123582279168043,-0.05598724830605618,0.5786816503490306,0.5248182517397219,0.20811179643035463,0.06084437303143801,0.6423449691721912
0.5892737822225149,-0.5046449284002072,-0.32693455554578366,0.6674889421639073,-0.26102166823313555,-0.1547913323467849,1.781745448082513,0.3053908267610827
0.20708470447068475,-0.4895658280950822,-0.38558959720461283,0.26292239056280303,-0.23856909909105414,-0.23335309534562962,1.0031767218061747,0.19257619206734652
-0.6039018751490524,-0.6855941320617073,-0.5656304501513513,-0.5057259880702595,-0.5304524979381153,-0.4615341771220136,0.13340956174492102,-0.4915879489274843
-0.6598319840883446,-0.6554359314514573,-0.566782286316857,-0.5732221208719382,-0.4855473596539525,-0.46329298380420786,-0.1394321818252565,-0.5005523378588603
-0.771692201966929,-0.7609896335873323,-0.5951794779356708,-0.7082143864752954,-0.6427153436485239,-0.5066543331614,-0.012392537873256762,-0.7890670544498641
-0.3895031242150989,-0.39909122626433213,-0.4671041566096322,-0.24699081233049164,-0.1038536842385641,-0.3110885593834901,-0.27782144167718137,-0.018867738250252408
-0.8183006260830059,-0.7459105332822074,-0.5975274516576632,-0.7644611638100273,-0.6202627745064424,-0.5102395929366429,-0.24458578810631745,-0.8216844753362629
0.5985954670457303,-0.2633793235182071,-0.18782818786547884,0.945440867165829,0.09821943804017076,0.1153544146379371,0.7687125996929982,0.5043847695394296
-0.11917426434185319,-0.2633793235182071,-0.36521095735335796,0.0997143231607971,0.09821943804017076,-0.14909975809689904,-0.15138145526628613,0.23452914758504065
-0.7996572564365751,-0.7911478341975823,-0.6016031796279142,-0.7342628940232023,-0.6876204819326873,-0.5156759591635576,0.058785177608294555,-0.8835165986742332
-0.7344054626740676,-0.7308314329770823,-0.5872938303410549,-0.7450227841007261,-0.5978102053643602,-0.5049437546895692,-0.04042391617101077,-0.692157745456595
-0.46407660280082186,-0.5498822293155822,-0.5177849478918835,-0.46530851017306907,-0.32837937565938047,-0.4139405484726328,-0.04311379590665365,-0.21094491388117992
-0.8555873653758673,-0.8514642354180824,-0.6128557329370854,-0.8704119413786409,-0.7774307585010137,-0.5384101982760399,0.26684311516975207,-1.1045706573411198
-0.5386500813865448,-0.7911478341975823,-0.5805157175209635,-0.5424710684979399,-0.6876204819326873,-0.4960696370661209,1.0822053029106,-0.6209524917862137
-0.66915366891156,0.5961293938739183,-0.3546672262998827,-0.6775055455664641,1.3780158791388248,-0.20038171782205283,-1.2188133405443216,0.25500615686389855
-0.3988248090383143,-0.4744867277899572,-0.4882802214985449,-0.3977912716388075,-0.2161165299489727,-0.37531203646467914,-0.12685399925575166,-0.09092142088955243
-0.6598319840883446,-0.7157523326719573,-0.5772374145883704,-0.6678602257758552,-0.5753576362222789,-0.49177758017634776,0.11693404836410719,-0.5896481240326749
-0.9581258984312364,-0.8816224360283323,-0.6215831069603401,-0.9765104590753383,-0.8223358967851773,-0.54983634972584,-0.024284637757152377,-1.375411130492806
-0.3988248090383143,-0.14274652107720703,-0.4034873591609323,-0.3977912716388075,0.2778399911768242,-0.2642985650183974,-0.6484712304131203,0.1527974699374449
-0.8089789412597905,-0.7459105332822074,-0.5966414238380434,-0.8221853424255968,-0.6202627745064424,-0.5171819169022995,-0.21351767715964046,-0.8091406928222995
-0.22171279739722224,-0.6101986305360823,-0.49855814420613426,-0.2145301956172394,-0.41818965222770754,-0.38876821482180457,0.7217395937523989,-0.12974188150573202
-1.1818463341884053,-1.0173343387744573,-0.6344748117358079,-1.2079981340499506,-1.0244090190639121,-0.5667145734410267,-0.6174031194664431,-3.3774678622005623
-0.743727147497283,-0.8967015363334574,-0.6125899245911994,-0.7546681038913348,-0.8447884659272588,-0.5380621936633556,1.557364646800956,-1.098140297888575
-0.9394825287848058,-0.8665433357232074,-0.6193237360203098,-0.9572198194941204,-0.7998833276430951,-0.5468783105180235,-0.04782108544402911,-1.2910959258760994
-1.0886294859562515,-0.9570179375539574,-0.6312851115851768,-1.111544936143862,-0.9345987424955852,-0.5625385180888163,-0.20316164017741478,-2.083993367040001
-1.0140560073705287,-0.8665433357232074,-0.6235766695544847,-1.0343823778189911,-0.7998833276430951,-0.552446384320972,-0.46206256473305746,-1.462782144190439
-0.6411886144419139,-0.5800404299258323,-0.550966689736644,-0.6485695861946373,-0.37328451394354395,-0.457383124289386,-0.32676595254591506,-0.3889506877841113
-0.9301608439615904,-0.7760687338924573,-0.6108178689519599,-0.9475744997035117,-0.6651679127906053,-0.5357421629121274,-0.513842749644186,-1.057144077286346
-1.069986116309821,-0.9570179375539574,-0.6307534948934048,-1.0922542965626445,-0.9345987424955852,-0.5618425088634477,0.003959099467099536,-2.008520075424018
-1.069986116309821,-0.9871761381642075,-0.6320825366228345,-1.0922542965626445,-0.9795038807797486,-0.5635825319268691,0.7806618731340278,-2.221997763876505
-1.1352379100723284,-1.0173343387744573,-0.6340317978259981,-1.159771535096906,-1.0244090190639121,-0.56613456575322,0.9360024278674135,-2.9039022764073317
-0.9394825287848058,-0.9570179375539574,-0.6270321780510018,-0.9572198194941204,-0.9345987424955852,-0.5569704442858677,1.453804276978699,-1.659510771335104
-1.0513427466633902,-0.9871761381642075,-0.6317281254949866,-1.0729636569814265,-0.9795038807797486,-0.5631185257766231,1.0913429826007992,-2.156226855037217
-0.9860909529008826,-0.9570179375539574,-0.6283612197804315,-1.0054464184471645,-0.9345987424955852,-0.5587104673492892,0.9360024278674135,-1.759876763110129
-1.023377692193744,-0.9720970378590824,-0.630310480983595,-1.0440276976096,-0.9570513116376671,-0.5612625011756399,0.9360024278674135,-1.9528745793772884
-0.9767692680776672,-0.9419388372488324,-0.6269878766600208,-0.9958010986565559,-0.9121461733535037,-0.5569124435170874,0.6697043340387525,-1.6564696612363037
-1.1072728556026823,-1.0173343387744573,-0.6337659894801121,-1.1308355757250799,-1.0244090190639121,-0.5657865611405356,1.8680457562677275,-2.7425709310801594
-1.125916225249113,-1.0022552384693324,-0.6335444825252071,-1.1501262153062972,-1.00195644992183,-0.5654965572966327,0.31464020893387085,-2.6375840153888475
0.3469099768189153,1.0937397039430434,0.4158225656414745,-0.04451803803027152,0.25912951689175584,-0.1428123968896668,-0.8186894720787175,0.9605293331060039
1.0087495992672064,3.2651301478810444,2.3807664612122514,0.46243729090863195,1.606283665416655,0.6506932341869133,-1.032368797145837,1.523284264447209
0.048616062476023465,0.7921576978405434,0.09490328937519167,-0.27300494684780524,0.07202477404107532,-0.2724096100275745,-0.8618735006861976,0.7659873372910513
-0.5759368206794063,-0.36893302565408215,-0.4991783636798681,-0.7513994121845172,-0.648328485934044,-0.5123183107701672,-0.610499094811626,-0.13217734443346144
0.3003015527028384,-0.052271919246456994,-0.1610701477129616,0.6138098680002485,0.412555406029314,0.167463797846723,-0.024284637757152377,0.53541678690868
-0.15646100363471466,-0.44432852717970717,-0.43449833284762446,0.0540169413972903,-0.17121139166480911,-0.25654450668540263,0.205901820620501,0.07596636235011098
-0.7344054626740676,-0.6855941320617073,-0.5805157175209635,-0.6542924759370652,-0.5304524979381153,-0.48297538350618724,-0.22905173263297895,-0.6209524917862137
-0.7996572564365751,-0.8363851351129573,-0.6074509632374048,-0.7342628940232023,-0.7549781893589322,-0.5247441860265261,0.4034062402100912,-0.9869875897723699
-0.8742307350222981,-0.8967015363334574,-0.6187921193285378,-0.8256576575502157,-0.8447884659272588,-0.5423310502456162,0.6874575402939965,-1.273053192125491
0.2536931285867616,-0.39909122626433213,-0.33566192956903845,0.5566881407958651,-0.1038536842385641,-0.10327773296356613,0.7192481654487357,0.2900417599575746
1.6892325913619286,-0.3236957247387071,0.02659054448250694,2.316037338690877,0.008409161471844317,0.45847144172197835,2.476462928973488,0.713525645208498
0.9155327510350528,0.9429487008917935,0.6985540428821451,0.9788274230885242,1.8944249694067032,1.1917277360116003,-0.4761844333451834,1.087722699065059
1.577372373483344,2.4960960323196693,2.4780966171974836,3.886884836811424,1.900490954315633,3.5083614403229886,-0.7588621778193986,1.5402382803150232
1.698554276185144,1.8024574182839188,1.9776238032852533,2.5729901343670325,3.174221410505357,3.763010853620192,-0.5237056420082106,1.4466910497870042
0.8409592724493299,2.737361637201669,1.8115821898885074,0.6480829043228782,4.566280697314419,2.278093600202599,-1.0048261762915403,1.41164285737804
2.1926035718155585,1.4556381112660437,2.0494806594564174,2.632032378050384,2.657812320237479,3.2950077051743847,-0.18319819539240137,1.4611730874990174
-0.4827199724472526,-0.6554359314514573,-0.5448973991722486,-0.23444778098484637,-0.4855473596539525,-0.4103265205699063,0.31464020893387085,-0.3516395379277941
0.9807845447975604,1.1842143057737935,0.9060617582370966,1.783377232510001,2.253666075680009,2.1209453505886593,-0.5628240056411994,1.1649220771771691
-0.7996572564365751,-0.8816224360283323,-0.6132987468468952,-0.6714289940983801,-0.8223358967851773,-0.5296561422439671,0.9360024278674135,-1.1154631451669992
0.09522448659210031,-0.44432852717970717,-0.3866528305881566,0.5624003135163033,-0.17121139166480911,-0.1342608414120418,0.6253213184006422,0.1902941431461475
-1.125916225249113,-0.7459105332822074,-0.6267663697051158,-1.1212625958329003,-0.6202627745064424,-0.5531510936616574,-1.2698334493466628,-1.6415187290343833
-0.0539224705793456,0.09851908380479307,-0.2172443114768554,-0.35154732175383274,-0.3583161345154897,-0.3984645470471347,-0.5356449327646612,0.46804956909914436
0.048616062476023465,0.008044481974043035,-0.2160924753113497,1.076495858355755,0.10944572261121166,0.16329035252910684,-0.35110502563778195,0.46951985481772757
-0.5572934510329756,-0.6705150317565822,-0.5572131858649634,-0.03737782212972346,-0.648328485934044,-0.43181203535318946,0.19036776514716222,-0.4302854105268927
-0.7903355716133598,-0.7760687338924573,-0.5988564933870929,-0.4657907761625996,-0.7662044739299727,-0.5044608982894695,0.003959099467099536,-0.8410708697310543
-0.5759368206794063,-0.6403568311463322,-0.5534032662405984,-0.07165085845235378,-0.6146496322209215,-0.4251654372547635,0.015465807225128156,-0.404695587041797
1.4561904707815443,1.0183442024174185,1.1010764813354093,2.4388490521803012,2.006687815117111,2.4611584299987723,-0.2522961222098725,1.228525617707674
-0.7810138867901444,-0.8213060348078324,-0.6041726603048115,-0.6457242168564075,-0.7325256202168502,-0.5137352212175053,0.3560643568627738,-0.9265334485134794
-0.8276223109062213,-0.8213060348078324,-0.6074952646283858,-0.709986159961339,-0.7325256202168502,-0.5195316730475277,0.14894361721825952,-0.9878533050932701
-0.7810138867901444,-0.8363851351129573,-0.606210524289937,-0.6457242168564075,-0.7549781893589322,-0.5172903783399195,0.49217227148631154,-0.9633007000098751
1.446868785958329,0.6112084941790433,0.754107987172305,1.6586633429269124,1.4004684482809062,1.348286722301504,0.06044657391560336,1.109509234345176
-0.7810138867901444,-0.36893302565408215,-0.543036740751047,-0.7695745072040936,-0.058948545954400695,-0.4405945381259507,-0.9142761796235802,-0.34070453986412164
-0.3056079608061606,-0.7459105332822074,-0.5487959215785756,-0.25141496596274926,-0.6202627745064424,-0.4485369754161002,1.4641603139609245,-0.37530425924674266
0.38419671611177675,1.9984857222505439,0.8955180271836212,0.6177143911256111,3.4661048093524185,1.6857761180096646,-1.0234417971853917,1.1612574218456888
-0.743727147497283,-0.7157523326719573,-0.5860090900026061,-0.6946392148991488,-0.5753576362222789,-0.49532027692263325,-0.13725958665416002,-0.6779114436114215
-1.0140560073705287,-0.8816224360283323,-0.6245069987650854,-0.9975547931639392,-0.8223358967851773,-0.551228368176577,-0.36320948444817563,-1.5090295383252859
1.0926447626761449,0.23423098655091815,0.29536708356416597,1.5786224381823148,0.8391542197288654,0.8720683153247898,0.2561590589165962,0.8955359509839264
-0.6318669296186985,-0.7308314329770823,-0.5770602090244464,-0.530195206946256,-0.5978102053643602,-0.47781521329168164,0.2850515318417975,-0.5880071899858073
-0.9954126377240979,-0.9268597369437074,-0.6265891641411919,-0.974756764567955,-0.8896936042114223,-0.554450047242488,0.23696993156717802,-1.6298523983428335
-0.920839159138375,-0.7006732323668323,-0.6031537283122488,-0.8835646501840164,-0.5529050670801974,-0.5181890211602194,-0.7119582397389387,-0.9090579974096417
-0.6318669296186985,-0.8062269345027073,-0.590793640228553,-0.5286246760874218,-0.7100730510747688,-0.4989134792047374,0.8583321505007206,-0.7330138662030602
-0.8742307350222981,-0.5046449284002072,-0.5773260173703324,-0.8256576575502157,-0.26102166823313555,-0.4780290779445675,-0.9280842289332144,-0.5904704868738277
0.6824906304546686,-0.2633793235182071,-0.1670951368863761,1.082208031076193,0.09821943804017076,0.1581207762303304,0.8762560606622651,0.5285851623907879
-0.8835524198455135,-0.8665433357232074,-0.6161340358696785,-0.8370820029910927,-0.7998833276430951,-0.5382091289442664,0.2628600240227422,-1.190992158170376
-0.7623705171437137,-0.9419388372488324,-0.6198553527120816,-0.6885655122596955,-0.9121461733535037,-0.5439798187661561,2.711323053391821,-1.3097700189202184
-0.5666151358561909,-0.067351019551582,-0.4360488815319591,-0.5714070278697665,0.39010283688723185,-0.3069291300722203,-0.8898465539219195,0.07181846354604442
-0.13781763398828392,0.09851908380479307,-0.24754646290785173,-0.1277223175017599,0.6370810974501303,-0.06013585891029224,-0.609227300796265,0.4278389980870021
-0.8835524198455135,-0.45940762748483216,-0.5742692213926441,-0.8993479007504676,-0.19366396080689055,-0.48789152866804025,-0.9918136872853727,-0.562806598289491
-0.7250837778508522,-0.6855941320617073,-0.5794524841374198,-0.7353774643101167,-0.5304524979381153,-0.4946776186153838,-0.20316164017741478,-0.6105971781947546
-0.47339828762403724,0.23423098655091815,-0.3372567796443541,-0.4749538299636783,0.8391542197288654,-0.17758741569123324,-0.9719450914461704,0.28718851858844163
-0.8835524198455135,-0.29353752412845713,-0.5572131858649634,-0.8993479007504676,0.05331429975600716,-0.46556123268746663,-1.1144928946132773,-0.4302854105268927
-0.948804213608021,-0.8967015363334574,-0.6223362306070169,-0.9668651392847291,-0.8447884659272588,-0.5508223627951123,0.19036776514716222,-1.4067608230436932
0.5519870429296534,0.1889936856355431,0.051842337341670555,0.8216264568887386,0.7717965123026204,0.4480042068241028,-0.11728230910529913,0.7335238191231961
0.011329323183161986,0.6112084941790433,0.0036424239543547425,-0.3015658104499972,-0.040238071669332534,-0.3092635938851244,-0.8094605325913563,0.6946781837179555
0.3003015527028384,1.4405590109609188,0.5494355608401367,-0.08021911753301093,0.47429997117003814,-0.08885530207686602,-0.9393817238229152,1.0244234606505467
2.10870840840662,-0.12766742077208204,0.3273083864614589,1.9682850652970454,0.3002925603189056,0.6086595276393716,2.0768642068929344,0.9135559402499692
-0.8369439957294367,-0.8363851351129573,-0.6099318411323401,-0.8767971092960666,-0.7549781893589322,-0.5367437173432615,0.22587417765765053,-1.0377694134746698
0.8596026420957606,1.2445307069942937,0.8601655171807921,0.5054966081714782,2.343476352248336,1.0255722966721887,-0.6419305754769777,1.148783117009992
0.794350848333253,0.8675531993661685,0.5749088606542053,0.45055509956268225,1.7821621236962946,0.7216671295799633,-0.4975340299871376,1.0357822250514999
-0.7344054626740676,-0.5046449284002072,-0.5534032662405984,-0.836645959271975,-0.26102166823313555,-0.4804078355810721,-0.6691833043775716,-0.404695587041797
-0.47339828762403724,-0.8213060348078324,-0.5822434717692221,-0.6168799248367898,-0.7325256202168502,-0.5111334550525796,1.7230612385165676,-0.6382205444593437
-0.6877970385579907,-0.9268597369437074,-0.6148935969222108,-0.7974020245514064,-0.8896936042114223,-0.5459180657292326,2.8000890846680413,-1.156626324888224
-0.8555873653758673,-0.7609896335873323,-0.60275501579342,-0.9386801895454538,-0.6427153436485239,-0.5329859309593508,-0.3067220099996718,-0.9023725649639008
-0.6039018751490524,-0.6403568311463322,-0.5569916789100585,-0.7267629420543823,-0.4630947905118704,-0.4842308389254531,-0.05357443932304328,-0.42876355783246034
-0.7623705171437137,-0.36893302565408215,-0.539049615562758,-0.8601923201043161,-0.058948545954400695,-0.4651158222035471,-0.8866600810043116,-0.3180006422164737
-0.7344054626740676,-0.5800404299258323,-0.5647001209407505,-0.836645959271975,-0.37328451394354395,-0.4924432164800496,-0.5272053780083481,-0.4844558154666659
-0.9115174743151596,-0.6252777308412073,-0.5950465737627278,-0.9857729112101367,-0.440642221369789,-0.5247735534047543,-0.8393181976569941,-0.7872790682606728
-0.8835524198455135,-0.6403568311463322,-0.5928758056046595,-0.9622265503777956,-0.4630947905118704,-0.5224608723692642,-0.7439769048047573,-0.7588926111899686
-0.9954126377240979,-0.8816224360283323,-0.6235323681635037,-1.0564119937071608,-0.8223358967851773,-0.5551215922990397,-0.250234535551168,-1.4606767632420388
-0.7903355716133598,-0.8665433357232074,-0.6108178689519599,-0.8837386809366579,-0.7998833276430951,-0.5415758890911703,0.7806618731340278,-1.057144077286346
-0.9674475832544518,-0.8213060348078324,-0.6174630775991082,-1.032865632874819,-0.7325256202168502,-0.5486555249140987,-0.4724186017152831,-1.230447065738038
-0.8183006260830059,-0.8665433357232074,-0.6124127190272755,-0.907285041768999,-0.7998833276430951,-0.5432750016886727,0.6253213184006422,-1.0938960339445594
-0.66915366891156,-0.3387748250438321,-0.5139750282675184,-0.7817044506631788,-0.014043407670237852,-0.4384019963650321,-0.7826590287572789,-0.1938423512484621
-0.3895031242150989,-0.5197240287053322,-0.49829233586024835,-0.17743976213672497,-0.28347423737521765,-0.34407339289875266,0.012835702594721542,-0.1287015042205146
-0.5666151358561909,-0.5197240287053322,-0.5277527608626059,-0.4061942200278156,-0.28347423737521765,-0.39221878514811875,-0.3244752162549158,-0.2584690764700301
-0.6598319840883446,-0.3387748250438321,-0.5118928628914119,-0.5265913031283898,-0.014043407670237852,-0.366299912328159,-0.7694385560140121,-0.18472214067472859
-0.7623705171437137,-0.7760687338924573,-0.5964642182741196,-0.6590280945390213,-0.6651679127906053,-0.5045097676725798,0.10751946928935655,-0.806666929977314
-0.8928741046687289,-0.7911478341975823,-0.6091344160946823,-0.827584010879825,-0.6876204819326873,-0.5252159062941124,-0.3067220099996718,-1.0209139059632197
-0.8649090501990827,-0.8213060348078324,-0.6101533480872451,-0.7914648859496526,-0.7325256202168502,-0.5268810852741652,-0.016752974497351813,-1.0425475418814465
-0.6877970385579907,-0.8062269345027073,-0.5950465737627278,-0.562710428058562,-0.7100730510747688,-0.5021929969177238,0.6253213184006422,-0.7872790682606728
-0.9021957894919442,-0.8816224360283323,-0.6186592151555949,-0.8396237191898827,-0.8223358967851773,-0.540781709803306,0.31464020893387085,-1.2686362286123032
-1.0326993770169595,-0.9117806366385824,-0.6271650822239447,-1.0081796355306862,-0.8672410350693401,-0.5546823343324458,-0.23768176345150036,-1.6687394746738315
-0.8555873653758673,-0.8967015363334574,-0.6179060915089181,-0.7794251776395956,-0.8447884659272588,-0.5395509253397884,0.8117299840807048,-1.244274610604954
-0.9394825287848058,-0.7157523326719573,-0.606476332635823,-0.8877825524301121,-0.5753576362222789,-0.5208719611287557,-0.7303780683634509,-0.9682887118143759
0.617238836692161,-0.20306292229770706,-0.14848855267436079,1.0022376129900559,0.18802971460849702,0.18697422533977592,0.6253213184006422,0.5494069372015653
-0.8742307350222981,-0.8363851351129573,-0.6124127190272755,-0.8256576575502157,-0.7549781893589322,-0.5324384391223778,0.048342115105209846,-1.0938960339445594
0.6638472608082379,0.9278696005866685,0.5317593058387222,0.19824930258835863,0.1562219083238816,-0.09599352516383869,-0.5960586157626191,1.0163969392864614
-0.3615380697454528,-0.6101986305360823,-0.5178292492828644,-0.1973186583019973,-0.41818965222770754,-0.3857667394827009,0.40034534257987664,-0.21114703976063234
1.6799109065387132,0.6112084941790433,0.8759368123700242,2.7572919441779713,1.4004684482809062,2.0749960004426975,0.2016652600368632,1.1543841460013924
-0.8555873653758673,-0.6855941320617073,-0.594337751507032,-0.8028089666684625,-0.5304524979381153,-0.5044093742732031,-0.5656229345553146,-0.7778430058390685
-1.0047343225473133,-0.8062269345027073,-0.6191465304563858,-0.98559849372249,-0.7100730510747688,-0.5428806397524623,-0.695073396833136,-1.2850136563091592
-0.9021957894919442,-0.5951195302309572,-0.590882243010515,-0.8599306938728458,-0.3957370830856254,-0.4990508765814489,-0.8659480070398601,-0.7340899016044717
-0.7903355716133598,-0.8062269345027073,-0.6028436185753819,-0.7228385485823253,-0.7100730510747688,-0.5175995224375205,0.19813479288383162,-0.903850996320123
-0.9115174743151596,-0.9117806366385824,-0.6219818194791691,-0.8713550393137225,-0.8672410350693401,-0.547277355807235,0.6598414416747278,-1.3917784110652105
-0.9767692680776672,-0.5348031290104572,-0.5970844377478534,-0.9513254573998596,-0.30592680651729903,-0.5086686929512644,-1.0925624633567992,-0.8153757331062683
-0.846265680552652,-0.36893302565408215,-0.5569916789100585,-0.7913846212275859,-0.058948545954400695,-0.44649637998924585,-1.0109325247910201,-0.42876355783246034
-1.023377692193744,-0.7308314329770823,-0.6161340358696785,-1.008447184604243,-0.5978102053643602,-0.5382091289442664,-0.9576729060252879,-1.190992158170376
-0.9674475832544518,-0.6855941320617073,-0.6070965521095568,-0.939901111958983,-0.5304524979381153,-0.5241945965196791,-0.876304044022086,-0.9801119600185376
-1.0420210618401748,-0.9117806366385824,-0.6275637947427737,-1.0312958754859962,-0.8672410350693401,-0.5559333905400681,-0.3067220099996718,-1.6974235137864322
-1.0420210618401748,-0.9570179375539574,-0.629956069855747,-1.0312958754859962,-0.9345987424955852,-0.5596431197112823,0.31464020893387085,-1.912191014676103
-1.0886294859562515,-0.9419388372488324,-0.6307091935024238,-1.0884176026903802,-0.9121461733535037,-0.5608109974133321,-0.3954880412758921,-2.0026870842684446
-1.0606644314866056,-0.9419388372488324,-0.6297788642918231,-1.0541445663677498,-0.9121461733535037,-0.5593683249578594,-0.1291899474472311,-1.8929560184214138
1.577372373483344,1.2897680079096687,1.418407344932232,3.886884836811424,2.410834059674581,4.208698489722048,-0.3508186836014071,1.3181318290936364
0.24437144376354622,-0.5951195302309572,-0.4274101102906663,0.5452637953549884,-0.3957370830856254,-0.24555271654847116,1.6816370905876648,0.09452814190126281
-0.38018143939188354,-0.8062269345027073,-0.5716554393247658,-0.22016734918375097,-0.7100730510747688,-0.4692356458350229,1.9068808949510738,-0.5402385000290718
-0.9394825287848058,-0.9117806366385824,-0.6231779570356557,-0.9056280756363528,-0.8672410350693401,-0.5491322203928422,0.45272070203021375,-1.444126185027833
-0.6598319840883446,-0.7308314329770823,-0.5798511966562487,-0.5628977124100516,-0.5978102053643602,-0.48194490318085,0.1962855005655769,-0.6144569141044293
-0.5479717662097602,-0.4895658280950822,-0.5183608659746363,-0.4258055671195315,-0.23856909909105414,-0.3865911237429708,-0.35710273045374286,-0.21357853999496804
0.16979796517782328,-0.20306292229770706,-0.2675706916312587,0.4538690318279748,0.18802971460849702,0.0023121510393293195,0.09272513074331988,0.39950134483723704
-1.069986116309821,-0.8967015363334574,-0.6280954114345455,-1.0655689118086265,-0.8447884659272588,-0.5567577748003381,-0.6174031194664431,-1.7382367700934598
-0.7623705171437137,-0.8816224360283323,-0.6113494856437317,-0.705111116001655,-0.8223358967851773,-0.5318841117749552,1.1619523256614288,-1.0691157204108654
-0.6784753537347754,-0.7006732323668323,-0.5766614965056175,-0.6053943077353822,-0.5529050670801974,-0.47971604530475387,-0.009548774857542755,-0.5843334313848456
1.5027988948976212,0.08343998349966807,0.3321372380783867,1.564597808231414,0.6146285283080489,0.6964336635466687,0.8614389615953884,0.9162280060126256
1.0926447626761449,1.1088188042481686,0.9300288107578115,0.5266992340135634,0.26848475403429,0.0648401228358566,-0.4761844333451834,1.1731598036614277
0.9994279144439911,0.6262875944841683,0.5306960724551785,1.8090820097519735,1.4229210174229883,1.4661008658449333,-0.22275414257622012,1.0159102705187144
0.5519870429296534,0.24931008685604314,0.08533418892329808,0.8571188801699545,0.8616067888709471,0.515874525913915,-0.18389459462908783,0.7589419444055269
-0.3988248090383143,-0.6855941320617073,-0.5422393157133892,0.2539429866126324,-0.6651679127906053,-0.40568935910588844,0.702991595767335,-0.3360858375736075
0.3748750312885614,0.3397846886867932,0.058133134860970964,1.6762739940017817,0.47991311345555904,0.6416908435669523,-0.40127713027216744,0.7383913737176719
-0.5013633420936834,-0.2784584238233321,-0.46302842863938126,0.06544128683816679,-0.2105033876634518,-0.26750194747815526,-0.6234949059265759,-0.00605019955037467
0.14183291070817716,-0.35385392534895715,-0.33925034223849854,0.6266622566212348,-0.036495976812319274,-0.05156479530372246,0.40919532920636636,0.28360038196559423
0.12318954106174643,-0.5046449284002072,-0.4066770593115635,1.2135880036462754,-0.46157544372782,-0.16819696039683454,0.9187423662303708,0.14538609467378547
-0.35221638492223745,-0.21814202260283208,-0.4105755817178905,0.33962557741920735,-0.1408244559837966,-0.1750151760832764,-0.5100769180142858,0.13618571458498957
0.8316375876261145,1.938169321030044,1.2862562956359425,2.515963383906219,2.2732487675633286,2.792613201440755,-0.86218217540996,1.2826247077100632
0.7757074786868223,-0.11258832046695702,-0.04969645078675577,1.1910559520505772,0.32274512946098705,0.3381606931040162,0.5852334333081556,0.6481144604746649
1.1578965564386525,0.008044481974043035,0.152938111560287,1.2083892846535167,0.5023656825976405,0.46225990422142094,0.7052107465492405,0.8068320019266572
0.2536931285867616,-0.5800404299258323,-0.41912575017722137,-0.11592019703575092,-0.2843183189219123,-0.33137894349465635,1.5974525318934427,0.11543444896402602
-0.3149296456293759,-0.6855941320617073,-0.5326702152614956,-0.5514733669691749,-0.46157544372782,-0.4554917759119274,0.9360024278674135,-0.2835710062411015
0.24437144376354622,-0.8213060348078324,-0.53107536518618,-0.12306041293629898,-0.6894774613354157,-0.4537484821284623,4.912720629042087,-0.27529977672400224
-0.4547549179776065,-0.8514642354180824,-0.5880912553787127,-0.6585766054773938,-0.7401223541371035,-0.5160712348873496,2.322118147026855,-0.7011954410067518
-0.6225452447954831,-0.9117806366385824,-0.6096217313954732,-0.7871004916872568,-0.8414121397404793,-0.5396057009641321,2.8000890846680413,-1.0311510936826878
-0.3988248090383143,-0.23322112290795707,-0.42661268525300844,-0.6157353100741064,0.29809794829749864,-0.3395627393114801,-0.5483628729182717,0.0965765113259943
-0.66915366891156,-0.8514642354180824,-0.6013373712820282,-0.8228015711899966,-0.7401223541371035,-0.5305502582555758,1.2227849904521255,-0.8792582246607308
-0.7250837778508522,-0.8967015363334574,-0.6117038967715797,-0.865642866593284,-0.8160896933396354,-0.5418816678481008,1.6816370905876648,-1.077248653073844
-0.7903355716133598,-0.8665433357232074,-0.6108178689519599,-0.9156243778971196,-0.7654448005379475,-0.5409131713017309,0.7806618731340278,-1.057144077286346
-0.7903355716133598,-0.8967015363334574,-0.6148049941402489,-0.9156243778971196,-0.8160896933396354,-0.5452714057603946,1.246683537334185,-1.154254261524412
-0.6877970385579907,-0.8665433357232074,-0.6049700853424693,-0.8370820029910927,-0.7654448005379475,-0.5345210940956913,1.350243907156442,-0.9406205431407387
0.2816581830564077,-0.5348031290104572,-0.39374105314511476,-0.0944995493341069,-0.2083509797193805,-0.30363151744116657,1.374611052996973,0.17482590952116397
-0.6225452447954831,-0.6705150317565822,-0.5649659292866365,-0.4923819250336059,-0.507999928796034,-0.4551310944394868,0.0163863438457704,-0.4864838611430743
-0.5106850269168987,-0.35385392534895715,-0.4819008211972825,-0.3505624643882397,-0.036495976812319274,-0.3218793282320755,-0.5363558735185898,-0.06817316365184602
0.44944850987428436,0.4001010899072932,0.12228154900144274,1.0507910811137824,1.0861324802917636,0.7536010068985843,-0.3973373335941467,0.7856459879568236
-0.4081464938615296,-0.007034618331081972,-0.3718561660005063,-0.2544403855063807,0.47991311345555904,-0.15940456135027206,-0.7749949865872692,0.22120782264208094
-0.6132235599722677,-0.8514642354180824,-0.5978818627855111,-0.5057759852056681,-0.7774307585010137,-0.5099052693416689,1.5095675530368375,-0.82678571730955
1.8383795485333745,1.6516664152326688,1.9583526982085233,2.4988268657449044,2.9496957190845405,3.4540777474775366,-0.41433222668648645,1.442739382507225
0.12318954106174643,-0.4141703265694572,-0.3686664658498751,0.3967473046235909,-0.12630625338064552,-0.15445825578865327,0.5661439642164952,0.22764356688379295
-1.023377692193744,-0.9268597369437074,-0.6276523975247357,-1.008447184604243,-0.8896936042114223,-0.5560707879167804,0.003959099467099536,-1.7040126515312684
-0.8649090501990827,-0.9117806366385824,-0.6199882568850246,-0.814233312109339,-0.8672410350693401,-0.5441859148312234,1.0050426744155847,-1.3145424505256593
0.32826660717248457,0.20407278594066813,-0.028033070597052248,0.3515633765877642,0.7942490814447017,0.225770458771819,-0.3142083017940518,0.6675185856178774
0.3096232375260538,0.5508920929585432,0.13069881328783062,0.33230886179977,1.3106581717125798,0.43319804336078416,-0.5939554885632906,0.7915472085684968
0.45877019469749974,-0.15782562138233205,-0.16687362993147115,0.4863449801037253,0.255387422034742,0.04433645092872259,0.3357033349994146,0.5288378795593508
0.23504975894033087,-0.2784584238233321,-0.2845381243769774,0.255290802647792,0.07576686889808933,-0.10942510772835,0.33900735477440186,0.37425276871685037
-0.007314046463268752,-0.35385392534895715,-0.3718561660005063,0.004982110403864033,-0.036495976812319274,-0.22353054150586926,0.19306934001209078,0.22120782264208094
-1.0513427466633902,-0.5649613296207072,-0.6106406633880359,-1.0732707177238243,-0.35083194480146257,-0.535569246762504,-1.2193477690583125,-1.053212469243374
-0.5759368206794063,-0.6252777308412073,-0.5503907716538912,-0.5822805906299662,-0.440642221369789,-0.4568359185344845,-0.04042391617101077,-0.385296065172225
-0.5945801903258371,-0.8514642354180824,-0.5967300266200054,-0.6015351054179605,-0.7774307585010137,-0.5173911106863293,1.6051617405650747,-0.8103818872847559
-0.7250837778508522,-0.18798382199258207,-0.503431297214043,-0.7363167089339218,0.21048228375057917,-0.39547023623911665,-0.9825896867344024,-0.14918392243247264
-1.125916225249113,-0.7911478341975823,-0.6279625072616025,-1.150288776875802,-0.6876204819326873,-0.5582050786280597,-1.2204899790195876,-1.7277371519049844
-0.6598319840883446,-0.2784584238233321,-0.5014377346198985,-0.22587952190418922,-0.2105033876634518,-0.3345089306332138,-0.83061564557109,-0.14114457309806858
-0.8183006260830059,-0.7459105332822074,-0.5975274516576632,-0.5172003306465447,-0.7325256202168502,-0.5021423175574605,-0.24458578810631745,-0.8216844753362629
0.3096232375260538,0.06836088319454306,-0.10037724206900696,1.5563183668725764,0.17680343003745666,0.3651614482626851,-0.18077020886449427,0.59975785326201
-0.7810138867901444,-0.7609896335873323,-0.5960212043643096,-0.4486542580012847,-0.7493650470734114,-0.4995145927278507,-0.04509581255396963,-0.8005322259023756
2.22989031110842,0.008044481974043035,0.5095643089572468,2.3221889093128874,0.5023656825976405,0.9310972795520688,1.7260201062257747,1.0061445141981105
1.0367146537368526,3.0087854426939193,2.2372742558248286,0.483857938610276,1.447244633993577,0.5927466061701157,-0.9927613372236946,1.4972639026650545
-0.37085975456866815,0.3699428892970432,-0.2599508523825286,-0.5943146623724624,-0.18992186594987728,-0.41571078026979413,-0.954525174419748,0.4104627690587423
-0.6411886144419139,-0.45940762748483216,-0.5293476109379215,-0.8013809234883528,-0.7044599087892486,-0.5245015937832697,-0.5775722079963442,-0.26648160461399756
-0.6225452447954831,-0.7157523326719573,-0.5733388921820434,-0.7871004916872568,-0.8634989402123269,-0.5422666452252821,0.2299089972611151,-0.554664064080586
-0.5572934510329756,0.038202682584293046,-0.41146160953751026,-0.7371189803834214,-0.3957370830856254,-0.47689554958669667,-0.9453442905702573,0.13407241394893313
-0.9021957894919442,-0.6705150317565822,-0.5981919725223781,-1.001306968703695,-0.8354332287847245,-0.552303094227266,-0.7292483188744807,-0.8312896544036875
-0.5013633420936834,-0.3236957247387071,-0.4731291457830467,-0.3686838399151476,0.008409161471844317,-0.31644976293167765,-0.5656229345553146,-0.03839776749881083
-0.5572934510329756,-0.6252777308412073,-0.5479098937589558,-0.44076842663501586,-0.440642221369789,-0.4330089428107168,0.003959099467099536,-0.36983303369869946
-0.7996572564365751,-0.6554359314514573,-0.5840598287994426,-0.7364871028700986,-0.4855473596539525,-0.4888190276873919,-0.49791038505614643,-0.6569974689776573
-0.7996572564365751,-0.5498822293155822,-0.5704150003772981,-0.7364871028700986,-0.32837937565938047,-0.4677534564349209,-0.7209634892887002,-0.5298532004341886
-0.7810138867901444,-0.7911478341975823,-0.6000969323345606,-0.7137395123904771,-0.6876204819326873,-0.5135779133802303,0.13188661512988784,-0.8598230804140318
-0.9954126377240979,-0.9117806366385824,-0.6255702321486292,-0.9753368029061271,-0.8672410350693401,-0.5529048726989668,0.038479222741185114,-1.5673106613494794
-0.7623705171437137,-0.5046449284002072,-0.5581878164665451,-0.5003195814130107,-0.26102166823313555,-0.4075995927836039,-0.7209634892887002,-0.4370336006120366
-0.9581258984312364,-0.8816224360283323,-0.6215831069603401,-0.8225884304168459,-0.8223358967851773,-0.5396548774604114,-0.024284637757152377,-1.375411130492806
-0.9767692680776672,-0.8514642354180824,-0.6203426680128725,-0.8532807017505448,-0.7774307585010137,-0.5370709864953868,-0.3545191037637904,-1.3274815903805748
-0.920839159138375,-0.8213060348078324,-0.614140473275534,-0.7612038877494487,-0.7325256202168502,-0.5241515316702627,-0.26529786207076883,-1.1367920699684975
-0.8369439957294367,-0.9117806366385824,-0.6187921193285378,-0.6230886667478053,-0.8672410350693401,-0.5338411227891053,1.2121634140600992,-1.273053192125491
-0.8183006260830059,-0.8665433357232074,-0.6124127190272755,-0.5923963954141064,-0.7998833276430951,-0.5205525406832632,0.6253213184006422,-1.0938960339445594
-1.069986116309821,-0.8665433357232074,-0.6267663697051158,-1.0067420584190376,-0.7998833276430951,-0.5504518504214082,-0.7727436741998288,-1.6415187290343833
-1.0793078011330361,-0.8363851351129573,-0.62605754744942,-1.0220881940858868,-0.7549781893589322,-0.5489753412985368,-0.9280842289332144,-1.5963096313606464
-0.23103448222043763,-0.38401212595920714,-0.4300681937495256,0.37441015159739927,-0.08140111509648268,-0.1407205688246038,-0.06665024359353039,0.08764290285218429
-0.7064404082044214,-0.6252777308412073,-0.5677569169184388,-0.408242767411915,-0.440642221369789,-0.4275324659423675,-0.35110502563778195,-0.5082569954920109
-0.3056079608061606,-0.6855941320617073,-0.5316069818779519,0.2516410662626048,-0.5304524979381153,-0.35223050067592704,0.961892520322978,-0.2780426352404303
-0.743727147497283,-0.6403568311463322,-0.5749337422573589,-0.46962731007931224,-0.4630947905118704,-0.4424821208114395,-0.3987756720639003,-0.5686997024572711
-0.9115174743151596,-0.8967015363334574,-0.6205641749677774,-0.7458577520825992,-0.8447884659272588,-0.5375323955962841,0.4389126527205795,-1.3357308021801817
-0.9674475832544518,-0.8967015363334574,-0.6232222584266367,-0.8379345660836953,-0.8447884659272588,-0.5430693048070514,0.06609532136045386,-1.4461671564569736
-0.9954126377240979,-0.9268597369437074,-0.6265891641411919,-0.8839729730842432,-0.8896936042114223,-0.550082723140691,0.23696993156717802,-1.6298523983428335
-1.0513427466633902,-0.9268597369437074,-0.6287156309082793,-0.9760497870853387,-0.8896936042114223,-0.5545122505093051,-0.22905173263297895,-1.7901665005825516
-1.023377692193744,-0.9419388372488324,-0.6285384253443554,-0.930011380084791,-0.9121461733535037,-0.5541431232285869,0.22587417765765053,-1.774806782188153
2.2951421048709277,1.5159545124865437,2.19700429142311,3.595564028069067,2.7476225968058055,4.373060101613349,-0.17513942246080386,1.4897275958105431
2.4163240075727273,2.149276725301794,3.0187064913384902,1.4295081324788452,0.358669240088318,0.45271723958529514,-0.40930539520096415,1.6257041651927155
-0.0818875250489917,-0.052271919246456994,-0.2809497117075173,-0.4075266144141286,-0.6247532883348582,-0.468309587515986,-0.41028237982192894,0.37969304531134923
-0.3988248090383143,-0.09750922016183201,-0.3919246961148942,-0.14070094633765265,0.3174621720157913,-0.15990696507982258,-0.6913748121966268,0.1788325654360163
-1.1538812797187592,-0.9720970378590824,-0.6334115783522641,-0.9710226047117162,-0.7789792115452955,-0.5463855798491128,-0.803811785146506,-2.5832612297547306
-1.1352379100723284,-1.0022552384693324,-0.6336773866981501,-0.882385441808362,-0.8951131898664072,-0.5505209794900326,0.10751946928935655,-2.698069050883995
-1.1352379100723284,-0.9871761381642075,-0.6333229755703021,-0.882385441808362,-0.8370462007058513,-0.5450071133021405,-0.3067220099996718,-2.549893278816791
-1.1165945404258977,-0.9268597369437074,-0.6311965088032148,-0.7937482789050084,-0.6047782440636271,-0.5119239161747827,-0.7727436741998288,-2.0706498375776845
-1.1632029645419746,-0.9871761381642075,-0.6338545922620741,-1.0153411861633928,-0.8370462007058513,-0.5532779125839792,-0.7727436741998288,-2.79112378615762
-1.1818463341884053,-1.0022552384693324,-0.6343419075628649,-1.1039783490667463,-0.8951131898664072,-0.5608594785923322,-0.9280842289332144,-3.1871056729108664
-1.17252464936519,-1.0173343387744573,-0.6343862089538459,-1.0596597676150699,-0.9531801790269632,-0.5615487118658189,-0.3067220099996718,-3.2433379896635683
-1.17252464936519,-1.0173343387744573,-0.6343862089538459,-1.0596597676150699,-0.9531801790269632,-0.5615487118658189,-0.3067220099996718,-3.2433379896635683
-1.1632029645419746,-1.0022552384693324,-0.6340760992169789,-1.0153411861633928,-0.8951131898664072,-0.5567240789514124,-0.513842749644186,-2.9362584481260234
-1.0793078011330361,-0.8967015363334574,-0.6285384253443554,-0.6164739530983009,-0.4886442657425153,-0.4705699197655864,-0.6795393413597974,-1.774806782188153
-0.9674475832544518,-0.8514642354180824,-0.6197667499301196,-0.08465097567817892,-0.3144432982608476,-0.33410173161523854,-0.3067220099996718,-1.306611942378472
-1.1538812797187592,-0.9419388372488324,-0.6328799616604923,-0.9710226047117162,-0.662845233224183,-0.5381147805672741,-1.0168502602094347,-2.408623321485546
-1.125916225249113,-0.9720970378590824,-0.6327470574875493,-0.8380668603566853,-0.7789792115452955,-0.5360470807468142,-0.4309944537863803,-2.372629007674302
-1.17252464936519,-0.9570179375539574,-0.6336773866981501,-1.0596597676150699,-0.7209122223847396,-0.5505209794900326,-1.1352049685777288,-2.698069050883995
-1.1445595948955438,-0.9570179375539574,-0.6328799616604923,-0.9267040232600388,-0.7209122223847396,-0.5381147805672741,-0.8245238591109573,-2.408623321485546
-1.097951170779467,-1.0022552384693324,-0.6331457700063783,-0.705111116001655,-0.8951131898664072,-0.5422501802081939,0.9360024278674135,-2.4888309437755627
-0.4827199724472526,0.3699428892970432,-0.30992282140908395,2.2199152598090177,4.388982823744188,4.4863957831500905,-1.0338480108793493,0.3340976387685537
-0.18442605810436077,-0.21814202260283208,-0.3667172046467116,0.019743905074659975,0.029995607768682445,-0.19706815857058235,-0.3067220099996718,0.23153865609876217
-0.7810138867901444,-0.7157523326719573,-0.5899076124089332,-0.7114142031414488,-0.6295902513013726,-0.5051726024310793,-0.250234535551168,-0.722371173011614
-0.520006711740114,-0.6252777308412073,-0.542948137969085,-0.3459956784775285,-0.5335142119120359,-0.4392123737551553,0.09272513074331988,-0.34018937247053765
0.6265605215153763,0.05328178288941805,0.0023576836159060676,1.151670206893599,0.5168512110764028,0.4476516491836787,0.12738036213198137,0.6936030826027678
0.6358822063385917,0.038202682584293046,-0.003179990256717532,1.163795101819058,0.340498323666354,0.33941194244649486,0.1592996542004852,0.6889440794295927
2.1739602021691278,1.938169321030044,2.549377555285895,3.1540466777951854,2.2075472850097877,3.286573416336483,-0.41028237982192894,1.5523217960834852
2.0993867235834047,0.9127905002815434,1.409768573690939,2.5338080226527127,1.3037216056361645,1.829463677455098,0.14735038075945558,1.3158815017758987
3.6281430345907255,2.481016932014544,4.745486108995472,0.9865291380088509,0.681986235734294,0.4758350352039126,-0.1712969110013355,1.8322808575389748
1.5680506886601286,0.5207338923482933,0.738248089201111,0.9087307856000236,0.3261443231956449,0.23485528602410924,0.2309952948466632,1.1033796472282076
2.304463789694143,1.7873783179787939,2.505164767086868,0.45281325099385683,1.3565956120262639,0.5307987624538667,-0.3034168918138551,1.5448591387518793
-0.16578268845793004,2.511175132624794,0.5362337463278021,-0.39514021883086226,2.4553907101893553,0.22759420684872056,-1.2545626829491436,1.0184401541844146
-0.9581258984312364,-0.6705150317565822,-0.6048371811695263,-1.034001641511467,-0.6959344044309747,-0.5467692468714651,-0.878375251418531,-0.9382467213846495
-0.9767692680776672,-0.8665433357232074,-0.6214502027873972,-1.0490336749863052,-0.890091875947867,-0.5580433197504907,-0.25494182508854313,-1.3700650419366553
-0.9767692680776672,-0.7760687338924573,-0.6148049941402489,-1.0490336749863052,-0.8004807352477626,-0.5535336905988801,-0.6864433660146145,-1.154254261524412
2.183281886992343,0.44533839082266824,0.9617043053092185,1.7619565848083572,0.6717858518420688,0.8313503438629107,0.7351580742727332,1.183855520718867
-0.9954126377240979,-0.8062269345027073,-0.61843770820069,-1.0900496520390768,-0.8628537514438764,-0.5589405656372596,-0.6562382581497895,-1.2613548963282482
-0.4454332331543911,-0.6705150317565822,-0.5439227685706668,-0.8153757466534266,-0.770212436982867,-0.5332928409267602,0.48862163023526267,-0.34588374963226254
0.48673524916714583,0.7921576978405434,0.3489274652601814,1.305603655512467,0.604339672794875,0.5726205569309393,-0.6224962524085212,0.9254161855315991
1.5680506886601286,1.923090220724919,1.9660168388482344,0.6000020260285411,1.7479827350022978,0.8189837487403145,-0.6095178121195707,1.4443144711104028
-0.6318669296186985,-0.5951195302309572,-0.5523400328570547,-0.8547527531334558,-0.6402841737414197,-0.5231480519773839,-0.26529786207076883,-0.39776789589832373
-0.6877970385579907,0.26438918716116816,-0.4189042432223164,-0.8917380441290995,0.17487279511122647,-0.45203485168604,-1.1494891575187296,0.11598235310650362
-0.43611154833117577,-0.7609896335873323,-0.5648773265046745,-0.21367437587562646,-0.7688924575596588,-0.4847306562249077,1.1649253506324029,-0.4858069892979885
-0.9954126377240979,-0.6705150317565822,-0.6092673202676253,-0.9533801957885066,-0.674022447100159,-0.5370430123900697,-0.9777932064478979,-1.0236864492284246
-0.9860909529008826,-0.9720970378590824,-0.6294244531639752,-0.9410517654566253,-0.9902558152984918,-0.5607976252195601,1.4330922030142474,-1.8564485679700125
-1.0513427466633902,-0.9268597369437074,-0.6287156309082793,-1.027350777779794,-0.9428208100687423,-0.5599622981750065,-0.22905173263297895,-1.7901665005825516
-0.7250837778508522,-0.6705150317565822,-0.5771488118064084,-0.5958557161639481,-0.674022447100159,-0.49919225568373965,-0.2570130324849883,-0.5888270263656237
-0.9394825287848058,-0.8665433357232074,-0.6193237360203098,-0.8794096137972186,-0.8795741364290753,-0.5488942148346727,-0.04782108544402911,-1.2910959258760994
-0.7623705171437137,-0.7760687338924573,-0.5964642182741196,-0.6451694374914732,-0.7847041259695755,-0.5219549176478226,0.10751946928935655,-0.806666929977314
-0.8742307350222981,-0.8363851351129573,-0.6124127190272755,-0.7931106014740492,-0.847950799609242,-0.5407497761502762,0.048342115105209846,-1.0938960339445594
-0.6598319840883446,-0.5348031290104572,-0.5458720297738303,-0.5095567038407786,-0.5317174314109091,-0.4623334498428169,-0.4712002444232566,-0.35745807639049115
-0.9674475832544518,-1.0324134390795825,-0.6335887839161881,-0.9163949047928623,-1.0535024889381588,-0.5657051716063124,14.605971244405351,-2.6569939136206266
-0.9674475832544518,-0.9570179375539574,-0.6278296030886595,-0.9163949047928623,-0.9744441468885752,-0.5589181393693147,1.1431231675119276,-1.717440111388209
2.882408248733496,5.05954308419092,7.241825189383209,2.7717327659835376,1.6586729934148459,2.3617620134029886,-0.8759204870968182,2.035710446798829
-0.0539224705793456,-0.35385392534895715,-0.38204548592613374,-0.599455617820857,-0.6561868851337729,-0.4965282607450232,0.12552996838887961,0.20011331119518774
1.9129530271190973,-0.21814202260283208,0.18151250874302477,0.4852859817903858,-0.5753576362222789,-0.3392233781216326,2.2352143401830027,0.8258494046939014
0.44944850987428436,-0.067351019551582,-0.12217352643165344,-0.3218440236075532,-0.4855473596539525,-0.4239906896838796,0.15213009013586742,0.577533521860956
1.6333024824226363,1.0635815033327936,1.2569287748065279,0.7353821477861818,-0.12630625338064552,-0.0689322773906577,-0.19576447090439644,1.27441395234555
2.5934360192138195,2.073881223776169,3.106777656608696,1.4014430423580497,0.3249903863751955,0.41818549390879173,-0.3247325090991947,1.6384172519961908
3.5256045015353563,4.380983570460295,7.467097762521537,2.1155760064298454,1.3555633099967432,1.6102008071570515,-0.6726353167049802,2.050760546272265
0.6638472608082379,0.5508920929585432,0.3091448161592535,0.19824930258835863,-0.07765902023946886,-0.18589219937946297,-0.37120299498334136,0.9033835197676015
-0.38018143939188354,-0.09750922016183201,-0.3863427208512896,-0.6014548782730105,-0.47993421736843167,-0.46675175888415754,-0.6716490274685777,0.19096074929011786
-0.743727147497283,-0.5951195302309572,-0.5682885336102106,-0.9022364730835926,-0.8465212992678821,-0.5470913410428849,-0.513842749644186,-0.51250689222802
6.200928045798168,0.7016830960097934,3.450733656185093,2.858315988215136,0.6708849654680532,1.3416056725308874,2.7090273801691604,1.6853548571829675
0.05793774729923883,-0.052271919246456994,-0.23709133463633839,-0.5363630102738272,-0.07920086333200273,-0.3812871907489254,-0.26906369370066924,0.4420577368834416
1.521442264544052,1.9532484213351688,1.9483405838468197,0.3321283507236323,1.4129420978042855,0.4760661776657758,-0.6345764471254103,1.4406747246971496
-0.5852585055026217,2.345305029268419,0.03310284895671229,-1.0091272051661997,-0.3175540298230201,-0.5211959075355359,-1.3644185871176577,0.7187552065696365
-0.6318669296186985,2.782598938117044,0.06291768508691775,-1.0261277192151232,-0.22066050227534592,-0.5191482611502136,-1.3977753550562073,0.7420639619498547
-0.5293283965633294,3.7928986585604196,0.40337387477581665,-0.9887265883074917,0.0031969579210034665,-0.4957661475228717,-1.4081397750251727,0.954167576334562
-0.3242513304525913,5.42144149151392,1.1707625693485046,-0.9139243264922273,0.36404181913303024,-0.44306283298119065,-1.4118487536973245,1.249532623697792
0.14183291070817716,0.7016830960097934,0.11040877621853774,-0.20160278784232585,0.015893351185871395,-0.2661480108284768,-0.7727436741998288,0.7772096468435852
-0.4454332331543911,-0.3086166244335821,-0.4567376311200808,-0.6514363895768465,-0.6109075373639083,-0.49517941924806397,-0.5096157957738897,0.01314824816965292
1.577372373483344,0.4754965914329182,0.7031170861531869,-0.22030335329614215,-0.7318573889923837,-0.4751801513221429,0.2900318042236315,1.08954609098957
1.9968481905280357,0.3850219896021682,0.81302883717702,-0.06729872685582905,-0.7519043257263854,-0.4676315470398487,0.7005388501662817,1.1316838002255956
1.9222747119423127,0.9731069015020435,1.359885207446346,0.2025334321286875,-0.5051933576532734,-0.3495797053912719,0.008596130951678296,1.3026983873846325
2.7519046612084805,1.0334233027225435,1.963535960953299,0.5838209612179474,-0.4883539307967123,-0.28376099486136797,0.364169081457559,1.443805124470991
2.127351778053051,0.6413666947892933,1.141567952692033,0.2967842820159199,-0.5978102053643602,-0.3733838009065641,0.436693501938674,1.2408322686073059
2.8264781397942036,3.7024240567296696,5.407747602770273,0.1543369747999888,0.6988256625908552,0.09177662807620592,-0.6953199691422366,1.8942366899756609
-0.66915366891156,-0.5197240287053322,-0.5448087963902866,-0.9884545800827087,-0.9219691723531641,-0.5572569137079239,-0.5197604850626006,-0.35111371189677343
0.9621411751511297,1.1540561051635436,0.8723040983095831,0.4267362114058927,0.2965504654618916,0.04152908353178486,-0.5578204409385692,1.1530992218040772
1.0087495992672064,1.832615618894169,1.379112011132095,0.46243729090863195,0.7175361368759231,0.24619392592516703,-0.7751835782008767,1.307818262334838
0.23504975894033087,-0.21814202260283208,-0.25707126196876434,-0.13020062883684647,-0.5547761145087038,-0.4145479118471048,0.2016652600368632,0.4145472500037234
-0.24035616704365298,-0.20306292229770706,-0.37672931900841505,-0.4943516397647915,-0.5454208773661703,-0.46286956738071705,-0.3954880412758921,0.21122309749110366
0.029972692829592727,0.5659711932636683,-0.004287525031242252,-0.28728537864890125,-0.06830378309693469,-0.3124659546183771,-0.777099016855905,0.6880073783953129
0.4960569339903612,1.1842143057737935,0.5651182532474067,0.06972541637849536,0.3152609397469598,-0.0825221417440644,-0.781140460942174,1.0314450624433154
0.11386785623853105,1.4104008103506687,0.3906593755642729,-0.2230234355439699,0.4555894968849705,-0.15297407787563208,-1.0081370301455115,0.947590745528299
0.18844133482425401,0.6413666947892933,0.10952274839891797,-0.16590170833958645,-0.02152759738426493,-0.26650581649699595,-0.7172649046521911,0.7765746894451377
0.5706304125760842,1.3199262085199186,0.6937251912652173,0.1268471435828792,0.399458074029766,-0.03058664895840087,-0.7935217101832753,1.085786281588049
-0.5013633420936834,-0.5348031290104572,-0.5202658257868188,-0.694277684980134,-0.7512360945019184,-0.5208340856809407,-0.16051913495648526,-0.22238352590864613
1.120609817145791,4.516695473206419,3.4520626979145224,0.5481198817152074,2.3827683482469784,1.0833160679943232,-1.128469334768151,1.685528448855314
0.6638472608082379,1.5310336127916688,0.8879424893258722,0.19824930258835863,0.5304313940252426,0.04784435358116114,-0.8190733133308384,1.1586087916491645
-0.6877970385579907,0.1588354850252931,-0.436270388486864,-0.8370820029910927,-0.3208951859453533,-0.48691410830525433,-1.1144928946132773,0.07122326622963035
0.5706304125760842,1.0334233027225435,0.5329554433952088,0.1268471435828792,0.2217085683216195,-0.09551048751133617,-0.689445115864535,1.016943911728653
-0.13781763398828392,0.7318412966200434,-0.033570744469675846,-0.41580926485876407,0.03460382547093956,-0.3242914319629595,-0.9438815734823722,0.6626251510893179
0.9621411751511297,1.8929320201146689,1.3780930791395323,0.4267362114058927,0.7549570854460591,0.24578244940636929,-0.8069982580641138,1.307548161494016
1.1112881323225756,2.164355825606919,1.7148722533770089,0.5409796658146595,0.9233513540116712,0.38178438401078246,-0.8230652623528973,1.390115700150024
-0.6411886144419139,-0.5046449284002072,-0.5374547654874424,-0.8013809234883528,-0.7325256202168502,-0.5277755156502262,-0.49658268800714317,-0.30918278141982025
0.5799520973992995,2.134197624996669,1.1599973313401244,0.13398735948342685,0.9046408797266032,0.157708584100196,-0.9840362770836282,1.2463409334484195
0.11386785623853105,0.5358129926534183,0.02579311944484914,-0.2230234355439699,-0.08701425738200304,-0.30031845217212705,-0.7091280184518708,0.7128817549957046
-0.12849594916506857,0.3699428892970432,-0.15167825282499198,-0.40866904895821615,-0.18992186594987728,-0.3719869275766625,-0.7826590287572789,0.5458946895168547
0.17911965000103863,0.6564457950944184,0.11116189986521455,-0.17304192424013437,-0.012172360241730943,-0.26584387601023435,-0.730128123786245,0.777748767328617
0.20708470447068475,0.3397846886867932,-0.015229968603546485,-0.15162127653849033,-0.20863234023494545,-0.31688485462459776,-0.5228479991939475,0.6786633253989968
-0.5666151358561909,-0.067351019551582,-0.4360488815319591,-0.7442591962839693,-0.46122374308336406,-0.4868246568881243,-0.8898465539219195,0.07181846354604442
0.32826660717248457,0.6564457950944184,0.1912588147588423,-0.05879846983136748,-0.012172360241730943,-0.23349824357603594,-0.6421476326098142,0.8321840141899582
0.2536931285867616,0.24931008685604314,-0.03658323905638308,-0.11592019703575092,-0.2647637630901495,-0.32550797123592745,-0.41509914120901065,0.6599441592860771
0.7477424242171762,1.0334233027225435,0.6491136905473616,0.2625112456932901,0.2217085683216195,-0.04860216436837811,-0.6038952451418008,1.067556309092028
-0.5106850269168987,0.21915188624579313,-0.3556418569014644,-0.7014179008806818,-0.28347423737521765,-0.45435379246994356,-0.9946587523903797,0.2531459372489375
0.8036725331564684,0.8675531993661685,0.5805351373087909,0.3053525410965776,0.11880095975374583,-0.07629632311181818,-0.4926414140900231,1.038258767212158
-0.18442605810436077,-0.3387748250438321,-0.40570242870998174,-0.4515103443615036,-0.6296180116489765,-0.474569812741318,-0.09519444610740192,0.14766162027643526
0.766385793863607,1.2746889076045436,0.8116111926656284,0.27679167749438566,0.3713923626021637,0.017019395238171198,-0.6940646919322698,1.1311609522393122
-0.37085975456866815,0.5508920929585432,-0.2121053501230607,-0.5943146623724624,-0.07765902023946886,-0.3963892741697199,-1.0218747525458247,0.4745782545243904
2.080743353936974,2.179434925912044,2.711875057404162,1.2835621194716447,0.9327065911542056,0.7844052125127989,-0.5244891428034835,1.578886595697367
0.06725943212245421,0.11359818410991808,-0.167405246623243,-0.25872451504670974,-0.34896089737295566,-0.3783379781928903,-0.4439058765174669,0.5282311571996029
0.10454617141531568,0.7619994972302934,0.11483891531663662,-0.2301636514445178,0.05331429975600716,-0.2643589824858773,-0.8193458406198444,0.7803731519168664
1.8197361788869437,1.6667455155377937,1.9568907523061507,1.083636074256303,0.6146285283080489,0.47951900236699335,-0.42754244145897174,1.4424384034505129
1.8570229181798052,0.7770785975354184,1.1288534534804893,1.1121969378584942,0.06266953689854134,0.14513171485172194,0.14004256063849527,1.2369984017810256
0.9528194903279144,0.23423098655091815,0.23888281006340525,0.4195959955053445,-0.27411900023268354,-0.21426618889309082,0.14650690263420643,0.8620999363363029
-0.0539224705793456,-0.7760687338924573,-0.5358599154121269,-0.35154732175383274,-0.9009198887824627,-0.5271314654468908,2.7310488381198703,-0.300508242104247
-0.4081464938615296,-0.44432852717970717,-0.4823438351070924,-0.6228755259746545,-0.6951046716467145,-0.5055200030682884,-0.21351767715964046,-0.06972195573789768
-0.46407660280082186,-0.18798382199258207,-0.4327262772083849,-0.6657168213779419,-0.5360656402236362,-0.485482885631175,-0.6773591230477499,0.08066767773743201
1.1951832957315138,1.7119828164531687,1.4569052536947111,0.6052416089195908,0.6426942397356504,0.2776092636212138,-0.6734275818293035,1.3280464358933408
0.4028400857582075,0.7921576978405434,0.3002845379630557,-0.0016767426269840451,0.07202477404107532,-0.18947025606466192,-0.6683344488872254,0.8983501125519363
-0.5852585055026217,0.08343998349966807,-0.4121261304022251,-0.7585396280850653,-0.3676713716580238,-0.4771639038380867,-0.994362865619459,0.1324819288790327
1.120609817145791,2.043723023165919,1.6357056676939818,0.5481198817152074,0.8485094568713993,0.3498144475285294,-0.7916876442892661,1.3718234705406198
